idx,dist_m,lat,lon,x_m,y_m,segment,target_speed_kph,action,action_code,offtrack_radius_m
0,0.0,39.792626,-86.238441,0.0,0.0,1,19.0,accelerate,1,40.0
1,10.0,39.79255991343181,-86.2384883018245,-4.045882583808344,-7.305209247385154,1,19.0,accelerate,1,40.0
2,20.0,39.79247174444011,-86.2384973049378,-4.815948847249619,-17.051409590737546,1,19.0,accelerate,1,40.0
3,30.0,39.79238220639123,-86.23849038748338,-4.224275934037975,-26.948945512898934,1,19.0,accelerate,1,40.0
4,40.0,39.792292897792755,-86.238502,-5.21753315436389,-36.82111798871525,1,19.0,accelerate,1,40.0
5,50.0,39.792204975453096,-86.23847979836354,-3.318553247607183,-46.54005341441218,2,23.0,accelerate,1,40.0
6,60.0,39.792133055357716,-86.23853230624799,-7.809727476632863,-54.49010075781644,2,23.0,accelerate,1,40.0
7,70.0,39.79216101329181,-86.238626,-15.82366612345211,-51.39963072344108,2,23.0,accelerate,1,40.0
8,80.0,39.79224387921064,-86.23865487921064,-18.293801188707988,-42.239632055817744,2,23.0,accelerate,1,40.0
9,90.0,39.79233319493623,-86.23864330625887,-17.303928080947497,-32.36667174924884,2,23.0,accelerate,1,40.0
10,100.0,39.79242296361095,-86.23864041285907,-17.056445960839934,-22.44364244546836,3,26.0,accelerate,1,40.0
11,110.0,39.79251255183092,-86.23864037632578,-17.053321145827965,-12.540560610033165,3,26.0,accelerate,1,40.0
12,120.0,39.79260220289189,-86.23864956891097,-17.83959357288866,-2.6305323303297845,3,26.0,accelerate,1,40.0
13,130.0,39.792691793827316,-86.23865968483247,-18.70484202908769,7.272849671805259,3,26.0,accelerate,1,40.0
14,140.0,39.79278142334476,-86.23866839070236,-19.449484074101115,17.18049653023674,3,26.0,accelerate,1,40.0
15,150.0,39.79287125802456,-86.23867367526749,-19.901490529664027,27.110822035559075,4,24.0,coast,3,40.0
16,160.0,39.79296111754869,-86.2386781820666,-20.286972065948586,37.04389383273195,4,24.0,coast,3,40.0
17,170.0,39.793051025901754,-86.2386804135207,-20.477835767095506,46.98236317992627,4,24.0,coast,3,40.0
18,180.0,39.79314087361185,-86.2386850672009,-20.875880534700638,56.91412905335123,4,24.0,coast,3,40.0
19,190.0,39.793230757664766,-86.23868796653231,-21.123870005013398,66.84991226359979,4,24.0,coast,3,40.0
20,200.0,39.79332065338185,-86.23869112305039,-21.393857509516877,76.7869848299751,5,27.0,accelerate,1,40.0
21,210.0,39.79341048240005,-86.23869670427398,-21.871238149822478,86.71668450144703,5,27.0,accelerate,1,40.0
22,220.0,39.793500252982085,-86.2387036877485,-22.46855798425582,96.6399246401807,5,27.0,accelerate,1,40.0
23,230.0,39.79359014402402,-86.2387035071673,-22.453112272601388,106.57648041563866,5,27.0,accelerate,1,40.0
24,240.0,39.7936800599231,-86.23870261053743,-22.376420533155528,116.5157838995432,5,27.0,accelerate,1,40.0
25,250.0,39.793769888235026,-86.23870780802136,-22.8209786443282,126.44540550000316,6,25.0,coast,3,40.0
26,260.0,39.79385969910938,-86.23871085002344,-23.081171212668934,136.3730995509921,6,25.0,coast,3,40.0
27,270.0,39.79394959818185,-86.23871227361245,-23.20293552139104,146.31054302151074,6,25.0,coast,3,40.0
28,280.0,39.794039352451016,-86.2387194034251,-23.812772142300943,156.23197993565472,6,25.0,coast,3,40.0
29,290.0,39.79412926858372,-86.23871993414271,-23.858166187170294,166.17130924418,6,25.0,coast,3,40.0
30,300.0,39.794219197297636,-86.238719,-23.778265850876025,176.11202928079297,7,28.0,accelerate,1,40.0
31,310.0,39.79430912836436,-86.2387192927641,-23.8033069398024,186.05300939626815,7,28.0,accelerate,1,40.0
32,320.0,39.79439904506683,-86.23871878410475,-23.759799611181677,195.9924016881699,7,28.0,accelerate,1,40.0
33,330.0,39.7944889512339,-86.23871798645021,-23.691573562253513,205.93062939565118,7,28.0,accelerate,1,40.0
34,340.0,39.79457887600808,-86.238719,-23.778265850876025,215.87091393353558,7,28.0,accelerate,1,40.0
35,350.0,39.794668798092154,-86.2387204168215,-23.899451311846978,225.81090110716315,8,26.0,coast,3,40.0
36,360.0,39.79475865747448,-86.238724908183,-24.283612419525443,235.74395722927136,8,26.0,coast,3,40.0
37,370.0,39.794848265759605,-86.2387345862361,-25.111408532507973,245.6492570667168,8,26.0,coast,3,40.0
38,380.0,39.79493806212622,-86.23874075988574,-25.639461347819154,255.57534743279567,8,26.0,coast,3,40.0
39,390.0,39.79502793222041,-86.23874495204609,-25.99803078302364,265.5095876442339,8,26.0,coast,3,40.0
40,400.0,39.795117860954036,-86.238744,-25.916599110243514,275.4503098590043,9,24.0,coast,3,40.0
41,410.0,39.79520778149528,-86.23874483677625,-25.988171369642785,285.39012648810393,9,24.0,coast,3,40.0
42,420.0,39.79529764427779,-86.23874939779493,-26.37829048740789,295.32355846711454,9,24.0,coast,3,40.0
43,430.0,39.79538747793901,-86.23875487368684,-26.846661760384897,305.25377137804253,9,24.0,coast,3,40.0
44,440.0,39.79547732899087,-86.23875982092639,-27.269815634049202,315.18590665101465,9,24.0,coast,3,40.0
45,450.0,39.79556720093349,-86.23876410236899,-27.636021679575062,325.1203511882649,10,27.0,accelerate,1,40.0
46,460.0,39.79565700670051,-86.23877008389171,-28.147641237761594,335.0474806747951,10,27.0,accelerate,1,40.0
47,470.0,39.7957467577006,-86.23877750945769,-28.78277462717027,344.9685562242075,10,27.0,accelerate,1,40.0
48,480.0,39.795836606945,-86.23878212881947,-29.177884023365436,354.9004917004044,10,27.0,accelerate,1,40.0
49,490.0,39.7959265194653,-86.23878452370849,-29.382726857605586,364.83942169399455,10,27.0,accelerate,1,40.0
50,500.0,39.796016445585316,-86.23878580750682,-29.4925344033842,374.7798550012198,11,25.0,coast,3,40.0
51,510.0,39.79610637422399,-86.23878684338189,-29.581136248765006,384.72056671971484,11,25.0,coast,3,40.0
52,520.0,39.796196293387005,-86.23878879513852,-29.74807649327586,394.66023099975405,11,25.0,coast,3,40.0
53,530.0,39.79628619282233,-86.23878606531967,-29.514585996848464,404.5977145802669,11,25.0,coast,3,40.0
54,540.0,39.79637611144412,-86.2387840419679,-29.341521980947356,414.537319033392,11,25.0,coast,3,40.0
55,550.0,39.796465955475384,-86.2387891043109,-29.77452103640864,424.46867824898146,12,28.0,accelerate,1,40.0
56,560.0,39.79655585715498,-86.23879209243712,-30.030105424313437,434.406409911286,12,28.0,accelerate,1,40.0
57,570.0,39.796645786164156,-86.238793,-30.10773230001377,444.3471625861097,12,28.0,accelerate,1,40.0
58,580.0,39.796735715497036,-86.2387934119883,-30.14297103157493,454.28795104222644,12,28.0,accelerate,1,40.0
59,590.0,39.79682560346249,-86.23879656169608,-30.41237602742446,464.2241667434053,12,28.0,accelerate,1,40.0
60,600.0,39.79691538554461,-86.2388033104513,-30.989619537831185,474.14867810097854,13,26.0,coast,3,40.0
61,610.0,39.79700520389606,-86.23880837015973,-31.42239325033078,484.07719867126644,13,26.0,coast,3,40.0
62,620.0,39.797095097235875,-86.23881108912119,-31.65495507897233,494.01400845373337,13,26.0,coast,3,40.0
63,630.0,39.79718496210343,-86.23881549861355,-32.03211364538842,503.94767091317647,13,26.0,coast,3,40.0
64,640.0,39.79727486947493,-86.23881819193842,-32.262482691755416,513.8860317592226,13,26.0,coast,3,40.0
65,650.0,39.79736478608797,-86.23881763166054,-32.21456025833669,523.8254141639322,14,24.0,coast,3,40.0
66,660.0,39.79745471375651,-86.238817,-32.16053222920104,533.7660186445681,14,24.0,coast,3,40.0
67,670.0,39.79754463165496,-86.23881886056247,-32.31967233409282,543.7055431392074,14,24.0,coast,3,40.0
68,680.0,39.79763449839202,-86.23882285812984,-32.661597584045644,553.6394122545014,14,24.0,coast,3,40.0
69,690.0,39.79772442143434,-86.23882271409282,-32.64927761827162,563.5795053520426,14,24.0,coast,3,40.0
70,700.0,39.79781433421231,-86.2388228558321,-32.661401050875476,573.5184638293368,15,27.0,accelerate,1,40.0
71,710.0,39.797904230527905,-86.23881960696461,-32.38351459489716,583.4556025544142,15,27.0,accelerate,1,40.0
72,720.0,39.797994149569874,-86.23881813308041,-32.25744837069291,593.3952534541381,15,27.0,accelerate,1,40.0
73,730.0,39.798084034045026,-86.23882005568379,-32.42189504011978,603.3310833372074,15,27.0,accelerate,1,40.0
74,740.0,39.79817391749258,-86.23881620353603,-32.092408013673655,613.2667996303028,15,27.0,accelerate,1,40.0
75,750.0,39.798263746609365,-86.23881071204102,-31.6227021562511,623.1965101992954,16,25.0,coast,3,40.0
76,760.0,39.79835362568581,-86.23880713557304,-31.31679493869813,633.1317433103115,16,25.0,coast,3,40.0
77,770.0,39.79844354717524,-86.23880882745436,-31.461507182897524,643.07166475107,16,25.0,coast,3,40.0
78,780.0,39.79853345704392,-86.2388085664625,-31.439183679554148,653.0103016352703,16,25.0,coast,3,40.0
79,790.0,39.79862336689211,-86.23880595919725,-31.216175599741607,662.9489362540384,16,25.0,coast,3,40.0
80,800.0,39.79871326700069,-86.23880289695451,-30.954251780235474,672.8864942565,17,28.0,accelerate,1,40.0
81,810.0,39.79880314346212,-86.23879877799406,-30.60194337457351,682.8214383035964,17,28.0,accelerate,1,40.0
82,820.0,39.798892951089286,-86.23879288132703,-30.097581805307705,692.7487734098418,17,28.0,accelerate,1,40.0
83,830.0,39.798982879367706,-86.238792,-30.02219896983355,702.6894453063161,17,28.0,accelerate,1,40.0
84,840.0,39.7990728115283,-86.238792,-30.02219896983355,712.6305463379827,17,28.0,accelerate,1,40.0
85,850.0,39.79916226944549,-86.23878040815396,-29.03070977167505,722.519224504556,18,26.0,coast,3,40.0
86,860.0,39.79925155853612,-86.2387664402233,-27.835986144626506,732.3892405832144,18,26.0,coast,3,40.0
87,870.0,39.79933965233739,-86.23874337494125,-25.863135753859606,742.1271293751672,18,26.0,coast,3,40.0
88,880.0,39.79942543186142,-86.23870849154869,-22.879443012739085,751.609197962001,18,26.0,coast,3,40.0
89,890.0,39.7995114901031,-86.2386747464984,-19.993116476802758,761.1220759971633,18,26.0,coast,3,40.0
90,900.0,39.79959452658256,-86.23862987313626,-16.15494836721968,770.300928436668,19,24.0,coast,3,40.0
91,910.0,39.7996737346745,-86.23857470967963,-11.436634204865609,779.0565909193891,19,24.0,coast,3,40.0
92,920.0,39.799739554387045,-86.23849563637869,-4.673231430058624,786.3323019444255,19,24.0,coast,3,40.0
93,930.0,39.79979142601267,-86.2384002310065,3.487107790382826,792.0661914408158,19,24.0,coast,3,40.0
94,940.0,39.79982928528579,-86.23829427216516,12.550120374924546,796.2511554911057,19,24.0,coast,3,40.0
95,950.0,39.79985979021914,-86.2381841608062,21.968311621316765,799.6231708236049,20,27.0,accelerate,1,40.0
96,960.0,39.79989070399663,-86.23807423860033,31.370323974367015,803.0403797875015,20,27.0,accelerate,1,40.0
97,970.0,39.799932627867065,-86.2379709991512,40.200737886710115,807.6746444255396,20,27.0,accelerate,1,40.0
98,980.0,39.799987748201644,-86.23787892890365,48.07581278923559,813.7676462102394,20,27.0,accelerate,1,40.0
99,990.0,39.80005822524252,-86.23780681032208,54.24435525399122,821.5581783084967,20,27.0,accelerate,1,40.0
100,1000.0,39.80013977849689,-86.23775863184709,58.36522067454139,830.5730750469095,21,25.0,coast,3,40.0
101,1010.0,39.800223867676706,-86.23771740278396,61.89167975249188,839.8682929833108,21,25.0,coast,3,40.0
102,1020.0,39.800307000182706,-86.23767285703845,65.70182572130733,849.0577601967664,21,25.0,coast,3,40.0
103,1030.0,39.80038629019159,-86.2376178970198,70.40273915482788,857.8224777787416,21,25.0,coast,3,40.0
104,1040.0,39.80046238347487,-86.23755551158467,75.73877318914913,866.2338293128291,21,25.0,coast,3,40.0
105,1050.0,39.80053601671129,-86.23748874917604,81.44918434585628,874.3732472664935,22,28.0,accelerate,1,40.0
106,1060.0,39.80060715573043,-86.23741723822555,87.56575410119771,882.2369544424263,22,28.0,accelerate,1,40.0
107,1070.0,39.80067525680053,-86.23734080265542,94.10354297380275,889.7648467309793,22,28.0,accelerate,1,40.0
108,1080.0,39.80074311364534,-86.23726401065746,100.67181830766057,897.2657423562664,22,28.0,accelerate,1,40.0
109,1090.0,39.80080041653671,-86.23717401445903,108.36949288291407,903.6000039683955,22,28.0,accelerate,1,40.0
110,1100.0,39.80085177400996,-86.23707798262983,116.58341505792335,909.2770590612919,23,26.0,coast,3,40.0
111,1110.0,39.80090064216,-86.23697971568,124.9885145451573,914.6789443668533,23,26.0,coast,3,40.0
112,1120.0,39.800944823176444,-86.23687783822152,133.70243286113964,919.5627139245208,23,26.0,coast,3,40.0
113,1130.0,39.8009886869176,-86.23677565420142,142.44257241329262,924.411411871318,23,26.0,coast,3,40.0
114,1140.0,39.80103174242931,-86.23667289871263,151.23159158665536,929.1707681359362,23,26.0,coast,3,40.0
115,1150.0,39.80107497652513,-86.23657028759396,160.00826230132176,933.9498650881545,24,24.0,coast,3,40.0
116,1160.0,39.801113122729085,-86.23646434544918,169.06984677440786,938.1665464730988,24,24.0,coast,3,40.0
117,1170.0,39.80114755723093,-86.23635621686103,178.3184450299314,941.9729363071734,24,24.0,coast,3,40.0
118,1180.0,39.80117424501352,-86.23624456981078,187.86798906664777,944.9230037945933,24,24.0,coast,3,40.0
119,1190.0,39.80118077921574,-86.23612792157412,197.845301232736,945.6452945082275,24,24.0,coast,3,40.0
120,1200.0,39.80117186660624,-86.23601232954469,207.73227247616813,944.6600946542256,25,27.0,accelerate,1,40.0
121,1210.0,39.801141191244774,-86.23590257373431,217.12005246984083,941.2692401971124,25,27.0,accelerate,1,40.0
122,1220.0,39.80109720817198,-86.23580071474558,225.8323910059719,936.4073513308948,25,27.0,accelerate,1,40.0
123,1230.0,39.80104043017287,-86.23571045148516,233.55290828167466,930.1311113089083,25,27.0,accelerate,1,40.0
124,1240.0,39.80096907279096,-86.23563956109241,239.61639966718298,922.2432663129231,25,27.0,accelerate,1,40.0
125,1250.0,39.80089000950092,-86.2355842354268,244.348588102795,913.5036102316845,26,25.0,coast,3,40.0
126,1260.0,39.80080515537865,-86.23554611939745,247.608779034059,904.1238355559539,26,25.0,coast,3,40.0
127,1270.0,39.80071641097027,-86.23552866352846,249.10183764444875,894.3140286538254,26,25.0,coast,3,40.0
128,1280.0,39.80062661694344,-86.23552233533991,249.64310868670358,884.3881969281982,26,25.0,coast,3,40.0
129,1290.0,39.80053669552257,-86.23552253244546,249.62624959239756,874.4482830643851,26,25.0,coast,3,40.0
130,1300.0,39.80044682238349,-86.23552144378081,249.71936670545125,864.5137062712153,27,28.0,accelerate,1,40.0
131,1310.0,39.80035692053331,-86.23552100278832,249.7570862628803,854.5759557526094,27,28.0,accelerate,1,40.0
132,1320.0,39.80026701951236,-86.23552191867255,249.6787476344839,844.6382968964305,27,28.0,accelerate,1,40.0
133,1330.0,39.80017710225447,-86.2355199401503,249.84797723158195,834.6988432096662,27,28.0,accelerate,1,40.0
134,1340.0,39.80008737036065,-86.23551242654207,250.4906411657169,824.7798796665477,27,28.0,accelerate,1,40.0
135,1350.0,39.799997887135845,-86.23550078513246,251.48636970072516,814.8884039961576,28,26.0,coast,3,40.0
136,1360.0,39.79990823914722,-86.23549148990863,252.28142115135822,804.9787153343925,28,26.0,coast,3,40.0
137,1370.0,39.79981891013464,-86.23547818202692,253.4196885941615,795.1042862836013,28,26.0,coast,3,40.0
138,1380.0,39.79973076012077,-86.23545546465255,255.36278128254605,785.3601837498901,28,26.0,coast,3,40.0
139,1390.0,39.799645134861635,-86.23542006743081,258.3904235442221,775.8951676052495,28,26.0,coast,3,40.0
140,1400.0,39.79956476916837,-86.23536805123153,262.83954230282535,767.011543871821,29,24.0,coast,3,40.0
141,1410.0,39.79949131011074,-86.235300716228,268.59892940801797,758.8913796408831,29,24.0,coast,3,40.0
142,1420.0,39.79942241043112,-86.23522553146293,275.0297327594269,751.2752090560838,29,24.0,coast,3,40.0
143,1430.0,39.79935376169285,-86.23515016035653,281.47647450549744,743.6867775278841,29,24.0,coast,3,40.0
144,1440.0,39.79927233425487,-86.23510285922247,285.52229803325594,734.6857885340426,29,24.0,coast,3,40.0
145,1450.0,39.799183623313525,-86.23508422517538,287.1161301385422,724.8796810769062,30,27.0,accelerate,1,40.0
146,1460.0,39.799093814838656,-86.23507871939857,287.5870575658091,714.9522522652542,30,27.0,accelerate,1,40.0
147,1470.0,39.79900392954856,-86.235075,287.9051901134879,705.016332298275,30,27.0,accelerate,1,40.0
148,1480.0,39.79891399969129,-86.23507548387595,287.86380259175735,695.075485874689,30,27.0,accelerate,1,40.0
149,1490.0,39.79882407403381,-86.23507510883128,287.89588141074387,685.1351036977202,30,27.0,accelerate,1,40.0
150,1500.0,39.7987341874501,-86.23507144293261,288.20943793299006,675.1990407343176,31,25.0,coast,3,40.0
151,1510.0,39.79864430542275,-86.23506753501837,288.54369485237487,665.2634814305616,31,25.0,coast,3,40.0
152,1520.0,39.798554420913504,-86.2350637258714,288.86950388000025,655.3276477792828,31,25.0,coast,3,40.0
153,1530.0,39.79846456325937,-86.23505899393416,289.2742422304836,645.394782690933,31,25.0,coast,3,40.0
154,1540.0,39.798374638735595,-86.23505752919834,289.39952596329704,635.4545258326914,31,25.0,coast,3,40.0
155,1550.0,39.79828471814653,-86.235056,289.5303233905585,625.5147039178484,32,28.0,accelerate,1,40.0
156,1560.0,39.79819478598594,-86.235056,289.5303233905585,615.5736028862214,32,28.0,accelerate,1,40.0
157,1570.0,39.79810485642137,-86.23505527873685,289.5920154300632,605.632788817973,32,28.0,accelerate,1,40.0
158,1580.0,39.79801493733019,-86.2350533441316,289.7574886595166,595.6931324791661,32,28.0,accelerate,1,40.0
159,1590.0,39.79792504000085,-86.23505011544307,290.0336491426083,585.7558816941721,32,28.0,accelerate,1,40.0
160,1600.0,39.79783514517567,-86.23504674294408,290.32211021285684,575.8189077184022,33,26.0,coast,3,40.0
161,1610.0,39.797745246238804,-86.23504359629491,290.59125359582646,565.8814792377027,33,26.0,coast,3,40.0
162,1620.0,39.79765532543014,-86.235042,290.7277900155126,555.9416330480598,33,26.0,coast,3,40.0
163,1630.0,39.797565393269544,-86.235042,290.7277900155126,546.0005320158646,33,26.0,coast,3,40.0
164,1640.0,39.79747548407632,-86.23504038477476,290.8659456095558,536.0619697967815,33,26.0,coast,3,40.0
165,1650.0,39.79738558582555,-86.235038,291.069923337449,526.1246171567947,34,24.0,coast,3,40.0
166,1660.0,39.79729566058261,-86.23503699210657,291.15613181938414,516.1842808025319,34,24.0,coast,3,40.0
167,1670.0,39.79720575219803,-86.23503435182086,291.38196424946676,506.2458079706421,34,24.0,coast,3,40.0
168,1680.0,39.7971158359034,-86.23503241858981,291.54731993920296,496.3064607615687,34,24.0,coast,3,40.0
169,1690.0,39.79702592512427,-86.23503010446872,291.74525442303224,486.3677232364579,34,24.0,coast,3,40.0
170,1700.0,39.796936044049275,-86.23502619257377,292.07985182661645,476.4322692071742,35,27.0,accelerate,1,40.0
171,1710.0,39.796846131117135,-86.2350242628536,292.24490721953686,466.49329368838363,35,27.0,accelerate,1,40.0
172,1720.0,39.796756202566925,-86.23502321414784,292.33460651536234,456.55259174816064,35,27.0,accelerate,1,40.0
173,1730.0,39.79666628208305,-86.23502137004735,292.49233857266233,446.61278146085357,35,27.0,accelerate,1,40.0
174,1740.0,39.796576400496406,-86.23501753649394,292.8202351619125,436.67727087248477,35,27.0,accelerate,1,40.0
175,1750.0,39.79648652587713,-86.23501335004079,293.17831644287196,426.7425304581746,36,25.0,coast,3,40.0
176,1760.0,39.7963966845592,-86.23500810027137,293.62734670498895,416.8114711738016,36,25.0,coast,3,40.0
177,1770.0,39.79630676804816,-86.235006,293.806989910509,406.8721000436834,36,25.0,coast,3,40.0
178,1780.0,39.79621683589342,-86.23500600180337,293.80683566234916,396.93099965833414,36,25.0,coast,3,40.0
179,1790.0,39.79612690693814,-86.23500699003364,293.722309035708,386.99025294243353,36,25.0,coast,3,40.0
180,1800.0,39.796036988652084,-86.23500896578014,293.55331685760285,377.0506856018816,37,28.0,accelerate,1,40.0
181,1810.0,39.795947061589686,-86.2350078236282,293.65100891729236,367.1101481239289,37,28.0,accelerate,1,40.0
182,1820.0,39.79585715957544,-86.23500511912555,293.882334036151,357.17237946945323,37,28.0,accelerate,1,40.0
183,1830.0,39.79576723362167,-86.23500566705529,293.83546778082604,347.23196453936214,37,28.0,accelerate,1,40.0
184,1840.0,39.79567732829369,-86.235003,294.0635899010497,337.2938295851364,37,28.0,accelerate,1,40.0
185,1850.0,39.79558741379037,-86.23500213198555,294.13783406840787,327.3546803875045,38,26.0,coast,3,40.0
186,1860.0,39.795497595004605,-86.23499631533355,294.6353516861207,317.4261118089147,38,26.0,coast,3,40.0
187,1870.0,39.79540772121238,-86.23499212190876,294.99402927368715,307.49146281624655,38,26.0,coast,3,40.0
188,1880.0,39.7953179040489,-86.2349863360045,295.4889169347281,297.56307356532585,38,26.0,coast,3,40.0
189,1890.0,39.795228180788314,-86.23497838072798,296.1693582298925,287.64506434022326,38,26.0,coast,3,40.0
190,1900.0,39.79513843689931,-86.23497087278268,296.81153779479143,277.72477484995494,39,24.0,coast,3,40.0
191,1910.0,39.79504878583032,-86.23496162582356,297.6024610049699,267.8147456834685,39,24.0,coast,3,40.0
192,1920.0,39.7949590679155,-86.23495389190735,298.2639686150082,257.89732737935026,39,24.0,coast,3,40.0
193,1930.0,39.79486920767878,-86.23494930961446,298.6559073872516,247.96417681243946,39,24.0,coast,3,40.0
194,1940.0,39.79477941662742,-86.23494278471895,299.2140034306248,238.03867399498935,39,24.0,coast,3,40.0
195,1950.0,39.79468960772788,-86.23493720994459,299.6908324482347,228.11119824040682,40,27.0,accelerate,1,40.0
196,1960.0,39.79459974941543,-86.23493301847522,300.04934278198067,218.17826038245468,40,27.0,accelerate,1,40.0
197,1970.0,39.794509884989935,-86.23492945427766,300.3542004692537,208.2446467877955,40,27.0,accelerate,1,40.0
198,1980.0,39.79441998873197,-86.23493139079356,300.1885638154962,198.30751443182825,40,27.0,accelerate,1,40.0
199,1990.0,39.794330101671534,-86.23493094343391,300.2268279758088,188.3713987711963,40,27.0,accelerate,1,40.0
200,2000.0,39.79424018244566,-86.23492921212896,300.37491225486946,178.43172754404745,41,25.0,coast,3,40.0
201,2010.0,39.79415025105809,-86.234929,300.39305635140295,168.49071196174168,41,25.0,coast,3,40.0
202,2020.0,39.79406035195235,-86.23492601319822,300.6485274548188,158.5532648132588,41,25.0,coast,3,40.0
203,2030.0,39.793970558167175,-86.23491971395418,301.1873227760364,148.6274597997115,41,25.0,coast,3,40.0
204,2040.0,39.79388064240367,-86.23491747908301,301.3784787501795,138.68817130179715,41,25.0,coast,3,40.0
205,2050.0,39.79379072224124,-86.23491563402801,301.536292448764,128.74839654655386,42,28.0,accelerate,1,40.0
206,2060.0,39.79370083869849,-86.23491252143661,301.80252275747887,118.81266973141763,42,28.0,accelerate,1,40.0
207,2070.0,39.7936109934355,-86.23490740225638,302.24038329121083,108.88117436061762,42,28.0,accelerate,1,40.0
208,2080.0,39.793521134152535,-86.23490269127119,302.6433295445312,98.94812922166474,42,28.0,accelerate,1,40.0
209,2090.0,39.7934312165499,-86.23490100281234,302.7877490540291,89.00863742584684,42,28.0,accelerate,1,40.0
210,2100.0,39.79334131142333,-86.23489826994258,303.021500505644,79.07052473558286,43,26.0,coast,3,40.0
211,2110.0,39.79325143687908,-86.23489422802376,303.3672192835398,69.1357926139292,43,26.0,coast,3,40.0
212,2120.0,39.79316153443455,-86.23489126757536,303.62043629359056,59.19797639550099,43,26.0,coast,3,40.0
213,2130.0,39.793071670536996,-86.2348867701711,304.00511425881405,49.26442115978011,43,26.0,coast,3,40.0
214,2140.0,39.79298191657152,-86.2348794767059,304.6289486278241,39.343017816322664,43,26.0,coast,3,40.0
215,2150.0,39.79289240424039,-86.23486850494203,305.567400131352,29.448324733252434,44,24.0,coast,3,40.0
216,2160.0,39.79280346199709,-86.23485131782546,307.03747145216306,19.616649158241653,44,24.0,coast,3,40.0
217,2170.0,39.7927155797592,-86.23482669818759,309.1432710724689,9.902146581912334,44,24.0,coast,3,40.0
218,2180.0,39.79262752485508,-86.23480339278814,311.1366595033038,0.16855748054250674,44,24.0,coast,3,40.0
219,2190.0,39.79254395671892,-86.23476037403135,314.816197040865,-9.069064290429864,44,24.0,coast,3,40.0
220,2200.0,39.79246618788097,-86.23470242193032,319.77303324535717,-17.665631637453764,45,27.0,accelerate,1,40.0
221,2210.0,39.79240056881497,-86.23462296779068,326.5690104225518,-24.919163193423117,45,27.0,accelerate,1,40.0
222,2220.0,39.79234857887027,-86.23452782834386,334.70660416175593,-30.666131680684188,45,27.0,accelerate,1,40.0
223,2230.0,39.79230659167846,-86.23442435197471,343.55728263179924,-35.30739586282994,45,27.0,accelerate,1,40.0
224,2240.0,39.79227596467175,-86.2343146007557,352.9446699094305,-38.6929051843471,45,27.0,accelerate,1,40.0
225,2250.0,39.79226102471381,-86.23419924713812,362.81124899403096,-40.34436813539981,46,25.0,coast,3,40.0
226,2260.0,39.79225217404372,-86.23408279648714,372.77166099828077,-41.32272120705551,46,25.0,coast,3,40.0
227,2270.0,39.7922453875389,-86.233966228034,382.7421490143576,-42.07290145007861,46,25.0,coast,3,40.0
228,2280.0,39.79224288903917,-86.23384923409456,392.74903029166546,-42.34908560986556,46,25.0,coast,3,40.0
229,2290.0,39.792238932334406,-86.23373237148301,402.74467865605607,-42.786459754255034,46,25.0,coast,3,40.0
230,2300.0,39.79222623930761,-86.23361658257001,412.64849000805435,-44.18954693671316,47,28.0,accelerate,1,40.0
231,2310.0,39.79220479366822,-86.23350295669624,422.36728941028616,-46.56014791474118,47,28.0,accelerate,1,40.0
232,2320.0,39.79217948648766,-86.23339064865363,431.9733703261808,-49.35760365359894,47,28.0,accelerate,1,40.0
233,2330.0,39.792148802530846,-86.23328075093175,441.37328847979757,-52.74940823985476,47,28.0,accelerate,1,40.0
234,2340.0,39.792104507547194,-86.23317911459124,450.06658317414053,-57.64577573328263,47,28.0,accelerate,1,40.0
235,2350.0,39.79204752865472,-86.23308883066892,457.7888677306307,-63.94422250699122,48,26.0,coast,3,40.0
236,2360.0,39.7919800719559,-86.23301202142038,464.358618563733,-71.40088599481906,48,26.0,coast,3,40.0
237,2370.0,39.79190722075208,-86.23294351553086,470.21815544643084,-79.45385806530308,48,26.0,coast,3,40.0
238,2380.0,39.79182990388174,-86.23288379617995,475.32615041936265,-88.00046491242539,48,26.0,coast,3,40.0
239,2390.0,39.79175666590645,-86.23281631500925,481.0980396875738,-96.09619070140464,48,26.0,coast,3,40.0
240,2400.0,39.791687806535535,-86.23274119073027,487.52366946263584,-103.70790556196815,49,24.0,coast,3,40.0
241,2410.0,39.79163130960348,-86.23265048917646,495.28167543180973,-109.9530764310923,49,24.0,coast,3,40.0
242,2420.0,39.79158824074212,-86.23254798569408,504.0491396568561,-114.71390836530368,49,24.0,coast,3,40.0
243,2430.0,39.79156751492146,-86.23243478502607,513.7315697953012,-117.0049405818152,49,24.0,coast,3,40.0
244,2440.0,39.791564064747206,-86.23231799283664,523.7211947216075,-117.3863228440538,49,24.0,coast,3,40.0
245,2450.0,39.7915688710402,-86.23220112671363,533.7171434326303,-116.85503521635562,50,27.0,accelerate,1,40.0
246,2460.0,39.79157140618244,-86.23208418547324,543.7195171843424,-116.57480059261043,50,27.0,accelerate,1,40.0
247,2470.0,39.791569694331784,-86.23196718824806,553.7266795008219,-116.76402856444611,50,27.0,accelerate,1,40.0
248,2480.0,39.79156818507025,-86.2318501819668,563.7346164140163,-116.9308623349732,50,27.0,accelerate,1,40.0
249,2490.0,39.79156495518948,-86.23173322290009,573.738514910046,-117.28789335484876,50,27.0,accelerate,1,40.0
250,2500.0,39.791559656360384,-86.23161639355025,583.7313182894565,-117.87362592264833,51,25.0,coast,3,40.0
251,2510.0,39.79155265271631,-86.23149978824961,593.7049579962332,-118.64780873893257,51,25.0,coast,3,40.0
252,2520.0,39.791536359368195,-86.23138480354811,603.5399824597417,-120.44887543945211,51,25.0,coast,3,40.0
253,2530.0,39.7914950728931,-86.23128184333103,612.3465127247407,-125.01268239651813,51,25.0,coast,3,40.0
254,2540.0,39.791430478806326,-86.23120052859318,619.3016330636108,-132.15291274847584,51,25.0,coast,3,40.0
255,2550.0,39.79135957972367,-86.23112892547744,625.4260860196256,-139.9900973454632,52,28.0,accelerate,1,40.0
256,2560.0,39.79127643190599,-86.23108480155612,629.2001519591292,-149.1812571111625,52,28.0,accelerate,1,40.0
257,2570.0,39.79118916550105,-86.23105723610932,631.5579164286862,-158.8276855132542,52,28.0,accelerate,1,40.0
258,2580.0,39.79110026518997,-86.23103960876422,633.0656419602403,-168.65472590075248,52,28.0,accelerate,1,40.0
259,2590.0,39.791010660908654,-86.23102980507572,633.9041840884207,-178.55958315683773,52,28.0,accelerate,1,40.0
260,2600.0,39.79092086238202,-86.23102349139887,634.4442138964058,-188.48591229084863,53,26.0,coast,3,40.0
261,2610.0,39.790830961518886,-86.23102148601458,634.6157410937786,-198.42355370227907,53,26.0,coast,3,40.0
262,2620.0,39.79074104290014,-86.231023,634.4862448788973,-208.3631578186384,53,26.0,coast,3,40.0
263,2630.0,39.790651189090845,-86.2310272202457,634.1252732080408,-218.29559789787632,53,26.0,coast,3,40.0
264,2640.0,39.79056163293755,-86.23103790323972,633.2115211512446,-228.1951350822984,53,26.0,coast,3,40.0
265,2650.0,39.7904720902284,-86.2310487096905,632.2872094265367,-238.0931861524556,54,24.0,coast,3,40.0
266,2660.0,39.79038280337263,-86.23106264358644,631.0953969015659,-247.96295518938055,54,24.0,coast,3,40.0
267,2670.0,39.79029348947619,-86.23107631487682,629.926045904148,-257.8357133014408,54,24.0,coast,3,40.0
268,2680.0,39.79020401546811,-86.23108809969943,628.9180507782057,-267.72617015427176,54,24.0,coast,3,40.0
269,2690.0,39.79011439789255,-86.23109776234543,628.0915724854189,-277.63249695695777,54,24.0,coast,3,40.0
270,2700.0,39.79002513309689,-86.23111195184997,626.8778969060379,-287.4998274698054,55,28.0,accelerate,1,40.0
271,2710.0,39.78993619472821,-86.23112921529605,625.4012968684916,-297.3310747433784,55,28.0,accelerate,1,40.0
272,2720.0,39.78984754441619,-86.23114890488425,623.7171808147684,-307.13048023453115,55,28.0,accelerate,1,40.0
273,2730.0,39.78975903700347,-86.23116960509552,621.9466228061659,-316.9140896362634,55,28.0,accelerate,1,40.0
274,2740.0,39.789670936899654,-86.2311930786745,619.9388494196423,-326.6526751120293,55,28.0,accelerate,1,40.0
275,2750.0,39.78958343057657,-86.23121999933949,617.6362352860383,-336.3256240659981,56,26.0,coast,3,40.0
276,2760.0,39.789496107325036,-86.23124797793284,615.2431330171138,-345.97833629047005,56,26.0,coast,3,40.0
277,2770.0,39.78940902296964,-86.23127716064916,612.7470380997947,-355.6046409353868,56,26.0,coast,3,40.0
278,2780.0,39.78932339445236,-86.23131270250964,609.7070244043109,-365.0700172357062,56,26.0,coast,3,40.0
279,2790.0,39.78923962795999,-86.23135517524098,606.0741902421188,-374.32956530309025,56,26.0,coast,3,40.0
280,2800.0,39.7891579995251,-86.23140417751576,601.8828624833909,-383.352772495205,57,24.0,coast,3,40.0
281,2810.0,39.789078931963466,-86.23145983960586,597.1218985397426,-392.0929007579436,57,24.0,coast,3,40.0
282,2820.0,39.78900135449325,-86.23151903252521,592.058931011845,-400.66831431589867,57,24.0,coast,3,40.0
283,2830.0,39.788928004196876,-86.23158653645709,586.2850949036123,-408.7764560772566,57,24.0,coast,3,40.0
284,2840.0,39.78885677540385,-86.23165797789903,580.1744704464851,-416.6500868579175,57,24.0,coast,3,40.0
285,2850.0,39.78878732838599,-86.23173231910935,573.81581914147,-424.3267602121568,58,27.0,accelerate,1,40.0
286,2860.0,39.7887228267605,-86.23181374476533,566.8512116061299,-431.4567698942036,58,27.0,accelerate,1,40.0
287,2870.0,39.788660391453924,-86.2318979776896,559.6464890647972,-438.3583686833795,58,27.0,accelerate,1,40.0
288,2880.0,39.78860214308925,-86.23198711075005,552.0226415555892,-444.7971429137951,58,27.0,accelerate,1,40.0
289,2890.0,39.788548813125274,-86.23208133263701,543.9635297677409,-450.6922371319965,58,27.0,accelerate,1,40.0
290,2900.0,39.788496148040814,-86.2321761681908,535.8519290119417,-456.51383556859344,59,25.0,coast,3,40.0
291,2910.0,39.78845031618987,-86.2322768451785,527.2406909593243,-461.58008837112703,59,25.0,coast,3,40.0
292,2920.0,39.78840870593402,-86.23238057829074,518.3680523973203,-466.1796860537698,59,25.0,coast,3,40.0
293,2930.0,39.78836998554029,-86.23248621108948,509.3329273229215,-470.4598383756237,59,25.0,coast,3,40.0
294,2940.0,39.78833201820769,-86.23259230046018,500.2587501270065,-474.6567473216615,59,25.0,coast,3,40.0
295,2950.0,39.788295294702614,-86.23269913322761,491.1209877330598,-478.71616357325644,60,28.0,accelerate,1,40.0
296,2960.0,39.78825937851139,-86.23280642875336,481.9436440788774,-482.6863393507252,60,28.0,accelerate,1,40.0
297,2970.0,39.788226780683246,-86.23291545458241,472.6183018213421,-486.28970327366426,60,28.0,accelerate,1,40.0
298,2980.0,39.78819833813825,-86.23302646669124,463.1230664386147,-489.4337421978572,60,28.0,accelerate,1,40.0
299,2990.0,39.788175282020156,-86.2331395602129,453.44980088509783,-491.9823654916767,60,28.0,accelerate,1,40.0
300,3000.0,39.7881546722671,-86.23325342788547,443.7103196255064,-494.2605675950201,61,26.0,coast,3,40.0
301,3010.0,39.78814136737624,-86.23336915161167,433.81208391807746,-495.73129023052155,61,26.0,coast,3,40.0
302,3020.0,39.78813069452779,-86.23348536019438,423.8723768187026,-496.9110668982845,61,26.0,coast,3,40.0
303,3030.0,39.788118285354415,-86.23360126284828,413.9588368286102,-498.2827769230769,61,26.0,coast,3,40.0
304,3040.0,39.78810896615785,-86.2337176430008,404.0044547905983,-499.3129209110053,61,26.0,coast,3,40.0
305,3050.0,39.788104,-86.23383445764219,394.0129094742607,-499.8618800001624,62,24.0,coast,3,40.0
306,3060.0,39.788103474075896,-86.2339514887137,384.0028521680105,-499.9200156501412,62,24.0,coast,3,40.0
307,3070.0,39.7881007898233,-86.2340684623801,373.99770491308186,-500.2167329326815,62,24.0,coast,3,40.0
308,3080.0,39.78809615408908,-86.23418534038437,364.00073995663814,-500.72916699271235,62,24.0,coast,3,40.0
309,3090.0,39.78809274859896,-86.23430227605931,353.99884223726343,-501.1056098705272,62,24.0,coast,3,40.0
310,3100.0,39.788086975586246,-86.23441906761987,344.0092711004296,-501.74375869653375,63,27.0,accelerate,1,40.0
311,3110.0,39.788084210844694,-86.23453602397761,334.005604311066,-502.0493732275926,63,27.0,accelerate,1,40.0
312,3120.0,39.7880863003716,-86.23465301114817,323.9993020007356,-501.81839692260377,63,27.0,accelerate,1,40.0
313,3130.0,39.788091061521925,-86.23476987048146,314.00393403639447,-501.2920993664995,63,27.0,accelerate,1,40.0
314,3140.0,39.78809705317343,-86.23488664322876,304.01597205913,-500.6297822089294,63,27.0,accelerate,1,40.0
315,3150.0,39.788106161038684,-86.23500303051756,294.06097963334634,-499.62299878364695,64,25.0,coast,3,40.0
316,3160.0,39.788132146119075,-86.2351136666675,284.5979012660987,-496.7506079971672,64,25.0,coast,3,40.0
317,3170.0,39.78818079975431,-86.23521191382943,276.19449430433286,-491.3724351584287,64,25.0,coast,3,40.0
318,3180.0,39.78825420074042,-86.23527759710973,270.5763845898861,-483.2586901539442,64,25.0,coast,3,40.0
319,3190.0,39.78834011787486,-86.23531027946872,267.7809535796597,-473.7614101125447,64,25.0,coast,3,40.0
320,3200.0,39.78842889878772,-86.23532875263201,266.20088240057515,-463.9475680052413,65,28.0,accelerate,1,40.0
321,3210.0,39.78851867070192,-86.23533211585591,265.91321465919634,-454.0241806099217,65,28.0,accelerate,1,40.0
322,3220.0,39.78860844707052,-86.23532523069761,266.5021251790783,-444.1003008245162,65,28.0,accelerate,1,40.0
323,3230.0,39.78869828681243,-86.23532008158035,266.94254632596324,-434.169415753424,65,28.0,accelerate,1,40.0
324,3240.0,39.7887881558041,-86.23531569883772,267.3174169006064,-424.235297414587,65,28.0,accelerate,1,40.0
325,3250.0,39.78887801701647,-86.23531105084398,267.71497528533394,-414.30203899884043,66,26.0,coast,3,40.0
326,3260.0,39.78896784266555,-86.23530540468971,268.197909662785,-404.3727117503709,66,26.0,coast,3,40.0
327,3270.0,39.78905774520925,-86.23530320063621,268.38642969937246,-394.4348845690977,66,26.0,coast,3,40.0
328,3280.0,39.789147603426315,-86.2353079450048,267.9806280526706,-384.501957255219,66,26.0,coast,3,40.0
329,3290.0,39.78923706385018,-86.23531869567415,267.06108749950994,-374.61300200110935,66,26.0,coast,3,40.0
330,3300.0,39.78932429260279,-86.23534676626653,264.6601162477937,-364.9707356872778,67,24.0,coast,3,40.0
331,3310.0,39.78940728565496,-86.23539067341854,260.9045913080751,-355.7966837006239,67,24.0,coast,3,40.0
332,3320.0,39.7894773659475,-86.23546326008103,254.69601232266103,-348.0500081637497,67,24.0,coast,3,40.0
333,3330.0,39.78952719131571,-86.2355594930787,246.46488353860775,-342.54231196129103,67,24.0,coast,3,40.0
334,3340.0,39.78954980806809,-86.23567189977852,236.8503641431785,-340.042256153479,67,24.0,coast,3,40.0
335,3350.0,39.789540020322825,-86.23578785339689,226.9324649929768,-341.1241935148738,68,27.0,accelerate,1,40.0
336,3360.0,39.789509855773,-86.2358980803039,217.5043905375728,-344.45858285253917,68,27.0,accelerate,1,40.0
337,3370.0,39.78947578082232,-86.23600636472466,208.24246339955343,-348.22522789999886,68,27.0,accelerate,1,40.0
338,3380.0,39.789443165403995,-86.23611538348779,198.91772551321662,-351.830536242578,68,27.0,accelerate,1,40.0
339,3390.0,39.78941016467654,-86.23622421241436,189.60922498080797,-355.478436655083,68,27.0,accelerate,1,40.0
340,3400.0,39.7893758766056,-86.23633240543876,180.3551152773144,-359.2686400174194,69,25.0,coast,3,40.0
341,3410.0,39.789341702755436,-86.23644065671147,171.09602340377145,-363.04621741372324,69,25.0,coast,3,40.0
342,3420.0,39.789311826511984,-86.23655101887249,161.65638022114945,-366.348737365222,69,25.0,coast,3,40.0
343,3430.0,39.789286914233905,-86.23666342883048,152.0415821440166,-369.1025405842633,69,25.0,coast,3,40.0
344,3440.0,39.789266878186346,-86.23677750752213,142.2840517198721,-371.317325280984,69,25.0,coast,3,40.0
345,3450.0,39.789251200483335,-86.23689271545663,132.42993339467637,-373.05033857188914,70,28.0,accelerate,1,40.0
346,3460.0,39.78924191179576,-86.2370090582397,122.47874769026217,-374.07711009652417,70,28.0,accelerate,1,40.0
347,3470.0,39.78923570125158,-86.23712581647032,112.49202737479688,-374.7636236505687,70,28.0,accelerate,1,40.0
348,3480.0,39.78924070522572,-86.23724255086192,102.50734609027498,-374.21048434823814,70,28.0,accelerate,1,40.0
349,3490.0,39.789251744859776,-86.23735865434912,92.57662815879571,-372.990163199871,70,28.0,accelerate,1,40.0
350,3500.0,39.78926959316474,-86.23747330760997,82.76995291784662,-371.0172115695244,71,26.0,coast,3,40.0
351,3510.0,39.78929515468852,-86.23758538781634,73.18335959515869,-368.19164073148454,71,26.0,coast,3,40.0
352,3520.0,39.78932935586221,-86.2376935308677,63.93352425344889,-364.41104299124873,71,26.0,coast,3,40.0
353,3530.0,39.78937353365389,-86.23779530476088,55.22846422301161,-359.52762989916476,71,26.0,coast,3,40.0
354,3540.0,39.78941884024594,-86.23789640435997,46.58107881049925,-354.519439213116,71,26.0,coast,3,40.0
355,3550.0,39.78947111317578,-86.23799162258706,38.43674673336372,-348.741189549173,72,24.0,coast,3,40.0
356,3560.0,39.78952597496453,-86.23808433862438,30.506435280488958,-342.6767674201406,72,24.0,coast,3,40.0
357,3570.0,39.789584773085856,-86.23817284738064,22.93598658782075,-336.1772230890786,72,24.0,coast,3,40.0
358,3580.0,39.78964883892286,-86.23825476251574,15.929512273541764,-329.09538546738287,72,24.0,coast,3,40.0
359,3590.0,39.78971928475158,-86.23832738005943,9.7182919155051,-321.30830356027735,72,24.0,coast,3,40.0
360,3600.0,39.789793322238616,-86.23839378278375,4.038645758034654,-313.1241997432011,73,27.0,accelerate,1,40.0
361,3610.0,39.78987034168616,-86.2384540242148,-1.1140044681952186,-304.6104700117403,73,27.0,accelerate,1,40.0
362,3620.0,39.78995028515013,-86.23850757106813,-5.694045165914086,-295.7735195050597,73,27.0,accelerate,1,40.0
363,3630.0,39.79002997350365,-86.23856178145256,-10.330839887691106,-286.96476890658914,73,27.0,accelerate,1,40.0
364,3640.0,39.79011191462077,-86.23860983464103,-14.440989133518663,-277.9069978196402,73,27.0,accelerate,1,40.0
365,3650.0,39.790197577632135,-86.23864512908976,-17.459840878838573,-268.4378085439088,74,25.0,coast,3,40.0
366,3660.0,39.79028585048219,-86.23866737152876,-19.36231076279513,-258.6801276985612,74,25.0,coast,3,40.0
367,3670.0,39.79037492524687,-86.23868319523929,-20.715765423201432,-248.83380321071604,74,25.0,coast,3,40.0
368,3680.0,39.790464406169605,-86.23869489655671,-21.716618072042486,-238.94258201210704,74,25.0,coast,3,40.0
369,3690.0,39.79055424811015,-86.23869832677771,-22.010016297495095,-229.0114539043846,74,25.0,coast,3,40.0
370,3700.0,39.79064402794749,-86.23870513440791,-22.592295580789028,-219.0871906847745,75,28.0,accelerate,1,40.0
371,3710.0,39.790733885336145,-86.23870947493728,-22.963555513794216,-209.15435494236218,75,28.0,accelerate,1,40.0
372,3720.0,39.79082373807531,-86.238706,-22.66633255488667,-199.22203315515324,75,28.0,accelerate,1,40.0
373,3730.0,39.79091357287546,-86.23870952245707,-22.96762004031511,-189.29169434648995,75,28.0,accelerate,1,40.0
374,3740.0,39.79100341781642,-86.238714,-23.350599198759426,-179.36023457266575,75,28.0,accelerate,1,40.0
375,3750.0,39.79109331532593,-86.23871579116891,-23.503803841398206,-169.42296387109326,76,26.0,coast,3,40.0
376,3760.0,39.79118316190668,-86.23871514430984,-23.44847582934685,-159.49132283571652,76,26.0,coast,3,40.0
377,3770.0,39.79127307586636,-86.2387170384238,-23.610485705367907,-149.55223373295456,76,26.0,coast,3,40.0
378,3780.0,39.79136299193738,-86.23871687287387,-23.596325667689392,-139.61291124177527,76,26.0,coast,3,40.0
379,3790.0,39.79145290305946,-86.23871752374762,-23.65199706805909,-129.67413580722433,76,26.0,coast,3,40.0
380,3800.0,39.79154277136026,-86.2387158592966,-23.50963102991858,-119.74009383658839,77,24.0,coast,3,40.0
381,3810.0,39.79163266886074,-86.23871908809171,-23.785800628372385,-109.8028241332863,77,24.0,coast,3,40.0
382,3820.0,39.791722540425205,-86.23872279599016,-24.1029495309386,-99.86842139742689,77,24.0,coast,3,40.0
383,3830.0,39.7918123766853,-86.2387259264045,-24.370704294984552,-89.93792120671645,77,24.0,coast,3,40.0
384,3840.0,39.791902206035175,-86.2387207463208,-23.927634484497865,-80.00818487131197,77,24.0,coast,3,40.0
385,3850.0,39.791992130443596,-86.23871921097634,-23.796311359353524,-70.06794076437151,78,27.0,accelerate,1,40.0
386,3860.0,39.79208205493142,-86.2387183175822,-23.719896383040524,-60.1276878809064,78,27.0,accelerate,1,40.0
387,3870.0,39.79217194991472,-86.23872136854426,-23.980855329138148,-50.19069642726598,78,27.0,accelerate,1,40.0
388,3880.0,39.792261455355224,-86.23873218887348,-24.906354123562824,-40.29676503350279,78,27.0,accelerate,1,40.0
389,3890.0,39.79235123294596,-86.23873904795046,-25.49303382065544,-30.372750153617037,78,27.0,accelerate,1,40.0
390,3900.0,39.79244105412982,-86.23874482412715,-25.987089450142914,-20.44391648973317,79,25.0,coast,3,40.0
391,3910.0,39.792549185207285,-86.23874598782638,-19.55024361350281,-7.34427903720462,79,25.0,coast,3,40.0
392,3920.0,39.79269289630631,-86.23874250804926,0.042077908625321854,11.926857699525637,79,25.0,coast,3,40.0
393,3930.0,39.79278281529581,-86.2387434004134,-0.03424846580093886,21.866502798368078,79,25.0,coast,3,40.0
394,3940.0,39.79287273921149,-86.23874489130542,-0.161768584103633,31.806692437882933,79,25.0,coast,3,40.0
395,3950.0,39.792962572290314,-86.23875008535441,-0.6060299653131547,41.736840970928114,80,28.0,accelerate,1,40.0
396,3960.0,39.793052497161014,-86.2387514999272,-0.7270222891885616,51.67713617822124,80,28.0,accelerate,1,40.0
397,3970.0,39.79314241651973,-86.2387533927065,-0.8889169389602806,61.61682209012375,80,28.0,accelerate,1,40.0
398,3980.0,39.793232344381174,-86.23875453694001,-0.9867863971725721,71.5574478950438,80,28.0,accelerate,1,40.0
399,3990.0,39.7933222522508,-86.2387529655406,-0.8523802576939339,81.49586380377463,80,28.0,accelerate,1,40.0
400,4000.0,39.79341214498975,-86.23874950084455,-0.5560352198305276,91.43260716715528,81,26.0,coast,3,40.0
401,4010.0,39.793502057176475,-86.2387509264294,-0.6779694361020181,101.37150028750409,81,26.0,coast,3,40.0
402,4020.0,39.793591983393334,-86.23875177818782,-0.7508226900057106,111.31194429847808,81,26.0,coast,3,40.0
403,4030.0,39.793681902594756,-86.23875,-0.598729365676837,121.25161282364758,81,26.0,coast,3,40.0
404,4040.0,39.7937718296933,-86.23875070316325,-0.6588728641770714,131.19215429693728,81,26.0,coast,3,40.0
405,4050.0,39.79386174573946,-86.23875108135651,-0.6912207803431096,141.13147403978962,82,24.0,coast,3,40.0
406,4060.0,39.79395163551865,-86.23875233177593,-0.798172612422424,151.06789023181955,82,24.0,coast,3,40.0
407,4070.0,39.794041540459155,-86.23875470675574,-1.0013112058275346,161.00598235492544,82,24.0,coast,3,40.0
408,4080.0,39.794131459868574,-86.2387533790276,-0.8877469447492636,170.94567387146017,82,24.0,coast,3,40.0
409,4090.0,39.79422138930059,-86.238753,-0.8553276659471921,180.88647328683024,82,24.0,coast,3,40.0
410,4100.0,39.79431128803428,-86.23875596858453,-1.1092389129288696,190.8238793091963,83,27.0,accelerate,1,40.0
411,4110.0,39.79440120602335,-86.238754,-0.9408604322988126,200.7634138209813,83,27.0,accelerate,1,40.0
412,4120.0,39.794491132206524,-86.23875455361731,-0.988212852701341,210.70385410903336,83,27.0,accelerate,1,40.0
413,4130.0,39.79458103707539,-86.23875673821506,-1.1750675414932812,220.6419383134019,83,27.0,accelerate,1,40.0
414,4140.0,39.79467093940462,-86.2387575206954,-1.2419952500310842,230.57974178653444,83,27.0,accelerate,1,40.0
415,4150.0,39.79476077471844,-86.2387629508761,-1.706453627900519,240.51013737629742,84,25.0,coast,3,40.0
416,4160.0,39.79485062809228,-86.23876781779258,-2.1227344593447595,250.4425293204048,84,25.0,coast,3,40.0
417,4170.0,39.794940528172454,-86.23877051209615,-2.3531856976221612,260.38008418271716,84,25.0,coast,3,40.0
418,4180.0,39.79503045863877,-86.238771,-2.3949174639228414,270.32099792956296,84,25.0,coast,3,40.0
419,4190.0,39.79512038857741,-86.23877036013438,-2.340187987644684,280.26185334614183,84,25.0,coast,3,40.0
420,4200.0,39.79521023035507,-86.23877423073965,-2.6712515642025307,290.19296344854587,85,28.0,accelerate,1,40.0
421,4210.0,39.79530011434656,-86.23877755034158,-2.955186301439891,300.1287398688272,85,28.0,accelerate,1,40.0
422,4220.0,39.79538996916574,-86.2387822243551,-3.3549676086825873,310.0612915805456,85,28.0,accelerate,1,40.0
423,4230.0,39.79547987543448,-86.2387847878008,-3.57422621084241,319.99953052750277,85,28.0,accelerate,1,40.0
424,4240.0,39.79556980613857,-86.238785,-3.5923761952765156,329.9404705575872,85,28.0,accelerate,1,40.0
425,4250.0,39.795659738299165,-86.238785,-3.5923761952765156,339.88157158936536,86,26.0,coast,3,40.0
426,4260.0,39.795749670459756,-86.238785,-3.5923761952765156,349.82267262115755,86,26.0,coast,3,40.0
427,4270.0,39.79583960262035,-86.238785,-3.5923761952765156,359.7637736528587,86,26.0,coast,3,40.0
428,4280.0,39.795929529807225,-86.2387854775226,-3.633220025120365,369.70432489007345,86,26.0,coast,3,40.0
429,4290.0,39.796019418152646,-86.23878904648595,-3.938483333708796,379.64058259333405,86,26.0,coast,3,40.0
430,4300.0,39.796109280648544,-86.23879348287258,-4.317939756449855,389.5739828895901,87,24.0,coast,3,40.0
431,4310.0,39.7961991754282,-86.23879653973107,-4.579401319499908,399.510951833177,87,24.0,coast,3,40.0
432,4320.0,39.796288992251824,-86.23879758949153,-4.669190235591247,409.4393035163638,87,24.0,coast,3,40.0
433,4330.0,39.79637880808186,-86.23879192529947,-4.18471621874893,419.36754536877885,87,24.0,coast,3,40.0
434,4340.0,39.79646871447367,-86.23878916350665,-3.9484924387181026,429.3057979193167,87,24.0,coast,3,40.0
435,4350.0,39.79655863661811,-86.23878750432597,-3.8065781249706045,439.24579176573343,88,27.0,accelerate,1,40.0
436,4360.0,39.79664854822563,-86.23878873956923,-3.9122318977353063,449.1846208613169,88,27.0,accelerate,1,40.0
437,4370.0,39.79673840450149,-86.23879342003096,-4.312564737765293,459.11733359459384,88,27.0,accelerate,1,40.0
438,4380.0,39.796828305136735,-86.23879577476067,-4.513971285747145,469.0549498143004,88,27.0,accelerate,1,40.0
439,4390.0,39.79691822399168,-86.23879426282947,-4.384651626622647,478.994580039977,88,27.0,accelerate,1,40.0
440,4400.0,39.79700815426035,-86.238794,-4.362171094872087,488.9354719380979,89,25.0,coast,3,40.0
441,4410.0,39.79709806981086,-86.23879623867923,-4.553651522792228,498.87473689161976,89,25.0,coast,3,40.0
442,4420.0,39.797187930947146,-86.23880011206093,-4.884952575167661,508.80798689722013,89,25.0,coast,3,40.0
443,4430.0,39.79727769959589,-86.23880695731178,-5.470445818979523,518.7310133292387,89,25.0,coast,3,40.0
444,4440.0,39.797367552673705,-86.23881186403743,-5.89013163794405,528.6633725508617,89,25.0,coast,3,40.0
445,4450.0,39.79745731606927,-86.23881894137737,-6.495476103653248,538.5858182966077,90,28.0,accelerate,1,40.0
446,4460.0,39.79754720888416,-86.23882176098772,-6.736645177293201,548.5225700549836,90,28.0,accelerate,1,40.0
447,4470.0,39.79763713580898,-86.23882049805988,-6.62862346472034,558.4630923248707,90,28.0,accelerate,1,40.0
448,4480.0,39.79772706255303,-86.2388192133921,-6.518742276330551,568.4035946118912,90,28.0,accelerate,1,40.0
449,4490.0,39.79781698915424,-86.2388179119242,-6.407424125551714,578.3440811097101,90,28.0,accelerate,1,40.0
450,4500.0,39.79790691063294,-86.23881620255334,-6.261216907373641,588.2840013647385,91,26.0,coast,3,40.0
451,4510.0,39.79799678387851,-86.23881218918362,-5.917942291325902,598.2185899303922,91,26.0,coast,3,40.0
452,4520.0,39.798086656550666,-86.23880797145432,-5.557188236360463,608.1531151099493,91,26.0,coast,3,40.0
453,4530.0,39.798176538577216,-86.23880406354013,-5.22293352313622,618.0886743254946,91,26.0,coast,3,40.0
454,4540.0,39.798266372550934,-86.23879878995827,-4.771869477440476,628.0189217797902,91,26.0,coast,3,40.0
455,4550.0,39.79835619274195,-86.238792982478,-4.275139623752369,637.9476456949878,92,24.0,coast,3,40.0
456,4560.0,39.79844596279869,-86.23878661963812,-3.7309083250457946,647.870827766952,92,24.0,coast,3,40.0
457,4570.0,39.79853587692553,-86.2387843848595,-3.539761527450794,657.8099353473805,92,24.0,coast,3,40.0
458,4580.0,39.79862576333163,-86.238781,-3.2502451298700334,667.7459786782354,92,24.0,coast,3,40.0
459,4590.0,39.79871566476112,-86.23877891676194,-3.0720600151473034,677.6836826935944,92,24.0,coast,3,40.0
460,4600.0,39.79880555066647,-86.23877930815303,-3.1055367770620412,687.6196706714628,93,27.0,accelerate,1,40.0
461,4610.0,39.798895299073905,-86.23877200348402,-2.4807482276468638,697.5404596294975,93,27.0,accelerate,1,40.0
462,4620.0,39.79898496815843,-86.23876307049505,-1.7166849682033094,707.4524802321089,93,27.0,accelerate,1,40.0
463,4630.0,39.79907454910631,-86.23875306441337,-0.8608371203480228,717.3547582110742,93,27.0,accelerate,1,40.0
464,4640.0,39.79916370524439,-86.23873812947556,0.41658942958908907,727.2100777145766,93,27.0,accelerate,1,40.0
465,4650.0,39.799253321980736,-86.23872836243558,1.2519913808117005,737.1163117498936,94,25.0,coast,3,40.0
466,4660.0,39.79934268315417,-86.2387153065796,2.368694861339835,746.9942958620326,94,25.0,coast,3,40.0
467,4670.0,39.799430089518516,-86.23868911127474,4.60925175782615,756.6561953765143,94,25.0,coast,3,40.0
468,4680.0,39.799513563392296,-86.23864576028535,8.317181813575615,765.8833973842219,94,25.0,coast,3,40.0
469,4690.0,39.79959495559104,-86.23859597987222,12.575038270960892,774.8804910333079,94,25.0,coast,3,40.0
470,4700.0,39.79967448963475,-86.23854165403915,17.221677068055957,783.6721842247359,95,28.0,accelerate,1,40.0
471,4710.0,39.79973932253168,-86.23846178186145,24.05336539936067,790.8388126516363,95,28.0,accelerate,1,40.0
472,4720.0,39.79978967162314,-86.23836526040698,32.30911243276094,796.4044012211115,95,28.0,accelerate,1,40.0
473,4730.0,39.79982712059688,-86.23825886777729,41.40916839320149,800.5440107792742,95,28.0,accelerate,1,40.0
474,4740.0,39.79986738086472,-86.23815420975174,50.36085886115511,804.994380785364,95,28.0,accelerate,1,40.0
475,4750.0,39.79990804198273,-86.23804980222579,59.291123407235936,809.4890607706261,96,26.0,coast,3,40.0
476,4760.0,39.79995003394729,-86.23794631173705,68.14295122271439,814.1308525335141,96,26.0,coast,3,40.0
477,4770.0,39.80000087658784,-86.23785026046714,76.35848206980323,819.7509980196631,96,26.0,coast,3,40.0
478,4780.0,39.80007318385135,-86.23778289786036,82.1201921911108,827.7438429284598,96,26.0,coast,3,40.0
479,4790.0,39.80015609761131,-86.2377375672899,85.99744129281342,836.9091299532791,96,26.0,coast,3,40.0
480,4800.0,39.80023941602542,-86.2376935594057,89.76155737885108,846.1191474499051,97,24.0,coast,3,40.0
481,4810.0,39.800323256537865,-86.23765122844166,93.3822418447788,855.3868776957307,97,24.0,coast,3,40.0
482,4820.0,39.80040449264289,-86.23760101308835,97.67729993698882,864.3667167448501,97,24.0,coast,3,40.0
483,4830.0,39.80048535662316,-86.2375497897404,102.05857460071054,873.3054211245536,97,24.0,coast,3,40.0
484,4840.0,39.80056041102384,-86.23748558897616,107.54984358144675,881.6019345750075,97,24.0,coast,3,40.0
485,4850.0,39.80063252214463,-86.23741569314828,113.52822711121335,889.5730978671504,98,27.0,accelerate,1,40.0
486,4860.0,39.80070429509681,-86.23734532668199,119.54686564703475,897.506880000837,98,27.0,accelerate,1,40.0
487,4870.0,39.80077197099737,-86.23726827538239,126.13727646914525,904.9877740484284,98,27.0,accelerate,1,40.0
488,4880.0,39.80083579480693,-86.23718585547802,133.1868789101388,912.0428579579191,98,27.0,accelerate,1,40.0
489,4890.0,39.8008949398255,-86.23709777096914,140.72099064613408,918.5807483099082,98,27.0,accelerate,1,40.0
490,4900.0,39.80094595776995,-86.237001581535,148.94833906355478,924.2202718896469,99,25.0,coast,3,40.0
491,4910.0,39.800991156282585,-86.23690038314993,157.6041169100958,929.2165154766709,99,25.0,coast,3,40.0
492,4920.0,39.80103206180081,-86.23679624090364,166.51169135176465,933.7382114611704,99,25.0,coast,3,40.0
493,4930.0,39.80106974131863,-86.23668995437517,175.6026721819269,937.9033053604571,99,25.0,coast,3,40.0
494,4940.0,39.80110000269662,-86.23657979742441,185.0247009362814,941.2483980843257,99,25.0,coast,3,40.0
495,4950.0,39.80113278045609,-86.23647079573155,194.3479172871737,944.8716516164491,100,28.0,accelerate,1,40.0
496,4960.0,39.80116471022999,-86.23636139700629,203.70509291755633,948.4011688227239,100,28.0,accelerate,1,40.0
497,4970.0,39.80118965312048,-86.2362490812771,213.31176796469072,951.1583559380048,100,28.0,accelerate,1,40.0
498,4980.0,39.8012007711195,-86.23613337231026,223.20867601425368,952.3873395490115,100,28.0,accelerate,1,40.0
499,4990.0,39.80118675683584,-86.23601899326637,232.9918320763821,950.8382006330818,100,28.0,accelerate,1,40.0
500,5000.0,39.80115416544701,-86.23591008950547,242.30667203536953,947.2355485124906,101,26.0,coast,3,40.0
501,5010.0,39.801103545119496,-86.23581401025503,250.52459613591952,941.6399775090412,101,26.0,coast,3,40.0
502,5020.0,39.80103592419095,-86.2357375138417,257.0675459997651,934.1651600675244,101,26.0,coast,3,40.0
503,5030.0,39.80096159004953,-86.23567164470958,262.7015151006726,925.9482640747593,101,26.0,coast,3,40.0
504,5040.0,39.800882021923584,-86.23561742820148,267.3388030326988,917.1528034327162,101,26.0,coast,3,40.0
505,5050.0,39.800799423404406,-86.23557127462934,271.28644574482445,908.0223631227385,102,24.0,coast,3,40.0
506,5060.0,39.80071358259674,-86.23553695872435,274.22158003567813,898.5335202435909,102,24.0,coast,3,40.0
507,5070.0,39.80062545546081,-86.23551382272876,276.20046574602736,888.7919466375411,102,24.0,coast,3,40.0
508,5080.0,39.80053574036832,-86.23550729630202,276.75868908079656,878.8748403133084,102,24.0,coast,3,40.0
509,5090.0,39.800445814489024,-86.23550867977708,276.64035663122763,868.9344336165417,102,24.0,coast,3,40.0
510,5100.0,39.800355883860284,-86.23550898282862,276.61443579569936,858.9935019157077,103,27.0,accelerate,1,40.0
511,5110.0,39.80026600294878,-86.23550596898036,276.87221857405353,849.0580659579141,103,27.0,accelerate,1,40.0
512,5120.0,39.800176277453154,-86.23549807404315,277.54749439602114,839.1398096715177,103,27.0,accelerate,1,40.0
513,5130.0,39.80008646541168,-86.23549237364705,278.03506504490827,829.2119866069095,103,27.0,accelerate,1,40.0
514,5140.0,39.79999672354377,-86.23548487748577,278.67623245748007,819.2919205280537,103,27.0,accelerate,1,40.0
515,5150.0,39.79990750003276,-86.23547070492234,279.88845101857265,809.429153620678,104,25.0,coast,3,40.0
516,5160.0,39.79981823249632,-86.2354566786357,281.08815811896943,799.5615201428574,104,25.0,coast,3,40.0
517,5170.0,39.79972929650685,-86.23543953947747,282.5541177393395,789.7305358665523,104,25.0,coast,3,40.0
518,5180.0,39.79964215362231,-86.23541120411033,284.97772008109246,780.0977614100411,104,25.0,coast,3,40.0
519,5190.0,39.799559698133095,-86.23536483473052,288.94382142173544,770.9831316322037,104,25.0,coast,3,40.0
520,5200.0,39.79948242563573,-86.23530520497594,294.0441192999588,762.441429773254,105,28.0,accelerate,1,40.0
521,5210.0,39.7994147798423,-86.23522811656922,300.63770399682846,754.9638637680612,105,28.0,accelerate,1,40.0
522,5220.0,39.79934698181461,-86.23515121496928,307.21531059402776,747.4694697866358,105,28.0,accelerate,1,40.0
523,5230.0,39.79927254023597,-86.23508601367294,312.7921578526236,739.2406976835973,105,28.0,accelerate,1,40.0
524,5240.0,39.79918947860092,-86.23504231957419,316.5294350015268,730.0590645453863,105,28.0,accelerate,1,40.0
525,5250.0,39.799100661132215,-86.2350280664453,317.7485445491481,720.2411815546661,106,26.0,coast,3,40.0
526,5260.0,39.799010913278835,-86.23502062320584,318.3851854117587,710.3204538422639,106,26.0,coast,3,40.0
527,5270.0,39.79892111894543,-86.23501414991762,318.9388636620081,700.3945882274721,106,26.0,coast,3,40.0
528,5280.0,39.79883129296484,-86.23500885290515,319.3919317928312,690.4652243336595,106,26.0,coast,3,40.0
529,5290.0,39.79874147776275,-86.23500319059714,319.8762446619405,680.5370518942694,106,26.0,coast,3,40.0
530,5300.0,39.798651622841554,-86.23499931906207,320.20738776759885,670.6044889053152,107,24.0,coast,3,40.0
531,5310.0,39.79856169627429,-86.23499937600387,320.202517378184,660.6640061602127,107,24.0,coast,3,40.0
532,5320.0,39.7984717809064,-86.23499719374018,320.3891724276827,650.7247613931006,107,24.0,coast,3,40.0
533,5330.0,39.79838185447845,-86.234998,320.32021079512197,640.7842940476013,107,24.0,coast,3,40.0
534,5340.0,39.79829192231785,-86.234998,320.32021079512197,630.8431930153922,107,24.0,coast,3,40.0
535,5350.0,39.79820199061784,-86.23499775967935,320.34076608627197,620.9021428959767,108,27.0,accelerate,1,40.0
536,5360.0,39.79811205957643,-86.23499717571154,320.3907144677819,610.9611655785795,108,27.0,accelerate,1,40.0
537,5370.0,39.798022140599436,-86.23499534580525,320.54723141567234,601.0215218615417,108,27.0,accelerate,1,40.0
538,5380.0,39.79793221112445,-86.234995,320.5768090953923,591.0807176961016,108,27.0,accelerate,1,40.0
539,5390.0,39.79784229495664,-86.23499283237392,320.76221215087105,581.1413845068465,108,27.0,accelerate,1,40.0
540,5400.0,39.7977523879782,-86.23499018965747,320.9882510000333,571.2030671100499,109,25.0,coast,3,40.0
541,5410.0,39.79766250592197,-86.23498640978126,321.3115542700264,561.2675046143952,109,25.0,coast,3,40.0
542,5420.0,39.79757263581533,-86.23498264768614,321.63333667276504,551.3332630262316,109,25.0,coast,3,40.0
543,5430.0,39.797482791067324,-86.23497803037806,322.0282678079619,541.4018245817753,109,25.0,coast,3,40.0
544,5440.0,39.79739287342436,-86.23497592728894,322.208150837945,531.4623283283928,109,25.0,coast,3,40.0
545,5450.0,39.797302947628175,-86.234975,322.2874644260712,521.5219308180876,110,28.0,accelerate,1,40.0
546,5460.0,39.79721301756313,-86.23497437519958,322.3409053350787,511.58106142856843,110,28.0,accelerate,1,40.0
547,5470.0,39.79712308893207,-86.23497333824339,322.4295990666198,501.6403505503108,110,28.0,accelerate,1,40.0
548,5480.0,39.79703315793231,-86.234973,322.45852995998996,491.69937783745615,110,28.0,accelerate,1,40.0
549,5490.0,39.79694322835654,-86.23497375315864,322.3941102175928,481.7585625319384,110,28.0,accelerate,1,40.0
550,5500.0,39.79685330005869,-86.23497316219583,322.4446569013053,471.81788848731406,111,26.0,coast,3,40.0
551,5510.0,39.796763371470014,-86.23497388078769,322.38319375135677,461.87718229544697,111,26.0,coast,3,40.0
552,5520.0,39.796673467621716,-86.2349712575042,322.60757044637757,451.9392109040508,111,26.0,coast,3,40.0
553,5530.0,39.7965835380815,-86.234971,322.62959549269317,441.99839952868865,111,26.0,coast,3,40.0
554,5540.0,39.79649363722049,-86.23496798433587,322.887533589532,432.06075835265284,111,26.0,coast,3,40.0
555,5550.0,39.7964037090686,-86.2349669013579,322.98016369110184,422.1201004428989,112,24.0,coast,3,40.0
556,5560.0,39.79631379095902,-86.23496483234788,323.1571318413762,412.1805526093969,112,24.0,coast,3,40.0
557,5570.0,39.796223871789735,-86.23496287496393,323.3245523069312,402.2408876373623,112,24.0,coast,3,40.0
558,5580.0,39.79613394706773,-86.23496156953813,323.43620898656707,392.30060886648573,112,24.0,coast,3,40.0
559,5590.0,39.796044042689196,-86.23495879359413,323.6736431565066,382.36257886349523,112,24.0,coast,3,40.0
560,5600.0,39.795954116404666,-86.23495847462718,323.7009252831436,372.422127371404,113,27.0,accelerate,1,40.0
561,5610.0,39.795864209368254,-86.23495892749968,323.6621898443983,362.4838035661932,113,27.0,accelerate,1,40.0
562,5620.0,39.79577432198299,-86.2349553780221,323.965786482895,352.5476519995335,113,27.0,accelerate,1,40.0
563,5630.0,39.795684408768324,-86.23495497470108,324.0002836445923,342.60864525030246,113,27.0,accelerate,1,40.0
564,5640.0,39.795594515154185,-86.23495562989457,323.9442431328784,332.67180514322854,113,27.0,accelerate,1,40.0
565,5650.0,39.79550461901481,-86.23495265132239,324.19900865149486,322.73468589638395,114,25.0,coast,3,40.0
566,5660.0,39.79541477449894,-86.23494899031316,324.5121449000297,312.8032731120482,114,25.0,coast,3,40.0
567,5670.0,39.79532499032973,-86.23494310565482,325.0154760078219,302.8785310484883,114,25.0,coast,3,40.0
568,5680.0,39.79523507992157,-86.23494056933072,325.23241482490835,292.93983452953506,114,25.0,coast,3,40.0
569,5690.0,39.79514520396022,-86.23493656840682,325.57462491425116,283.00494576230926,114,25.0,coast,3,40.0
570,5700.0,39.79505533017533,-86.23493247716507,325.92456014062327,273.07029758107967,115,28.0,accelerate,1,40.0
571,5710.0,39.79496542884981,-86.23493258765285,325.91510981521577,263.132605057518,115,28.0,accelerate,1,40.0
572,5720.0,39.79487557883051,-86.234930660609,326.07993520696516,253.20058392489273,115,28.0,accelerate,1,40.0
573,5730.0,39.794785702939336,-86.2349273893207,326.3597375448754,243.2657029137922,115,28.0,accelerate,1,40.0
574,5740.0,39.794695811339444,-86.23492424391996,326.628772371717,233.32908546178638,115,28.0,accelerate,1,40.0
575,5750.0,39.79460590899185,-86.23492137744283,326.8739500916851,223.39127995853093,116,26.0,coast,3,40.0
576,5760.0,39.79451598302645,-86.23492007386453,326.9854487504851,213.4508637438279,116,26.0,coast,3,40.0
577,5770.0,39.79442606485058,-86.23491802505531,327.16068907166704,203.5113085834116,116,26.0,coast,3,40.0
578,5780.0,39.794336164272856,-86.23491495433659,327.42333613903406,193.57369872102547,116,26.0,coast,3,40.0
579,5790.0,39.794246235465764,-86.234914,327.5049631868905,183.63296838499582,116,26.0,coast,3,40.0
580,5800.0,39.794156303305165,-86.234914,327.5049631868905,173.69186735264418,117,24.0,coast,3,40.0
581,5810.0,39.79406637502199,-86.2349134548198,327.55159395728174,163.75119493101116,117,24.0,coast,3,40.0
582,5820.0,39.793976453208344,-86.234912,327.6760287208092,153.8112376505017,117,24.0,coast,3,40.0
583,5830.0,39.79388654867498,-86.23491012743375,327.8361944924042,143.8731905325969,117,24.0,coast,3,40.0
584,5840.0,39.79379667149048,-86.23490605499276,328.1845216368529,133.93816655762447,117,24.0,coast,3,40.0
585,5850.0,39.793706806001424,-86.23490157632007,328.56759490252,124.0044353971642,118,27.0,accelerate,1,40.0
586,5860.0,39.79361696752565,-86.23489623900757,329.02411000628064,114.07369028524933,118,27.0,accelerate,1,40.0
587,5870.0,39.79352704807311,-86.23489739283922,328.9254195933364,104.13399400082933,118,27.0,accelerate,1,40.0
588,5880.0,39.793437157248306,-86.23489905883875,328.7829220448499,94.19746222745377,118,27.0,accelerate,1,40.0
589,5890.0,39.7933472569938,-86.23489599351983,329.04510725194956,84.25988809409652,118,27.0,accelerate,1,40.0
590,5900.0,39.79325734341617,-86.23489638569957,329.01156303366315,74.32084122339917,119,25.0,coast,3,40.0
591,5910.0,39.79316748011333,-86.23489319886362,329.2841419296024,64.38735172751632,119,25.0,coast,3,40.0
592,5920.0,39.793077551995175,-86.23489283645708,329.31513956402017,54.44669754659891,119,25.0,coast,3,40.0
593,5930.0,39.79298768247161,-86.23488949459774,329.6009780390796,44.5125204114131,119,25.0,coast,3,40.0
594,5940.0,39.79289790019727,-86.23488275353502,330.1775597822996,34.58798780572265,119,25.0,coast,3,40.0
595,5950.0,39.79280869883764,-86.23486866827022,331.3823114479886,24.727669512015005,120,28.0,accelerate,1,40.0
596,5960.0,39.792720350141224,-86.2348471937117,333.2190898495931,14.961604610606788,120,28.0,accelerate,1,40.0
597,5970.0,39.792634052484736,-86.23481441412379,336.02281868997085,5.42226166233167,120,28.0,accelerate,1,40.0
598,5980.0,39.792549208951705,-86.23477563811542,339.33943796243636,-3.9563424785629664,120,28.0,accelerate,1,40.0
599,5990.0,39.7924687151223,-86.23472396438167,343.7592353686953,-12.85413038174834,120,28.0,accelerate,1,40.0
600,6000.0,39.792397097616046,-86.23465367365384,349.7713957845385,-20.77072952263159,121,26.0,coast,3,40.0
601,6010.0,39.79233921730655,-86.23456478022474,357.3746967054157,-27.16881893474312,121,26.0,coast,3,40.0
602,6020.0,39.79229502208709,-86.23446317122577,366.0655954958955,-32.05415849379576,121,26.0,coast,3,40.0
603,6030.0,39.792271731427704,-86.23435078070547,375.67866763228363,-34.62870798212393,121,26.0,coast,3,40.0
604,6040.0,39.79226415645696,-86.23423420736752,385.6495077350478,-35.466045248414176,121,26.0,coast,3,40.0
605,6050.0,39.792264,-86.2341171710362,395.6599489421989,-35.48333999995265,122,24.0,coast,3,40.0
606,6060.0,39.792262374376136,-86.23400016223349,405.66803555088137,-35.66303646212688,122,24.0,coast,3,40.0
607,6070.0,39.79225782834007,-86.23388327388642,415.6658192547077,-36.16555528888114,122,24.0,coast,3,40.0
608,6080.0,39.79225114033482,-86.23376656115614,425.64858196904015,-36.90484738969823,122,24.0,coast,3,40.0
609,6090.0,39.792240166995086,-86.233650408093,435.5834748059401,-38.117840363695095,122,24.0,coast,3,40.0
610,6100.0,39.79222677830216,-86.23353469292661,445.4809131209212,-39.59782647972631,123,27.0,accelerate,1,40.0
611,6110.0,39.79220797015666,-86.23342037316581,455.2589985349756,-41.67687888292124,123,27.0,accelerate,1,40.0
612,6120.0,39.79217298599341,-86.23331296576167,464.4458509609348,-45.5440282886702,123,27.0,accelerate,1,40.0
613,6130.0,39.792125991576036,-86.23321365262673,472.9403781488058,-50.73879118510413,123,27.0,accelerate,1,40.0
614,6140.0,39.792068729647454,-86.23312359033534,480.6436550953938,-57.068524770661604,123,27.0,accelerate,1,40.0
615,6150.0,39.79200296593895,-86.23304375912674,487.4718392245543,-64.33804510909235,124,25.0,coast,3,40.0
616,6160.0,39.79192836085348,-86.23297857470773,493.04724292025514,-72.58489125596145,124,25.0,coast,3,40.0
617,6170.0,39.7918529813601,-86.23291475183636,498.5061896780693,-80.91734045462358,124,25.0,coast,3,40.0
618,6180.0,39.79177834283228,-86.23284950133628,504.08724547043886,-89.16788331977966,124,25.0,coast,3,40.0
619,6190.0,39.791707678051665,-86.23277715505535,510.27522302888406,-96.97916816958902,124,25.0,coast,3,40.0
620,6200.0,39.79164732372176,-86.23269065104786,517.674150108719,-103.65073579674899,125,28.0,accelerate,1,40.0
621,6210.0,39.79160063101713,-86.23259105104829,526.1932136226716,-108.81214736639902,125,28.0,accelerate,1,40.0
622,6220.0,39.79157073472399,-86.23248108196395,535.5991736421237,-112.11688361001363,125,28.0,accelerate,1,40.0
623,6230.0,39.791562534305896,-86.23236457662777,545.5641973660564,-113.0233578265499,125,28.0,accelerate,1,40.0
624,6240.0,39.791565535498144,-86.23224765987722,555.5644104983481,-112.69160603517092,125,28.0,accelerate,1,40.0
625,6250.0,39.79156935208815,-86.23213072834534,565.5658879198812,-112.2697201756817,126,26.0,coast,3,40.0
626,6260.0,39.79157257588064,-86.2320137777875,575.5689926834843,-111.9133621542249,126,26.0,coast,3,40.0
627,6270.0,39.79157491995189,-86.23189678533555,585.575680766371,-111.65424851848316,126,26.0,coast,3,40.0
628,6280.0,39.791569427737116,-86.23177998831959,595.5656526679744,-112.2613579394418,126,26.0,coast,3,40.0
629,6290.0,39.79156089705133,-86.23166347468931,605.5313858079819,-113.20433994600482,126,26.0,coast,3,40.0
630,6300.0,39.7915497062282,-86.2315473560538,615.4633339539032,-114.44137353498941,127,24.0,coast,3,40.0
631,6310.0,39.79153376562308,-86.2314323906165,625.2966458649745,-116.20344802494259,127,24.0,coast,3,40.0
632,6320.0,39.791501125278316,-86.23132400404785,634.5672489413757,-119.81151173510214,127,24.0,coast,3,40.0
633,6330.0,39.791448133250256,-86.23123058655035,642.5575059474305,-125.66925051689914,127,24.0,coast,3,40.0
634,6340.0,39.791379477671256,-86.23115547767127,648.981776169815,-133.25843821935655,127,24.0,coast,3,40.0
635,6350.0,39.79130070344405,-86.23109945976834,653.7731423833961,-141.96614129503237,128,27.0,accelerate,1,40.0
636,6360.0,39.791214823176496,-86.23106480245771,656.7374780446688,-151.45934607020612,128,27.0,accelerate,1,40.0
637,6370.0,39.791127073297304,-86.23104033609827,658.8301534545614,-161.1592177167094,128,27.0,accelerate,1,40.0
638,6380.0,39.79103754787581,-86.23102981609068,659.7299588082969,-171.05535780788847,128,27.0,accelerate,1,40.0
639,6390.0,39.79094777154659,-86.23102293025038,660.3189237793844,-180.97923323985924,128,27.0,accelerate,1,40.0
640,6400.0,39.790857962594046,-86.23102516906448,660.1274318154244,-190.90671485465455,129,25.0,coast,3,40.0
641,6410.0,39.790768219491206,-86.23103271829451,659.4817252853144,-200.82691744234722,129,25.0,coast,3,40.0
642,6420.0,39.79067829900483,-86.23103411327699,659.3624085753102,-210.76672800601406,129,25.0,coast,3,40.0
643,6430.0,39.79058838216294,-86.23103627336087,659.1776506243522,-220.70613570929518,129,25.0,coast,3,40.0
644,6440.0,39.79049849745871,-86.23103940875352,658.9094718169188,-230.64199091459352,129,25.0,coast,3,40.0
645,6450.0,39.79040893156724,-86.23104929793442,658.0636228158851,-240.54260455742178,130,23.0,coast,3,40.0
646,6460.0,39.790319771863864,-86.23106457790084,656.7566850148014,-250.39831816882995,130,23.0,coast,3,40.0
647,6470.0,39.79023049023285,-86.23107862959723,655.5548045474274,-260.2675096608669,130,23.0,coast,3,40.0
648,6480.0,39.79014130182728,-86.2310936246737,654.2722341720959,-270.12639601247815,130,23.0,coast,3,40.0
649,6490.0,39.79005212971439,-86.23110879283719,652.9748591848448,-279.98348137202345,130,23.0,coast,3,40.0
650,6500.0,39.7899631209628,-86.23112542100762,651.5526057650773,-289.82250877216984,131,27.0,accelerate,1,40.0
651,6510.0,39.789874440165285,-86.23114485450789,649.8904047232319,-299.62528413004225,131,27.0,accelerate,1,40.0
652,6520.0,39.78978597888188,-86.2311659237614,648.0882931809226,-309.4037943973659,131,27.0,accelerate,1,40.0
653,6530.0,39.78969789604058,-86.2311894941282,646.0722544988113,-319.1404716749709,131,27.0,accelerate,1,40.0
654,6540.0,39.78961012440602,-86.23121498597095,643.891866664287,-328.84274815910373,131,27.0,accelerate,1,40.0
655,6550.0,39.78952262168613,-86.23124199542458,641.5816733710502,-338.51529881501443,132,25.0,coast,3,40.0
656,6560.0,39.789435488223965,-86.23127094719638,639.1053482331031,-348.1470317235207,132,25.0,coast,3,40.0
657,6570.0,39.789349229968266,-86.23130396315891,636.2814016168729,-357.6820193085041,132,25.0,coast,3,40.0
658,6580.0,39.78926495994038,-86.2313445506198,632.8098437984073,-366.9972281907062,132,25.0,coast,3,40.0
659,6590.0,39.78918250523637,-86.23139121980022,628.8180996844109,-376.1117711717951,132,25.0,coast,3,40.0
660,6600.0,39.78910207053426,-86.23144344506272,624.3511284969842,-385.0030231426365,133,28.0,accelerate,1,40.0
661,6610.0,39.78902448965807,-86.23150249527895,619.3004001378196,-393.5788131974088,133,28.0,accelerate,1,40.0
662,6620.0,39.78895046078782,-86.23156880841168,613.6284544349505,-401.76196451530967,133,28.0,accelerate,1,40.0
663,6630.0,39.78887868511535,-86.23163931488465,607.597840741034,-409.6960473491992,133,28.0,accelerate,1,40.0
664,6640.0,39.78880850054339,-86.23171245774466,601.3417295696463,-417.4542499337011,133,28.0,accelerate,1,40.0
665,6650.0,39.78874112411056,-86.23178989313705,594.7184662286154,-424.90204081950304,134,26.0,coast,3,40.0
666,6660.0,39.78867797592093,-86.23187310342348,587.6012602225005,-431.8824416999518,134,26.0,coast,3,40.0
667,6670.0,39.788619366487666,-86.23196181361973,580.0136317142448,-438.3611284537039,134,26.0,coast,3,40.0
668,6680.0,39.78856400840576,-86.23205402471164,572.1265619157205,-444.48041082824534,134,26.0,coast,3,40.0
669,6690.0,39.78851440952137,-86.23215147280949,563.7915565095072,-449.9630715080402,134,26.0,coast,3,40.0
670,6700.0,39.788472536824585,-86.2322549146671,554.9438882495849,-454.59167941097724,135,24.0,coast,3,40.0
671,6710.0,39.78843686344463,-86.2323623026589,545.7586962144377,-458.5350148308233,135,24.0,coast,3,40.0
672,6720.0,39.78840451524956,-86.23247149764319,536.418947112977,-462.1107843139276,135,24.0,coast,3,40.0
673,6730.0,39.788374575638464,-86.23258185242572,526.9799972584972,-465.42030892458445,135,24.0,coast,3,40.0
674,6740.0,39.788348842083785,-86.23269394749727,517.3921956705399,-468.2648960585578,135,24.0,coast,3,40.0
675,6750.0,39.78832912169693,-86.2328081232608,507.6264267413295,-470.44478762155603,136,27.0,accelerate,1,40.0
676,6760.0,39.788309248195,-86.23292218682268,497.8702547291894,-472.64160452498896,136,27.0,accelerate,1,40.0
677,6770.0,39.788294553300815,-86.23303764804331,487.99453709720274,-474.26597812801947,136,27.0,accelerate,1,40.0
678,6780.0,39.78827741734173,-86.23315249594962,478.1712779358158,-476.16018704558337,136,27.0,accelerate,1,40.0
679,6790.0,39.78826196934238,-86.23326775292539,468.3130299331497,-477.8678088937333,136,27.0,accelerate,1,40.0
680,6800.0,39.788246584862485,-86.23338305383822,458.45102386932507,-479.5684093014642,137,25.0,coast,3,40.0
681,6810.0,39.78822468698372,-86.2334965346058,448.74469986655174,-481.9890008198297,137,25.0,coast,3,40.0
682,6820.0,39.7882067829256,-86.23361122699961,438.9347421203465,-483.9681154049419,137,25.0,coast,3,40.0
683,6830.0,39.788192833657774,-86.23372674158644,429.0544599292588,-485.5100674700245,137,25.0,coast,3,40.0
684,6840.0,39.78818209788582,-86.23384294052991,419.11564282201823,-486.6967997014459,137,25.0,coast,3,40.0
685,6850.0,39.78817838065498,-86.23395987052562,409.1142967947766,-487.10770239823114,138,28.0,accelerate,1,40.0
686,6860.0,39.78817210034101,-86.2340765087063,399.1379105138594,-487.80192830526363,138,28.0,accelerate,1,40.0
687,6870.0,39.788166196757075,-86.23419322845905,389.1545471475912,-488.45451047319636,138,28.0,accelerate,1,40.0
688,6880.0,39.78815321102087,-86.23430897888653,379.25409285435103,-489.8899537537262,138,28.0,accelerate,1,40.0
689,6890.0,39.78814463626709,-86.23442547423335,369.28992354901294,-490.83780703588064,138,28.0,accelerate,1,40.0
690,6900.0,39.788135605841745,-86.23454191237384,359.3306472574911,-491.8360302537693,139,26.0,coast,3,40.0
691,6910.0,39.788129793348205,-86.23465866274594,349.34466493451,-492.47854328995544,139,26.0,coast,3,40.0
692,6920.0,39.7881292313673,-86.23477567627378,339.3361741725619,-492.54066465906857,139,26.0,coast,3,40.0
693,6930.0,39.7881303420147,-86.23489266486781,329.3298160683525,-492.41789369474907,139,26.0,coast,3,40.0
694,6940.0,39.78813073237488,-86.23500963762376,319.32481263854913,-492.3747432805746,139,26.0,coast,3,40.0
695,6950.0,39.78814886558478,-86.23512378073744,309.56183634175085,-490.37029825840136,140,24.0,coast,3,40.0
696,6960.0,39.78819253197983,-86.23522461451051,300.9372447668355,-485.5434149501081,140,24.0,coast,3,40.0
697,6970.0,39.78826744520798,-86.2352838416107,295.87138703218176,-477.2625067101025,140,24.0,coast,3,40.0
698,6980.0,39.78835351944569,-86.23531679858857,293.0524855373039,-467.7478604735002,140,24.0,coast,3,40.0
699,6990.0,39.78844293542827,-86.23532848693876,292.05274860929217,-457.8638177594653,140,24.0,coast,3,40.0
700,7000.0,39.78853194252187,-86.23534449042032,290.6839265570086,-448.0249736326387,141,27.0,accelerate,1,40.0
701,7010.0,39.78862074191131,-86.23536275717903,289.1215201468926,-438.2090891244067,141,27.0,accelerate,1,40.0
702,7020.0,39.78871046220368,-86.23536600285256,288.84390871200895,-428.2914080055554,141,27.0,accelerate,1,40.0
703,7030.0,39.788799708487616,-86.23535277429269,289.97538403399466,-418.42612377902356,141,27.0,accelerate,1,40.0
704,7040.0,39.78888956425876,-86.23535087731304,290.13763795285615,-408.49346683697235,141,27.0,accelerate,1,40.0
705,7050.0,39.788979388389095,-86.2353454161416,290.60474705411093,-398.56430747010245,142,25.0,coast,3,40.0
706,7060.0,39.789069152173965,-86.235341159699,290.968812365738,-388.6418186899555,142,25.0,coast,3,40.0
707,7070.0,39.789159032993375,-86.23534494785406,290.64480098288766,-378.70639291280474,142,25.0,coast,3,40.0
708,7080.0,39.789248850817096,-86.23535081475394,290.1429888049957,-368.77793067814133,142,25.0,coast,3,40.0
709,7090.0,39.789336863208014,-86.23537219585317,288.31420423541465,-359.0490409860257,142,25.0,coast,3,40.0
710,7100.0,39.7894202517962,-86.2354158283646,284.58219482184086,-349.8312664480871,143,28.0,accelerate,1,40.0
711,7110.0,39.789491519291886,-86.23548477893782,278.6846615368011,-341.95335747552275,143,28.0,accelerate,1,40.0
712,7120.0,39.789538839335975,-86.23558317636471,270.26845739182943,-336.72259980180144,143,28.0,accelerate,1,40.0
713,7130.0,39.78955697971898,-86.23569737151563,260.50103020501916,-334.71736186446515,143,28.0,accelerate,1,40.0
714,7140.0,39.78955727972985,-86.23581352114417,250.56643114026716,-334.68419866249826,143,28.0,accelerate,1,40.0
715,7150.0,39.789530376048724,-86.23592519713573,241.014474622783,-337.65813157462367,144,26.0,coast,3,40.0
716,7160.0,39.78949970454737,-86.23603519366957,231.6061667711109,-341.04855933425966,144,26.0,coast,3,40.0
717,7170.0,39.789465863608065,-86.23614362008718,222.33215530409828,-344.7893367649923,144,26.0,coast,3,40.0
718,7180.0,39.78943029525444,-86.2362511142367,213.13788330622813,-348.7210625747581,144,26.0,coast,3,40.0
719,7190.0,39.789397786541244,-86.2363602372214,203.80429252685462,-352.31457573085305,144,26.0,coast,3,40.0
720,7200.0,39.789365541442486,-86.23646949275457,194.4593645136804,-355.8789489475647,145,24.0,coast,3,40.0
721,7210.0,39.789335162972314,-86.23657963885381,185.03826391779654,-359.23698504053493,145,24.0,coast,3,40.0
722,7220.0,39.78930770660514,-86.23669108141354,175.5062734709116,-362.2720118678103,145,24.0,coast,3,40.0
723,7230.0,39.789284575731784,-86.23680415167637,165.83506107461287,-364.8288986091143,145,24.0,coast,3,40.0
724,7240.0,39.789267175463884,-86.23691895886623,156.01528450421827,-366.7523242223711,145,24.0,coast,3,40.0
725,7250.0,39.78925543740321,-86.23703491212461,146.09748152252726,-368.0498494492256,146,27.0,accelerate,1,40.0
726,7260.0,39.78925394279192,-86.23715170252287,136.10807565075703,-368.21506378082256,146,27.0,accelerate,1,40.0
727,7270.0,39.78926248819389,-86.23726812367465,126.15025245149408,-367.2704550474062,146,27.0,accelerate,1,40.0
728,7280.0,39.7892769287757,-86.23738361376232,116.27206574332733,-365.67419313477563,146,27.0,accelerate,1,40.0
729,7290.0,39.78929298649969,-86.23749877036445,106.42240297325665,-363.89917232463984,146,27.0,accelerate,1,40.0
730,7300.0,39.78931623411352,-86.23761179921513,96.75473267359614,-361.32938109166986,147,25.0,coast,3,40.0
731,7310.0,39.7893492893974,-86.23772055851668,87.4522487212003,-357.6754500118451,147,25.0,coast,3,40.0
732,7320.0,39.78939143346603,-86.2378239491009,78.60896601582508,-353.0168446654382,147,25.0,coast,3,40.0
733,7330.0,39.78943530446741,-86.23792605695515,69.87539875444602,-348.16734417240974,147,25.0,coast,3,40.0
734,7340.0,39.78948488154883,-86.23802364683159,61.528266633138045,-342.68709359294326,147,25.0,coast,3,40.0
735,7350.0,39.78954084164483,-86.23811502943387,53.712059844453755,-336.50126458079586,148,28.0,accelerate,1,40.0
736,7360.0,39.789604358745784,-86.23819776041164,46.63585043440814,-329.4800842416,148,28.0,accelerate,1,40.0
737,7370.0,39.789672308117105,-86.23827435784739,40.084259843540195,-321.96896073589073,148,28.0,accelerate,1,40.0
738,7380.0,39.789743510339044,-86.23834579249821,33.97425652916314,-314.0982671225778,148,28.0,accelerate,1,40.0
739,7390.0,39.78981797048737,-86.23841131593632,28.36985559272143,-305.8674423266186,148,28.0,accelerate,1,40.0
740,7400.0,39.78989380008732,-86.23847423837033,22.98792573330666,-297.4852383477675,149,26.0,coast,3,40.0
741,7410.0,39.789972207057744,-86.23853142156788,18.096888645400753,-288.81813183690383,149,26.0,coast,3,40.0
742,7420.0,39.790053208578044,-86.2385822212612,13.751850335021958,-279.86422378298886,149,26.0,coast,3,40.0
743,7430.0,39.79013690920301,-86.2386249546015,10.096749514142985,-270.61195670004594,149,26.0,coast,3,40.0
744,7440.0,39.790222666559664,-86.23866010284631,7.090422895383415,-261.13233849530195,149,26.0,coast,3,40.0
745,7450.0,39.790310068330335,-86.23868765135877,4.734122409707808,-251.4709467652465,150,24.0,coast,3,40.0
746,7460.0,39.79039831685798,-86.23870959192291,2.8574852590779165,-241.7159545188532,150,24.0,coast,3,40.0
747,7470.0,39.790487549713625,-86.23872415885704,1.6115350830436237,-231.85215465648128,150,24.0,coast,3,40.0
748,7480.0,39.790577244625574,-86.23872981411657,1.1278250896884667,-221.9372790892988,150,24.0,coast,3,40.0
749,7490.0,39.79066706927015,-86.23872517096535,1.5249666581045926,-212.00806287822152,150,24.0,coast,3,40.0
750,7500.0,39.79075698068792,-86.2387276844024,1.3099854335380017,-202.0692547578121,151,27.0,accelerate,1,40.0
751,7510.0,39.79084686070029,-86.23872657329274,1.4050217174505883,-192.1339181898196,151,27.0,accelerate,1,40.0
752,7520.0,39.79093660372816,-86.23871913090049,2.041590116749208,-182.21372388877376,151,27.0,accelerate,1,40.0
753,7530.0,39.79102645089127,-86.238723,1.7106553318943842,-172.28201847894775,151,27.0,accelerate,1,40.0
754,7540.0,39.791116367380695,-86.23872469898065,1.5653368161642667,-162.34264973821627,151,27.0,accelerate,1,40.0
755,7550.0,39.79120621362775,-86.23872173614328,1.8187564932474427,-152.41104558813797,152,25.0,coast,3,40.0
756,7560.0,39.79129609932784,-86.23872543664426,1.5022424064010949,-142.47508030107775,152,25.0,coast,3,40.0
757,7570.0,39.7913859060351,-86.23873119133395,1.0100278766834645,-132.54784688001425,152,25.0,coast,3,40.0
758,7580.0,39.79147579942943,-86.23872973451228,1.1346338648895975,-122.61103107126745,152,25.0,coast,3,40.0
759,7590.0,39.79156570812031,-86.23872734414368,1.3390887032622,-112.67252438111339,152,25.0,coast,3,40.0
760,7600.0,39.79165560331312,-86.238728,1.282991498920788,-102.73550976843221,153,28.0,accelerate,1,40.0
761,7610.0,39.791745500022216,-86.23872587735724,1.4645470067537396,-92.79832754444602,153,28.0,accelerate,1,40.0
762,7620.0,39.791835311703416,-86.2387219039894,1.8044001497890885,-82.87054430433409,153,28.0,accelerate,1,40.0
763,7630.0,39.79192518348739,-86.23872302621248,1.7084133052218986,-72.936117303753,153,28.0,accelerate,1,40.0
764,7640.0,39.79201477430655,-86.23873282194452,0.8705572433711305,-63.032748154068884,153,28.0,accelerate,1,40.0
765,7650.0,39.792104667825214,-86.23873619544226,0.5820126494819342,-53.095918601262696,154,26.0,coast,3,40.0
766,7660.0,39.79219454242722,-86.23873979388523,0.27422786591296966,-43.16118009587392,154,26.0,coast,3,40.0
767,7670.0,39.792284470403146,-86.238739,0.34213106662197557,-33.22054163646623,154,26.0,coast,3,40.0
768,7680.0,39.79237433071947,-86.23874308800467,-0.007527282179824735,-23.2873822700712,154,26.0,coast,3,40.0
769,7690.0,39.792464125249786,-86.23874693358594,-0.3364504887001797,-13.36149488876067,154,26.0,coast,3,40.0
770,7700.0,39.79255404496633,-86.23874688301422,-0.33212494844704266,-3.42176942210331,155,24.0,coast,3,40.0
771,7710.0,39.79270994654918,-86.23875106409993,-0.005482646525341667,9.058371546681862,155,24.0,coast,3,40.0
772,7720.0,39.79279962643931,-86.23875965257471,-0.7400788834421633,18.97158660181944,155,24.0,coast,3,40.0
773,7730.0,39.79288932554204,-86.23876747069558,-1.408784598922853,28.886925417595577,155,24.0,coast,3,40.0
774,7740.0,39.79297921845539,-86.23876722555201,-1.3878167850903698,38.823688059306285,155,24.0,coast,3,40.0
775,7750.0,39.79306914819321,-86.23876687637576,-1.3579507650495326,48.76452127768628,156,27.0,accelerate,1,40.0
776,7760.0,39.793159075576526,-86.2387663299418,-1.3112127413417447,58.70509422886301,156,27.0,accelerate,1,40.0
777,7770.0,39.79324900513464,-86.238767,-1.3685246909441395,68.64590758287027,156,27.0,accelerate,1,40.0
778,7780.0,39.793338937295225,-86.238767,-1.3685246909441395,78.5870086142857,156,27.0,accelerate,1,40.0
779,7790.0,39.79342886598757,-86.23876610702648,-1.2921461716820632,88.52772626605504,156,27.0,accelerate,1,40.0
780,7800.0,39.79351877589592,-86.23876360628375,-1.0782506615544174,98.46636753474647,157,25.0,coast,3,40.0
781,7810.0,39.79360865417707,-86.23876,-0.7697951390359203,108.40151273352754,157,25.0,coast,3,40.0
782,7820.0,39.793698574828106,-86.23875890804186,-0.6763969089469495,118.3413414990144,157,25.0,coast,3,40.0
783,7830.0,39.79378846188857,-86.23875875719945,-0.6634949368276024,128.27745716220196,157,25.0,coast,3,40.0
784,7840.0,39.79387834416627,-86.23876262540624,-0.9943534676135144,138.21304413886125,157,25.0,coast,3,40.0
785,7850.0,39.79396820415203,-86.23876720506941,-1.3860648501980695,148.14616696529208,158,28.0,accelerate,1,40.0
786,7860.0,39.79405810149628,-86.238769770532,-1.6054960324062357,158.08341939905017,158,28.0,accelerate,1,40.0
787,7870.0,39.794148032788506,-86.23877,-1.6251230710279443,168.0244244410497,158,28.0,accelerate,1,40.0
788,7880.0,39.79423795881823,-86.23877078462102,-1.6922338988761025,177.9648477666968,158,28.0,accelerate,1,40.0
789,7890.0,39.7943278612751,-86.238768,-1.4540574839002431,187.90266534934975,158,28.0,accelerate,1,40.0
790,7900.0,39.794417789785086,-86.23876849474462,-1.4963743739677986,197.84336284372506,159,26.0,coast,3,40.0
791,7910.0,39.794507710838765,-86.23877,-1.6251230710279443,207.78323611709305,159,26.0,coast,3,40.0
792,7920.0,39.79459764144089,-86.23877042767211,-1.6617030610485022,217.72416487602757,159,26.0,coast,3,40.0
793,7930.0,39.79468756945526,-86.23877155151209,-1.7578282335561919,227.6648075844461,159,26.0,coast,3,40.0
794,7940.0,39.79477749994016,-86.238772,-1.7961886569401515,237.6057233854677,159,26.0,coast,3,40.0
795,7950.0,39.7948672959899,-86.23876672410088,-1.3449262692528599,247.53177872373593,160,24.0,coast,3,40.0
796,7960.0,39.79495718367109,-86.238765,-1.1974591050319323,257.46796300228783,160,24.0,coast,3,40.0
797,7970.0,39.79504711244203,-86.23876404683806,-1.1159325011261783,267.4086893417169,160,24.0,coast,3,40.0
798,7980.0,39.79513702967883,-86.238766,-1.282991897988036,277.34814069710524,160,24.0,coast,3,40.0
799,7990.0,39.795226956962125,-86.23876646274864,-1.3225720824215215,287.28870259355404,160,24.0,coast,3,40.0
800,8000.0,39.79531683190529,-86.23877039495595,-1.6589047565760853,297.2234788106403,161,27.0,accelerate,1,40.0
801,8010.0,39.79540666211861,-86.23877535464256,-2.083120604511567,307.1533105911369,161,27.0,accelerate,1,40.0
802,8020.0,39.79549658471433,-86.23877697740035,-2.221919612078797,317.0933543219269,161,27.0,accelerate,1,40.0
803,8030.0,39.79558647774523,-86.23878028130565,-2.5045118610929866,327.03012995769166,161,27.0,accelerate,1,40.0
804,8040.0,39.79567633159868,-86.23878513715286,-2.9198460360253735,336.9625749174432,161,27.0,accelerate,1,40.0
805,8050.0,39.79576622905278,-86.23878768504768,-3.1377745962824304,346.8998394939541,162,25.0,coast,3,40.0
806,8060.0,39.79585613635419,-86.2387902548698,-3.357578659894153,356.83819259165466,162,25.0,coast,3,40.0
807,8070.0,39.79594605013471,-86.23878943067875,-3.287083298027552,366.77726189051526,162,25.0,coast,3,40.0
808,8080.0,39.79603593079777,-86.23878558164829,-2.9578649715961833,376.7126703858828,162,25.0,coast,3,40.0
809,8090.0,39.79612585178642,-86.23878587473918,-2.982933853461927,386.65253647109967,162,25.0,coast,3,40.0
810,8100.0,39.796215770032994,-86.23878789807308,-3.1559952541050107,396.59209944729236,163,28.0,accelerate,1,40.0
811,8110.0,39.796305668905774,-86.23878495355815,-2.9041426670607664,406.5295208445218,163,28.0,accelerate,1,40.0
812,8120.0,39.79639559750375,-86.238784,-2.8225821748443827,416.4702280645934,163,28.0,accelerate,1,40.0
813,8130.0,39.796485500167485,-86.23878249998883,-2.694282030107861,426.4080685134214,163,28.0,accelerate,1,40.0
814,8140.0,39.79657531180632,-86.23877955663765,-2.4425289820421354,436.3358470705698,163,28.0,accelerate,1,40.0
815,8150.0,39.79666514835889,-86.23878339189862,-2.7705695662997467,446.2663795920711,164,26.0,coast,3,40.0
816,8160.0,39.79675506967775,-86.23878236228528,-2.6825038602743185,456.206282178713,164,26.0,coast,3,40.0
817,8170.0,39.79684496093832,-86.23878520005586,-2.925226304167374,466.14286212239915,164,26.0,coast,3,40.0
818,8180.0,39.79693475207604,-86.23879164956746,-3.4768710470672177,476.06837448576005,164,26.0,coast,3,40.0
819,8190.0,39.7970244914237,-86.2387993102435,-4.132110065009125,485.98816197539844,164,26.0,coast,3,40.0
820,8200.0,39.79711431686784,-86.2388047769937,-4.599696480667962,495.9174665707818,165,24.0,coast,3,40.0
821,8210.0,39.7972041820454,-86.23880929138694,-4.9858251437091985,505.85116329810586,165,24.0,coast,3,40.0
822,8220.0,39.797294050091146,-86.23881370976055,-5.36374097941864,515.7851770754567,165,24.0,coast,3,40.0
823,8230.0,39.79738397766677,-86.23881410496931,-5.397544288185584,525.725771284212,165,24.0,coast,3,40.0
824,8240.0,39.7974739022087,-86.2388144455137,-5.426672001874479,535.6660301493472,165,24.0,coast,3,40.0
825,8250.0,39.79756382356916,-86.238813,-5.3030331766488565,545.6059373354105,166,27.0,accelerate,1,40.0
826,8260.0,39.79765374622333,-86.23881424016164,-5.4091076666153395,555.5459875270832,166,27.0,accelerate,1,40.0
827,8270.0,39.79774364149393,-86.23881752672891,-5.690216944800158,565.4830107387698,166,27.0,accelerate,1,40.0
828,8280.0,39.79783346564909,-86.23882314772024,-6.170996033912957,575.4121728503118,166,27.0,accelerate,1,40.0
829,8290.0,39.797923381851476,-86.23882470709793,-6.30437396287516,585.351509862062,166,27.0,accelerate,1,40.0
830,8300.0,39.798013302431386,-86.23882506395643,-6.334897067071853,595.2913307656818,167,25.0,coast,3,40.0
831,8310.0,39.7981032233301,-86.23882517318633,-6.344239805594615,605.2311869095154,167,25.0,coast,3,40.0
832,8320.0,39.798193134792484,-86.23882270191787,-6.132865311378904,615.1699999609208,167,25.0,coast,3,40.0
833,8330.0,39.79828304994223,-86.23882050692397,-5.945121352373403,625.1092206141616,167,25.0,coast,3,40.0
834,8340.0,39.798372856646296,-86.23882487342682,-6.318600538398009,635.036453681512,167,25.0,coast,3,40.0
835,8350.0,39.79846273925867,-86.23882765907115,-6.556864478184875,644.9720776530168,168,28.0,accelerate,1,40.0
836,8360.0,39.798552630700534,-86.23882420806189,-6.261690015736616,654.9086776369081,168,28.0,accelerate,1,40.0
837,8370.0,39.7986424091448,-86.23881761759606,-5.697989065852878,664.8327868661795,168,28.0,accelerate,1,40.0
838,8380.0,39.79873184207925,-86.23880578137853,-4.6856043196017225,674.7187034399682,168,28.0,accelerate,1,40.0
839,8390.0,39.7988213161462,-86.23879453711965,-3.7238514510313045,684.6091668014274,168,28.0,accelerate,1,40.0
840,8400.0,39.798910823585516,-86.23878348662082,-2.7786714200016656,694.5033191428361,169,26.0,coast,3,40.0
841,8410.0,39.79899993727983,-86.2387677394441,-1.431771410685479,704.3539469123143,169,26.0,coast,3,40.0
842,8420.0,39.79908926890822,-86.23875427756937,-0.28033966404765176,714.2286651145787,169,26.0,coast,3,40.0
843,8430.0,39.799178582562945,-86.23874077293644,0.8747493116684011,724.1013965077026,169,26.0,coast,3,40.0
844,8440.0,39.799267862836324,-86.23872699471589,2.053239000762625,733.9704379270796,169,26.0,coast,3,40.0
845,8450.0,39.799356446583,-86.2387070660251,3.7577955873964286,743.7624852843954,170,24.0,coast,3,40.0
846,8460.0,39.79944250931805,-86.23867386400724,6.597656914086631,753.2758600170307,170,24.0,coast,3,40.0
847,8470.0,39.79952840861234,-86.23863935329805,9.549454265054681,762.7711680079269,170,24.0,coast,3,40.0
848,8480.0,39.79960881963988,-86.2385890551097,13.851598806742071,771.6598029923161,170,24.0,coast,3,40.0
849,8490.0,39.799677682829525,-86.23851427087084,20.24810364176847,779.2719399758938,170,24.0,coast,3,40.0
850,8500.0,39.79974501931011,-86.2384376650755,26.800411291174548,786.7153145395077,171,27.0,accelerate,1,40.0
851,8510.0,39.7997924830277,-86.23833872344909,35.26316495857867,791.9619538819934,171,27.0,accelerate,1,40.0
852,8520.0,39.799833117540715,-86.23823429927661,44.194856104888906,796.4536929504318,171,27.0,accelerate,1,40.0
853,8530.0,39.79987436132347,-86.23813030257688,53.08998431326785,801.0127806960477,171,27.0,accelerate,1,40.0
854,8540.0,39.79991332330352,-86.23802480452395,62.11352745504754,805.3196379712041,171,27.0,accelerate,1,40.0
855,8550.0,39.79994973322084,-86.23791780033746,71.2658944067908,809.3443902320681,172,25.0,coast,3,40.0
856,8560.0,39.80000349791876,-86.23782673813454,79.0546989742755,815.2875399393525,172,25.0,coast,3,40.0
857,8570.0,39.80007918414877,-86.23776389477992,84.42986662735198,823.6538958051748,172,25.0,coast,3,40.0
858,8580.0,39.800159314893115,-86.23771079463494,88.97167034632336,832.5115482846217,172,25.0,coast,3,40.0
859,8590.0,39.80024169306391,-86.23766445214764,92.93547272653879,841.6176312843229,172,25.0,coast,3,40.0
860,8600.0,39.800323834381544,-86.23761748141796,96.95301043403023,850.6975325357294,173,28.0,accelerate,1,40.0
861,8610.0,39.800406925427744,-86.23757412711595,100.66122498125772,859.8824167823809,173,28.0,accelerate,1,40.0
862,8620.0,39.80048418154266,-86.237514299409,105.7784558654106,868.4223077254937,173,28.0,accelerate,1,40.0
863,8630.0,39.80055890921429,-86.23744918484236,111.34788662598287,876.6827045476541,173,28.0,accelerate,1,40.0
864,8640.0,39.80063276517424,-86.23738239529615,117.06058306837684,884.8467423608765,173,28.0,accelerate,1,40.0
865,8650.0,39.80070302091465,-86.2373094443424,123.30028190698101,892.6128119056211,174,26.0,coast,3,40.0
866,8660.0,39.8007649836082,-86.23722492505584,130.52945256347996,899.4621680498321,174,26.0,coast,3,40.0
867,8670.0,39.80081907121346,-86.23713145056132,138.52458717027673,905.4410119361626,174,26.0,coast,3,40.0
868,8680.0,39.800871648332794,-86.23703648512002,146.64724661972525,911.2528867072612,174,26.0,coast,3,40.0
869,8690.0,39.80091655472751,-86.23693525052097,155.30612464192828,916.216839578341,174,26.0,coast,3,40.0
870,8700.0,39.80096153416389,-86.23683389425359,163.97540929602607,921.1888664762907,175,24.0,coast,3,40.0
871,8710.0,39.801009098652706,-86.23673460585799,172.4678231010013,926.446645070171,175,24.0,coast,3,40.0
872,8720.0,39.801049969449124,-86.23663043444792,181.37789477322616,930.9645029059478,175,24.0,coast,3,40.0
873,8730.0,39.80108409144287,-86.23652217994996,190.63720435687523,934.7363480945971,175,24.0,coast,3,40.0
874,8740.0,39.801115861437985,-86.23641267111086,200.003801242608,938.2482033547129,175,24.0,coast,3,40.0
875,8750.0,39.80115036809571,-86.23630460798272,209.24674243205257,942.0625693002042,176,27.0,accelerate,1,40.0
876,8760.0,39.80117582889456,-86.236192641199,218.82357418611844,944.8770060041327,176,27.0,accelerate,1,40.0
877,8770.0,39.80119654160857,-86.236079059559,228.5385291074777,947.166589411117,176,27.0,accelerate,1,40.0
878,8780.0,39.80118120111769,-86.23596433705896,238.35106497624878,945.4708515494117,176,27.0,accelerate,1,40.0
879,8790.0,39.8011418868487,-86.23585977965273,247.2941519777668,941.1250522549713,176,27.0,accelerate,1,40.0
880,8800.0,39.80109004661197,-86.23576415466422,255.47322434131328,935.3946324868084,177,25.0,coast,3,40.0
881,8810.0,39.801029596484284,-86.23567774422278,262.86415075666116,928.7124753730584,177,25.0,coast,3,40.0
882,8820.0,39.800954481054646,-86.23561351820184,268.3575817226276,920.4092157805925,177,25.0,coast,3,40.0
883,8830.0,39.800875860249924,-86.23555670217495,273.21721519966866,911.7184720266731,177,25.0,coast,3,40.0
884,8840.0,39.80079481838102,-86.23550607870061,277.5471823598477,902.7601038378575,177,25.0,coast,3,40.0
885,8850.0,39.800706580542624,-86.2354840967571,279.42735938671456,893.0062931813248,178,28.0,accelerate,1,40.0
886,8860.0,39.80061739747475,-86.23546902144098,280.71679328327343,883.1479968594743,178,28.0,accelerate,1,40.0
887,8870.0,39.800527685854995,-86.23546302047328,281.2300728123931,873.231274411288,178,28.0,accelerate,1,40.0
888,8880.0,39.80043777519567,-86.23546543422776,281.0236176493904,863.2925501294102,178,28.0,accelerate,1,40.0
889,8890.0,39.80034784996086,-86.23546511416602,281.0509934243275,853.3522146733559,178,28.0,accelerate,1,40.0
890,8900.0,39.80025796444152,-86.2354616223679,281.3496566712292,843.4162693655451,179,26.0,coast,3,40.0
891,8910.0,39.80016805177024,-86.23545929677935,281.54857075446563,833.4773226822449,179,26.0,coast,3,40.0
892,8920.0,39.80007821183424,-86.23546221420118,281.29903551722316,823.546416157208,179,26.0,coast,3,40.0
893,8930.0,39.799988333725295,-86.23545822035891,281.6406400021319,813.6112899938727,179,26.0,coast,3,40.0
894,8940.0,39.79989853525188,-86.23545227163413,282.14945104799676,803.6849667424626,179,26.0,coast,3,40.0
895,8950.0,39.79980897047069,-86.23544192224372,283.03466331726725,793.7844758300764,180,24.0,coast,3,40.0
896,8960.0,39.7997199890417,-86.23542515216026,284.46905539755517,783.9484686694252,180,24.0,coast,3,40.0
897,8970.0,39.79963290606548,-86.23539757607577,286.82771492867806,774.3223164785418,180,24.0,coast,3,40.0
898,8980.0,39.79955010721796,-86.23535203407083,290.723049818622,765.1697318730029,180,24.0,coast,3,40.0
899,8990.0,39.799474686565034,-86.23528848507266,296.15857313512157,756.8327328986898,180,24.0,coast,3,40.0
900,9000.0,39.79940875763904,-86.23520892871883,302.9632502924077,749.5449494199995,181,27.0,accelerate,1,40.0
901,9010.0,39.79933788012921,-86.23513689344819,309.124628197859,741.7101494827568,181,27.0,accelerate,1,40.0
902,9020.0,39.79926032289999,-86.23507820757857,314.1441945457062,733.1369733646663,181,27.0,accelerate,1,40.0
903,9030.0,39.79917317610961,-86.23505086341692,316.48301706914117,723.5037671563836,181,27.0,accelerate,1,40.0
904,9040.0,39.79908411988034,-86.23503467869232,317.86734177109264,713.6594915730208,181,27.0,accelerate,1,40.0
905,9050.0,39.7989945090158,-86.23502532792841,318.667138725206,703.7539066065578,182,25.0,coast,3,40.0
906,9060.0,39.79890513241732,-86.235012493956,319.7648642333854,693.8742174101424,182,25.0,coast,3,40.0
907,9070.0,39.79881586577054,-86.2349983907869,320.9711476797484,684.0066822756289,182,25.0,coast,3,40.0
908,9080.0,39.79872616725727,-86.2349903690898,321.65726583790837,674.0914086183371,182,25.0,coast,3,40.0
909,9090.0,39.79863628554184,-86.2349867122992,321.97004135234795,664.1558837949999,182,25.0,coast,3,40.0
910,9100.0,39.7985463895827,-86.23498391295043,322.2094774722573,654.2187844715147,183,28.0,accelerate,1,40.0
911,9110.0,39.79845649936483,-86.23498054664972,322.4974065734377,644.2823197886016,183,28.0,accelerate,1,40.0
912,9120.0,39.79836662971945,-86.2349763002517,322.8606128568241,634.3481291883116,183,28.0,accelerate,1,40.0
913,9130.0,39.79827671902649,-86.23497418669163,323.0413915542768,624.4094011881075,183,28.0,accelerate,1,40.0
914,9140.0,39.798186816685465,-86.23497497688989,322.9738036890571,614.4715964114661,183,28.0,accelerate,1,40.0
915,9150.0,39.798096932824244,-86.2349724104479,323.19331864140173,604.5358343915291,184,26.0,coast,3,40.0
916,9160.0,39.79800700455947,-86.23497349994439,323.10013096318306,594.5951640039964,184,26.0,coast,3,40.0
917,9170.0,39.797917082382796,-86.23497283529483,323.1569802970992,584.6551665939363,184,26.0,coast,3,40.0
918,9180.0,39.79782725411374,-86.23496773408678,323.5933008693423,574.7255497329897,184,26.0,coast,3,40.0
919,9190.0,39.79773737338745,-86.23496437044308,323.8810027110793,564.7901342483983,184,26.0,coast,3,40.0
920,9200.0,39.79764752756862,-86.23495940293634,324.30588743739145,554.8585774351448,185,24.0,coast,3,40.0
921,9210.0,39.79755765355547,-86.23495521152525,324.6643905352536,544.9239040215857,185,24.0,coast,3,40.0
922,9220.0,39.79746785706703,-86.23494884267343,325.20913622041115,534.9978001901953,185,24.0,coast,3,40.0
923,9230.0,39.79737797107458,-86.23494514608377,325.5253158586317,525.061802584247,185,24.0,coast,3,40.0
924,9240.0,39.79728813440413,-86.2349397808003,325.9842235405784,515.1312570321968,185,24.0,coast,3,40.0
925,9250.0,39.797198319643066,-86.23493388563026,326.48845390067834,505.20313334428624,186,27.0,accelerate,1,40.0
926,9260.0,39.79710843940157,-86.23492992897756,326.826877457556,495.267771449761,186,27.0,accelerate,1,40.0
927,9270.0,39.797018542723954,-86.23492935731562,326.8757732996161,485.3305927059323,186,27.0,accelerate,1,40.0
928,9280.0,39.796928635475034,-86.23492992927099,326.8268523599204,475.3922454103803,186,27.0,accelerate,1,40.0
929,9290.0,39.79683878333851,-86.23493260114905,326.5983191651492,465.4599902388766,186,27.0,accelerate,1,40.0
930,9300.0,39.79674889997385,-86.234935,326.39313874459623,455.52428310912137,187,25.0,coast,3,40.0
931,9310.0,39.79665897768824,-86.23493640529314,326.2729400968028,445.5842736578729,187,25.0,coast,3,40.0
932,9320.0,39.79656904970665,-86.234937,326.22207315746857,435.64363457278165,187,25.0,coast,3,40.0
933,9330.0,39.79647917052944,-86.23493340852647,326.5292619202513,425.7083903235778,187,25.0,coast,3,40.0
934,9340.0,39.79638924439565,-86.234933,326.56420433050846,415.7679554949441,187,25.0,coast,3,40.0
935,9350.0,39.79629944194827,-86.23492693383271,327.0830605619331,405.8411929616048,188,28.0,accelerate,1,40.0
936,9360.0,39.79620952425127,-86.2349253404742,327.2193449653533,395.90169073540045,188,28.0,accelerate,1,40.0
937,9370.0,39.796119729881596,-86.2349192362775,327.74145396018986,385.9758211115729,188,28.0,accelerate,1,40.0
938,9380.0,39.796030133912154,-86.23491,328.5314585733608,376.071882649804,188,28.0,accelerate,1,40.0
939,9390.0,39.79594020252654,-86.23490976632053,328.5514458316903,366.1308672837886,188,28.0,accelerate,1,40.0
940,9400.0,39.795850276073644,-86.23490948275392,328.5757000753026,356.1903971802808,189,26.0,coast,3,40.0
941,9410.0,39.79576038638886,-86.23491254382937,328.3138777424362,346.2539914241278,189,26.0,coast,3,40.0
942,9420.0,39.79567057422975,-86.23491544171759,328.06601326777246,336.32615535660415,189,26.0,coast,3,40.0
943,9430.0,39.79558070090479,-86.23491166322879,328.3891979695673,326.3915580158774,189,26.0,coast,3,40.0
944,9440.0,39.795490806305736,-86.23491296303014,328.27802232955884,316.4546090359546,189,26.0,coast,3,40.0
945,9450.0,39.79540092877482,-86.234916,328.0182618144087,306.5195467682429,190,24.0,coast,3,40.0
946,9460.0,39.79531107851426,-86.23491941221396,327.7264056240183,296.5874989660931,190,24.0,coast,3,40.0
947,9470.0,39.79522123246779,-86.234923,327.41953226250047,286.6559169896321,190,24.0,coast,3,40.0
948,9480.0,39.79513136416879,-86.23491978859565,327.69421264661986,276.72187521803403,190,24.0,coast,3,40.0
949,9490.0,39.79504148922961,-86.23491646099144,327.97883192900736,266.7870994411949,190,24.0,coast,3,40.0
950,9500.0,39.79495156019904,-86.23491548468297,328.0623383193707,256.84634440165956,191,27.0,accelerate,1,40.0
951,9510.0,39.79486163146142,-86.2349155345607,328.05807213719555,246.90562174533252,191,27.0,accelerate,1,40.0
952,9520.0,39.79477173293493,-86.23491835710644,327.8166519166075,236.96823862781466,191,27.0,accelerate,1,40.0
953,9530.0,39.7946818758061,-86.23492311058585,327.4100735445822,227.03543160601419,191,27.0,accelerate,1,40.0
954,9540.0,39.79459198764791,-86.23492347967061,327.37850469514757,217.09919460011872,191,27.0,accelerate,1,40.0
955,9550.0,39.794502088374166,-86.23492033660645,327.6473397515192,207.16172888060444,192,25.0,coast,3,40.0
956,9560.0,39.79441216344134,-86.2349209858117,327.59181141411426,197.221426805661,192,25.0,coast,3,40.0
957,9570.0,39.79432229238568,-86.23491673112973,327.9557262463335,187.2870803130877,192,25.0,coast,3,40.0
958,9580.0,39.79423240106499,-86.23491329274786,328.249820650923,177.35049372341362,192,25.0,coast,3,40.0
959,9590.0,39.794142563344465,-86.23491006502222,328.5258970408673,167.4198320972005,192,25.0,coast,3,40.0
960,9600.0,39.794052680396035,-86.23491346563596,328.2350330501253,157.48417097795584,193,28.0,accelerate,1,40.0
961,9610.0,39.793962750257634,-86.234914,328.1893274003209,147.54329347872357,193,28.0,accelerate,1,40.0
962,9620.0,39.79387282929043,-86.23491549799265,328.06119990537314,137.60342976426222,193,28.0,accelerate,1,40.0
963,9630.0,39.79378291599081,-86.23491410583759,328.1802748156994,127.66441362391375,193,28.0,accelerate,1,40.0
964,9640.0,39.793693022152475,-86.23491130127005,328.4201573114086,117.72754873442385,193,28.0,accelerate,1,40.0
965,9650.0,39.79360311987043,-86.23491431812515,328.162117267853,107.78975047757405,194,26.0,coast,3,40.0
966,9660.0,39.793513212289724,-86.23491496655298,328.1066554244117,97.8513665062352,194,26.0,coast,3,40.0
967,9670.0,39.79342333294418,-86.23491115313212,328.4328279623398,87.91610364920176,194,26.0,coast,3,40.0
968,9680.0,39.79333344988426,-86.23490732921627,328.75989816519126,77.98043020597791,194,26.0,coast,3,40.0
969,9690.0,39.79324360217419,-86.2349022854493,329.1913056433876,68.04866433519912,194,26.0,coast,3,40.0
970,9700.0,39.79315372346904,-86.2348985901952,329.50737104711976,58.11347226786724,195,24.0,coast,3,40.0
971,9710.0,39.79306380415901,-86.23489668811091,329.67006162944006,48.17379173721296,195,24.0,coast,3,40.0
972,9720.0,39.79297391118167,-86.23489329202177,329.9605386203385,38.23702202172447,195,24.0,coast,3,40.0
973,9730.0,39.792884045389066,-86.23488948286555,330.28634638986495,28.30325730719935,195,24.0,coast,3,40.0
974,9740.0,39.792794465944375,-86.23487922676864,331.1635790059878,18.401145491003607,195,24.0,coast,3,40.0
975,9750.0,39.792705999767826,-86.23485907346453,332.8873473983547,8.622094335057959,196,27.0,accelerate,1,40.0
976,9760.0,39.79262032914638,-86.2348241198496,335.8770277140256,-0.8479361588340399,196,27.0,accelerate,1,40.0
977,9770.0,39.792538924703024,-86.2347744926003,340.1217849651666,-9.846383328021053,196,27.0,accelerate,1,40.0
978,9780.0,39.79246241657777,-86.23471328462591,345.35707397934266,-18.30359149356226,196,27.0,accelerate,1,40.0
979,9790.0,39.792397257310746,-86.23463328598045,352.19958157488435,-25.506296869863533,196,27.0,accelerate,1,40.0
980,9800.0,39.7923487423282,-86.23453532039635,360.5788516182054,-30.86914304060946,197,25.0,coast,3,40.0
981,9810.0,39.79231764423001,-86.23442586538008,369.9408448862222,-34.306726814400406,197,25.0,coast,3,40.0
982,9820.0,39.792290941431546,-86.23431459926398,379.4577465816927,-37.25845415669233,197,25.0,coast,3,40.0
983,9830.0,39.79227268333417,-86.23420043704412,389.2223601209564,-39.276704240933405,197,25.0,coast,3,40.0
984,9840.0,39.79226369752078,-86.23408413554037,399.16995258742986,-40.2699960528661,197,25.0,coast,3,40.0
985,9850.0,39.792263301163516,-86.23396714305002,409.17664706660435,-40.31380938496002,198,28.0,accelerate,1,40.0
986,9860.0,39.79225742585403,-86.23385038781046,419.1630488231812,-40.963266095549706,198,28.0,accelerate,1,40.0
987,9870.0,39.792246587744465,-86.2337342312039,429.0982478287896,-42.161310726539206,198,28.0,accelerate,1,40.0
988,9880.0,39.79223196419312,-86.23361874935185,438.97573319491283,-43.77779809213992,198,28.0,accelerate,1,40.0
989,9890.0,39.79221102690903,-86.23350511436337,448.69525116161356,-46.09220547613217,198,28.0,accelerate,1,40.0
990,9900.0,39.792188078078716,-86.23339196957258,458.37284115057304,-48.628969178922624,199,26.0,coast,3,40.0
991,9910.0,39.79215953288296,-86.2332811776038,467.8491877010511,-51.784355117192305,199,26.0,coast,3,40.0
992,9920.0,39.79211140637729,-86.2331825919597,476.2814932078191,-57.104259054766864,199,26.0,coast,3,40.0
993,9930.0,39.79204288685132,-86.23310735902261,482.71637645630204,-64.67840745487685,199,26.0,coast,3,40.0
994,9940.0,39.7919683240789,-86.23304213770577,488.29493786023494,-72.92057631845584,199,26.0,coast,3,40.0
995,9950.0,39.79189176132477,-86.23298074104089,493.54636609780493,-81.38382315993661,200,24.0,coast,3,40.0
996,9960.0,39.79181648784089,-86.23291679420176,499.01591786383557,-89.70455406801196,200,24.0,coast,3,40.0
997,9970.0,39.79174419316005,-86.23284736576329,504.954326130936,-97.69600808799947,200,24.0,coast,3,40.0
998,9980.0,39.79167884241704,-86.23276704317237,511.8245416876889,-104.91987921984776,200,24.0,coast,3,40.0
999,9990.0,39.79162262388615,-86.23267609021204,519.6040024318362,-111.13427562486105,200,24.0,coast,3,40.0
1000,10000.0,39.79157952459125,-86.23257343852738,528.3840877448295,-115.89847168363137,201,27.0,accelerate,1,40.0
1001,10010.0,39.791559769291304,-86.23246009954967,538.0782870830133,-118.08222253942061,201,27.0,accelerate,1,40.0
1002,10020.0,39.791555,-86.23234343355844,548.0570551820052,-118.60941999979033,201,27.0,accelerate,1,40.0
1003,10030.0,39.791564306669045,-86.23222713330439,558.0045407574491,-117.58066080355282,201,27.0,accelerate,1,40.0
1004,10040.0,39.79157285343471,-86.23211063298383,567.9691385796004,-116.63590132727136,201,27.0,accelerate,1,40.0
1005,10050.0,39.791577800605026,-86.23199378245437,577.9636907492016,-116.08904112078163,202,25.0,coast,3,40.0
1006,10060.0,39.79158046608889,-86.23187679295567,587.9701293438422,-115.7943985343293,202,25.0,coast,3,40.0
1007,10070.0,39.79158306067295,-86.23175980005384,597.9768590192317,-115.50759321251184,202,25.0,coast,3,40.0
1008,10080.0,39.79158157556453,-86.2316428425004,607.9805652467419,-115.67175709691627,202,25.0,coast,3,40.0
1009,10090.0,39.79157188675696,-86.23152654983505,617.927401740234,-116.74275788561347,202,25.0,coast,3,40.0
1010,10100.0,39.79155107523737,-86.23141292363361,627.646168126078,-119.04326326070203,203,28.0,accelerate,1,40.0
1011,10110.0,39.79151713384705,-86.23130471867624,636.9012403649323,-122.79514454691409,203,28.0,accelerate,1,40.0
1012,10120.0,39.79146500835737,-86.23121001367569,645.0016235896168,-128.55709617660173,203,28.0,accelerate,1,40.0
1013,10130.0,39.79139249235213,-86.2311413516801,650.8744758579563,-136.57301539536155,203,28.0,accelerate,1,40.0
1014,10140.0,39.791314340566494,-86.23108346314393,655.8258440482015,-145.21191377999241,203,28.0,accelerate,1,40.0
1015,10150.0,39.791231781469094,-86.23103779616592,659.7318682334112,-154.33799640607575,204,26.0,coast,3,40.0
1016,10160.0,39.79114568168597,-86.23100399446167,662.6230224117268,-163.8554664330962,204,26.0,coast,3,40.0
1017,10170.0,39.79105807708955,-86.23097802016187,664.8446768241602,-173.5392785206516,204,26.0,coast,3,40.0
1018,10180.0,39.79096919744342,-86.23096021299601,666.3677734592878,-183.36403460480219,204,26.0,coast,3,40.0
1019,10190.0,39.790879975507266,-86.23094599922246,667.583517212842,-193.22662742682215,204,26.0,coast,3,40.0
1020,10200.0,39.79079021325634,-86.23094770893374,667.4372808317326,-203.1489466444999,205,24.0,coast,3,40.0
1021,10210.0,39.790700712168935,-86.23095912392012,666.4609251618778,-213.04239684608618,205,24.0,coast,3,40.0
1022,10220.0,39.79061145501338,-86.2309733326013,665.245616974123,-222.90888282115858,205,24.0,coast,3,40.0
1023,10230.0,39.79052272856359,-86.23099243343422,663.6118693811787,-232.7167045807213,205,24.0,coast,3,40.0
1024,10240.0,39.790433895513075,-86.23101064138942,662.0544921157424,-242.53630998435818,205,24.0,coast,3,40.0
1025,10250.0,39.790344818274896,-86.23102672725655,660.6786229700009,-252.38290789282016,206,22.0,coast,3,40.0
1026,10260.0,39.79025546526366,-86.2310399344699,659.5489731216522,-262.25998975460385,206,22.0,coast,3,40.0
1027,10270.0,39.79016664247338,-86.23105821256969,657.9855961925329,-272.07846099244387,206,22.0,coast,3,40.0
1028,10280.0,39.79007810448636,-86.23107869651562,656.2335470820874,-281.8654500773676,206,22.0,coast,3,40.0
1029,10290.0,39.7899893642433,-86.2310976638433,654.6112185667911,-291.6747965459822,206,22.0,coast,3,40.0
1030,10300.0,39.78990092946449,-86.23111890393304,652.7944943636977,-301.4503769958812,207,26.0,accelerate,1,40.0
1031,10310.0,39.78981292635717,-86.2311429711723,650.7359561652426,-311.17824047811035,207,26.0,accelerate,1,40.0
1032,10320.0,39.78972497148993,-86.23116737141183,648.6489355249718,-320.90077150308696,207,26.0,accelerate,1,40.0
1033,10330.0,39.78963680144317,-86.23119041670357,646.6778073528407,-330.64708847155947,207,26.0,accelerate,1,40.0
1034,10340.0,39.789549175720275,-86.23121666576223,644.4326520470199,-340.3332358807556,207,26.0,accelerate,1,40.0
1035,10350.0,39.78946174328738,-86.23124406836781,642.088830652054,-349.99801701313805,208,24.0,coast,3,40.0
1036,10360.0,39.78937643971317,-86.2312808468783,638.9430619212031,-359.4274741056289,208,24.0,coast,3,40.0
1037,10370.0,39.789292573190636,-86.23132307226821,635.3314063791689,-368.69807950751493,208,24.0,coast,3,40.0
1038,10380.0,39.78921193875851,-86.23137475307249,630.9110028367821,-377.61140963417756,208,24.0,coast,3,40.0
1039,10390.0,39.78913334438716,-86.23143161411608,626.0475189550355,-386.2992314431197,208,24.0,coast,3,40.0
1040,10400.0,39.78905779582238,-86.23149506571879,620.6203261447993,-394.6503697944895,209,27.0,accelerate,1,40.0
1041,10410.0,39.788984781160316,-86.23156337776312,614.7774061848057,-402.7214105384596,209,27.0,accelerate,1,40.0
1042,10420.0,39.78890948278914,-86.23162736071689,609.3047654338344,-411.0448924890976,209,27.0,accelerate,1,40.0
1043,10430.0,39.78883931313556,-86.23170049197411,603.0496447360068,-418.8014459949438,209,27.0,accelerate,1,40.0
1044,10440.0,39.78876957535072,-86.23177439029999,596.7289145129233,-426.5102607315898,209,27.0,accelerate,1,40.0
1045,10450.0,39.78870456340814,-86.23185524878916,589.8128620827941,-433.69668086424394,210,25.0,coast,3,40.0
1046,10460.0,39.78864222784262,-86.23193956341923,582.6011962664008,-440.5872542765602,210,25.0,coast,3,40.0
1047,10470.0,39.788585684985364,-86.23203055127561,574.8187507653512,-446.83750171789626,210,25.0,coast,3,40.0
1048,10480.0,39.78853252698085,-86.23212493827029,566.7455674716857,-452.71358753631756,210,25.0,coast,3,40.0
1049,10490.0,39.78848337736847,-86.23222284274424,558.371524351426,-458.1465856890221,210,25.0,coast,3,40.0
1050,10500.0,39.788439994418,-86.23232534721677,549.6040305026356,-462.9421370347296,211,28.0,accelerate,1,40.0
1051,10510.0,39.78839869085743,-86.23242930725795,540.7120378026915,-467.50783261975505,211,28.0,accelerate,1,40.0
1052,10520.0,39.78836151069314,-86.23253574083279,531.6084768591234,-471.61772797972276,211,28.0,accelerate,1,40.0
1053,10530.0,39.78833195243717,-86.2326461961967,522.1609210628138,-474.88509759581825,211,28.0,accelerate,1,40.0
1054,10540.0,39.78830714577608,-86.23275867451306,512.5403364927678,-477.62722591180096,211,28.0,accelerate,1,40.0
1055,10550.0,39.78828661487439,-86.23287259573152,502.7963364774939,-479.8967117851317,212,26.0,coast,3,40.0
1056,10560.0,39.78826756387878,-86.23298696473836,493.0140358704025,-482.00260883929155,212,26.0,coast,3,40.0
1057,10570.0,39.78825517426477,-86.23310288022807,483.09946026245683,-483.3721567723887,212,26.0,coast,3,40.0
1058,10580.0,39.7882432671815,-86.23321886254801,473.17916847981894,-484.6883657570792,212,26.0,coast,3,40.0
1059,10590.0,39.78823069886325,-86.23333472348901,463.2692585761662,-486.0776676561804,212,26.0,coast,3,40.0
1060,10600.0,39.78821924728662,-86.2334508043086,453.34054184312345,-487.34352493703483,213,24.0,coast,3,40.0
1061,10610.0,39.78820620081499,-86.23356659112567,443.43697196725253,-488.7856819113353,213,24.0,coast,3,40.0
1062,10620.0,39.78819612270355,-86.23368288440317,433.4900831153944,-489.89971634900536,213,24.0,coast,3,40.0
1063,10630.0,39.78818386023604,-86.23379877988694,423.57721867192015,-491.25520950834044,213,24.0,coast,3,40.0
1064,10640.0,39.78817488266279,-86.23391520138954,413.6193623696266,-492.24759045523393,213,24.0,coast,3,40.0
1065,10650.0,39.78817,-86.23403195264216,403.63330162736116,-492.787319999959,214,27.0,accelerate,1,40.0
1066,10660.0,39.788167247423395,-86.23414890719604,393.62985195883266,-493.09158981796185,214,27.0,accelerate,1,40.0
1067,10670.0,39.788161101517204,-86.23426566510435,383.643221936979,-493.7709582884499,214,27.0,accelerate,1,40.0
1068,10680.0,39.78815558095846,-86.23438247798099,373.65189031940747,-494.3812008518713,214,27.0,accelerate,1,40.0
1069,10690.0,39.78814661032377,-86.23449889030994,363.69481866490156,-495.37281481037365,214,27.0,accelerate,1,40.0
1070,10700.0,39.78814433328514,-86.23461577920756,353.6969847596683,-495.6245186608632,215,25.0,coast,3,40.0
1071,10710.0,39.78814087703421,-86.23473272604609,343.6941950082769,-496.0065726385848,215,25.0,coast,3,40.0
1072,10720.0,39.78813602119687,-86.23484957606269,333.69968670597586,-496.5433368984088,215,25.0,coast,3,40.0
1073,10730.0,39.78814098797584,-86.23496640520857,323.7069635355237,-495.99430915129716,215,25.0,coast,3,40.0
1074,10740.0,39.788144148564555,-86.23508331760698,313.7071195420604,-495.64493767436136,215,25.0,coast,3,40.0
1075,10750.0,39.788158393130324,-86.23519823013254,303.8783302613132,-494.07034337423994,216,28.0,accelerate,1,40.0
1076,10760.0,39.788216189943476,-86.23528136343297,296.7677068694963,-487.6814836479403,216,28.0,accelerate,1,40.0
1077,10770.0,39.788302484625135,-86.23531431231142,293.9494972643359,-478.14246953775785,216,28.0,accelerate,1,40.0
1078,10780.0,39.788391676045514,-86.23532125167362,293.35595423176005,-468.283249929335,216,28.0,accelerate,1,40.0
1079,10790.0,39.78848157887848,-86.23532423996198,293.10035758150184,-458.3453907728514,216,28.0,accelerate,1,40.0
1080,10800.0,39.7885715019071,-86.23532484739299,293.0484023113898,-448.4052991894992,217,26.0,coast,3,40.0
1081,10810.0,39.788661411045474,-86.23532226226988,293.2695151108571,-438.4667430335434,217,26.0,coast,3,40.0
1082,10820.0,39.78875081686085,-86.235332,292.43661985472306,-428.58382420212865,217,26.0,coast,3,40.0
1083,10830.0,39.78884062062153,-86.2353368768412,292.0194900042539,-418.6569164964863,217,26.0,coast,3,40.0
1084,10840.0,39.78892977628364,-86.2353243549914,293.0905187934553,-408.801649606668,217,26.0,coast,3,40.0
1085,10850.0,39.78901952916686,-86.23532139366986,293.3438088963495,-398.8803658953719,218,24.0,coast,3,40.0
1086,10860.0,39.78910928305067,-86.23532244934084,293.25351440913914,-388.95897157884787,218,24.0,coast,3,40.0
1087,10870.0,39.789198522579255,-86.23533691908123,292.0158770972437,-379.0944340893361,218,24.0,coast,3,40.0
1088,10880.0,39.78928629817539,-86.23536229541612,289.8453682935684,-369.39171969225515,218,24.0,coast,3,40.0
1089,10890.0,39.789372492021265,-86.23539492907801,287.054120040884,-359.8638519694288,218,24.0,coast,3,40.0
1090,10900.0,39.78944890227014,-86.23545508272417,281.90901066479023,-351.41746305872596,219,27.0,accelerate,1,40.0
1091,10910.0,39.7895014216403,-86.23554852771501,273.91639959020114,-345.61197188103245,219,27.0,accelerate,1,40.0
1092,10920.0,39.789533847333026,-86.23565653443885,264.6782828191529,-342.02763580728333,219,27.0,accelerate,1,40.0
1093,10930.0,39.789531237326514,-86.2357724122535,254.76692966631185,-342.316145927505,219,27.0,accelerate,1,40.0
1094,10940.0,39.78949790416206,-86.23588086436668,245.49071749987516,-346.0007939256008,219,27.0,accelerate,1,40.0
1095,10950.0,39.78946079573687,-86.23598741258637,236.3773506622583,-350.10275924605753,220,25.0,coast,3,40.0
1096,10960.0,39.78942886927329,-86.23609668231093,227.03120591135044,-353.6319105312097,220,25.0,coast,3,40.0
1097,10970.0,39.78939694760553,-86.23620608532687,217.6736603766955,-357.16053168496234,220,25.0,coast,3,40.0
1098,10980.0,39.78936883939556,-86.23631713920837,208.17491169992965,-360.26761321528284,220,25.0,coast,3,40.0
1099,10990.0,39.78933893293528,-86.23642748752088,198.73651230800868,-363.57347333449013,220,25.0,coast,3,40.0
1100,11000.0,39.78931040291181,-86.2365384080261,189.24917167640496,-366.7271821284725,221,28.0,accelerate,1,40.0
1101,11010.0,39.78928478552908,-86.23665059604068,179.65341743009384,-369.55892761597335,221,28.0,accelerate,1,40.0
1102,11020.0,39.78926363509896,-86.23676431972807,169.92631279798482,-371.8968961611366,221,28.0,accelerate,1,40.0
1103,11030.0,39.78924619122892,-86.23687912630955,160.10658520966373,-373.82514155542765,221,28.0,accelerate,1,40.0
1104,11040.0,39.78923505851964,-86.2369950516391,150.19116797280466,-375.05575123974756,221,28.0,accelerate,1,40.0
1105,11050.0,39.78923232639727,-86.2371120130676,140.18713029986955,-375.35776004591725,222,26.0,coast,3,40.0
1106,11060.0,39.78923543153741,-86.23722893055088,130.18685138431178,-375.0145178546416,222,26.0,coast,3,40.0
1107,11070.0,39.78924560304649,-86.23734517825066,120.24386092265635,-373.8901592413014,222,26.0,coast,3,40.0
1108,11080.0,39.789262647623005,-86.23746008838376,110.41527627548918,-372.0060517530286,222,26.0,coast,3,40.0
1109,11090.0,39.78928467377501,-86.23757331008575,100.73110785556598,-369.5712809106801,222,26.0,coast,3,40.0
1110,11100.0,39.78931821307346,-86.23768186198075,91.44636107217241,-365.8638468604826,223,24.0,coast,3,40.0
1111,11110.0,39.789357104096055,-86.23778730739298,82.42732043765066,-361.5648332221879,223,24.0,coast,3,40.0
1112,11120.0,39.789401175280446,-86.23788929550462,73.70399237839341,-356.69320449970894,223,24.0,coast,3,40.0
1113,11130.0,39.789450560811225,-86.23798698061181,65.34871230955771,-351.23412792711844,223,24.0,coast,3,40.0
1114,11140.0,39.78950389874524,-86.23808120381672,57.289538411063674,-345.3381527014042,223,24.0,coast,3,40.0
1115,11150.0,39.789561446932346,-86.23817107446155,49.60265113553428,-338.9767760983704,224,22.0,coast,3,40.0
1116,11160.0,39.78962859923338,-86.23824857996591,42.97338886047929,-331.5537607423636,224,22.0,coast,3,40.0
1117,11170.0,39.78969765456669,-86.23832354393569,36.56151113803469,-323.9203841987959,224,22.0,coast,3,40.0
1118,11180.0,39.78977361125495,-86.23838618973703,31.2032407690187,-315.52413187765956,224,22.0,coast,3,40.0
1119,11190.0,39.78985164459092,-86.23844436969857,26.226946151691283,-306.8983269203197,224,22.0,coast,3,40.0
1120,11200.0,39.78993057814678,-86.23850023438673,21.44868333382669,-298.173011654901,225,20.0,coast,3,40.0
1121,11210.0,39.790013760961365,-86.2385447156999,17.644072374038362,-288.97798333085757,225,20.0,coast,3,40.0
1122,11220.0,39.790097829691234,-86.23858616097769,14.09914200145274,-279.6850259312783,225,20.0,coast,3,40.0
1123,11230.0,39.790184160654086,-86.23861825945048,11.353669967404596,-270.1420012972487,225,20.0,coast,3,40.0
1124,11240.0,39.79027233012489,-86.23864131541664,9.38162878240291,-260.39574799461474,225,20.0,coast,3,40.0
1125,11250.0,39.79036109549749,-86.23865965301835,7.813162488557838,-250.58362370761205,226,18.0,coast,3,40.0
1126,11260.0,39.79045071424079,-86.23866833613181,7.070471540137784,-240.67716782269977,226,18.0,coast,3,40.0
1127,11270.0,39.790540550001985,-86.2386737530489,6.607147490877104,-230.7467227804724,226,18.0,coast,3,40.0
1128,11280.0,39.79063036013437,-86.23867983907914,6.086592325094131,-220.81911074628917,226,18.0,coast,3,40.0
1129,11290.0,39.79072021301309,-86.23868470698801,5.670226482894318,-210.8867735329568,226,18.0,coast,3,40.0
1130,11300.0,39.79081010912312,-86.23868800425154,5.388202322632357,-200.94965752986593,227,16.0,coast,3,40.0
1131,11310.0,39.79090000632819,-86.23869114949802,5.119180605885808,-191.0124204820565,227,16.0,coast,3,40.0
1132,11320.0,39.79098992442065,-86.238692776801,4.979992836590043,-181.07287454127734,227,16.0,coast,3,40.0
1133,11330.0,39.79107981018238,-86.238696,4.704303623525144,-171.13690243939914,227,16.0,coast,3,40.0
1134,11340.0,39.79116973618401,-86.2386968137483,4.634701457971396,-161.19648221930032,227,16.0,coast,3,40.0
1135,11350.0,39.79125964914298,-86.23869677044668,4.6384051674548115,-151.25750373510286,228,14.0,coast,3,40.0
1136,11360.0,39.79134947858888,-86.2387005165245,4.3179926678995795,-141.32775678534352,228,14.0,coast,3,40.0
1137,11370.0,39.791439376143586,-86.23870283585715,4.119613667878391,-131.39048108803954,228,14.0,coast,3,40.0
1138,11380.0,39.79152929525217,-86.2387012048176,4.259121036493054,-121.45082282515088,228,14.0,coast,3,40.0
1139,11390.0,39.79161918984304,-86.2387038631348,4.03174774063236,-111.5138747506139,228,14.0,coast,3,40.0
1140,11400.0,39.791709027907906,-86.2386994245144,4.411395342474573,-101.58317505980487,229,12.0,coast,3,40.0
1141,11410.0,39.79179893323984,-86.238702,4.191106864573028,-91.64503966815623,229,12.0,coast,3,40.0
1142,11420.0,39.79188884047833,-86.23870058092392,4.312484406382374,-81.70669352575926,229,12.0,coast,3,40.0
1143,11430.0,39.79197870440453,-86.23869626655792,4.681504180755861,-71.77313512324609,229,12.0,coast,3,40.0
1144,11440.0,39.7920686205527,-86.2386959419647,4.709267544829777,-61.83380410492246,229,12.0,coast,3,40.0
1145,11450.0,39.79215851469833,-86.23869918892699,4.431545791719242,-51.89690524674022,230,10.0,coast,3,40.0
1146,11460.0,39.792248421708386,-86.238701,4.276639657529132,-41.958584354970824,230,10.0,coast,3,40.0
1147,11470.0,39.79233832814655,-86.23870344029095,4.067914757107744,-32.02032668027922,230,10.0,coast,3,40.0
1148,11480.0,39.79242818684684,-86.23870812149148,3.667518599284951,-22.087345950140964,230,10.0,coast,3,40.0
1149,11490.0,39.79251807534425,-86.23871171007357,3.3605771500052244,-12.15107144666801,230,10.0,coast,3,40.0
1150,11490.881529613667,39.792526,-86.238712,3.335778932581004,-11.275079999808781,230,10.0,coast,3,40.0
