timestamp_ms,source_timestamp_ms,current_mA,voltage_mV,motor_temperature_C,motor_temperature_valid,wheel_speed_valid,wheel_speed_kph,wheel_rpm,wheel_spoke_count,ax_x100,ay_x100,az_x100,amag_x100,source_file
0,2621424,31,24289,47.2,1,1,0.0,0.0,31038,137,-963,-69,975,2026-08-06-00-38.csv
311,2621735,25,24289,47.19,1,1,0.0,0.0,31038,118,-967,-45,975,2026-08-06-00-38.csv
686,2622110,31,24289,47.26,1,1,0.0,0.0,31038,141,-953,-66,966,2026-08-06-00-38.csv
990,2622414,17,24289,47.25,1,1,0.0,0.0,31038,127,-974,-61,984,2026-08-06-00-38.csv
1301,2622725,27,24289,47.27,1,1,0.0,0.0,31038,137,-969,-66,981,2026-08-06-00-38.csv
1611,2623035,25,24289,47.24,1,1,0.0,0.0,31038,132,-971,-77,983,2026-08-06-00-38.csv
1921,2623345,31,24289,47.3,1,1,0.0,0.0,31038,150,-963,-74,977,2026-08-06-00-38.csv
2274,2623698,28,24289,47.27,1,1,0.0,0.0,31038,109,-971,-65,980,2026-08-06-00-38.csv
2562,2623986,13,24289,47.27,1,1,0.0,0.0,31038,140,-995,-61,1007,2026-08-06-00-38.csv
2860,2624284,31,24289,47.29,1,1,0.0,0.0,31038,131,-959,-85,972,2026-08-06-00-38.csv
3151,2624575,33,24289,47.27,1,1,0.0,0.0,31038,109,-931,-40,938,2026-08-06-00-38.csv
3445,2624869,31,24289,47.28,1,1,0.0,0.0,31038,134,-968,-62,979,2026-08-06-00-38.csv
3743,2625167,37,24289,47.24,1,1,0.0,0.0,31038,140,-979,-31,989,2026-08-06-00-38.csv
4035,2625459,29,24289,47.19,1,1,0.0,0.0,31038,115,-968,-82,978,2026-08-06-00-38.csv
4327,2625751,20,24289,47.13,1,1,0.0,0.0,31038,80,-962,-94,969,2026-08-06-00-38.csv
4622,2626046,24,24289,47.13,1,1,0.0,0.0,31038,150,-962,-63,975,2026-08-06-00-38.csv
4933,2626357,23,24289,47.05,1,1,0.0,0.0,31038,128,-976,-86,988,2026-08-06-00-38.csv
5229,2626653,35,24289,47.07,1,1,0.0,0.0,31038,128,-949,-63,959,2026-08-06-00-38.csv
5584,2627008,41,24289,47.05,1,1,0.0,0.0,31038,161,-960,-49,974,2026-08-06-00-38.csv
5877,2627301,38,24289,47.05,1,1,0.0,0.0,31038,143,-979,-73,992,2026-08-06-00-38.csv
6167,2627591,34,24289,47.03,1,1,0.0,0.0,31038,149,-977,-62,990,2026-08-06-00-38.csv
6453,2627877,30,24289,47.0,1,1,0.0,0.0,31038,172,-971,-47,987,2026-08-06-00-38.csv
6744,2628168,30,24289,47.02,1,1,0.0,0.0,31038,126,-964,-76,975,2026-08-06-00-38.csv
7041,2628465,36,24289,46.96,1,1,0.0,0.0,31038,138,-973,-49,983,2026-08-06-00-38.csv
7340,2628764,40,24289,47.0,1,1,0.0,0.0,31038,133,-978,-69,989,2026-08-06-00-38.csv
7648,2629072,40,24289,46.94,1,1,0.0,0.0,31038,145,-965,-73,979,2026-08-06-00-38.csv
7942,2629366,44,24289,46.94,1,1,0.0,0.0,31038,114,-969,-28,977,2026-08-06-00-38.csv
8243,2629667,40,24289,46.92,1,1,0.0,0.0,31038,123,-971,-43,980,2026-08-06-00-38.csv
8539,2629963,45,24289,46.94,1,1,0.0,0.0,31038,158,-963,-75,979,2026-08-06-00-38.csv
8834,2630258,47,24289,46.9,1,1,0.0,0.0,31038,134,-970,-59,981,2026-08-06-00-38.csv
9139,2630563,42,24289,46.87,1,1,0.0,0.0,31038,134,-972,-89,986,2026-08-06-00-38.csv
9442,2630866,37,24289,46.89,1,1,0.0,0.0,31038,142,-962,-82,976,2026-08-06-00-38.csv
9747,2631171,29,24289,46.9,1,1,0.0,0.0,31038,149,-962,-97,978,2026-08-06-00-38.csv
10047,2631471,37,24289,46.94,1,1,0.0,0.0,31038,129,-967,-61,977,2026-08-06-00-38.csv
10407,2631831,31,24289,46.81,1,1,0.0,0.0,31038,128,-980,-49,990,2026-08-06-00-38.csv
10707,2632131,35,24289,46.95,1,1,0.0,0.0,31038,125,-969,-64,979,2026-08-06-00-38.csv
11003,2632427,36,24289,46.86,1,1,0.0,0.0,31038,129,-965,-59,976,2026-08-06-00-38.csv
11309,2632733,35,24289,46.96,1,1,0.0,0.0,31038,131,-972,-47,981,2026-08-06-00-38.csv
11614,2633038,38,24289,46.85,1,1,0.0,0.0,31038,125,-967,-84,978,2026-08-06-00-38.csv
11908,2633332,30,24289,46.88,1,1,0.0,0.0,31038,140,-969,-63,981,2026-08-06-00-38.csv
12202,2633626,25,24289,46.9,1,1,0.0,0.0,31038,131,-967,-60,978,2026-08-06-00-38.csv
12500,2633924,36,24289,46.9,1,1,0.0,0.0,31038,115,-971,-55,979,2026-08-06-00-38.csv
12797,2634221,32,24289,46.98,1,1,0.0,0.0,31038,138,-968,-70,980,2026-08-06-00-38.csv
13096,2634520,31,24289,47.02,1,1,0.0,0.0,31038,137,-971,-54,982,2026-08-06-00-38.csv
13401,2634825,20,24289,47.0,1,1,0.0,0.0,31038,133,-972,-60,983,2026-08-06-00-38.csv
13701,2635125,28,24289,47.02,1,1,0.0,0.0,31038,138,-970,-58,981,2026-08-06-00-38.csv
14003,2635427,31,24289,46.97,1,1,0.0,0.0,31038,127,-970,-58,980,2026-08-06-00-38.csv
14309,2635733,29,24289,46.99,1,1,0.0,0.0,31038,125,-969,-62,979,2026-08-06-00-38.csv
14621,2636045,43,24289,46.94,1,1,0.0,0.0,31038,133,-968,-61,979,2026-08-06-00-38.csv
14922,2636346,33,24289,46.88,1,1,0.0,0.0,31038,137,-969,-59,980,2026-08-06-00-38.csv
15293,2636717,37,24289,46.83,1,1,0.0,0.0,31038,131,-969,-59,980,2026-08-06-00-38.csv
15596,2637020,36,24289,46.79,1,1,0.0,0.0,31038,127,-973,-50,982,2026-08-06-00-38.csv
15894,2637318,31,24289,46.75,1,1,0.0,0.0,31038,137,-968,-65,980,2026-08-06-00-38.csv
16193,2637617,38,24289,46.71,1,1,0.0,0.0,31038,136,-969,-54,980,2026-08-06-00-38.csv
16502,2637926,36,24289,46.65,1,1,0.0,0.0,31038,133,-970,-57,980,2026-08-06-00-38.csv
16807,2638231,35,24289,46.66,1,1,0.0,0.0,31038,135,-969,-57,980,2026-08-06-00-38.csv
17109,2638533,40,24289,46.66,1,1,0.0,0.0,31038,133,-970,-60,981,2026-08-06-00-38.csv
17411,2638835,27,24289,46.67,1,1,0.0,0.0,31038,133,-968,-60,979,2026-08-06-00-38.csv
17719,2639143,33,24289,46.71,1,1,0.0,0.0,31038,135,-969,-57,980,2026-08-06-00-38.csv
18031,2639455,36,24289,46.67,1,1,0.0,0.0,31038,132,-969,-58,980,2026-08-06-00-38.csv
18340,2639764,29,24289,46.69,1,1,0.0,0.0,31038,132,-971,-59,981,2026-08-06-00-38.csv
18649,2640073,29,24289,46.7,1,1,0.0,0.0,31038,137,-969,-55,980,2026-08-06-00-38.csv
18961,2640385,25,24289,46.67,1,1,0.0,0.0,31038,130,-970,-56,981,2026-08-06-00-38.csv
19268,2640692,12,24289,46.67,1,1,0.0,0.0,31038,136,-967,-64,979,2026-08-06-00-38.csv
19577,2641001,31,24289,46.69,1,1,0.0,0.0,31038,156,-963,-70,978,2026-08-06-00-38.csv
19886,2641310,32,24289,46.73,1,1,0.0,0.0,31038,145,-969,-58,981,2026-08-06-00-38.csv
20250,2641674,29,24289,46.73,1,1,0.0,0.0,31038,129,-966,-66,977,2026-08-06-00-38.csv
20557,2641981,34,24289,46.75,1,1,0.0,0.0,31038,141,-971,-53,982,2026-08-06-00-38.csv
20858,2642282,29,24289,46.75,1,1,0.0,0.0,31038,131,-969,-48,979,2026-08-06-00-38.csv
21169,2642593,35,24289,46.77,1,1,0.0,0.0,31038,113,-975,-51,983,2026-08-06-00-38.csv
21478,2642902,29,24289,46.75,1,1,0.0,0.0,31038,135,-970,-55,981,2026-08-06-00-38.csv
21784,2643208,31,24289,46.81,1,1,0.0,0.0,31038,121,-970,-46,978,2026-08-06-00-38.csv
22095,2643519,46,24289,46.81,1,1,0.0,0.0,31038,140,-972,-50,984,2026-08-06-00-38.csv
22401,2643825,28,24289,46.82,1,1,0.0,0.0,31038,130,-969,-54,980,2026-08-06-00-38.csv
22713,2644137,26,24289,46.82,1,1,0.0,0.0,31038,129,-968,-52,978,2026-08-06-00-38.csv
23024,2644448,41,24289,46.81,1,1,0.0,0.0,31038,119,-968,-102,981,2026-08-06-00-38.csv
23333,2644757,44,24289,46.8,1,1,0.0,0.0,31038,149,-969,-52,981,2026-08-06-00-38.csv
23645,2645069,44,24289,46.83,1,1,0.0,0.0,31038,174,-987,-83,1006,2026-08-06-00-38.csv
23953,2645377,34,24289,46.81,1,1,0.0,0.0,31038,130,-969,-74,980,2026-08-06-00-38.csv
24315,2645739,38,24289,46.71,1,1,0.0,0.0,31038,127,-971,-63,981,2026-08-06-00-38.csv
24614,2646038,25,24289,46.72,1,1,0.0,0.0,31038,134,-973,-53,984,2026-08-06-00-38.csv
24903,2646327,21,24289,46.73,1,1,0.0,0.0,31038,140,-967,-55,979,2026-08-06-00-38.csv
25259,2646683,22,24289,46.75,1,1,0.0,0.0,31038,141,-968,-55,980,2026-08-06-00-38.csv
25554,2646978,23,24289,46.72,1,1,0.0,0.0,31038,138,-968,-61,980,2026-08-06-00-38.csv
25844,2647268,24,24289,46.75,1,1,0.0,0.0,31038,136,-968,-61,979,2026-08-06-00-38.csv
26133,2647557,32,24289,46.79,1,1,0.0,0.0,31038,152,-968,-58,981,2026-08-06-00-38.csv
26431,2647855,31,24289,46.78,1,1,0.0,0.0,31038,122,-968,-62,978,2026-08-06-00-38.csv
26721,2648145,29,24289,46.79,1,1,0.0,0.0,31038,127,-975,-40,984,2026-08-06-00-38.csv
27014,2648438,27,24289,46.73,1,1,0.0,0.0,31038,136,-970,-73,982,2026-08-06-00-38.csv
27311,2648735,32,24289,46.75,1,1,0.0,0.0,31038,135,-966,-66,977,2026-08-06-00-38.csv
27606,2649030,30,24289,46.77,1,1,0.0,0.0,31038,134,-969,-57,980,2026-08-06-00-38.csv
27899,2649323,23,24289,46.77,1,1,0.0,0.0,31038,131,-969,-60,980,2026-08-06-00-38.csv
28192,2649616,26,24289,46.78,1,1,0.0,0.0,31038,133,-972,-56,982,2026-08-06-00-38.csv
28494,2649918,31,24289,46.79,1,1,0.0,0.0,31038,133,-969,-61,980,2026-08-06-00-38.csv
28789,2650213,23,24289,46.81,1,1,0.0,0.0,31038,135,-968,-63,979,2026-08-06-00-38.csv
29085,2650509,38,24289,46.82,1,1,0.0,0.0,31038,133,-969,-59,980,2026-08-06-00-38.csv
29381,2650805,24,24289,46.85,1,1,0.0,0.0,31038,133,-969,-61,980,2026-08-06-00-38.csv
29675,2651099,27,24289,46.85,1,1,0.0,0.0,31038,134,-969,-63,980,2026-08-06-00-38.csv
30039,2651463,23,24289,46.94,1,1,0.0,0.0,31038,133,-970,-57,981,2026-08-06-00-38.csv
30330,2651754,31,24289,46.92,1,1,0.0,0.0,31038,133,-970,-57,980,2026-08-06-00-38.csv
30630,2652054,22,24289,46.91,1,1,0.0,0.0,31038,133,-969,-56,980,2026-08-06-00-38.csv
30926,2652350,32,24289,46.96,1,1,0.0,0.0,31038,134,-969,-59,980,2026-08-06-00-38.csv
31221,2652645,30,24289,46.93,1,1,0.0,0.0,31038,132,-970,-57,980,2026-08-06-00-38.csv
31520,2652944,31,24289,46.92,1,1,0.0,0.0,31038,135,-970,-55,981,2026-08-06-00-38.csv
31817,2653241,36,24289,46.95,1,1,0.0,0.0,31038,96,-958,-52,964,2026-08-06-00-38.csv
32119,2653543,43,24289,46.97,1,1,0.0,0.0,31038,132,-972,-61,983,2026-08-06-00-38.csv
32414,2653838,29,24289,47.04,1,1,0.0,0.0,31038,127,-973,-55,983,2026-08-06-00-38.csv
32717,2654141,25,24289,47.0,1,1,0.0,0.0,31038,135,-971,-60,982,2026-08-06-00-38.csv
33018,2654442,38,24289,47.03,1,1,0.0,0.0,31038,153,-963,-60,977,2026-08-06-00-38.csv
33313,2654737,28,24289,47.03,1,1,0.0,0.0,31038,138,-968,-64,980,2026-08-06-00-38.csv
33616,2655040,28,24289,47.07,1,1,0.0,0.0,31038,130,-972,-66,983,2026-08-06-00-38.csv
33918,2655342,35,24289,47.08,1,1,0.0,0.0,31038,139,-971,-66,983,2026-08-06-00-38.csv
34218,2655642,34,24289,47.11,1,1,0.0,0.0,31038,149,-952,-83,967,2026-08-06-00-38.csv
34527,2655951,27,24289,47.09,1,1,0.0,0.0,31038,113,-979,-59,987,2026-08-06-00-38.csv
34897,2656321,26,24289,47.07,1,1,0.0,0.0,31038,139,-966,-68,978,2026-08-06-00-38.csv
35197,2656621,33,24289,47.13,1,1,0.0,0.0,31038,130,-971,-52,981,2026-08-06-00-38.csv
35493,2656917,34,24289,47.14,1,1,0.0,0.0,31038,136,-969,-63,981,2026-08-06-00-38.csv
35793,2657217,18,24289,47.16,1,1,0.0,0.0,31038,135,-973,-65,985,2026-08-06-00-38.csv
36092,2657516,13,24289,47.13,1,1,0.0,0.0,31038,128,-972,-58,982,2026-08-06-00-38.csv
36390,2657814,2,24289,47.13,1,1,0.0,0.0,31039,128,-970,-58,980,2026-08-06-00-38.csv
36695,2658119,10,24289,47.15,1,1,0.0,0.0,31039,131,-978,-62,989,2026-08-06-00-38.csv
37001,2658425,16,24289,47.15,1,1,0.0,0.0,31039,126,-969,-63,979,2026-08-06-00-38.csv
37304,2658728,13,24289,47.15,1,1,0.0,0.0,31039,131,-969,-66,980,2026-08-06-00-38.csv
37613,2659037,8,24289,47.13,1,1,0.0,0.0,31039,127,-972,-56,982,2026-08-06-00-38.csv
37920,2659344,15,24289,47.15,1,1,0.31,3.2,31040,133,-970,-67,981,2026-08-06-00-38.csv
38225,2659649,19,24289,47.16,1,1,0.31,3.2,31040,125,-969,-51,978,2026-08-06-00-38.csv
38528,2659952,-12,24289,47.17,1,1,0.56,5.8,31041,131,-970,-59,980,2026-08-06-00-38.csv
38836,2660260,18,24289,47.17,1,1,0.56,5.8,31041,122,-968,-56,978,2026-08-06-00-38.csv
39149,2660573,13,24289,47.18,1,1,0.56,5.8,31041,125,-968,-60,978,2026-08-06-00-38.csv
39457,2660881,18,24289,47.18,1,1,0.67,7.0,31042,122,-966,-53,975,2026-08-06-00-38.csv
39821,2661245,2,24289,47.19,1,1,0.81,8.4,31043,131,-963,-61,974,2026-08-06-00-38.csv
40124,2661548,17,24289,47.19,1,1,0.81,8.4,31043,129,-969,-71,980,2026-08-06-00-38.csv
40435,2661859,6,24289,47.2,1,1,0.87,9.1,31044,123,-968,-52,977,2026-08-06-00-38.csv
40742,2662166,13,24289,47.22,1,1,0.87,9.1,31044,122,-980,-58,989,2026-08-06-00-38.csv
41045,2662469,21,24289,47.23,1,1,1.03,10.8,31045,131,-967,-68,978,2026-08-06-00-38.csv
41358,2662782,12,24289,47.23,1,1,1.05,11.0,31046,128,-975,-71,986,2026-08-06-00-38.csv
41669,2663093,9,24289,47.24,1,1,1.39,14.5,31047,124,-971,-44,980,2026-08-06-00-38.csv
41975,2663399,0,24289,47.25,1,1,1.37,14.3,31048,149,-967,-60,980,2026-08-06-00-38.csv
42280,2663704,4,24289,47.26,1,1,1.37,14.3,31048,179,-966,-38,983,2026-08-06-00-38.csv
42587,2664011,14,24289,47.25,1,1,1.39,14.5,31049,133,-974,-49,985,2026-08-06-00-38.csv
42896,2664320,-4,24289,47.25,1,1,0.94,9.8,31050,127,-974,-59,984,2026-08-06-00-38.csv
43209,2664633,21,24289,47.28,1,1,0.94,9.8,31050,138,-961,-49,972,2026-08-06-00-38.csv
43524,2664948,3,24289,47.29,1,1,0.94,9.8,31050,145,-959,-42,970,2026-08-06-00-38.csv
43835,2665259,12,24289,47.3,1,1,0.68,7.1,31051,141,-965,-66,978,2026-08-06-00-38.csv
44148,2665572,22,24289,47.28,1,1,0.68,7.1,31051,141,-972,-65,984,2026-08-06-00-38.csv
44457,2665881,15,24289,47.34,1,1,0.68,7.1,31052,130,-972,-56,982,2026-08-06-00-38.csv
44838,2666262,1405,24289,47.3,1,1,0.68,7.1,31052,119,-970,-75,980,2026-08-06-00-38.csv
45152,2666576,4894,24289,47.31,1,1,0.74,7.8,31053,112,-979,-76,989,2026-08-06-00-38.csv
45463,2666887,8097,24289,47.33,1,1,1.09,11.3,31054,87,-973,-70,979,2026-08-06-00-38.csv
45776,2667200,16929,24289,47.34,1,1,1.54,16.1,31055,94,-958,-92,967,2026-08-06-00-38.csv
46085,2667509,19814,24289,47.3,1,1,2.16,22.5,31057,73,-975,-107,983,2026-08-06-00-38.csv
46436,2667860,-18,24289,47.31,1,1,2.96,31.0,31059,115,-969,-46,977,2026-08-06-00-38.csv
46724,2668148,-20,24289,47.32,1,1,3.28,34.2,31061,139,-998,-114,1014,2026-08-06-00-38.csv
47011,2668435,-14,24289,47.33,1,1,3.4,35.5,31063,127,-959,-46,968,2026-08-06-00-38.csv
47309,2668733,-19,24289,47.29,1,1,3.46,36.1,31065,157,-954,-142,977,2026-08-06-00-38.csv
47607,2669031,-24,24289,47.3,1,1,3.2,33.5,31067,104,-983,-21,988,2026-08-06-00-38.csv
47904,2669328,-14,24289,47.31,1,1,4.07,42.6,31069,105,-1003,1,1008,2026-08-06-00-38.csv
48193,2669617,-9,24289,47.32,1,1,3.81,39.8,31072,138,-923,-75,937,2026-08-06-00-38.csv
48490,2669914,-8,24289,47.31,1,1,3.56,37.2,31074,128,-965,-72,976,2026-08-06-00-38.csv
48786,2670210,-11,24289,47.31,1,1,4.21,44.0,31077,137,-956,-77,968,2026-08-06-00-38.csv
49079,2670503,10,24289,47.32,1,1,3.82,39.9,31079,137,-970,-79,983,2026-08-06-00-38.csv
49375,2670799,-3,24289,47.3,1,1,4.37,45.7,31082,135,-938,-39,948,2026-08-06-00-38.csv
49730,2671154,-7,24289,47.31,1,1,2.88,30.1,31084,153,-942,-99,959,2026-08-06-00-38.csv
50027,2671451,8,24289,47.31,1,1,4.38,45.7,31087,127,-952,-68,962,2026-08-06-00-38.csv
50320,2671744,-3,24289,47.32,1,1,4.35,45.5,31088,153,-964,-44,977,2026-08-06-00-38.csv
50614,2672038,-2,24289,47.32,1,1,3.32,34.6,31091,155,-925,-118,945,2026-08-06-00-38.csv
50904,2672328,2,24289,47.32,1,1,4.68,48.9,31094,128,-1057,-52,1066,2026-08-06-00-38.csv
51194,2672618,5,24289,47.34,1,1,4.66,48.7,31097,122,-1020,5,1027,2026-08-06-00-38.csv
51489,2672913,2,24289,47.35,1,1,4.68,48.9,31100,135,-974,-44,984,2026-08-06-00-38.csv
51780,2673204,3,24289,47.33,1,1,4.71,49.2,31103,157,-986,-100,1004,2026-08-06-00-38.csv
52082,2673506,19,24289,47.33,1,1,3.19,33.3,31105,134,-965,-30,975,2026-08-06-00-38.csv
52380,2673804,8,24289,47.34,1,1,3.18,33.2,31107,165,-958,-138,982,2026-08-06-00-38.csv
52680,2674104,148,24289,47.33,1,1,4.79,50.0,31108,126,-974,-72,985,2026-08-06-00-38.csv
52974,2674398,1037,24289,47.36,1,1,3.15,32.9,31110,128,-952,-26,961,2026-08-06-00-38.csv
53272,2674696,4159,24289,47.34,1,1,3.22,33.7,31112,123,-974,-113,988,2026-08-06-00-38.csv
53572,2674996,8109,24289,47.36,1,1,3.01,31.4,31115,159,-957,-181,987,2026-08-06-00-38.csv
53872,2675296,11,24289,47.34,1,1,5.36,56.0,31118,97,-973,-41,979,2026-08-06-00-38.csv
54173,2675597,14,24289,47.34,1,1,5.14,53.7,31121,128,-958,-21,967,2026-08-06-00-38.csv
54540,2675964,7,24289,47.38,1,1,4.55,47.6,31125,166,-1002,-103,1021,2026-08-06-00-38.csv
54834,2676258,7,24289,47.38,1,1,5.55,57.9,31128,140,-1002,-47,1013,2026-08-06-00-38.csv
55133,2676557,12,24289,47.36,1,1,4.19,43.7,31131,132,-959,-98,973,2026-08-06-00-38.csv
55428,2676852,14,24289,47.37,1,1,5.68,59.3,31134,88,-1015,52,1021,2026-08-06-00-38.csv
55725,2677149,10,24289,47.36,1,1,4.3,44.9,31137,166,-995,-104,1014,2026-08-06-00-38.csv
56019,2677443,138,24289,47.36,1,1,5.77,60.2,31140,130,-956,-17,965,2026-08-06-00-38.csv
56329,2677753,483,24289,47.36,1,1,4.35,45.5,31143,116,-1010,-49,1017,2026-08-06-00-38.csv
56632,2678056,501,24289,47.38,1,1,4.45,46.4,31146,167,-936,-151,963,2026-08-06-00-38.csv
56930,2678354,12,24289,47.38,1,1,5.84,61.0,31149,170,-965,-88,984,2026-08-06-00-38.csv
57231,2678655,18,24289,47.36,1,1,6.14,64.1,31153,166,-904,-125,928,2026-08-06-00-38.csv
57534,2678958,258,24289,47.33,1,1,6.06,63.3,31157,158,-933,-137,956,2026-08-06-00-38.csv
57834,2679258,1150,24289,47.33,1,1,4.56,47.6,31160,100,-909,-37,915,2026-08-06-00-38.csv
58136,2679560,1113,24289,47.33,1,1,4.57,47.8,31163,160,-956,-106,975,2026-08-06-00-38.csv
58443,2679867,14,24289,47.32,1,1,6.1,63.7,31167,122,-888,-99,902,2026-08-06-00-38.csv
58743,2680167,8,24289,47.29,1,1,5.98,62.5,31170,150,-950,-59,964,2026-08-06-00-38.csv
59049,2680473,16,24289,47.28,1,1,6.04,63.1,31174,133,-993,-31,1003,2026-08-06-00-38.csv
59414,2680838,12,24289,47.25,1,1,4.74,49.5,31178,158,-956,-99,974,2026-08-06-00-38.csv
59716,2681140,10,24289,47.25,1,1,5.75,60.0,31181,141,-987,-61,999,2026-08-06-00-38.csv
60018,2681442,13,24289,47.25,1,1,5.8,60.6,31185,126,-967,1,975,2026-08-06-00-38.csv
60326,2681750,185,24289,47.23,1,1,4.27,44.6,31188,154,-974,-104,991,2026-08-06-00-38.csv
60635,2682059,992,24289,47.24,1,1,5.62,58.7,31191,104,-969,-58,976,2026-08-06-00-38.csv
60936,2682360,3870,24289,47.25,1,1,5.63,58.8,31195,65,-969,12,971,2026-08-06-00-38.csv
61242,2682666,7936,24289,47.22,1,1,5.46,57.0,31198,112,-961,-95,972,2026-08-06-00-38.csv
61548,2682972,12971,24289,47.23,1,1,6.06,63.3,31202,79,-999,-25,1002,2026-08-06-00-38.csv
61859,2683283,18315,24289,47.23,1,1,6.3,65.8,31206,73,-948,-103,956,2026-08-06-00-38.csv
62167,2683591,21949,24289,47.27,1,1,5.44,56.8,31210,79,-951,-36,955,2026-08-06-00-38.csv
62475,2683899,24477,24289,47.28,1,1,7.46,77.9,31215,121,-976,-112,990,2026-08-06-00-38.csv
62791,2684215,22060,24289,47.3,1,1,8.11,84.7,31220,148,-921,-175,949,2026-08-06-00-38.csv
63106,2684530,21213,24289,47.25,1,1,7.3,76.2,31225,110,-1003,-121,1016,2026-08-06-00-38.csv
63413,2684837,7681,24289,47.25,1,1,9.24,96.5,31231,182,-931,-106,955,2026-08-06-00-38.csv
63722,2685146,7171,24289,47.3,1,1,7.95,83.1,31236,72,-876,-52,880,2026-08-06-00-38.csv
64032,2685456,9829,24289,47.32,1,1,8.14,85.0,31241,195,-848,-240,903,2026-08-06-00-38.csv
64406,2685830,11490,24289,47.28,1,1,7.6,79.4,31247,152,-858,-66,873,2026-08-06-00-38.csv
64720,2686144,12807,24289,47.28,1,1,8.98,93.8,31253,65,-998,27,1000,2026-08-06-00-38.csv
65038,2686462,10762,24289,47.29,1,1,9.36,97.7,31259,120,-1006,-109,1019,2026-08-06-00-38.csv
65345,2686769,8074,24289,47.26,1,1,9.89,103.2,31266,186,-972,-42,991,2026-08-06-00-38.csv
65652,2687076,4894,24289,47.28,1,1,9.8,102.4,31272,80,-1055,55,1059,2026-08-06-00-38.csv
65963,2687387,7485,24289,47.26,1,1,10.06,105.1,31279,100,-1071,-86,1079,2026-08-06-00-38.csv
66282,2687706,10391,24289,47.28,1,1,9.8,102.4,31285,139,-953,-162,976,2026-08-06-00-38.csv
66594,2688018,10204,24289,47.28,1,1,10.03,104.8,31292,64,-992,-11,994,2026-08-06-00-38.csv
66906,2688330,9850,24289,47.25,1,1,9.87,103.1,31298,87,-899,-81,907,2026-08-06-00-38.csv
67222,2688646,10467,24289,47.28,1,1,10.09,105.4,31305,126,-953,-149,973,2026-08-06-00-38.csv
67530,2688954,11027,24289,47.23,1,1,9.97,104.2,31311,100,-963,-79,971,2026-08-06-00-38.csv
67839,2689263,12820,24289,47.21,1,1,10.28,107.4,31318,118,-958,-125,974,2026-08-06-00-38.csv
68192,2689616,10417,24289,47.21,1,1,9.21,96.2,31325,74,-1000,-29,1003,2026-08-06-00-38.csv
68481,2689905,10235,24289,47.24,1,1,10.22,106.8,31331,154,-787,-143,814,2026-08-06-00-38.csv
68780,2690204,12225,24289,47.24,1,1,10.26,107.1,31337,92,-999,-44,1004,2026-08-06-00-38.csv
69075,2690499,12289,24289,47.25,1,1,10.51,109.7,31344,132,-1063,-107,1076,2026-08-06-00-38.csv
69431,2690855,11696,24289,47.25,1,1,9.36,97.8,31351,154,-903,-149,929,2026-08-06-00-38.csv
69720,2691144,15071,24289,47.23,1,1,10.37,108.3,31357,185,-1049,-106,1070,2026-08-06-00-38.csv
70008,2691432,-46,24289,47.25,1,1,10.41,108.7,31363,171,-953,-144,979,2026-08-06-00-38.csv
70297,2691721,116,24289,47.25,1,1,10.19,106.4,31369,153,-1020,-8,1031,2026-08-06-00-38.csv
70587,2692011,265,24289,47.28,1,1,10.04,104.9,31375,148,-858,-139,881,2026-08-06-00-38.csv
70877,2692301,702,24289,47.26,1,1,9.8,102.4,31381,138,-997,-36,1008,2026-08-06-00-38.csv
71170,2692594,1622,24289,47.26,1,1,9.7,101.4,31387,117,-964,-116,978,2026-08-06-00-38.csv
71471,2692895,4540,24289,47.24,1,1,9.74,101.7,31393,70,-871,65,877,2026-08-06-00-38.csv
71766,2693190,8644,24289,47.23,1,1,9.84,102.7,31399,139,-898,-164,923,2026-08-06-00-38.csv
72061,2693485,7073,24289,47.23,1,1,10.13,105.7,31406,108,-917,-139,934,2026-08-06-00-38.csv
72362,2693786,9578,24289,47.19,1,1,10.04,104.9,31412,56,-846,80,852,2026-08-06-00-38.csv
72657,2694081,16503,24289,47.18,1,1,10.3,107.5,31418,121,-981,-201,1009,2026-08-06-00-38.csv
72954,2694378,-45,24289,47.19,1,1,10.74,112.2,31425,109,-962,-35,968,2026-08-06-00-38.csv
73253,2694677,-31,24289,47.16,1,1,10.92,114.0,31432,226,-901,-246,961,2026-08-06-00-38.csv
73554,2694978,39,24289,47.14,1,1,10.88,113.6,31439,132,-956,-26,966,2026-08-06-00-38.csv
73856,2695280,275,24289,47.12,1,1,10.92,114.0,31446,25,-1040,156,1052,2026-08-06-00-38.csv
74214,2695638,-3,24289,47.09,1,1,9.66,100.9,31453,178,-937,-70,956,2026-08-06-00-38.csv
74509,2695933,-46,24289,47.11,1,1,10.64,111.1,31459,82,-1152,-56,1156,2026-08-06-00-38.csv
74803,2696227,-30,24289,47.11,1,1,10.88,113.6,31466,148,-943,13,955,2026-08-06-00-38.csv
75098,2696522,-10,24289,47.1,1,1,10.95,114.4,31473,100,-1057,61,1064,2026-08-06-00-38.csv
75394,2696818,159,24289,47.13,1,1,10.99,114.8,31480,167,-1037,-187,1067,2026-08-06-00-38.csv
75695,2697119,-24,24289,47.11,1,1,10.72,111.9,31486,134,-860,11,870,2026-08-06-00-38.csv
75990,2697414,6,24289,47.13,1,1,10.88,113.6,31493,162,-931,-91,950,2026-08-06-00-38.csv
76289,2697713,8,24289,47.11,1,1,10.85,113.3,31500,192,-891,-188,931,2026-08-06-00-38.csv
76583,2698007,-5,24289,47.09,1,1,10.6,110.7,31506,159,-904,-5,918,2026-08-06-00-38.csv
76883,2698307,-26,24289,47.09,1,1,10.85,113.3,31513,91,-954,50,960,2026-08-06-00-38.csv
77180,2698604,-24,24289,47.1,1,1,10.85,113.3,31520,114,-997,-180,1019,2026-08-06-00-38.csv
77480,2698904,20,24289,47.07,1,1,10.78,112.5,31527,27,-1016,109,1022,2026-08-06-00-38.csv
77791,2699215,276,24289,47.08,1,1,10.67,111.5,31534,147,-853,-37,867,2026-08-06-00-38.csv
78092,2699516,934,24289,47.03,1,1,10.37,108.3,31540,126,-1091,-129,1106,2026-08-06-00-38.csv
78390,2699814,3018,24289,47.04,1,1,10.57,110.4,31547,87,-891,59,898,2026-08-06-00-38.csv
78692,2700116,6765,24289,47.05,1,1,10.19,106.4,31553,61,-1025,-107,1033,2026-08-06-00-38.csv
79067,2700491,11449,24289,47.05,1,1,9.16,95.6,31560,51,-1141,-96,1146,2026-08-06-00-38.csv
79359,2700783,17322,24289,47.05,1,1,10.25,107.0,31567,91,-924,0,928,2026-08-06-00-38.csv
79661,2701085,21223,24289,47.04,1,1,9.94,103.8,31573,130,-930,-118,946,2026-08-06-00-38.csv
79967,2701391,24228,24289,47.05,1,1,9.91,103.4,31579,123,-997,-188,1022,2026-08-06-00-38.csv
80266,2701690,24520,24289,47.07,1,1,10.22,106.7,31586,85,-1013,-125,1024,2026-08-06-00-38.csv
80562,2701986,24520,24289,47.05,1,1,10.01,104.5,31592,85,-931,-66,937,2026-08-06-00-38.csv
80865,2702289,24520,24289,47.06,1,1,10.08,105.3,31598,156,-1053,-202,1083,2026-08-06-00-38.csv
81166,2702590,24520,24289,47.08,1,1,10.38,108.4,31605,29,-1070,-61,1072,2026-08-06-00-38.csv
81470,2702894,24520,24289,47.09,1,1,10.26,107.1,31611,114,-1064,-181,1086,2026-08-06-00-38.csv
81783,2703207,24520,24289,47.12,1,1,10.57,110.4,31618,49,-1045,-44,1047,2026-08-06-00-38.csv
82093,2703517,11304,24289,47.11,1,1,10.64,111.1,31625,225,-879,-436,1007,2026-08-06-00-38.csv
82404,2703828,278,24289,47.19,1,1,10.57,110.4,31632,130,-867,-148,890,2026-08-06-00-38.csv
82709,2704133,-170,24289,47.17,1,1,10.04,104.9,31638,146,-1296,-38,1304,2026-08-06-00-38.csv
83013,2704437,508,24289,47.23,1,1,10.0,104.5,31645,143,-900,-216,936,2026-08-06-00-38.csv
83332,2704756,2002,24289,47.23,1,1,9.67,101.0,31651,109,-1043,-140,1058,2026-08-06-00-38.csv
83647,2705071,5198,24289,47.27,1,1,9.51,99.3,31657,174,-891,-228,936,2026-08-06-00-38.csv
84023,2705447,11896,24289,47.26,1,1,8.55,89.3,31664,94,-988,-64,994,2026-08-06-00-38.csv
84331,2705755,16581,24289,47.26,1,1,9.64,100.7,31670,99,-1039,-178,1059,2026-08-06-00-38.csv
84639,2706063,20977,24289,47.32,1,1,9.95,103.9,31677,116,-1063,-35,1070,2026-08-06-00-38.csv
84954,2706378,24341,24289,47.3,1,1,10.01,104.5,31683,132,-1063,-146,1081,2026-08-06-00-38.csv
85261,2706685,24520,24289,47.34,1,1,10.47,109.4,31690,79,-1105,-42,1108,2026-08-06-00-38.csv
85570,2706994,24520,24289,47.34,1,1,10.88,113.6,31697,42,-1047,-57,1050,2026-08-06-00-38.csv
85885,2707309,24520,24289,47.39,1,1,11.47,119.8,31705,57,-1005,-3,1007,2026-08-06-00-38.csv
86192,2707616,24520,24289,47.39,1,1,11.64,121.5,31712,153,-1075,-162,1098,2026-08-06-00-38.csv
86506,2707930,24520,24289,47.43,1,1,12.28,128.2,31720,104,-901,-169,923,2026-08-06-00-38.csv
86813,2708237,12295,24289,47.41,1,1,12.6,131.6,31728,77,-933,-30,937,2026-08-06-00-38.csv
87124,2708548,-486,24289,47.46,1,1,12.73,132.9,31736,105,-1072,15,1078,2026-08-06-00-38.csv
87433,2708857,-479,24289,47.48,1,1,12.64,132.0,31745,94,-794,-66,802,2026-08-06-00-38.csv
87747,2709171,-454,24289,47.5,1,1,12.24,127.8,31753,145,-918,-239,960,2026-08-06-00-38.csv
88057,2709481,-417,24289,47.51,1,1,11.72,122.4,31760,46,-1023,137,1034,2026-08-06-00-38.csv
88372,2709796,-395,24289,47.49,1,1,11.71,122.3,31768,136,-884,-58,896,2026-08-06-00-38.csv
88691,2710115,-366,24289,47.48,1,1,11.28,117.8,31775,73,-911,87,918,2026-08-06-00-38.csv
89068,2710492,-314,24289,47.5,1,1,10.0,104.4,31783,42,-1061,96,1066,2026-08-06-00-38.csv
89373,2710797,-302,24289,47.5,1,1,10.63,111.0,31790,143,-903,-151,927,2026-08-06-00-38.csv
89689,2711113,-265,24289,47.51,1,1,10.35,108.1,31797,169,-1146,-80,1161,2026-08-06-00-38.csv
89997,2711421,-236,24289,47.54,1,1,9.84,102.7,31803,101,-964,33,970,2026-08-06-00-38.csv
90344,2711768,-219,24289,47.55,1,1,8.33,87.0,31809,156,-930,-33,944,2026-08-06-00-38.csv
90641,2712065,-4,24289,47.57,1,1,9.27,96.8,31815,133,-1017,0,1026,2026-08-06-00-38.csv
90942,2712366,310,24289,47.62,1,1,9.01,94.0,31821,115,-983,-131,998,2026-08-06-00-38.csv
91232,2712656,1653,24289,47.63,1,1,8.58,89.6,31826,87,-932,-63,938,2026-08-06-00-38.csv
91522,2712946,4842,24289,47.66,1,1,8.37,87.4,31831,80,-965,12,968,2026-08-06-00-38.csv
91812,2713236,8885,24289,47.69,1,1,10.01,104.5,31837,68,-997,75,1002,2026-08-06-00-38.csv
92109,2713533,14562,24289,47.7,1,1,8.31,86.8,31842,109,-919,-3,925,2026-08-06-00-38.csv
92407,2713831,17761,24289,47.73,1,1,8.4,87.7,31847,47,-933,-27,935,2026-08-06-00-38.csv
92701,2714125,22951,24289,47.79,1,1,8.78,91.7,31853,94,-952,-98,962,2026-08-06-00-38.csv
93002,2714426,24329,24289,47.81,1,1,8.74,91.2,31858,90,-995,-21,999,2026-08-06-00-38.csv
93295,2714719,24520,24289,47.84,1,1,9.3,97.1,31864,100,-1199,-126,1210,2026-08-06-00-38.csv
93590,2715014,24520,24289,47.88,1,1,9.64,100.7,31870,43,-935,90,940,2026-08-06-00-38.csv
93950,2715374,24520,24289,47.87,1,1,9.11,95.1,31877,19,-1132,-78,1135,2026-08-06-00-38.csv
94240,2715664,24520,24289,47.88,1,1,10.41,108.7,31883,59,-970,-70,974,2026-08-06-00-38.csv
94534,2715958,24520,24289,47.91,1,1,10.95,114.4,31890,17,-1114,-40,1115,2026-08-06-00-38.csv
94826,2716250,24520,24289,47.89,1,1,11.25,117.4,31897,89,-938,-33,943,2026-08-06-00-38.csv
95127,2716551,24520,24289,47.9,1,1,11.56,120.7,31904,120,-1025,-198,1051,2026-08-06-00-38.csv
95425,2716849,197,24289,47.96,1,1,11.76,122.8,31911,139,-953,-28,964,2026-08-06-00-38.csv
95717,2717141,-530,24289,48.01,1,1,11.64,121.5,31918,136,-925,-66,937,2026-08-06-00-38.csv
96010,2717434,-510,24289,48.03,1,1,11.32,118.2,31925,373,-869,-114,953,2026-08-06-00-38.csv
96304,2717728,-400,24289,48.04,1,1,11.06,115.5,31932,46,-1149,18,1150,2026-08-06-00-38.csv
96601,2718025,-157,24289,48.02,1,1,10.78,112.5,31939,149,-820,-63,836,2026-08-06-00-38.csv
96899,2718323,-32,24289,48.05,1,1,10.3,107.5,31945,116,-1070,-55,1077,2026-08-06-00-38.csv
97201,2718625,722,24289,48.07,1,1,10.04,104.9,31951,123,-998,-120,1013,2026-08-06-00-38.csv
97499,2718923,2087,24289,48.08,1,1,10.0,104.5,31958,130,-976,-105,990,2026-08-06-00-38.csv
97798,2719222,6483,24289,48.1,1,1,9.54,99.7,31964,160,-1051,-155,1075,2026-08-06-00-38.csv
98102,2719526,11220,24289,48.1,1,1,9.51,99.3,31970,39,-927,28,929,2026-08-06-00-38.csv
98409,2719833,15804,24289,48.13,1,1,9.45,98.7,31976,6,-1002,0,1002,2026-08-06-00-38.csv
98770,2720194,21143,24289,48.14,1,1,8.35,87.2,31982,85,-1253,-149,1265,2026-08-06-00-38.csv
99063,2720487,23943,24289,48.19,1,1,9.77,102.0,31988,151,-937,-151,961,2026-08-06-00-38.csv
99372,2720796,23254,24289,48.19,1,1,10.22,106.7,31995,95,-1017,-51,1022,2026-08-06-00-38.csv
99668,2721092,22142,24289,48.22,1,1,10.22,106.8,32001,88,-1058,-114,1068,2026-08-06-00-38.csv
99966,2721390,19670,24289,48.28,1,1,10.64,111.1,32008,157,-1005,-132,1026,2026-08-06-00-38.csv
100269,2721693,18360,24289,48.28,1,1,10.6,110.7,32014,142,-859,-168,887,2026-08-06-00-38.csv
100566,2721990,17951,24289,48.3,1,1,10.99,114.8,32021,58,-948,103,955,2026-08-06-00-38.csv
100869,2722293,17438,24289,48.32,1,1,11.02,115.1,32028,127,-989,-167,1012,2026-08-06-00-38.csv
101176,2722600,16935,24289,48.4,1,1,11.21,117.1,32035,82,-968,-44,973,2026-08-06-00-38.csv
101485,2722909,17720,24289,48.4,1,1,11.43,119.4,32043,103,-1081,-12,1086,2026-08-06-00-38.csv
101787,2723211,6102,24289,48.42,1,1,11.36,118.6,32050,175,-1043,-205,1077,2026-08-06-00-38.csv
102089,2723513,-290,24289,48.46,1,1,11.25,117.4,32057,176,-937,-195,973,2026-08-06-00-38.csv
102400,2723824,-286,24289,48.51,1,1,11.13,116.3,32064,139,-1026,-96,1040,2026-08-06-00-38.csv
102709,2724133,-259,24289,48.51,1,1,10.78,112.5,32071,148,-1080,-110,1096,2026-08-06-00-38.csv
103013,2724437,-234,24289,48.57,1,1,10.51,109.7,32078,145,-1032,-44,1043,2026-08-06-00-38.csv
103320,2724744,-231,24289,48.59,1,1,10.12,105.6,32084,130,-1064,43,1073,2026-08-06-00-38.csv
103694,2725118,-212,24289,48.64,1,1,8.91,93.1,32091,148,-1112,-191,1138,2026-08-06-00-38.csv
103999,2725423,-195,24289,48.67,1,1,9.64,100.7,32097,149,-911,-31,924,2026-08-06-00-38.csv
104300,2725724,-194,24289,48.69,1,1,11.13,116.3,32104,125,-1009,-12,1017,2026-08-06-00-38.csv
104606,2726030,-176,24289,48.73,1,1,9.42,98.4,32110,125,-914,-138,933,2026-08-06-00-38.csv
104911,2726335,-167,24289,48.75,1,1,9.33,97.4,32116,166,-992,-123,1013,2026-08-06-00-38.csv
105214,2726638,-165,24289,48.81,1,1,9.27,96.8,32122,167,-907,-147,934,2026-08-06-00-38.csv
105525,2726949,-154,24289,48.82,1,1,9.09,94.9,32128,134,-885,-100,900,2026-08-06-00-38.csv
105836,2727260,-148,24289,48.84,1,1,9.03,94.3,32134,103,-1083,-41,1089,2026-08-06-00-38.csv
106148,2727572,-132,24289,48.89,1,1,8.84,92.3,32140,119,-971,-72,981,2026-08-06-00-38.csv
106455,2727879,-129,24289,48.93,1,1,8.49,88.7,32145,151,-962,-135,983,2026-08-06-00-38.csv
106763,2728187,-132,24289,48.95,1,1,8.52,89.0,32151,118,-966,-30,974,2026-08-06-00-38.csv
107075,2728499,-105,24289,48.98,1,1,8.14,85.0,32156,132,-1080,-92,1092,2026-08-06-00-38.csv
107383,2728807,-100,24289,48.99,1,1,9.58,100.0,32162,158,-959,-125,980,2026-08-06-00-38.csv
107696,2729120,-97,24289,49.0,1,1,9.48,99.0,32168,136,-954,-97,969,2026-08-06-00-38.csv
108012,2729436,-92,24289,49.01,1,1,7.8,81.4,32173,78,-1013,30,1016,2026-08-06-00-38.csv
108325,2729749,-92,24289,49.04,1,1,7.77,81.2,32178,161,-1000,-88,1016,2026-08-06-00-38.csv
108708,2730132,-87,24289,49.08,1,1,6.94,72.5,32184,110,-918,-82,928,2026-08-06-00-38.csv
109013,2730437,-81,24289,49.09,1,1,7.72,80.6,32189,129,-901,77,914,2026-08-06-00-38.csv
109321,2730745,64,24289,49.09,1,1,7.75,80.9,32194,168,-989,-73,1006,2026-08-06-00-38.csv
109629,2731053,-85,24289,49.13,1,1,7.77,81.2,32199,142,-1005,-61,1017,2026-08-06-00-38.csv
109940,2731364,-82,24289,49.14,1,1,7.8,81.4,32204,188,-836,-122,866,2026-08-06-00-38.csv
110255,2731679,-81,24289,49.19,1,1,9.3,97.1,32210,136,-954,-51,965,2026-08-06-00-38.csv
110564,2731988,-78,24289,49.21,1,1,9.24,96.5,32216,122,-998,-106,1011,2026-08-06-00-38.csv
110875,2732299,-78,24289,49.25,1,1,9.24,96.5,32222,169,-825,-40,843,2026-08-06-00-38.csv
111186,2732610,-76,24289,49.25,1,1,9.12,95.2,32228,188,-959,-73,980,2026-08-06-00-38.csv
111500,2732924,64,24289,49.27,1,1,7.46,77.9,32233,115,-965,-22,973,2026-08-06-00-38.csv
111816,2733240,288,24289,49.31,1,1,7.02,73.3,32237,79,-1070,45,1074,2026-08-06-00-38.csv
112130,2733554,1928,24289,49.35,1,1,8.6,89.8,32243,156,-948,-121,968,2026-08-06-00-38.csv
112488,2733912,6295,24289,49.4,1,1,7.02,73.3,32248,107,-977,-28,984,2026-08-06-00-38.csv
112784,2734208,10928,24289,49.43,1,1,8.4,87.7,32254,150,-949,-149,973,2026-08-06-00-38.csv
113076,2734500,13406,24289,49.43,1,1,8.46,88.3,32259,48,-991,-6,992,2026-08-06-00-38.csv
113368,2734792,13950,24289,49.46,1,1,6.91,72.2,32263,139,-924,-125,943,2026-08-06-00-38.csv
113726,2735150,5333,24289,49.51,1,1,7.54,78.7,32269,140,-972,-81,985,2026-08-06-00-38.csv
114020,2735444,390,24289,49.54,1,1,7.09,74.1,32273,154,-946,-91,963,2026-08-06-00-38.csv
114314,2735738,1018,24289,49.56,1,1,6.99,73.0,32277,98,-993,64,1000,2026-08-06-00-38.csv
114612,2736036,2411,24289,49.61,1,1,8.58,89.6,32283,143,-1021,-194,1049,2026-08-06-00-38.csv
114903,2736327,5943,24289,49.65,1,1,8.37,87.4,32288,113,-957,-63,966,2026-08-06-00-38.csv
115198,2736622,11194,24289,49.67,1,1,6.72,70.2,32292,196,-878,-260,936,2026-08-06-00-38.csv
115497,2736921,15312,24289,49.69,1,1,6.79,70.9,32296,44,-1050,-63,1053,2026-08-06-00-38.csv
115787,2737211,17585,24289,49.72,1,1,8.62,90.0,32302,95,-1035,-157,1051,2026-08-06-00-38.csv
116075,2737499,12746,24289,49.74,1,1,8.91,93.0,32307,89,-975,-33,980,2026-08-06-00-38.csv
116371,2737795,7315,24289,49.78,1,1,7.17,74.9,32311,129,-957,-83,969,2026-08-06-00-38.csv
116674,2738098,106,24289,49.81,1,1,7.58,79.1,32316,127,-920,-39,930,2026-08-06-00-38.csv
116972,2738396,-115,24289,49.79,1,1,7.41,77.4,32321,116,-966,-37,974,2026-08-06-00-38.csv
117266,2738690,-118,24289,49.81,1,1,6.94,72.5,32325,146,-1028,-97,1043,2026-08-06-00-38.csv
117566,2738990,-111,24289,49.87,1,1,6.77,70.7,32329,148,-1077,-109,1093,2026-08-06-00-38.csv
117867,2739291,-85,24289,49.84,1,1,8.25,86.2,32334,124,-949,-41,958,2026-08-06-00-38.csv
118162,2739586,213,24289,49.89,1,1,8.06,84.2,32339,130,-1000,-89,1012,2026-08-06-00-38.csv
118523,2739947,1652,24289,49.92,1,1,7.89,82.4,32345,117,-989,-40,996,2026-08-06-00-38.csv
118826,2740250,3598,24289,49.91,1,1,6.3,65.8,32349,107,-929,-18,935,2026-08-06-00-38.csv
119127,2740551,-78,24289,49.97,1,1,6.3,65.8,32353,132,-970,-62,981,2026-08-06-00-38.csv
119420,2740844,-96,24289,49.98,1,1,6.24,65.1,32357,71,-972,17,975,2026-08-06-00-38.csv
119715,2741139,-89,24289,50.01,1,1,7.7,80.4,32362,199,-1009,-205,1049,2026-08-06-00-38.csv
120014,2741438,-80,24289,50.04,1,1,7.55,78.9,32367,94,-955,-8,960,2026-08-06-00-38.csv
120312,2741736,-85,24289,50.05,1,1,5.55,57.9,32370,176,-825,-100,850,2026-08-06-00-38.csv
120612,2742036,-81,24289,50.07,1,1,7.32,76.5,32375,110,-888,-2,895,2026-08-06-00-38.csv
120921,2742345,-78,24289,50.1,1,1,7.15,74.6,32379,103,-1030,-128,1043,2026-08-06-00-38.csv
121227,2742651,-74,24289,50.13,1,1,5.77,60.2,32383,110,-1009,51,1016,2026-08-06-00-38.csv
121523,2742947,-75,24289,50.14,1,1,7.23,75.5,32387,139,-1011,-154,1032,2026-08-06-00-38.csv
121822,2743246,-69,24289,50.18,1,1,5.73,59.9,32391,145,-945,-94,961,2026-08-06-00-38.csv
122127,2743551,-63,24289,50.19,1,1,6.99,73.0,32395,108,-991,-50,998,2026-08-06-00-38.csv
122429,2743853,-73,24289,50.23,1,1,6.9,72.0,32400,71,-1197,-152,1209,2026-08-06-00-38.csv
122734,2744158,-74,24289,50.24,1,1,5.11,53.4,32403,148,-946,14,957,2026-08-06-00-38.csv
123041,2744465,-61,24289,50.28,1,1,6.84,71.4,32407,108,-956,-189,981,2026-08-06-00-38.csv
123415,2744839,-57,24289,50.32,1,1,6.76,70.6,32413,90,-1014,-136,1028,2026-08-06-00-38.csv
123718,2745142,-54,24289,50.32,1,1,5.08,53.0,32416,127,-1001,-16,1009,2026-08-06-00-38.csv
124011,2745435,-50,24289,50.35,1,1,6.82,71.2,32420,142,-902,-49,915,2026-08-06-00-38.csv
124318,2745742,-51,24289,50.37,1,1,6.96,72.7,32425,107,-1029,-71,1037,2026-08-06-00-38.csv
124616,2746040,-56,24289,50.4,1,1,5.32,55.6,32428,104,-995,13,1001,2026-08-06-00-38.csv
124916,2746340,-58,24289,50.45,1,1,7.13,74.4,32432,153,-985,-143,1007,2026-08-06-00-38.csv
125225,2746649,-54,24289,50.46,1,1,5.87,61.3,32436,117,-1074,10,1080,2026-08-06-00-38.csv
125532,2746956,-45,24289,50.49,1,1,5.84,61.0,32440,182,-944,-150,973,2026-08-06-00-38.csv
125837,2747261,-50,24289,50.48,1,1,7.46,77.9,32445,109,-915,-93,926,2026-08-06-00-38.csv
126143,2747567,-46,24289,50.52,1,1,7.45,77.8,32449,172,-830,-152,861,2026-08-06-00-38.csv
126451,2747875,-52,24289,50.53,1,1,5.98,62.5,32453,122,-1039,-44,1048,2026-08-06-00-38.csv
126758,2748182,-27,24289,50.54,1,1,6.1,63.7,32457,174,-884,-86,905,2026-08-06-00-38.csv
127067,2748491,145,24289,50.54,1,1,6.08,63.5,32461,99,-1065,-80,1073,2026-08-06-00-38.csv
127382,2748806,752,24289,50.58,1,1,6.16,64.3,32465,142,-1039,-180,1064,2026-08-06-00-38.csv
127689,2749113,1962,24289,50.59,1,1,6.16,64.3,32469,152,-964,-50,977,2026-08-06-00-38.csv
128000,2749424,275,24289,50.63,1,1,6.22,64.9,32473,170,-956,-115,978,2026-08-06-00-38.csv
128377,2749801,115,24289,50.63,1,1,5.2,54.3,32477,139,-979,-37,990,2026-08-06-00-38.csv
128677,2750101,103,24289,50.61,1,1,6.28,65.6,32481,128,-1060,-70,1070,2026-08-06-00-38.csv
128984,2750408,15,24289,50.66,1,1,6.34,66.2,32485,159,-981,-65,996,2026-08-06-00-38.csv
129291,2750715,-47,24289,50.64,1,1,6.32,66.0,32489,157,-990,-89,1007,2026-08-06-00-38.csv
129606,2751030,-55,24289,50.65,1,1,6.69,69.8,32494,140,-884,-68,898,2026-08-06-00-38.csv
129910,2751334,-51,24289,50.66,1,1,7.95,83.1,32499,201,-912,-186,953,2026-08-06-00-38.csv
130227,2751651,-46,24289,50.67,1,1,6.49,67.8,32503,137,-1059,-107,1074,2026-08-06-00-38.csv
130537,2751961,-57,24289,50.71,1,1,6.49,67.8,32507,145,-852,-23,864,2026-08-06-00-38.csv
130848,2752272,35,24289,50.68,1,1,8.16,85.2,32513,100,-1006,-19,1011,2026-08-06-00-38.csv
131160,2752584,454,24289,50.69,1,1,8.23,85.9,32518,124,-970,-134,987,2026-08-06-00-38.csv
131470,2752894,2594,24289,50.73,1,1,6.63,69.2,32522,70,-961,96,968,2026-08-06-00-38.csv
131780,2753204,5312,24289,50.72,1,1,8.42,88.0,32528,138,-884,-155,908,2026-08-06-00-38.csv
132094,2753518,10387,24289,50.74,1,1,6.91,72.2,32532,72,-964,-49,968,2026-08-06-00-38.csv
132407,2753831,14931,24289,50.76,1,1,7.46,77.9,32537,72,-892,-56,897,2026-08-06-00-38.csv
132720,2754144,20279,24289,50.74,1,1,7.77,81.2,32542,52,-1113,-66,1116,2026-08-06-00-38.csv
133034,2754458,-57,24289,50.78,1,1,8.42,88.0,32548,195,-911,-93,937,2026-08-06-00-38.csv
133410,2754834,-63,24289,50.79,1,1,7.5,78.3,32554,184,-748,-124,780,2026-08-06-00-38.csv
133727,2755151,-70,24289,50.81,1,1,10.01,104.5,32560,145,-1027,-131,1045,2026-08-06-00-38.csv
134040,2755464,-66,24289,50.79,1,1,8.63,90.1,32566,113,-838,35,847,2026-08-06-00-38.csv
134354,2755778,-59,24289,50.8,1,1,8.6,89.8,32572,153,-1043,-129,1062,2026-08-06-00-38.csv
134704,2756128,-73,24289,50.79,1,1,7.23,75.5,32577,89,-1091,-63,1097,2026-08-06-00-38.csv
134997,2756421,-66,24289,50.82,1,1,8.52,89.0,32582,143,-1050,-26,1060,2026-08-06-00-38.csv
135288,2756712,-71,24289,50.78,1,1,8.84,92.3,32588,201,-928,-159,962,2026-08-06-00-38.csv
135584,2757008,-50,24289,50.8,1,1,8.61,89.9,32593,56,-909,152,923,2026-08-06-00-38.csv
135880,2757304,-66,24289,50.82,1,1,8.64,90.3,32598,152,-1012,-107,1029,2026-08-06-00-38.csv
136182,2757606,-56,24289,50.82,1,1,8.76,91.5,32604,69,-997,23,1000,2026-08-06-00-38.csv
136477,2757901,-54,24289,50.84,1,1,8.4,87.7,32609,159,-1073,-103,1089,2026-08-06-00-38.csv
136779,2758203,-47,24289,50.83,1,1,8.34,87.1,32614,150,-939,30,951,2026-08-06-00-38.csv
137072,2758496,-42,24289,50.84,1,1,8.23,85.9,32619,138,-976,-111,992,2026-08-06-00-38.csv
137368,2758792,-62,24289,50.83,1,1,8.09,84.5,32624,149,-879,-22,892,2026-08-06-00-38.csv
137665,2759089,-61,24289,50.85,1,1,7.98,83.3,32629,113,-944,-55,952,2026-08-06-00-38.csv
137963,2759387,-54,24289,50.84,1,1,7.8,81.4,32634,107,-867,-63,876,2026-08-06-00-38.csv
138330,2759754,-48,24289,50.87,1,1,7.85,82.0,32640,161,-952,-56,967,2026-08-06-00-38.csv
138629,2760053,12,24289,50.88,1,1,7.5,78.4,32645,117,-889,-174,914,2026-08-06-00-38.csv
138924,2760348,301,24289,50.88,1,1,7.02,73.3,32649,114,-1025,-46,1032,2026-08-06-00-38.csv
139216,2760640,1536,24289,50.88,1,1,6.86,71.7,32653,102,-1061,-55,1067,2026-08-06-00-38.csv
139510,2760934,4811,24289,50.89,1,1,8.37,87.4,32658,79,-967,-92,975,2026-08-06-00-38.csv
139815,2761239,8656,24289,50.9,1,1,6.88,71.8,32663,89,-1004,-86,1012,2026-08-06-00-38.csv
140116,2761540,13648,24289,50.9,1,1,6.65,69.4,32667,151,-966,-194,997,2026-08-06-00-38.csv
140411,2761835,18329,24289,50.93,1,1,6.74,70.4,32671,74,-1191,-115,1199,2026-08-06-00-38.csv
140709,2762133,22935,24289,50.91,1,1,8.68,90.6,32677,110,-926,-93,937,2026-08-06-00-38.csv
141010,2762434,24465,24289,50.94,1,1,7.2,75.2,32681,88,-997,-148,1012,2026-08-06-00-38.csv
141309,2762733,24520,24289,50.93,1,1,7.85,82.0,32686,114,-975,-159,994,2026-08-06-00-38.csv
141611,2763035,24520,24289,50.94,1,1,8.17,85.3,32691,61,-964,-115,973,2026-08-06-00-38.csv
141907,2763331,24520,24289,50.93,1,1,8.87,92.6,32697,9,-998,117,1005,2026-08-06-00-38.csv
142213,2763637,24520,24289,50.95,1,1,9.27,96.8,32703,83,-965,-104,974,2026-08-06-00-38.csv
142522,2763946,24520,24289,50.96,1,1,9.74,101.7,32709,100,-1120,-214,1144,2026-08-06-00-38.csv
142820,2764244,24516,24289,50.97,1,1,10.07,105.2,32715,55,-1004,78,1009,2026-08-06-00-38.csv
143181,2764605,20948,24289,50.95,1,1,9.8,102.3,32723,84,-906,-37,911,2026-08-06-00-38.csv
143480,2764904,11892,24289,50.95,1,1,10.8,112.8,32729,118,-1019,-85,1030,2026-08-06-00-38.csv
143777,2765201,-457,24289,50.99,1,1,11.17,116.7,32736,113,-877,-3,885,2026-08-06-00-38.csv
144074,2765498,-432,24289,50.99,1,1,11.02,115.1,32743,209,-762,-174,809,2026-08-06-00-38.csv
144374,2765798,-420,24289,50.99,1,1,10.95,114.4,32750,21,-974,149,985,2026-08-06-00-38.csv
144679,2766103,-397,24289,50.98,1,1,10.74,112.2,32757,142,-838,44,851,2026-08-06-00-38.csv
144982,2766406,-364,24289,50.99,1,1,10.64,111.1,32764,126,-981,-136,999,2026-08-06-00-38.csv
145282,2766706,-351,24289,50.99,1,1,10.26,107.1,32770,131,-891,24,901,2026-08-06-00-38.csv
145587,2767011,-311,24289,50.99,1,1,10.34,108.0,32777,128,-1178,-44,1186,2026-08-06-00-38.csv
145889,2767313,-293,24289,50.96,1,1,10.01,104.5,32783,138,-1053,-92,1066,2026-08-06-00-38.csv
146193,2767617,-268,24289,51.01,1,1,9.8,102.4,32789,149,-922,-68,936,2026-08-06-00-38.csv
146501,2767925,-257,24289,50.99,1,1,9.61,100.3,32795,100,-889,94,899,2026-08-06-00-38.csv
146811,2768235,-219,24289,51.01,1,1,9.42,98.4,32801,154,-968,-108,986,2026-08-06-00-38.csv
147115,2768539,-186,24289,51.0,1,1,10.67,111.5,32808,90,-885,43,891,2026-08-06-00-38.csv
147425,2768849,-184,24289,51.02,1,1,8.92,93.2,32814,91,-1056,51,1062,2026-08-06-00-38.csv
147732,2769156,-177,24289,51.02,1,1,8.49,88.7,32819,110,-874,-44,882,2026-08-06-00-38.csv
148097,2769521,82,24289,51.05,1,1,7.42,77.5,32825,143,-942,25,953,2026-08-06-00-38.csv
148396,2769820,1149,24289,51.08,1,1,9.64,100.7,32831,123,-1005,-56,1014,2026-08-06-00-38.csv
148698,2770122,3762,24289,51.1,1,1,7.82,81.7,32836,145,-917,-14,929,2026-08-06-00-38.csv
149009,2770433,6564,24289,51.1,1,1,9.36,97.7,32842,104,-1048,-74,1056,2026-08-06-00-38.csv
149314,2770738,-137,24289,51.06,1,1,9.18,95.8,32848,100,-1014,57,1021,2026-08-06-00-38.csv
149622,2771046,-131,24289,51.08,1,1,7.12,74.3,32852,97,-1094,29,1098,2026-08-06-00-38.csv
149928,2771352,-123,24289,51.08,1,1,8.6,89.8,32858,116,-1031,-88,1041,2026-08-06-00-38.csv
150237,2771661,166,24289,51.08,1,1,6.65,69.4,32862,92,-877,4,882,2026-08-06-00-38.csv
150547,2771971,7,24289,51.12,1,1,8.0,83.5,32867,76,-983,-31,986,2026-08-06-00-38.csv
150854,2772278,-124,24289,51.13,1,1,7.76,81.0,32872,167,-900,-90,920,2026-08-06-00-38.csv
151169,2772593,-118,24289,51.18,1,1,6.04,63.1,32876,104,-1047,-16,1052,2026-08-06-00-38.csv
151487,2772911,-71,24289,51.14,1,1,5.82,60.8,32880,134,-953,-38,963,2026-08-06-00-38.csv
151798,2773222,245,24289,51.21,1,1,7.06,73.7,32885,141,-1016,-81,1029,2026-08-06-00-38.csv
152107,2773531,2679,24289,51.23,1,1,6.89,71.9,32889,122,-981,-25,988,2026-08-06-00-38.csv
152419,2773843,6261,24289,51.23,1,1,6.76,70.6,32894,91,-982,-32,987,2026-08-06-00-38.csv
152742,2774166,11871,24289,51.28,1,1,5.08,53.0,32897,99,-944,-67,952,2026-08-06-00-38.csv
153119,2774543,16894,24289,51.3,1,1,6.94,72.5,32903,71,-1044,-24,1046,2026-08-06-00-38.csv
153430,2774854,20894,24289,51.28,1,1,5.34,55.8,32906,43,-1033,-45,1035,2026-08-06-00-38.csv
153740,2775164,24338,24289,51.32,1,1,5.95,62.1,32910,34,-976,-21,977,2026-08-06-00-38.csv
154045,2775469,24520,24289,51.35,1,1,6.26,65.4,32914,82,-980,-152,995,2026-08-06-00-38.csv
154351,2775775,24520,24289,51.37,1,1,6.6,69.0,32918,-1,-935,-6,935,2026-08-06-00-38.csv
154662,2776086,24520,24289,51.4,1,1,8.78,91.7,32924,109,-1057,-27,1063,2026-08-06-00-38.csv
154971,2776395,24520,24289,51.41,1,1,7.82,81.7,32929,17,-1085,20,1086,2026-08-06-00-38.csv
155282,2776706,24520,24289,51.41,1,1,8.5,88.8,32935,84,-861,-51,867,2026-08-06-00-38.csv
155611,2777035,24520,24289,51.46,1,1,8.98,93.8,32941,139,-771,-27,784,2026-08-06-00-38.csv
155922,2777346,24520,24289,51.5,1,1,9.39,98.0,32947,-57,-1084,-68,1087,2026-08-06-00-38.csv
156242,2777666,23544,24289,51.45,1,1,10.0,104.5,32954,115,-827,-49,836,2026-08-06-00-38.csv
156591,2778015,-600,24289,51.44,1,1,8.81,92.0,32960,60,-824,48,827,2026-08-06-00-38.csv
156888,2778312,-570,24289,51.48,1,1,10.13,105.7,32967,145,-912,-88,927,2026-08-06-00-38.csv
157187,2778611,-537,24289,51.48,1,1,9.84,102.7,32973,131,-915,-16,924,2026-08-06-00-38.csv
157482,2778906,-524,24289,51.48,1,1,9.64,100.7,32979,146,-1118,-155,1138,2026-08-06-00-38.csv
157778,2779202,-498,24289,51.46,1,1,9.54,99.7,32985,144,-1018,-219,1051,2026-08-06-00-38.csv
158136,2779560,-444,24289,51.47,1,1,8.3,86.7,32991,166,-820,-80,840,2026-08-06-00-38.csv
158434,2779858,-400,24289,51.47,1,1,9.48,99.0,32997,123,-927,-33,935,2026-08-06-00-38.csv
158727,2780151,-371,24289,51.46,1,1,9.24,96.5,33002,121,-807,-37,817,2026-08-06-00-38.csv
159019,2780443,-341,24289,51.49,1,1,9.54,99.7,33008,164,-874,-81,893,2026-08-06-00-38.csv
159319,2780743,-325,24289,51.49,1,1,9.64,100.7,33014,92,-1045,14,1050,2026-08-06-00-38.csv
159613,2781037,-293,24289,51.49,1,1,9.67,101.0,33020,109,-1038,-27,1044,2026-08-06-00-38.csv
159912,2781336,-270,24289,51.5,1,1,9.7,101.4,33026,157,-980,-33,993,2026-08-06-00-38.csv
160204,2781628,-245,24289,51.53,1,1,9.7,101.4,33032,76,-1070,-39,1073,2026-08-06-00-38.csv
160499,2781923,-231,24289,51.53,1,1,9.7,101.4,33038,133,-832,-48,844,2026-08-06-00-38.csv
160795,2782219,-225,24289,51.52,1,1,9.67,101.0,33044,77,-1043,-2,1046,2026-08-06-00-38.csv
161091,2782515,-194,24289,51.56,1,1,9.67,101.0,33050,184,-805,-44,827,2026-08-06-00-38.csv
161386,2782810,-189,24289,51.58,1,1,9.67,101.0,33056,109,-983,-143,999,2026-08-06-00-38.csv
161679,2783103,-176,24289,51.61,1,1,9.61,100.3,33062,137,-934,-53,945,2026-08-06-00-38.csv
161984,2783408,-169,24289,51.62,1,1,9.57,100.0,33068,0,-1133,84,1136,2026-08-06-00-38.csv
162289,2783713,-172,24289,51.62,1,1,9.58,100.0,33074,184,-838,-144,870,2026-08-06-00-38.csv
162588,2784012,-165,24289,51.63,1,1,9.61,100.3,33080,118,-843,-64,854,2026-08-06-00-38.csv
162953,2784377,-153,24289,51.64,1,1,8.84,92.3,33087,89,-1041,35,1046,2026-08-06-00-38.csv
163248,2784672,160,24289,51.66,1,1,9.8,102.4,33093,151,-936,-116,955,2026-08-06-00-38.csv
163540,2784964,806,24289,51.69,1,1,9.94,103.8,33099,122,-945,26,953,2026-08-06-00-38.csv
163841,2785265,1867,24289,51.73,1,1,10.01,104.5,33105,135,-1026,-173,1049,2026-08-06-00-38.csv
164145,2785569,5951,24289,51.74,1,1,10.34,108.0,33112,9,-1158,46,1159,2026-08-06-00-38.csv
164441,2785865,9997,24289,51.76,1,1,10.3,107.5,33118,127,-814,-113,832,2026-08-06-00-38.csv
164741,2786165,13284,24289,51.74,1,1,10.78,112.5,33125,14,-1326,-42,1326,2026-08-06-00-38.csv
165036,2786460,18492,24289,51.79,1,1,11.1,115.9,33132,145,-859,-72,875,2026-08-06-00-38.csv
165339,2786763,22354,24289,51.78,1,1,11.4,119.0,33139,41,-1056,88,1061,2026-08-06-00-38.csv
165653,2787077,23218,24289,51.79,1,1,12.04,125.8,33147,130,-1072,-70,1082,2026-08-06-00-38.csv
165951,2787375,-189,24289,51.83,1,1,12.4,129.4,33155,150,-809,-54,825,2026-08-06-00-38.csv
166259,2787683,-197,24289,51.83,1,1,12.32,128.6,33163,124,-1210,-109,1221,2026-08-06-00-38.csv
166558,2787982,-207,24289,51.81,1,1,12.1,126.4,33170,221,-848,-154,890,2026-08-06-00-38.csv
166860,2788284,-209,24289,51.84,1,1,12.16,127.0,33178,124,-905,-5,914,2026-08-06-00-38.csv
167157,2788581,-190,24289,51.83,1,1,11.8,123.2,33185,96,-1183,-37,1187,2026-08-06-00-38.csv
167453,2788877,-184,24289,51.85,1,1,11.9,124.2,33193,143,-1083,-89,1096,2026-08-06-00-38.csv
167817,2789241,-191,24289,51.82,1,1,10.61,110.8,33201,143,-968,-79,982,2026-08-06-00-38.csv
168112,2789536,-171,24289,51.81,1,1,11.52,120.3,33208,104,-941,14,947,2026-08-06-00-38.csv
168413,2789837,-177,24289,51.85,1,1,11.4,119.0,33215,199,-1068,-208,1106,2026-08-06-00-38.csv
168715,2790139,-178,24289,51.81,1,1,11.28,117.8,33222,177,-882,-74,902,2026-08-06-00-38.csv
169016,2790440,-159,24289,51.83,1,1,11.36,118.6,33229,104,-1007,20,1013,2026-08-06-00-38.csv
169314,2790738,-160,24289,51.83,1,1,11.32,118.2,33236,133,-950,-67,961,2026-08-06-00-38.csv
169621,2791045,-149,24289,51.82,1,1,11.51,120.2,33244,145,-957,-63,970,2026-08-06-00-38.csv
169927,2791351,-148,24289,51.85,1,1,11.25,117.4,33251,72,-1128,-18,1131,2026-08-06-00-38.csv
170232,2791656,-150,24289,51.86,1,1,11.28,117.8,33258,203,-834,-190,879,2026-08-06-00-38.csv
170542,2791966,-145,24289,51.86,1,1,11.28,117.8,33265,177,-916,-117,941,2026-08-06-00-38.csv
170852,2792276,-150,24289,51.85,1,1,11.43,119.4,33273,154,-800,54,816,2026-08-06-00-38.csv
171154,2792578,-132,24289,51.87,1,1,11.28,117.8,33280,177,-905,-257,957,2026-08-06-00-38.csv
171464,2792888,-125,24289,51.88,1,1,11.32,118.2,33287,58,-1027,39,1029,2026-08-06-00-38.csv
171775,2793199,-133,24289,51.85,1,1,11.64,121.6,33295,98,-1136,-169,1152,2026-08-06-00-38.csv
172083,2793507,-125,24289,51.84,1,1,11.48,119.9,33302,135,-852,-66,865,2026-08-06-00-38.csv
172389,2793813,-133,24289,51.86,1,1,11.64,121.6,33310,133,-1088,-127,1104,2026-08-06-00-38.csv
172775,2794199,-127,24289,51.87,1,1,10.49,109.6,33318,83,-1072,-30,1076,2026-08-06-00-38.csv
173083,2794507,-115,24289,51.88,1,1,11.68,122.0,33326,132,-712,-10,724,2026-08-06-00-38.csv
173389,2794813,-129,24289,51.9,1,1,11.48,119.9,33333,38,-1158,-97,1163,2026-08-06-00-38.csv
173699,2795123,-128,24289,51.89,1,1,11.52,120.3,33340,179,-900,-150,930,2026-08-06-00-38.csv
174003,2795427,-117,24289,51.91,1,1,11.82,123.5,33348,138,-1030,-28,1040,2026-08-06-00-38.csv
174311,2795735,-127,24289,51.94,1,1,12.04,125.8,33356,173,-798,-175,835,2026-08-06-00-38.csv
174625,2796049,-122,24289,51.94,1,1,11.88,124.1,33363,48,-1022,29,1023,2026-08-06-00-38.csv
174940,2796364,-123,24289,51.94,1,1,12.38,129.3,33372,184,-790,-149,825,2026-08-06-00-38.csv
175249,2796673,-123,24289,51.99,1,1,12.28,128.2,33380,28,-991,43,992,2026-08-06-00-38.csv
175559,2796983,-124,24289,52.01,1,1,12.36,129.0,33388,185,-1031,-166,1060,2026-08-06-00-38.csv
175875,2797299,-126,24289,52.03,1,1,12.4,129.5,33396,128,-976,134,993,2026-08-06-00-38.csv
176190,2797614,-123,24289,52.05,1,1,12.52,130.7,33404,291,-631,-14,695,2026-08-06-00-38.csv
176499,2797923,-126,24289,52.1,1,1,12.52,130.7,33412,107,-929,37,936,2026-08-06-00-38.csv
176812,2798236,-125,24289,52.07,1,1,12.56,131.1,33420,207,-830,-112,863,2026-08-06-00-38.csv
177130,2798554,-116,24289,52.08,1,1,12.75,133.1,33429,86,-961,42,966,2026-08-06-00-38.csv
177447,2798871,-115,24289,52.12,1,1,11.1,115.9,33436,183,-1050,-146,1076,2026-08-06-00-38.csv
177822,2799246,-127,24289,52.14,1,1,11.71,122.3,33445,117,-967,-146,985,2026-08-06-00-38.csv
178133,2799557,-121,24289,52.15,1,1,12.98,135.5,33454,129,-979,28,988,2026-08-06-00-38.csv
178443,2799867,-124,24289,52.16,1,1,12.94,135.1,33462,157,-1006,-124,1025,2026-08-06-00-38.csv
178803,2800227,-114,24289,52.19,1,1,12.0,125.3,33471,79,-971,-21,975,2026-08-06-00-38.csv
179093,2800517,-106,24289,52.2,1,1,13.12,137.0,33479,174,-777,-17,797,2026-08-06-00-38.csv
179393,2800817,-123,24289,52.19,1,1,13.16,137.5,33487,134,-1159,-189,1182,2026-08-06-00-38.csv
179684,2801108,-109,24289,52.22,1,1,13.42,140.2,33496,183,-1279,-232,1313,2026-08-06-00-38.csv
179977,2801401,-113,24289,52.22,1,1,13.39,139.9,33504,134,-970,-141,990,2026-08-06-00-38.csv
180275,2801699,-118,24289,52.22,1,1,13.35,139.4,33512,117,-1041,-101,1053,2026-08-06-00-38.csv
180565,2801989,-115,24289,52.19,1,1,13.53,141.3,33520,89,-1039,24,1043,2026-08-06-00-38.csv
180861,2802285,-112,24289,52.21,1,1,12.16,127.0,33528,27,-919,-29,920,2026-08-06-00-38.csv
181157,2802581,-111,24289,52.19,1,1,13.58,141.8,33536,137,-1005,-63,1017,2026-08-06-00-38.csv
181459,2802883,-21,24289,52.17,1,1,13.81,144.2,33545,107,-1089,75,1097,2026-08-06-00-38.csv
181764,2803188,-114,24289,52.2,1,1,13.81,144.2,33554,121,-1038,-116,1052,2026-08-06-00-38.csv
182057,2803481,-104,24289,52.2,1,1,13.63,142.3,33562,153,-918,-85,935,2026-08-06-00-38.csv
182356,2803780,-115,24289,52.21,1,1,13.9,145.2,33571,168,-778,-217,825,2026-08-06-00-38.csv
182719,2804143,-119,24289,52.22,1,1,12.67,132.4,33580,145,-956,-243,997,2026-08-06-00-38.csv
183012,2804436,-111,24289,52.23,1,1,12.44,129.9,33588,112,-1075,9,1081,2026-08-06-00-38.csv
183303,2804727,-111,24289,52.24,1,1,13.83,144.4,33596,130,-1001,57,1011,2026-08-06-00-38.csv
183601,2805025,-116,24289,52.26,1,1,14.13,147.5,33605,89,-942,92,951,2026-08-06-00-38.csv
183894,2805318,-118,24289,52.26,1,1,12.52,130.7,33613,162,-847,-157,876,2026-08-06-00-38.csv
184187,2805611,-109,24289,52.31,1,1,14.08,147.1,33621,100,-1039,24,1044,2026-08-06-00-38.csv
184482,2805906,-104,24289,52.33,1,1,14.22,148.5,33630,83,-1100,17,1103,2026-08-06-00-38.csv
184786,2806210,-117,24289,52.32,1,1,12.68,132.4,33638,112,-847,105,861,2026-08-06-00-38.csv
185085,2806509,-93,24289,52.38,1,1,12.56,131.1,33646,118,-1109,-126,1123,2026-08-06-00-38.csv
185383,2806807,-113,24289,52.37,1,1,14.08,147.1,33655,160,-938,-78,955,2026-08-06-00-38.csv
185687,2807111,-113,24289,52.39,1,1,14.13,147.5,33664,168,-929,-14,944,2026-08-06-00-38.csv
185988,2807412,-100,24289,52.42,1,1,14.08,147.1,33673,150,-937,-149,961,2026-08-06-00-38.csv
186287,2807711,-111,24289,52.43,1,1,13.98,146.0,33681,129,-1076,-9,1084,2026-08-06-00-38.csv
186588,2808012,-110,24289,52.41,1,1,14.08,147.0,33690,124,-1001,-68,1011,2026-08-06-00-38.csv
186889,2808313,-115,24289,52.44,1,1,12.48,130.3,33698,171,-826,-74,847,2026-08-06-00-38.csv
187196,2808620,-118,24289,52.45,1,1,12.48,130.3,33706,116,-878,-59,887,2026-08-06-00-38.csv
187558,2808982,-104,24289,52.47,1,1,12.98,135.5,33716,82,-1013,-68,1018,2026-08-06-00-38.csv
187858,2809282,-115,24289,52.44,1,1,13.99,146.1,33725,21,-1191,93,1195,2026-08-06-00-38.csv
188155,2809579,-111,24289,52.49,1,1,13.68,142.9,33733,79,-975,60,980,2026-08-06-00-38.csv
188458,2809882,-104,24289,52.46,1,1,13.81,144.2,33742,143,-971,6,981,2026-08-06-00-38.csv
188757,2810181,-101,24289,52.47,1,1,13.49,140.8,33750,123,-1055,-99,1066,2026-08-06-00-38.csv
189053,2810477,-93,24289,52.44,1,1,13.55,141.5,33759,211,-1185,-65,1205,2026-08-06-00-38.csv
189354,2810778,-114,24289,52.43,1,1,13.12,137.0,33767,80,-1048,-91,1055,2026-08-06-00-38.csv
189657,2811081,-105,24289,52.44,1,1,12.85,134.2,33775,137,-1113,-261,1151,2026-08-06-00-38.csv
189967,2811391,-107,24289,52.44,1,1,12.64,132.0,33783,21,-986,177,1002,2026-08-06-00-38.csv
190267,2811691,-104,24289,52.45,1,1,12.44,129.9,33791,112,-770,19,779,2026-08-06-00-38.csv
190571,2811995,-111,24289,52.45,1,1,12.24,127.8,33799,102,-998,-24,1003,2026-08-06-00-38.csv
190874,2812298,-112,24289,52.45,1,1,11.93,124.6,33806,157,-877,-22,891,2026-08-06-00-38.csv
191176,2812600,-102,24289,52.44,1,1,11.9,124.2,33814,52,-1049,29,1050,2026-08-06-00-38.csv
191484,2812908,-101,24289,52.43,1,1,11.44,119.5,33821,170,-992,-58,1008,2026-08-06-00-38.csv
191794,2813218,-108,24289,52.44,1,1,11.28,117.8,33828,149,-952,-171,978,2026-08-06-00-38.csv
192109,2813533,-105,24289,52.42,1,1,11.23,117.3,33836,206,-1093,-219,1134,2026-08-06-00-38.csv
192482,2813906,-111,24289,52.41,1,1,9.66,100.9,33843,113,-921,41,929,2026-08-06-00-38.csv
192786,2814210,-97,24289,52.4,1,1,10.78,112.5,33850,189,-900,-207,942,2026-08-06-00-38.csv
193089,2814513,-91,24289,52.43,1,1,10.78,112.5,33857,89,-1127,-36,1131,2026-08-06-00-38.csv
193391,2814815,-107,24289,52.41,1,1,10.85,113.3,33864,108,-934,6,941,2026-08-06-00-38.csv
193700,2815124,-104,24289,52.38,1,1,10.92,114.0,33871,88,-990,-24,994,2026-08-06-00-38.csv
194009,2815433,-102,24289,52.38,1,1,11.02,115.1,33878,118,-1054,-15,1061,2026-08-06-00-38.csv
194324,2815748,-38,24289,52.32,1,1,11.13,116.3,33885,201,-1018,-160,1049,2026-08-06-00-38.csv
194628,2816052,280,24289,52.29,1,1,11.47,119.8,33893,198,-854,-171,894,2026-08-06-00-38.csv
194935,2816359,791,24289,52.31,1,1,11.48,119.9,33900,200,-687,-174,737,2026-08-06-00-38.csv
195245,2816669,2327,24289,52.29,1,1,11.79,123.1,33908,79,-1127,33,1130,2026-08-06-00-38.csv
195553,2816977,1884,24289,52.29,1,1,11.84,123.7,33915,144,-861,1,873,2026-08-06-00-38.csv
195860,2817284,-87,24289,52.3,1,1,12.28,128.2,33923,69,-1061,58,1065,2026-08-06-00-38.csv
196174,2817598,-95,24289,52.26,1,1,12.32,128.6,33931,178,-1166,-282,1212,2026-08-06-00-38.csv
196492,2817916,-91,24289,52.24,1,1,12.6,131.6,33940,123,-985,-116,999,2026-08-06-00-38.csv
196803,2818227,-88,24289,52.25,1,1,12.52,130.7,33948,137,-1019,-105,1033,2026-08-06-00-38.csv
197112,2818536,-77,24289,52.24,1,1,12.6,131.6,33956,219,-662,12,697,2026-08-06-00-38.csv
197487,2818911,-81,24289,52.21,1,1,11.68,122.0,33965,184,-924,-116,949,2026-08-06-00-38.csv
197794,2819218,-88,24289,52.24,1,1,12.77,133.3,33973,97,-1034,-19,1039,2026-08-06-00-38.csv
198099,2819523,-79,24289,52.22,1,1,13.02,136.0,33982,144,-880,-64,894,2026-08-06-00-38.csv
198408,2819832,-83,24289,52.2,1,1,12.94,135.1,33990,190,-993,-271,1047,2026-08-06-00-38.csv
198721,2820145,-89,24289,52.17,1,1,12.94,135.1,33998,200,-1038,-120,1064,2026-08-06-00-38.csv
199029,2820453,-81,24289,52.13,1,1,13.22,138.0,34007,127,-1141,-170,1161,2026-08-06-00-38.csv
199340,2820764,-75,24289,52.12,1,1,13.12,137.0,34015,130,-771,-20,782,2026-08-06-00-38.csv
199651,2821075,-79,24289,52.1,1,1,11.93,124.6,34023,136,-1034,-44,1044,2026-08-06-00-38.csv
199961,2821385,-87,24289,52.06,1,1,13.55,141.5,34032,100,-1074,-67,1080,2026-08-06-00-38.csv
200275,2821699,-95,24289,52.08,1,1,13.64,142.4,34041,128,-967,-130,984,2026-08-06-00-38.csv
200591,2822015,-90,24289,52.04,1,1,13.72,143.3,34050,37,-755,236,792,2026-08-06-00-38.csv
200951,2822375,-90,24289,52.02,1,1,12.49,130.4,34059,50,-1183,68,1186,2026-08-06-00-38.csv
201249,2822673,-83,24289,52.03,1,1,13.81,144.2,34068,102,-977,5,983,2026-08-06-00-38.csv
201545,2822969,-80,24289,52.01,1,1,13.9,145.2,34077,89,-965,34,970,2026-08-06-00-38.csv
201840,2823264,-85,24289,52.01,1,1,13.78,143.9,34085,128,-942,-59,952,2026-08-06-00-38.csv
202137,2823561,-75,24289,52.02,1,1,13.9,145.2,34094,133,-1046,32,1055,2026-08-06-00-38.csv
202494,2823918,-76,24289,52.0,1,1,12.71,132.7,34103,180,-860,-36,880,2026-08-06-00-38.csv
202787,2824211,-76,24289,52.03,1,1,12.48,130.3,34111,86,-993,55,999,2026-08-06-00-38.csv
203091,2824515,-69,24289,52.03,1,1,14.04,146.6,34120,201,-974,-332,1048,2026-08-06-00-38.csv
203383,2824807,-79,24289,52.06,1,1,13.88,144.9,34128,168,-878,-51,895,2026-08-06-00-38.csv
203673,2825097,-80,24289,52.05,1,1,14.08,147.1,34137,116,-1012,-136,1027,2026-08-06-00-38.csv
203968,2825392,-81,24289,52.04,1,1,13.98,146.0,34145,144,-1013,-100,1028,2026-08-06-00-38.csv
204259,2825683,-79,24289,52.1,1,1,14.13,147.5,34154,61,-554,-34,559,2026-08-06-00-38.csv
204549,2825973,-77,24289,52.1,1,1,13.93,145.5,34162,101,-1085,-59,1092,2026-08-06-00-38.csv
204842,2826266,-82,24289,52.13,1,1,14.08,147.1,34171,188,-862,2,882,2026-08-06-00-38.csv
205142,2826566,-77,24289,52.13,1,1,14.08,147.1,34180,117,-860,-54,870,2026-08-06-00-38.csv
205438,2826862,-78,24289,52.12,1,1,13.88,144.9,34188,105,-858,53,866,2026-08-06-00-38.csv
205737,2827161,-76,24289,52.11,1,1,13.99,146.1,34197,84,-1045,-33,1049,2026-08-06-00-38.csv
206034,2827458,-72,24289,52.1,1,1,13.95,145.6,34206,86,-1056,-1,1059,2026-08-06-00-38.csv
206336,2827760,-65,24289,52.1,1,1,13.73,143.4,34214,156,-862,-109,883,2026-08-06-00-38.csv
206636,2828060,-71,24289,52.12,1,1,13.81,144.2,34223,22,-1093,198,1111,2026-08-06-00-38.csv
206939,2828363,-78,24289,52.13,1,1,12.24,127.8,34231,271,-1068,-428,1182,2026-08-06-00-38.csv
207303,2828727,-77,24289,52.12,1,1,12.53,130.8,34240,158,-833,-211,874,2026-08-06-00-38.csv
207596,2829020,-73,24289,52.11,1,1,12.28,128.2,34248,175,-839,-39,858,2026-08-06-00-38.csv
207891,2829315,-68,24289,52.12,1,1,13.68,142.9,34256,225,-644,-82,686,2026-08-06-00-38.csv
208191,2829615,-67,24289,52.12,1,1,12.4,129.4,34264,62,-1161,35,1163,2026-08-06-00-38.csv
208491,2829915,-72,24289,52.16,1,1,13.86,144.7,34273,193,-689,-86,721,2026-08-06-00-38.csv
208791,2830215,-76,24289,52.16,1,1,13.58,141.8,34281,70,-998,-99,1005,2026-08-06-00-38.csv
209094,2830518,-64,24289,52.17,1,1,12.28,128.2,34289,34,-1164,67,1166,2026-08-06-00-38.csv
209403,2830827,-80,24289,52.14,1,1,13.81,144.2,34298,97,-1035,11,1039,2026-08-06-00-38.csv
209702,2831126,-67,24289,52.15,1,1,13.53,141.3,34306,128,-1061,-44,1069,2026-08-06-00-38.csv
210001,2831425,-73,24289,52.14,1,1,13.77,143.8,34315,167,-845,1,862,2026-08-06-00-38.csv
210303,2831727,-74,24289,52.13,1,1,13.72,143.3,34324,136,-830,-51,843,2026-08-06-00-38.csv
210602,2832026,-80,24289,52.12,1,1,13.58,141.8,34332,63,-1239,-3,1241,2026-08-06-00-38.csv
210908,2832332,-67,24289,52.12,1,1,13.72,143.3,34341,253,-871,-235,937,2026-08-06-00-38.csv
211221,2832645,-69,24289,52.1,1,1,13.59,142.0,34350,190,-742,483,906,2026-08-06-00-38.csv
211558,2832982,-69,24289,52.08,1,1,13.51,141.1,34359,46,-1348,-169,1359,2026-08-06-00-38.csv
211869,2833293,-65,24289,52.05,1,1,13.64,142.4,34368,-107,-1040,-105,1051,2026-08-06-00-38.csv
212248,2833672,-64,24289,52.07,1,1,12.6,131.6,34378,168,-1012,-155,1038,2026-08-06-00-38.csv
212568,2833992,-65,24289,52.04,1,1,13.59,142.0,34387,61,-1116,-57,1120,2026-08-06-00-38.csv
212885,2834309,-60,24289,52.05,1,1,13.59,142.0,34396,227,-860,-157,903,2026-08-06-00-38.csv
213190,2834614,-63,24289,52.01,1,1,13.59,142.0,34405,40,-1079,61,1081,2026-08-06-00-38.csv
213502,2834926,-66,24289,52.0,1,1,13.68,142.9,34414,155,-1153,-147,1172,2026-08-06-00-38.csv
213820,2835244,-64,24289,51.99,1,1,13.77,143.8,34423,105,-933,-12,939,2026-08-06-00-38.csv
214136,2835560,-62,24289,51.99,1,1,13.77,143.8,34432,144,-1059,-206,1088,2026-08-06-00-38.csv
214449,2835873,-56,24289,51.99,1,1,13.77,143.8,34441,209,-839,-124,874,2026-08-06-00-38.csv
214762,2836186,-64,24289,51.97,1,1,13.72,143.3,34450,153,-1024,-162,1048,2026-08-06-00-38.csv
215082,2836506,-49,24289,51.96,1,1,13.72,143.3,34459,101,-917,-33,923,2026-08-06-00-38.csv
215401,2836825,4,24289,51.94,1,1,13.73,143.3,34468,215,-974,-114,1004,2026-08-06-00-38.csv
215712,2837136,354,24289,51.98,1,1,13.68,142.9,34477,182,-1034,-187,1066,2026-08-06-00-38.csv
216029,2837453,652,24289,51.96,1,1,13.81,144.2,34486,119,-835,62,846,2026-08-06-00-38.csv
216346,2837770,1672,24289,51.99,1,1,13.72,143.3,34495,104,-1145,-134,1157,2026-08-06-00-38.csv
216670,2838094,4981,24289,51.95,1,1,13.88,144.9,34505,106,-926,-60,934,2026-08-06-00-38.csv
216985,2838409,9509,24289,51.94,1,1,13.77,143.8,34514,114,-995,-30,1002,2026-08-06-00-38.csv
217360,2838784,16166,24289,51.93,1,1,12.8,133.7,34524,62,-922,-76,927,2026-08-06-00-38.csv
217677,2839101,10207,24289,51.96,1,1,14.13,147.5,34533,240,-799,-241,868,2026-08-06-00-38.csv
217993,2839417,-68,24289,51.92,1,1,13.02,136.0,34542,166,-711,-40,731,2026-08-06-00-38.csv
218318,2839742,-66,24289,51.94,1,1,14.51,151.5,34552,-90,-1122,123,1132,2026-08-06-00-38.csv
218636,2840060,-64,24289,51.9,1,1,14.32,149.5,34561,128,-831,-156,855,2026-08-06-00-38.csv
218961,2840385,-76,24289,51.92,1,1,12.94,135.1,34570,241,-750,-43,789,2026-08-06-00-38.csv
219279,2840703,-72,24289,51.92,1,1,14.22,148.5,34579,139,-1044,-181,1069,2026-08-06-00-38.csv
219607,2841031,-65,24289,51.89,1,1,14.42,150.6,34589,173,-907,-21,923,2026-08-06-00-38.csv
219927,2841351,-60,24289,51.86,1,1,12.98,135.5,34598,31,-899,-40,901,2026-08-06-00-38.csv
220247,2841671,-58,24289,51.84,1,1,14.17,148.0,34607,229,-707,-130,754,2026-08-06-00-38.csv
220574,2841998,-68,24289,51.79,1,1,12.67,132.4,34616,205,-856,-105,887,2026-08-06-00-38.csv
220899,2842323,-66,24289,51.76,1,1,13.68,142.9,34625,160,-976,-39,990,2026-08-06-00-38.csv
221221,2842645,-64,24289,51.74,1,1,13.47,140.6,34634,121,-967,10,975,2026-08-06-00-38.csv
221542,2842966,-58,24289,51.74,1,1,13.18,137.6,34643,147,-1035,-170,1059,2026-08-06-00-38.csv
221866,2843290,-61,24289,51.74,1,1,13.06,136.4,34652,139,-882,-18,893,2026-08-06-00-38.csv
222196,2843620,-61,24289,51.74,1,1,12.82,133.9,34661,63,-1074,-18,1076,2026-08-06-00-38.csv
222590,2844014,-47,24289,51.75,1,1,11.34,118.4,34670,174,-903,-83,923,2026-08-06-00-38.csv
222918,2844342,-38,24289,51.76,1,1,12.01,125.4,34678,155,-967,-147,990,2026-08-06-00-38.csv
223236,2844660,-33,24289,51.78,1,1,11.75,122.7,34686,69,-988,20,990,2026-08-06-00-38.csv
223597,2845021,-24,24289,51.81,1,1,10.32,107.8,34694,242,-766,-203,829,2026-08-06-00-38.csv
223895,2845319,-27,24289,51.86,1,1,11.06,115.5,34701,112,-1054,4,1060,2026-08-06-00-38.csv
224192,2845616,-39,24289,51.87,1,1,10.6,110.7,34707,141,-1015,-101,1030,2026-08-06-00-38.csv
224500,2845924,-47,24289,51.87,1,1,10.64,111.1,34714,164,-716,-18,734,2026-08-06-00-38.csv
224812,2846236,-62,24289,51.92,1,1,10.57,110.4,34721,141,-819,64,834,2026-08-06-00-38.csv
225115,2846539,-41,24289,51.94,1,1,10.57,110.4,34728,148,-1127,-223,1159,2026-08-06-00-38.csv
225418,2846842,-54,24289,51.94,1,1,10.3,107.5,34734,141,-730,105,751,2026-08-06-00-38.csv
225758,2847182,-55,24289,51.97,1,1,10.64,111.1,34742,131,-957,-74,969,2026-08-06-00-38.csv
226068,2847492,-44,24289,51.98,1,1,10.22,106.8,34748,160,-1116,-120,1134,2026-08-06-00-38.csv
226370,2847794,246,24289,52.01,1,1,10.51,109.7,34755,175,-1015,-175,1045,2026-08-06-00-38.csv
226676,2848100,709,24289,52.02,1,1,10.51,109.7,34762,157,-994,-83,1010,2026-08-06-00-38.csv
226985,2848409,1928,24289,52.06,1,1,10.3,107.5,34768,90,-878,116,890,2026-08-06-00-38.csv
227286,2848710,4846,24289,52.02,1,1,10.54,110.1,34775,97,-1058,-52,1063,2026-08-06-00-38.csv
227656,2849080,5615,24289,52.08,1,1,9.47,98.9,34782,146,-925,-142,947,2026-08-06-00-38.csv
227954,2849378,5916,24289,52.08,1,1,10.81,112.9,34789,118,-847,-101,862,2026-08-06-00-38.csv
228259,2849683,5759,24289,52.03,1,1,11.02,115.1,34796,119,-963,-36,971,2026-08-06-00-38.csv
228573,2849997,3208,24289,52.08,1,1,11.4,119.0,34804,71,-1236,-133,1245,2026-08-06-00-38.csv
228880,2850304,2025,24289,52.1,1,1,11.36,118.6,34811,181,-1162,-265,1205,2026-08-06-00-38.csv
229194,2850618,462,24289,52.1,1,1,11.64,121.6,34819,98,-977,-73,985,2026-08-06-00-38.csv
229499,2850923,-15,24289,52.09,1,1,11.44,119.5,34826,89,-1092,-42,1097,2026-08-06-00-38.csv
229807,2851231,-17,24289,52.08,1,1,11.32,118.2,34833,4,-988,136,997,2026-08-06-00-38.csv
230125,2851549,-37,24289,52.07,1,1,11.54,120.5,34841,273,-1221,-394,1311,2026-08-06-00-38.csv
230432,2851856,-61,24289,52.1,1,1,11.32,118.2,34848,109,-833,82,844,2026-08-06-00-38.csv
230737,2852161,-64,24289,52.08,1,1,11.32,118.2,34855,192,-1051,-243,1095,2026-08-06-00-38.csv
231045,2852469,-40,24289,52.11,1,1,11.37,118.7,34863,100,-1057,-70,1064,2026-08-06-00-38.csv
231371,2852795,-37,24289,52.12,1,1,11.06,115.5,34870,249,-688,-60,734,2026-08-06-00-38.csv
231680,2853104,-43,24289,52.14,1,1,10.92,114.0,34877,201,-1025,-313,1091,2026-08-06-00-38.csv
231992,2853416,-48,24289,52.15,1,1,10.81,112.9,34884,130,-1008,84,1019,2026-08-06-00-38.csv
232309,2853733,-41,24289,52.19,1,1,10.57,110.4,34891,99,-1091,-115,1102,2026-08-06-00-38.csv
232688,2854112,-16,24289,52.17,1,1,9.08,94.9,34898,195,-848,-159,884,2026-08-06-00-38.csv
232996,2854420,227,24289,52.19,1,1,9.77,102.0,34905,184,-854,-200,896,2026-08-06-00-38.csv
233300,2854724,193,24289,52.17,1,1,8.97,93.6,34910,162,-942,-86,960,2026-08-06-00-38.csv
233612,2855036,1057,24289,52.14,1,1,8.78,91.7,34916,120,-928,-30,936,2026-08-06-00-38.csv
233925,2855349,3343,24289,52.1,1,1,9.74,101.7,34922,45,-937,10,938,2026-08-06-00-38.csv
234233,2855657,7663,24289,52.11,1,1,7.65,79.9,34927,133,-889,-85,903,2026-08-06-00-38.csv
234541,2855965,12450,24289,52.1,1,1,8.81,92.0,34933,95,-1088,-88,1095,2026-08-06-00-38.csv
234848,2856272,18016,24289,52.08,1,1,6.82,71.2,34937,130,-934,-94,948,2026-08-06-00-38.csv
235169,2856593,22794,24289,52.06,1,1,7.06,73.7,34942,-12,-1151,14,1152,2026-08-06-00-38.csv
235489,2856913,24492,24289,52.02,1,1,7.0,73.1,34947,110,-963,-198,989,2026-08-06-00-38.csv
235804,2857228,24520,24289,52.0,1,1,8.52,89.0,34952,99,-1031,-103,1040,2026-08-06-00-38.csv
236122,2857546,24520,24289,52.05,1,1,7.12,74.4,34957,31,-1038,-31,1039,2026-08-06-00-38.csv
236432,2857856,24520,24289,52.02,1,1,7.39,77.2,34962,34,-947,29,948,2026-08-06-00-38.csv
236745,2858169,24520,24289,52.04,1,1,7.58,79.1,34967,120,-976,-191,1002,2026-08-06-00-38.csv
237065,2858489,24520,24289,52.1,1,1,7.98,83.3,34972,134,-719,-51,733,2026-08-06-00-38.csv
237386,2858810,24520,24289,52.09,1,1,8.68,90.6,34978,62,-829,-20,832,2026-08-06-00-38.csv
237761,2859185,24520,24289,52.05,1,1,8.02,83.8,34984,104,-792,-134,810,2026-08-06-00-38.csv
238081,2859505,24520,24289,52.07,1,1,9.92,103.6,34991,24,-1134,-29,1135,2026-08-06-00-38.csv
238393,2859817,24520,24289,52.09,1,1,10.28,107.4,34998,126,-964,-147,983,2026-08-06-00-38.csv
238708,2860132,24520,24289,52.12,1,1,10.78,112.5,35005,54,-1214,-95,1219,2026-08-06-00-38.csv
239023,2860447,24520,24289,52.12,1,1,11.21,117.1,35012,117,-876,-198,905,2026-08-06-00-38.csv
239343,2860767,24520,24289,52.14,1,1,11.75,122.7,35020,146,-986,-277,1035,2026-08-06-00-38.csv
239662,2861086,24520,24289,52.12,1,1,12.12,126.6,35028,147,-623,0,641,2026-08-06-00-38.csv
239983,2861407,14440,24289,52.16,1,1,12.67,132.4,35037,134,-962,-89,976,2026-08-06-00-38.csv
240302,2861726,-837,24289,52.19,1,1,12.6,131.6,35045,148,-1166,-139,1183,2026-08-06-00-38.csv
240624,2862048,-783,24289,52.21,1,1,12.44,129.9,35053,91,-969,54,975,2026-08-06-00-38.csv
240935,2862359,-741,24289,52.23,1,1,12.12,126.6,35061,115,-1072,-91,1082,2026-08-06-00-38.csv
241255,2862679,-688,24289,52.25,1,1,12.01,125.4,35069,175,-1024,-171,1053,2026-08-06-00-38.csv
241570,2862994,-622,24289,52.26,1,1,11.57,120.8,35077,116,-980,10,987,2026-08-06-00-38.csv
241896,2863320,-565,24289,52.26,1,1,11.13,116.3,35084,195,-955,-245,1005,2026-08-06-00-38.csv
242216,2863640,-150,24289,52.25,1,1,11.07,115.6,35092,109,-1107,-135,1120,2026-08-06-00-38.csv
242539,2863963,349,24289,52.25,1,1,10.64,111.1,35099,119,-982,-50,991,2026-08-06-00-38.csv
242920,2864344,2036,24289,52.31,1,1,9.18,95.9,35106,119,-899,18,907,2026-08-06-00-38.csv
243240,2864664,6005,24289,52.33,1,1,10.09,105.4,35113,155,-931,-52,945,2026-08-06-00-38.csv
243557,2864981,11011,24289,52.33,1,1,10.06,105.1,35120,85,-884,88,893,2026-08-06-00-38.csv
243876,2865300,16724,24289,52.35,1,1,9.77,102.0,35126,83,-900,-117,911,2026-08-06-00-38.csv
244192,2865616,18606,24289,52.39,1,1,10.0,104.5,35133,48,-758,-22,760,2026-08-06-00-38.csv
244516,2865940,17949,24289,52.42,1,1,10.06,105.1,35140,87,-1171,-211,1194,2026-08-06-00-38.csv
244838,2866262,18400,24289,52.42,1,1,9.94,103.8,35146,94,-868,29,874,2026-08-06-00-38.csv
245171,2866595,17095,24289,52.47,1,1,10.44,109.0,35154,185,-929,-148,959,2026-08-06-00-38.csv
245488,2866912,-282,24289,52.47,1,1,10.15,106.0,35160,56,-880,112,889,2026-08-06-00-38.csv
245816,2867240,-276,24289,52.48,1,1,10.13,105.7,35167,159,-993,-104,1011,2026-08-06-00-38.csv
246181,2867605,-257,24289,52.52,1,1,10.0,104.4,35175,113,-1102,38,1108,2026-08-06-00-38.csv
246480,2867904,-244,24289,52.59,1,1,9.42,98.4,35181,172,-833,-118,858,2026-08-06-00-38.csv
246781,2868205,-244,24289,52.58,1,1,8.97,93.6,35186,112,-1111,-100,1121,2026-08-06-00-38.csv
247094,2868518,-218,24289,52.59,1,1,9.06,94.6,35192,177,-1034,-116,1056,2026-08-06-00-38.csv
247399,2868823,-21,24289,52.64,1,1,8.78,91.7,35198,112,-975,-99,987,2026-08-06-00-38.csv
247703,2869127,414,24289,52.64,1,1,8.4,87.7,35203,160,-981,-136,1003,2026-08-06-00-38.csv
248066,2869490,2063,24289,52.71,1,1,7.33,76.5,35209,111,-1001,-39,1007,2026-08-06-00-38.csv
248362,2869786,5623,24289,52.68,1,1,7.98,83.3,35214,99,-917,-31,923,2026-08-06-00-38.csv
248682,2870106,10698,24289,52.71,1,1,7.93,82.8,35219,100,-1092,-174,1110,2026-08-06-00-38.csv
248981,2870405,15376,24289,52.75,1,1,7.98,83.3,35224,104,-1034,-143,1049,2026-08-06-00-38.csv
249286,2870710,20482,24289,52.79,1,1,8.09,84.5,35229,86,-982,-27,986,2026-08-06-00-38.csv
249589,2871013,23184,24289,52.82,1,1,8.2,85.6,35234,74,-1026,-169,1042,2026-08-06-00-38.csv
249895,2871319,24520,24289,52.85,1,1,8.65,90.4,35240,48,-988,-96,994,2026-08-06-00-38.csv
250194,2871618,24520,24289,52.84,1,1,8.64,90.3,35245,4,-1009,95,1013,2026-08-06-00-38.csv
250494,2871918,24520,24289,52.89,1,1,10.78,112.5,35252,145,-868,-218,907,2026-08-06-00-38.csv
250802,2872226,24520,24289,52.91,1,1,9.54,99.7,35258,130,-889,-201,921,2026-08-06-00-38.csv
251110,2872534,24520,24289,52.92,1,1,10.06,105.1,35265,84,-1139,-164,1153,2026-08-06-00-38.csv
251421,2872845,24520,24289,52.96,1,1,10.19,106.4,35271,67,-942,-58,946,2026-08-06-00-38.csv
251727,2873151,24520,24289,52.97,1,1,10.64,111.1,35278,138,-1036,-321,1093,2026-08-06-00-38.csv
252039,2873463,24520,24289,52.98,1,1,11.06,115.5,35285,43,-810,-149,825,2026-08-06-00-38.csv
252350,2873774,24520,24289,53.01,1,1,11.5,120.1,35293,119,-852,-52,862,2026-08-06-00-38.csv
252663,2874087,24520,24289,53.01,1,1,11.6,121.1,35300,83,-895,-20,899,2026-08-06-00-38.csv
253035,2874459,24520,24289,53.06,1,1,11.11,116.0,35309,-97,-1134,-186,1153,2026-08-06-00-38.csv
253340,2874764,24520,24289,53.06,1,1,12.44,129.9,35317,114,-1030,-142,1046,2026-08-06-00-38.csv
253658,2875082,50,24289,53.09,1,1,12.6,131.6,35325,186,-925,-140,954,2026-08-06-00-38.csv
253959,2875383,-786,24289,53.11,1,1,12.6,131.6,35333,115,-967,-209,996,2026-08-06-00-38.csv
254264,2875688,-755,24289,53.15,1,1,12.4,129.4,35341,141,-975,114,992,2026-08-06-00-38.csv
254598,2876022,-725,24289,53.18,1,1,12.28,128.2,35350,195,-1083,-250,1128,2026-08-06-00-38.csv
254913,2876337,-662,24289,53.2,1,1,11.97,125.0,35358,143,-1054,-39,1064,2026-08-06-00-38.csv
255229,2876653,-614,24289,53.21,1,1,11.44,119.5,35365,130,-1012,-192,1039,2026-08-06-00-38.csv
255536,2876960,-569,24289,53.18,1,1,11.13,116.3,35372,123,-988,-73,999,2026-08-06-00-38.csv
255853,2877277,-522,24289,53.18,1,1,11.17,116.6,35380,175,-813,-6,831,2026-08-06-00-38.csv
256174,2877598,-278,24289,53.22,1,1,10.67,111.5,35387,148,-1011,-142,1031,2026-08-06-00-38.csv
256483,2877907,2,24289,53.25,1,1,10.44,109.0,35394,125,-1127,-130,1141,2026-08-06-00-38.csv
256791,2878215,719,24289,53.27,1,1,10.04,104.9,35400,158,-847,-28,863,2026-08-06-00-38.csv
257098,2878522,2590,24289,53.32,1,1,9.87,103.1,35406,98,-1199,-51,1204,2026-08-06-00-38.csv
257408,2878832,4991,24289,53.35,1,1,9.94,103.9,35413,162,-987,-142,1010,2026-08-06-00-38.csv
257726,2879150,4348,24289,53.37,1,1,9.64,100.7,35419,174,-899,-154,929,2026-08-06-00-38.csv
258104,2879528,8951,24289,53.43,1,1,8.66,90.4,35426,189,-934,-155,965,2026-08-06-00-38.csv
258418,2879842,-279,24289,53.44,1,1,9.58,100.0,35432,146,-1010,-70,1023,2026-08-06-00-38.csv
258733,2880157,-267,24289,53.47,1,1,9.63,100.6,35439,100,-1019,-79,1027,2026-08-06-00-38.csv
259048,2880472,-250,24289,53.52,1,1,9.27,96.8,35445,191,-807,-34,830,2026-08-06-00-38.csv
259362,2880786,-246,24289,53.54,1,1,9.21,96.2,35451,132,-1004,-49,1014,2026-08-06-00-38.csv
259675,2881099,86,24289,53.57,1,1,9.09,94.9,35457,116,-1026,-54,1034,2026-08-06-00-38.csv
259988,2881412,652,24289,53.57,1,1,8.98,93.8,35463,109,-978,-75,987,2026-08-06-00-38.csv
260312,2881736,2223,24289,53.6,1,1,8.87,92.6,35469,111,-973,-1,979,2026-08-06-00-38.csv
260630,2882054,5950,24289,53.64,1,1,8.52,89.0,35474,118,-995,-108,1008,2026-08-06-00-38.csv
260952,2882376,10347,24289,53.65,1,1,8.78,91.7,35480,93,-1031,-123,1042,2026-08-06-00-38.csv
261272,2882696,16173,24289,53.65,1,1,8.92,93.2,35486,48,-934,-39,936,2026-08-06-00-38.csv
261587,2883011,20664,24289,53.74,1,1,9.01,94.0,35492,40,-1055,-115,1063,2026-08-06-00-38.csv
261905,2883329,23783,24289,53.75,1,1,9.24,96.5,35498,78,-820,-39,824,2026-08-06-00-38.csv
262224,2883648,24520,24289,53.79,1,1,9.74,101.7,35505,139,-1024,-212,1055,2026-08-06-00-38.csv
262542,2883966,24520,24289,53.82,1,1,9.94,103.8,35511,158,-1113,-314,1167,2026-08-06-00-38.csv
262861,2884285,24520,24289,53.86,1,1,10.85,113.3,35519,129,-984,-239,1021,2026-08-06-00-38.csv
263240,2884664,24520,24289,53.88,1,1,10.35,108.1,35527,-1,-1178,67,1180,2026-08-06-00-38.csv
263555,2884979,-409,24289,53.92,1,1,12.2,127.4,35535,136,-1041,-148,1060,2026-08-06-00-38.csv
263872,2885296,-457,24289,53.94,1,1,12.4,129.4,35543,131,-1019,-108,1033,2026-08-06-00-38.csv
264206,2885630,-464,24289,53.98,1,1,12.56,131.2,35552,158,-949,-33,963,2026-08-06-00-38.csv
264523,2885947,-437,24289,54.03,1,1,12.32,128.6,35560,179,-1104,-141,1127,2026-08-06-00-38.csv
264844,2886268,-435,24289,54.02,1,1,12.24,127.8,35568,165,-855,30,871,2026-08-06-00-38.csv
265158,2886582,-396,24289,54.04,1,1,12.08,126.2,35576,142,-1143,-149,1161,2026-08-06-00-38.csv
265479,2886903,-366,24289,54.03,1,1,11.9,124.2,35584,79,-1126,-77,1131,2026-08-06-00-38.csv
265797,2887221,-338,24289,54.03,1,1,11.64,121.5,35592,135,-909,-30,920,2026-08-06-00-38.csv
266121,2887545,-314,24289,54.05,1,1,11.44,119.5,35600,263,-828,-238,900,2026-08-06-00-38.csv
266438,2887862,-318,24289,54.07,1,1,11.06,115.5,35607,123,-1092,-168,1112,2026-08-06-00-38.csv
266766,2888190,-39,24289,54.04,1,1,10.88,113.6,35614,137,-902,-53,914,2026-08-06-00-38.csv
267093,2888517,748,24289,54.05,1,1,10.91,114.0,35622,176,-898,-172,931,2026-08-06-00-38.csv
267414,2888838,1869,24289,54.08,1,1,10.51,109.7,35629,-60,-1030,360,1093,2026-08-06-00-38.csv
267733,2889157,5471,24289,54.1,1,1,10.34,108.0,35636,136,-942,-64,954,2026-08-06-00-38.csv
268064,2889488,9195,24289,54.12,1,1,10.34,108.0,35643,115,-840,-25,848,2026-08-06-00-38.csv
268451,2889875,8920,24289,54.1,1,1,9.21,96.2,35650,95,-1103,-111,1113,2026-08-06-00-38.csv
268766,2890190,9463,24289,54.13,1,1,10.38,108.4,35657,102,-1040,-115,1051,2026-08-06-00-38.csv
269140,2890564,11385,24289,54.12,1,1,9.53,99.5,35665,138,-953,-131,971,2026-08-06-00-38.csv
269440,2890864,10944,24289,54.09,1,1,10.22,106.8,35671,71,-979,-102,987,2026-08-06-00-38.csv
269748,2891172,13020,24289,54.12,1,1,10.51,109.7,35678,118,-1007,-119,1021,2026-08-06-00-38.csv
270049,2891473,-194,24289,54.12,1,1,10.33,107.9,35684,175,-985,-90,1005,2026-08-06-00-38.csv
270352,2891776,-202,24289,54.15,1,1,10.44,109.0,35691,99,-1095,-88,1103,2026-08-06-00-38.csv
270654,2892078,-210,24289,54.15,1,1,10.19,106.4,35697,177,-886,-145,915,2026-08-06-00-38.csv
270958,2892382,-203,24289,54.23,1,1,10.28,107.4,35704,141,-856,-58,869,2026-08-06-00-38.csv
271265,2892689,-195,24289,54.22,1,1,10.01,104.5,35710,139,-890,-8,901,2026-08-06-00-38.csv
271568,2892992,-191,24289,54.26,1,1,10.13,105.7,35717,137,-995,-135,1014,2026-08-06-00-38.csv
271869,2893293,-184,24289,54.26,1,1,9.87,103.1,35723,229,-801,-189,854,2026-08-06-00-38.csv
272179,2893603,-173,24289,54.31,1,1,9.77,102.0,35729,106,-1076,-38,1082,2026-08-06-00-38.csv
272492,2893916,-175,24289,54.33,1,1,9.83,102.6,35736,68,-972,-38,975,2026-08-06-00-38.csv
272796,2894220,92,24289,54.37,1,1,9.58,100.0,35742,111,-990,-67,999,2026-08-06-00-38.csv
273098,2894522,215,24289,54.39,1,1,9.51,99.3,35748,152,-946,-128,967,2026-08-06-00-38.csv
273480,2894904,1917,24289,54.42,1,1,8.75,91.4,35755,173,-871,-142,899,2026-08-06-00-38.csv
273779,2895203,3921,24289,54.46,1,1,9.8,102.4,35761,216,-824,-189,872,2026-08-06-00-38.csv
274078,2895502,7469,24289,54.48,1,1,9.94,103.8,35767,110,-977,-92,987,2026-08-06-00-38.csv
274384,2895808,11590,24289,54.56,1,1,10.41,108.7,35774,107,-1062,-98,1072,2026-08-06-00-38.csv
274695,2896119,15151,24289,54.61,1,1,10.74,112.2,35781,163,-944,-187,976,2026-08-06-00-38.csv
275002,2896426,13864,24289,54.6,1,1,11.1,115.9,35788,72,-987,23,990,2026-08-06-00-38.csv
275304,2896728,13760,24289,54.64,1,1,11.43,119.4,35795,180,-926,-222,969,2026-08-06-00-38.csv
275617,2897041,16080,24289,54.71,1,1,11.94,124.7,35803,147,-893,-215,930,2026-08-06-00-38.csv
275926,2897350,19624,24289,54.75,1,1,12.32,128.6,35811,14,-1076,4,1077,2026-08-06-00-38.csv
276234,2897658,23732,24289,54.77,1,1,11.13,116.3,35818,103,-883,-112,896,2026-08-06-00-38.csv
276539,2897963,24520,24289,54.83,1,1,13.16,137.5,35826,97,-966,44,972,2026-08-06-00-38.csv
276855,2898279,-12,24289,54.85,1,1,14.04,146.6,35836,173,-892,-103,915,2026-08-06-00-38.csv
277169,2898593,-261,24289,54.88,1,1,13.99,146.1,35845,90,-1009,122,1021,2026-08-06-00-38.csv
277476,2898900,-258,24289,54.9,1,1,14.13,147.5,35854,171,-776,-76,799,2026-08-06-00-38.csv
277796,2899220,-264,24289,54.94,1,1,14.17,148.0,35863,146,-1096,-275,1140,2026-08-06-00-38.csv
278101,2899525,-241,24289,55.0,1,1,14.17,148.0,35872,106,-906,26,912,2026-08-06-00-38.csv
278478,2899902,-241,24289,55.02,1,1,13.37,139.6,35883,121,-1067,-131,1082,2026-08-06-00-38.csv
278781,2900205,-241,24289,55.05,1,1,14.17,148.0,35892,224,-652,-114,699,2026-08-06-00-38.csv
279084,2900508,-217,24289,55.12,1,1,14.22,148.5,35901,138,-881,-169,908,2026-08-06-00-38.csv
279387,2900811,-224,24289,55.11,1,1,14.17,148.0,35910,77,-1357,-18,1359,2026-08-06-00-38.csv
279690,2901114,-208,24289,55.16,1,1,14.17,148.0,35919,263,-633,-2,686,2026-08-06-00-38.csv
280006,2901430,-194,24289,55.21,1,1,13.95,145.6,35928,213,-1241,-169,1270,2026-08-06-00-38.csv
280318,2901742,-197,24289,55.23,1,1,13.3,138.9,35937,91,-1064,21,1068,2026-08-06-00-38.csv
280625,2902049,-184,24289,55.25,1,1,12.77,133.3,35945,230,-930,-102,964,2026-08-06-00-38.csv
280939,2902363,-176,24289,55.3,1,1,12.44,129.9,35953,129,-1036,57,1045,2026-08-06-00-38.csv
281254,2902678,-188,24289,55.33,1,1,11.86,123.8,35961,136,-1026,63,1037,2026-08-06-00-38.csv
281566,2902990,-185,24289,55.35,1,1,11.1,115.9,35968,190,-899,-97,924,2026-08-06-00-38.csv
281876,2903300,-171,24289,55.41,1,1,10.85,113.3,35975,174,-904,-67,923,2026-08-06-00-38.csv
282200,2903624,-164,24289,55.43,1,1,10.61,110.8,35982,162,-958,-109,978,2026-08-06-00-38.csv
282523,2903947,-154,24289,55.47,1,1,10.38,108.4,35989,139,-925,-99,941,2026-08-06-00-38.csv
282838,2904262,-158,24289,55.52,1,1,10.19,106.4,35996,99,-820,82,830,2026-08-06-00-38.csv
283157,2904581,-153,24289,55.55,1,1,9.67,101.0,36002,65,-1230,-132,1239,2026-08-06-00-38.csv
283542,2904966,-153,24289,55.57,1,1,8.53,89.1,36009,152,-1098,-149,1119,2026-08-06-00-38.csv
283889,2905313,-144,24289,55.59,1,1,9.28,97.0,36016,155,-989,-143,1011,2026-08-06-00-38.csv
284206,2905630,-148,24289,55.62,1,1,8.87,92.6,36022,126,-965,18,974,2026-08-06-00-38.csv
284520,2905944,-145,24289,55.66,1,1,8.46,88.3,36027,84,-955,-56,960,2026-08-06-00-38.csv
284834,2906258,28,24289,55.66,1,1,8.5,88.8,36033,241,-875,-181,925,2026-08-06-00-38.csv
285155,2906579,649,24289,55.72,1,1,8.11,84.7,36038,64,-1127,-10,1129,2026-08-06-00-38.csv
285479,2906903,2250,24289,55.77,1,1,8.16,85.2,36044,136,-1175,-233,1205,2026-08-06-00-38.csv
285796,2907220,5933,24289,55.73,1,1,7.82,81.7,36049,97,-1014,26,1019,2026-08-06-00-38.csv
286112,2907536,10844,24289,55.79,1,1,9.36,97.7,36055,127,-921,-86,934,2026-08-06-00-38.csv
286441,2907865,16499,24289,55.82,1,1,9.47,98.9,36062,76,-974,-9,977,2026-08-06-00-38.csv
286769,2908193,20055,24289,55.88,1,1,8.11,84.7,36067,60,-1205,-125,1213,2026-08-06-00-38.csv
287092,2908516,24247,24289,55.9,1,1,8.68,90.6,36073,118,-805,-14,814,2026-08-06-00-38.csv
287412,2908836,24520,24289,55.92,1,1,9.03,94.3,36079,53,-1180,-151,1191,2026-08-06-00-38.csv
287731,2909155,24520,24289,55.96,1,1,9.71,101.4,36086,133,-956,-226,991,2026-08-06-00-38.csv
288057,2909481,24520,24289,55.98,1,1,10.19,106.4,36093,49,-950,-10,952,2026-08-06-00-38.csv
288376,2909800,24520,24289,56.0,1,1,10.71,111.8,36100,86,-895,-122,907,2026-08-06-00-38.csv
288764,2910188,24520,24289,56.03,1,1,10.19,106.4,36108,40,-992,-98,997,2026-08-06-00-38.csv
289077,2910501,24520,24289,56.06,1,1,11.82,123.5,36116,32,-1036,-17,1037,2026-08-06-00-38.csv
289413,2910837,24520,24289,56.08,1,1,12.42,129.7,36125,113,-906,-142,924,2026-08-06-00-38.csv
289732,2911156,24520,24289,56.07,1,1,12.64,132.0,36133,72,-924,81,930,2026-08-06-00-38.csv
290043,2911467,24520,24289,56.13,1,1,13.18,137.6,36142,119,-750,-126,770,2026-08-06-00-38.csv
290360,2911784,24520,24289,56.11,1,1,11.64,121.5,36149,84,-994,10,998,2026-08-06-00-38.csv
290684,2912108,24520,24289,56.12,1,1,12.53,130.8,36158,97,-1188,-273,1223,2026-08-06-00-38.csv
291007,2912431,24520,24289,56.14,1,1,14.08,147.1,36167,67,-1044,-125,1053,2026-08-06-00-38.csv
291324,2912748,24518,24289,56.12,1,1,14.55,152.0,36177,116,-922,-92,934,2026-08-06-00-38.csv
291647,2913071,22610,24289,56.18,1,1,13.34,139.3,36186,77,-812,28,816,2026-08-06-00-38.csv
292017,2913441,-797,24289,56.17,1,1,13.93,145.5,36197,78,-1115,69,1120,2026-08-06-00-38.csv
292315,2913739,-769,24289,56.17,1,1,14.61,152.5,36206,143,-1069,-146,1088,2026-08-06-00-38.csv
292620,2914044,-725,24289,56.2,1,1,12.81,133.8,36214,187,-936,-151,966,2026-08-06-00-38.csv
292926,2914350,-675,24289,56.17,1,1,12.6,131.6,36222,94,-1085,-67,1092,2026-08-06-00-38.csv
293241,2914665,-620,24289,56.2,1,1,12.48,130.3,36230,129,-751,138,774,2026-08-06-00-38.csv
293542,2914966,-589,24289,56.19,1,1,12.2,127.4,36238,126,-1048,-164,1069,2026-08-06-00-38.csv
293910,2915334,-539,24289,56.21,1,1,12.17,127.1,36247,104,-843,-62,851,2026-08-06-00-38.csv
294203,2915627,-502,24289,56.24,1,1,13.07,136.5,36255,62,-1184,-37,1186,2026-08-06-00-38.csv
294512,2915936,-463,24289,56.24,1,1,13.02,136.0,36264,91,-795,138,812,2026-08-06-00-38.csv
294806,2916230,-431,24289,56.29,1,1,12.41,129.6,36271,267,-634,-116,698,2026-08-06-00-38.csv
295109,2916533,-384,24289,56.25,1,1,12.44,129.9,36279,53,-913,192,935,2026-08-06-00-38.csv
295416,2916840,-367,24289,56.29,1,1,12.24,127.8,36287,177,-1057,-193,1089,2026-08-06-00-38.csv
295723,2917147,-351,24289,56.34,1,1,12.12,126.6,36295,171,-712,117,742,2026-08-06-00-38.csv
296026,2917450,-322,24289,56.33,1,1,11.64,121.5,36302,178,-993,-179,1025,2026-08-06-00-38.csv
296327,2917751,-313,24289,56.33,1,1,11.79,123.1,36310,157,-867,-28,881,2026-08-06-00-38.csv
296634,2918058,-308,24289,56.32,1,1,11.44,119.5,36317,155,-914,-50,928,2026-08-06-00-38.csv
296944,2918368,-301,24289,56.36,1,1,11.28,117.8,36324,184,-839,-159,873,2026-08-06-00-38.csv
297250,2918674,-284,24289,56.37,1,1,11.28,117.8,36331,130,-970,-19,979,2026-08-06-00-38.csv
297562,2918986,-262,24289,56.36,1,1,11.43,119.4,36339,68,-992,-7,994,2026-08-06-00-38.csv
297870,2919294,-259,24289,56.36,1,1,11.36,118.6,36346,53,-1017,121,1026,2026-08-06-00-38.csv
298185,2919609,-246,24289,56.36,1,1,10.16,106.1,36353,142,-977,-90,991,2026-08-06-00-38.csv
298498,2919922,-229,24289,56.4,1,1,11.48,119.9,36360,65,-1106,-20,1108,2026-08-06-00-38.csv
298865,2920289,-232,24289,56.44,1,1,10.49,109.6,36368,117,-1061,-84,1071,2026-08-06-00-38.csv
299166,2920590,-227,24289,56.44,1,1,11.64,121.6,36376,161,-845,0,860,2026-08-06-00-38.csv
299485,2920909,-226,24289,56.47,1,1,11.4,119.0,36383,180,-948,-119,973,2026-08-06-00-38.csv
299799,2921223,-224,24289,56.51,1,1,11.61,121.2,36391,107,-1118,-126,1130,2026-08-06-00-38.csv
300103,2921527,-194,24289,56.53,1,1,11.4,119.0,36398,75,-1140,-37,1143,2026-08-06-00-38.csv
300412,2921836,-196,24289,56.56,1,1,11.5,120.1,36406,170,-984,-131,1007,2026-08-06-00-38.csv
300718,2922142,-196,24289,56.56,1,1,11.32,118.2,36413,146,-1007,-172,1032,2026-08-06-00-38.csv
301025,2922449,-194,24289,56.62,1,1,11.4,119.0,36420,132,-975,-53,985,2026-08-06-00-38.csv
301330,2922754,-206,24289,56.65,1,1,11.44,119.5,36427,114,-964,-75,973,2026-08-06-00-38.csv
301639,2923063,-197,24289,56.62,1,1,11.71,122.3,36435,149,-927,-130,948,2026-08-06-00-38.csv
301954,2923378,-193,24289,56.68,1,1,11.75,122.7,36443,160,-911,-69,927,2026-08-06-00-38.csv
302280,2923704,-193,24289,56.73,1,1,11.79,123.1,36451,29,-1074,-98,1079,2026-08-06-00-38.csv
302589,2924013,-187,24289,56.75,1,1,11.6,121.1,36458,165,-878,-97,898,2026-08-06-00-38.csv
302906,2924330,-183,24289,56.77,1,1,11.82,123.5,36466,63,-1189,29,1191,2026-08-06-00-38.csv
303216,2924640,-191,24289,56.81,1,1,11.79,123.1,36474,144,-1014,-256,1056,2026-08-06-00-38.csv
303535,2924959,-178,24289,56.81,1,1,11.52,120.3,36481,142,-817,106,836,2026-08-06-00-38.csv
303916,2925340,-174,24289,56.86,1,1,10.83,113.1,36490,159,-992,-141,1015,2026-08-06-00-38.csv
304233,2925657,-176,24289,56.88,1,1,11.79,123.1,36498,114,-1030,-95,1040,2026-08-06-00-38.csv
304541,2925965,-65,24289,56.91,1,1,11.52,120.3,36505,87,-997,28,1001,2026-08-06-00-38.csv
304859,2926283,133,24289,56.93,1,1,11.57,120.8,36513,90,-1172,-14,1175,2026-08-06-00-38.csv
305180,2926604,528,24289,56.97,1,1,11.21,117.1,36520,224,-668,-79,709,2026-08-06-00-38.csv
305494,2926918,1894,24289,56.99,1,1,11.37,118.7,36528,107,-1134,-190,1155,2026-08-06-00-38.csv
305814,2927238,4408,24289,57.01,1,1,11.13,116.3,36535,148,-910,-109,929,2026-08-06-00-38.csv
306139,2927563,9717,24289,57.04,1,1,11.27,117.6,36543,96,-1169,-222,1194,2026-08-06-00-38.csv
306453,2927877,14370,24289,57.07,1,1,11.25,117.4,36550,-9,-821,75,824,2026-08-06-00-38.csv
306764,2928188,18879,24289,57.09,1,1,11.68,122.0,36558,105,-942,-42,948,2026-08-06-00-38.csv
307075,2928499,1743,24289,57.14,1,1,11.97,125.0,36566,199,-722,-94,755,2026-08-06-00-38.csv
307391,2928815,-182,24289,57.16,1,1,12.12,126.6,36574,125,-1094,-92,1105,2026-08-06-00-38.csv
307704,2929128,-180,24289,57.14,1,1,12.08,126.2,36582,101,-1073,-29,1078,2026-08-06-00-38.csv
308018,2929442,-188,24289,57.2,1,1,11.88,124.1,36589,172,-1093,-236,1132,2026-08-06-00-38.csv
308332,2929756,-201,24289,57.2,1,1,12.04,125.8,36597,101,-1001,95,1010,2026-08-06-00-38.csv
308657,2930081,-198,24289,57.19,1,1,11.97,125.0,36605,127,-1036,-107,1049,2026-08-06-00-38.csv
309038,2930462,-189,24289,57.2,1,1,10.99,114.8,36614,123,-1109,-5,1116,2026-08-06-00-38.csv
309354,2930778,-173,24289,57.23,1,1,10.54,110.1,36621,20,-962,229,989,2026-08-06-00-38.csv
309671,2931095,-187,24289,57.21,1,1,12.16,127.0,36629,172,-580,-112,615,2026-08-06-00-38.csv
309987,2931411,-183,24289,57.16,1,1,12.2,127.4,36637,160,-1027,-192,1057,2026-08-06-00-38.csv
310304,2931728,-179,24289,57.23,1,1,12.24,127.8,36645,173,-1052,-198,1084,2026-08-06-00-38.csv
310623,2932047,-166,24289,57.26,1,1,12.16,127.0,36653,212,-951,-355,1037,2026-08-06-00-38.csv
310949,2932373,-157,24289,57.28,1,1,12.42,129.7,36662,127,-1117,-185,1140,2026-08-06-00-38.csv
311271,2932695,-157,24289,57.27,1,1,12.24,127.8,36670,240,-821,-172,873,2026-08-06-00-38.csv
311592,2933016,-152,24289,57.28,1,1,12.2,127.4,36678,118,-1208,-267,1243,2026-08-06-00-38.csv
311917,2933341,-151,24289,57.23,1,1,12.45,130.1,36687,181,-1049,-344,1119,2026-08-06-00-38.csv
312232,2933656,-156,24289,57.26,1,1,12.44,129.9,36695,138,-700,110,722,2026-08-06-00-38.csv
312553,2933977,-152,24289,57.3,1,1,12.6,131.6,36703,227,-1030,-264,1088,2026-08-06-00-38.csv
312877,2934301,-156,24289,57.26,1,1,12.86,134.3,36712,195,-884,-151,917,2026-08-06-00-38.csv
313201,2934625,-150,24289,57.28,1,1,12.94,135.1,36721,86,-1105,14,1108,2026-08-06-00-38.csv
313551,2934975,-152,24289,57.27,1,1,12.9,134.7,36730,74,-791,107,802,2026-08-06-00-38.csv
313870,2935294,-154,24289,57.31,1,1,13.02,136.0,36739,168,-893,-66,911,2026-08-06-00-38.csv
314256,2935680,-150,24289,57.32,1,1,12.18,127.2,36749,199,-905,-257,962,2026-08-06-00-38.csv
314610,2936034,-153,24289,57.35,1,1,12.0,125.3,36758,90,-1107,-61,1112,2026-08-06-00-38.csv
314909,2936333,-144,24289,57.34,1,1,11.4,119.0,36765,172,-953,-155,981,2026-08-06-00-38.csv
315212,2936636,-147,24289,57.36,1,1,13.16,137.5,36773,126,-1148,-118,1161,2026-08-06-00-38.csv
315517,2936941,-147,24289,57.38,1,1,13.38,139.8,36782,109,-952,18,958,2026-08-06-00-38.csv
315818,2937242,-146,24289,57.36,1,1,13.3,138.9,36790,128,-1071,0,1079,2026-08-06-00-38.csv
316116,2937540,-140,24289,57.36,1,1,13.39,139.9,36798,121,-1016,-134,1032,2026-08-06-00-38.csv
316415,2937839,-145,24289,57.35,1,1,13.59,142.0,36807,166,-867,-98,888,2026-08-06-00-38.csv
316722,2938146,-147,24289,57.35,1,1,13.77,143.8,36816,101,-1026,-43,1031,2026-08-06-00-38.csv
317025,2938449,-142,24289,57.32,1,1,13.63,142.3,36824,105,-907,39,914,2026-08-06-00-38.csv
317334,2938758,-151,24289,57.3,1,1,12.32,128.6,36832,174,-843,-74,864,2026-08-06-00-38.csv
317638,2939062,-144,24289,57.34,1,1,12.44,129.9,36840,152,-970,-184,999,2026-08-06-00-38.csv
317950,2939374,-155,24289,57.33,1,1,12.52,130.7,36848,158,-937,7,950,2026-08-06-00-38.csv
318252,2939676,-154,24289,57.34,1,1,14.08,147.1,36857,156,-962,-60,976,2026-08-06-00-38.csv
318560,2939984,-140,24289,57.36,1,1,14.17,148.0,36866,139,-848,-29,860,2026-08-06-00-38.csv
318870,2940294,-144,24289,57.38,1,1,14.42,150.6,36876,139,-1115,-130,1131,2026-08-06-00-38.csv
319251,2940675,-146,24289,57.36,1,1,13.26,138.5,36886,210,-980,-125,1010,2026-08-06-00-38.csv
319564,2940988,-149,24289,57.34,1,1,14.51,151.5,36896,105,-917,25,923,2026-08-06-00-38.csv
319869,2941293,-147,24289,57.31,1,1,14.41,150.5,36905,166,-736,-51,756,2026-08-06-00-38.csv
320174,2941598,-149,24289,57.33,1,1,12.81,133.8,36913,66,-960,126,971,2026-08-06-00-38.csv
320481,2941905,-151,24289,57.31,1,1,14.64,152.9,36923,215,-1147,-475,1259,2026-08-06-00-38.csv
320789,2942213,-149,24289,57.33,1,1,14.56,152.0,36932,31,-1141,231,1165,2026-08-06-00-38.csv
321095,2942519,-127,24289,57.33,1,1,12.9,134.7,36940,206,-806,-94,837,2026-08-06-00-38.csv
321412,2942836,-149,24289,57.32,1,1,14.78,154.3,36950,180,-1003,-169,1033,2026-08-06-00-38.csv
321725,2943149,-144,24289,57.33,1,1,13.3,138.9,36959,171,-985,-218,1023,2026-08-06-00-38.csv
322034,2943458,-130,24289,57.36,1,1,14.66,153.1,36968,177,-1045,-202,1079,2026-08-06-00-38.csv
322342,2943766,-141,24289,57.39,1,1,14.92,155.8,36978,149,-927,-183,957,2026-08-06-00-38.csv
322654,2944078,-152,24289,57.38,1,1,13.03,136.1,36986,334,-640,-200,749,2026-08-06-00-38.csv
322962,2944386,-141,24289,57.39,1,1,14.78,154.3,36996,99,-1068,-20,1072,2026-08-06-00-38.csv
323274,2944698,-139,24289,57.42,1,1,14.56,152.0,37005,86,-1037,-9,1040,2026-08-06-00-38.csv
323583,2945007,-139,24289,57.4,1,1,14.69,153.4,37015,323,-591,-94,680,2026-08-06-00-38.csv
323896,2945320,-138,24289,57.36,1,1,14.51,151.5,37024,131,-999,-44,1009,2026-08-06-00-38.csv
324276,2945700,-147,24289,57.36,1,1,13.72,143.2,37035,164,-1225,-253,1262,2026-08-06-00-38.csv
324587,2946011,-156,24289,57.35,1,1,13.18,137.6,37044,40,-1098,62,1101,2026-08-06-00-38.csv
324896,2946320,-151,24289,57.37,1,1,14.51,151.5,37053,126,-853,-81,866,2026-08-06-00-38.csv
325205,2946629,-135,24289,57.38,1,1,12.85,134.2,37061,127,-1048,-57,1057,2026-08-06-00-38.csv
325517,2946941,-146,24289,57.37,1,1,14.6,152.4,37071,157,-838,-183,872,2026-08-06-00-38.csv
325832,2947256,-143,24289,57.33,1,1,14.27,149.0,37080,213,-847,-158,887,2026-08-06-00-38.csv
326151,2947575,-128,24289,57.32,1,1,12.9,134.7,37089,162,-997,-69,1013,2026-08-06-00-38.csv
326463,2947887,-130,24289,57.29,1,1,14.08,147.1,37098,80,-1083,-35,1086,2026-08-06-00-38.csv
326776,2948200,-134,24289,57.29,1,1,13.81,144.2,37107,232,-825,-177,875,2026-08-06-00-38.csv
327098,2948522,-120,24289,57.27,1,1,13.55,141.5,37116,206,-889,-222,939,2026-08-06-00-38.csv
327408,2948832,-126,24289,57.27,1,1,13.38,139.7,37125,135,-938,-74,951,2026-08-06-00-38.csv
327733,2949157,-115,24289,57.28,1,1,13.14,137.2,37134,154,-989,-140,1011,2026-08-06-00-38.csv
328038,2949462,-122,24289,57.29,1,1,12.85,134.2,37142,113,-917,-42,925,2026-08-06-00-38.csv
328372,2949796,-129,24289,57.27,1,1,12.86,134.3,37151,147,-1171,-172,1193,2026-08-06-00-38.csv
328695,2950119,-126,24289,57.28,1,1,10.95,114.4,37158,144,-807,-96,826,2026-08-06-00-38.csv
329008,2950432,-119,24289,57.32,1,1,12.28,128.2,37166,111,-1163,-78,1171,2026-08-06-00-38.csv
329386,2950810,-143,24289,57.31,1,1,11.13,116.3,37175,177,-854,-102,879,2026-08-06-00-38.csv
329700,2951124,-140,24289,57.35,1,1,11.86,123.8,37183,93,-1028,25,1033,2026-08-06-00-38.csv
330012,2951436,-122,24289,57.35,1,1,11.52,120.3,37190,110,-910,1,917,2026-08-06-00-38.csv
330325,2951749,-133,24289,57.39,1,1,11.68,122.0,37198,128,-909,73,921,2026-08-06-00-38.csv
330642,2952066,-135,24289,57.4,1,1,11.75,122.7,37206,110,-954,22,960,2026-08-06-00-38.csv
330956,2952380,-133,24289,57.4,1,1,11.6,121.1,37213,130,-1096,-197,1121,2026-08-06-00-38.csv
331276,2952700,-124,24289,57.42,1,1,11.9,124.2,37221,149,-966,-91,982,2026-08-06-00-38.csv
331591,2953015,-120,24289,57.4,1,1,12.04,125.8,37229,155,-983,-151,1006,2026-08-06-00-38.csv
331911,2953335,-118,24289,57.43,1,1,12.12,126.6,37237,34,-995,218,1019,2026-08-06-00-38.csv
332231,2953655,-122,24289,57.46,1,1,12.45,130.1,37246,198,-861,-159,898,2026-08-06-00-38.csv
332573,2953997,-121,24289,57.47,1,1,12.64,132.0,37255,-55,-983,303,1030,2026-08-06-00-38.csv
332897,2954321,-114,24289,57.48,1,1,12.68,132.5,37263,278,-647,-143,719,2026-08-06-00-38.csv
333212,2954636,-125,24289,57.47,1,1,13.02,136.0,37272,144,-1326,-201,1349,2026-08-06-00-38.csv
333533,2954957,-123,24289,57.52,1,1,13.1,136.8,37281,215,-864,-118,899,2026-08-06-00-38.csv
333859,2955283,-101,24289,57.55,1,1,13.18,137.6,37290,147,-869,85,886,2026-08-06-00-38.csv
334181,2955605,252,24289,57.52,1,1,11.44,119.5,37297,144,-1038,-181,1063,2026-08-06-00-38.csv
334571,2955995,673,24289,57.54,1,1,11.45,119.6,37307,129,-1017,-119,1032,2026-08-06-00-38.csv
334889,2956313,2853,24289,57.52,1,1,12.01,125.4,37315,137,-780,-88,797,2026-08-06-00-38.csv
335215,2956639,4349,24289,57.58,1,1,13.64,142.4,37324,150,-896,-67,911,2026-08-06-00-38.csv
335533,2956957,9272,24289,57.56,1,1,13.81,144.2,37333,156,-1106,-138,1126,2026-08-06-00-38.csv
335856,2957280,-129,24289,57.56,1,1,12.82,133.9,37342,116,-1010,-99,1021,2026-08-06-00-38.csv
336172,2957596,-117,24289,57.52,1,1,14.17,148.0,37351,156,-885,-22,899,2026-08-06-00-38.csv
336494,2957918,-112,24289,57.52,1,1,14.42,150.6,37361,83,-955,-11,958,2026-08-06-00-38.csv
336813,2958237,-116,24289,57.5,1,1,14.36,150.0,37370,236,-666,-6,707,2026-08-06-00-38.csv
337137,2958561,-116,24289,57.51,1,1,14.64,152.9,37380,63,-1108,15,1110,2026-08-06-00-38.csv
337506,2958930,-137,24289,57.51,1,1,13.68,142.9,37391,97,-951,24,957,2026-08-06-00-38.csv
337822,2959246,-124,24289,57.52,1,1,14.61,152.5,37400,143,-988,-101,1004,2026-08-06-00-38.csv
338121,2959545,-106,24289,57.53,1,1,14.78,154.3,37410,167,-1016,-118,1037,2026-08-06-00-38.csv
338421,2959845,-123,24289,57.55,1,1,14.76,154.1,37419,106,-865,85,876,2026-08-06-00-38.csv
338726,2960150,-114,24289,57.55,1,1,13.16,137.5,37427,184,-1072,-258,1118,2026-08-06-00-38.csv
339036,2960460,-102,24289,57.52,1,1,14.96,156.3,37437,74,-989,58,994,2026-08-06-00-38.csv
339343,2960767,-107,24289,57.5,1,1,14.96,156.3,37447,120,-940,17,948,2026-08-06-00-38.csv
339710,2961134,-112,24289,57.51,1,1,13.72,143.3,37457,217,-781,-138,822,2026-08-06-00-38.csv
340007,2961431,-106,24289,57.47,1,1,14.56,152.0,37466,122,-1049,-95,1060,2026-08-06-00-38.csv
340308,2961732,-108,24289,57.45,1,1,14.46,151.0,37475,210,-881,-194,926,2026-08-06-00-38.csv
340615,2962039,-112,24289,57.43,1,1,14.64,152.9,37485,169,-871,-21,887,2026-08-06-00-38.csv
340918,2962342,-113,24289,57.41,1,1,14.46,151.0,37494,191,-875,-41,897,2026-08-06-00-38.csv
341227,2962651,-112,24289,57.36,1,1,14.08,147.1,37503,-4,-799,53,800,2026-08-06-00-38.csv
341531,2962955,-104,24289,57.38,1,1,13.77,143.8,37512,119,-943,102,956,2026-08-06-00-38.csv
341846,2963270,-121,24289,57.36,1,1,13.21,137.9,37520,182,-825,-45,846,2026-08-06-00-38.csv
342152,2963576,-105,24289,57.36,1,1,12.64,132.0,37528,131,-1092,-72,1102,2026-08-06-00-38.csv
342486,2963910,-109,24289,57.33,1,1,12.6,131.6,37537,129,-923,-4,932,2026-08-06-00-38.csv
342792,2964216,-105,24289,57.32,1,1,12.36,129.0,37545,107,-897,-112,910,2026-08-06-00-38.csv
343106,2964530,-90,24289,57.36,1,1,12.32,128.6,37553,36,-1035,93,1040,2026-08-06-00-38.csv
343418,2964842,-99,24289,57.35,1,1,12.28,128.2,37561,132,-1057,-122,1072,2026-08-06-00-38.csv
343728,2965152,-98,24289,57.31,1,1,12.28,128.2,37569,106,-1087,-55,1094,2026-08-06-00-38.csv
344039,2965463,-89,24289,57.32,1,1,12.2,127.4,37577,179,-977,-251,1024,2026-08-06-00-38.csv
344357,2965781,-98,24289,57.31,1,1,12.16,127.0,37585,57,-1063,123,1072,2026-08-06-00-38.csv
344729,2966153,-102,24289,57.3,1,1,11.22,117.2,37594,203,-889,-215,937,2026-08-06-00-38.csv
345031,2966455,-96,24289,57.3,1,1,12.1,126.4,37601,154,-790,47,807,2026-08-06-00-38.csv
345337,2966761,-106,24289,57.33,1,1,12.32,128.6,37609,100,-1041,-94,1050,2026-08-06-00-38.csv
345648,2967072,-103,24289,57.3,1,1,12.28,128.2,37617,150,-813,-2,827,2026-08-06-00-38.csv
345957,2967381,-100,24289,57.32,1,1,12.24,127.8,37625,83,-1083,-100,1091,2026-08-06-00-38.csv
346269,2967693,-102,24289,57.33,1,1,12.2,127.4,37633,189,-840,53,862,2026-08-06-00-38.csv
346578,2968002,-88,24289,57.33,1,1,12.01,125.4,37641,130,-1113,-1,1121,2026-08-06-00-38.csv
346885,2968309,-93,24289,57.34,1,1,11.28,117.8,37648,208,-947,-119,977,2026-08-06-00-38.csv
347193,2968617,-87,24289,57.32,1,1,10.78,112.5,37655,166,-962,-53,978,2026-08-06-00-38.csv
347504,2968928,-89,24289,57.36,1,1,10.28,107.4,37662,155,-1100,35,1112,2026-08-06-00-38.csv
347812,2969236,-92,24289,57.36,1,1,9.67,101.0,37668,230,-948,-131,984,2026-08-06-00-38.csv
348133,2969557,-93,24289,57.36,1,1,9.18,95.8,37674,124,-895,108,910,2026-08-06-00-38.csv
348444,2969868,-101,24289,57.34,1,1,8.37,87.4,37679,217,-928,-141,963,2026-08-06-00-38.csv
348757,2970181,-93,24289,57.33,1,1,7.72,80.6,37684,197,-875,11,897,2026-08-06-00-38.csv
349070,2970494,-80,24289,57.37,1,1,8.33,87.0,37690,196,-959,35,979,2026-08-06-00-38.csv
349385,2970809,-82,24289,57.38,1,1,7.46,77.9,37695,185,-1033,-34,1050,2026-08-06-00-38.csv
349763,2971187,-85,24289,57.39,1,1,4.02,42.0,37698,201,-920,-61,943,2026-08-06-00-38.csv
350083,2971507,-77,24289,57.4,1,1,4.47,46.7,37701,123,-962,61,971,2026-08-06-00-38.csv
350394,2971818,-87,24289,57.43,1,1,5.4,56.4,37704,209,-949,-88,975,2026-08-06-00-38.csv
350708,2972132,-89,24289,57.44,1,1,4.71,49.2,37707,227,-955,55,984,2026-08-06-00-38.csv
351028,2972452,-74,24289,57.46,1,1,3.77,39.4,37710,199,-982,-79,1005,2026-08-06-00-38.csv
351341,2972765,-86,24289,57.46,1,1,2.88,30.1,37711,156,-977,-50,991,2026-08-06-00-38.csv
351654,2973078,-78,24289,57.45,1,1,2.39,25.0,37713,153,-956,-12,968,2026-08-06-00-38.csv
351965,2973389,-84,24289,57.45,1,1,2.34,24.4,37714,165,-965,-66,981,2026-08-06-00-38.csv
352285,2973709,-83,24289,57.48,1,1,1.95,20.3,37715,168,-979,-30,994,2026-08-06-00-38.csv
352598,2974022,-73,24289,57.48,1,1,1.59,16.6,37716,172,-960,-36,976,2026-08-06-00-38.csv
352920,2974344,-85,24289,57.46,1,1,1.13,11.8,37717,177,-970,-23,986,2026-08-06-00-38.csv
353237,2974661,-72,24289,57.48,1,1,1.13,11.8,37717,121,-979,-52,988,2026-08-06-00-38.csv
353558,2974982,-70,24289,57.47,1,1,1.13,11.8,37717,144,-961,-72,974,2026-08-06-00-38.csv
353883,2975307,-66,24289,57.52,1,1,1.13,11.8,37717,118,-976,-62,985,2026-08-06-00-38.csv
354203,2975627,-72,24289,57.52,1,1,1.13,11.8,37717,133,-975,-72,986,2026-08-06-00-38.csv
354529,2975953,-72,24289,57.52,1,1,1.13,11.8,37717,128,-969,-51,979,2026-08-06-00-38.csv
354914,2976338,-72,24289,57.5,1,1,0.0,0.0,37717,159,-957,-20,970,2026-08-06-00-38.csv
355234,2976658,-69,24289,57.56,1,1,0.0,0.0,37717,126,-970,-64,981,2026-08-06-00-38.csv
355554,2976978,-67,24289,57.53,1,1,0.0,0.0,37717,120,-963,-50,972,2026-08-06-00-38.csv
355869,2977293,-72,24289,57.55,1,1,0.0,0.0,37717,156,-960,-78,976,2026-08-06-00-38.csv
356187,2977611,-57,24289,57.54,1,1,0.0,0.0,37717,107,-991,-46,998,2026-08-06-00-38.csv
356508,2977932,-64,24289,57.55,1,1,0.0,0.0,37717,119,-969,-82,979,2026-08-06-00-38.csv
356832,2978256,-62,24289,57.56,1,1,0.0,0.0,37717,160,-947,-40,961,2026-08-06-00-38.csv
357145,2978569,-57,24289,57.58,1,1,0.0,0.0,37717,155,-989,-51,1003,2026-08-06-00-38.csv
357465,2978889,-60,24289,57.56,1,1,0.0,0.0,37717,54,-983,-28,985,2026-08-06-00-38.csv
357783,2979207,-60,24289,57.59,1,1,0.0,0.0,37717,172,-971,-58,987,2026-08-06-00-38.csv
358110,2979534,-46,24289,57.58,1,1,0.0,0.0,37717,233,-972,9,1000,2026-08-06-00-38.csv
358433,2979857,-61,24289,57.6,1,1,0.0,0.0,37717,135,-962,-62,974,2026-08-06-00-38.csv
358765,2980189,-55,24289,57.6,1,1,0.0,0.0,37717,116,-996,-81,1006,2026-08-06-00-38.csv
359089,2980513,-43,24289,57.58,1,1,0.0,0.0,37717,154,-973,-73,988,2026-08-06-00-38.csv
359412,2980836,-57,24289,57.59,1,1,0.0,0.0,37717,119,-971,-40,979,2026-08-06-00-38.csv
359740,2981164,-49,24289,57.63,1,1,0.0,0.0,37717,135,-964,-63,976,2026-08-06-00-38.csv
360133,2981557,-39,24289,57.64,1,1,0.0,0.0,37717,122,-973,-62,982,2026-08-06-00-38.csv
360488,2981912,-53,24289,57.65,1,1,0.0,0.0,37717,104,-977,-53,984,2026-08-06-00-38.csv
360793,2982217,-50,24289,57.64,1,1,0.0,0.0,37717,158,-964,-100,982,2026-08-06-00-38.csv
361098,2982522,-47,24289,57.62,1,1,0.0,0.0,37717,152,-970,-43,983,2026-08-06-00-38.csv
361392,2982816,-49,24289,57.62,1,1,0.0,0.0,37717,86,-993,0,997,2026-08-06-00-38.csv
361702,2983126,-43,24289,57.62,1,1,0.0,0.0,37717,132,-970,-55,981,2026-08-06-00-38.csv
362011,2983435,-41,24289,57.62,1,1,0.0,0.0,37717,148,-979,-60,992,2026-08-06-00-38.csv
362334,2983758,-46,24289,57.61,1,1,0.0,0.0,37717,138,-970,-37,981,2026-08-06-00-38.csv
362646,2984070,-44,24289,57.55,1,1,0.0,0.0,37717,142,-954,-81,968,2026-08-06-00-38.csv
362952,2984376,-40,24289,57.57,1,1,0.0,0.0,37717,159,-966,-70,982,2026-08-06-00-38.csv
363260,2984684,-41,24289,57.58,1,1,0.0,0.0,37717,146,-971,-76,985,2026-08-06-00-38.csv
363564,2984988,-38,24289,57.52,1,1,0.0,0.0,37717,162,-984,-86,1001,2026-08-06-00-38.csv
363880,2985304,-41,24289,57.56,1,1,0.0,0.0,37717,44,-986,-67,989,2026-08-06-00-38.csv
364180,2985604,-40,24289,57.55,1,1,0.0,0.0,37717,122,-956,-21,964,2026-08-06-00-38.csv
364472,2985896,-44,24289,57.57,1,1,0.0,0.0,37717,94,-973,-62,980,2026-08-06-00-38.csv
364772,2986196,-52,24289,57.57,1,1,0.0,0.0,37717,127,-966,-49,975,2026-08-06-00-38.csv
365133,2986557,-40,24289,57.56,1,1,0.0,0.0,37717,102,-953,-55,960,2026-08-06-00-38.csv
365426,2986850,-37,24289,57.58,1,1,0.0,0.0,37717,148,-967,-30,978,2026-08-06-00-38.csv
365726,2987150,-41,24289,57.59,1,1,0.0,0.0,37717,138,-962,-75,975,2026-08-06-00-38.csv
366022,2987446,-38,24289,57.61,1,1,0.0,0.0,37717,141,-984,-57,995,2026-08-06-00-38.csv
366325,2987749,-45,24289,57.61,1,1,0.0,0.0,37717,139,-998,36,1008,2026-08-06-00-38.csv
366624,2988048,-42,24289,57.6,1,1,0.0,0.0,37717,132,-985,-46,995,2026-08-06-00-38.csv
366923,2988347,-43,24289,57.61,1,1,0.0,0.0,37717,133,-963,-39,973,2026-08-06-00-38.csv
367222,2988646,-47,24289,57.62,1,1,0.0,0.0,37717,119,-921,-29,929,2026-08-06-00-38.csv
367518,2988942,-37,24289,57.64,1,1,0.0,0.0,37717,108,-965,-58,973,2026-08-06-00-38.csv
367817,2989241,-40,24289,57.63,1,1,0.0,0.0,37717,128,-972,-49,981,2026-08-06-00-38.csv
368112,2989536,-33,24289,57.63,1,1,0.0,0.0,37717,139,-971,-59,983,2026-08-06-00-38.csv
368416,2989840,-39,24289,57.6,1,1,0.0,0.0,37717,130,-973,-49,982,2026-08-06-00-38.csv
368719,2990143,-37,24289,57.61,1,1,0.0,0.0,37717,124,-972,-57,982,2026-08-06-00-38.csv
369018,2990442,-33,24289,57.62,1,1,0.0,0.0,37717,139,-970,-52,981,2026-08-06-00-38.csv
369319,2990743,-38,24289,57.62,1,1,0.0,0.0,37717,137,-970,-69,982,2026-08-06-00-38.csv
369624,2991048,-40,24289,57.64,1,1,0.0,0.0,37717,131,-969,-57,979,2026-08-06-00-38.csv
369992,2991416,-37,24289,57.62,1,1,0.0,0.0,37717,138,-970,-53,982,2026-08-06-00-38.csv
370287,2991711,-40,24289,57.65,1,1,0.0,0.0,37717,135,-971,-53,982,2026-08-06-00-38.csv
370591,2992015,-36,24289,57.64,1,1,0.0,0.0,37717,139,-969,-61,981,2026-08-06-00-38.csv
370897,2992321,-41,24289,57.65,1,1,0.0,0.0,37717,128,-968,-55,978,2026-08-06-00-38.csv
371196,2992620,-37,24289,57.65,1,1,0.0,0.0,37717,135,-969,-54,980,2026-08-06-00-38.csv
371497,2992921,-34,24289,57.61,1,1,0.0,0.0,37717,134,-967,-62,978,2026-08-06-00-38.csv
371800,2993224,-36,24289,57.66,1,1,0.0,0.0,37717,134,-969,-56,980,2026-08-06-00-38.csv
372115,2993539,-26,24289,57.65,1,1,0.0,0.0,37717,127,-970,-55,980,2026-08-06-00-38.csv
372419,2993843,-32,24289,57.67,1,1,0.0,0.0,37717,145,-967,-49,979,2026-08-06-00-38.csv
372731,2994155,-36,24289,57.67,1,1,0.0,0.0,37717,127,-968,-63,979,2026-08-06-00-38.csv
373035,2994459,-33,24289,57.67,1,1,0.0,0.0,37717,138,-969,-57,980,2026-08-06-00-38.csv
373337,2994761,-35,24289,57.66,1,1,0.0,0.0,37717,132,-973,-63,984,2026-08-06-00-38.csv
373641,2995065,-30,24289,57.65,1,1,0.0,0.0,37717,133,-968,-51,979,2026-08-06-00-38.csv
373948,2995372,-38,24289,57.68,1,1,0.0,0.0,37717,131,-973,-51,983,2026-08-06-00-38.csv
374253,2995677,-40,24289,57.69,1,1,0.0,0.0,37717,136,-971,-45,981,2026-08-06-00-38.csv
374563,2995987,-39,24289,57.69,1,1,0.0,0.0,37717,126,-968,-54,978,2026-08-06-00-38.csv
374951,2996375,-39,24289,57.63,1,1,0.0,0.0,37717,128,-978,-53,988,2026-08-06-00-38.csv
375253,2996677,-30,24289,57.6,1,1,0.0,0.0,37717,135,-965,-63,976,2026-08-06-00-38.csv
375564,2996988,-32,24289,57.6,1,1,0.0,0.0,37717,128,-968,-48,977,2026-08-06-00-38.csv
375869,2997293,-23,24289,57.62,1,1,0.0,0.0,37717,135,-973,-62,984,2026-08-06-00-38.csv
376176,2997600,-24,24289,57.6,1,1,0.0,0.0,37717,130,-968,-48,978,2026-08-06-00-38.csv
376487,2997911,-21,24289,57.56,1,1,0.0,0.0,37717,136,-969,-58,980,2026-08-06-00-38.csv
376798,2998222,-18,24289,57.57,1,1,0.0,0.0,37717,132,-970,-58,981,2026-08-06-00-38.csv
377109,2998533,-7,24289,57.55,1,1,0.0,0.0,37717,130,-969,-54,980,2026-08-06-00-38.csv
377418,2998842,-16,24289,57.56,1,1,0.0,0.0,37717,133,-969,-58,980,2026-08-06-00-38.csv
377737,2999161,-23,24289,57.54,1,1,0.0,0.0,37717,132,-969,-55,979,2026-08-06-00-38.csv
378050,2999474,-7,24289,57.55,1,1,0.0,0.0,37717,135,-968,-59,979,2026-08-06-00-38.csv
378360,2999784,-27,24289,57.5,1,1,0.0,0.0,37717,122,-974,-31,982,2026-08-06-00-38.csv
378676,3000100,-19,24289,57.5,1,1,0.0,0.0,37717,137,-966,-73,978,2026-08-06-00-38.csv
378987,3000411,-18,24289,57.42,1,1,0.0,0.0,37717,128,-972,-47,982,2026-08-06-00-38.csv
379299,3000723,-12,24289,57.4,1,1,0.0,0.0,37717,133,-968,-58,979,2026-08-06-00-38.csv
379611,3001035,-21,24289,57.37,1,1,0.0,0.0,37717,132,-970,-56,980,2026-08-06-00-38.csv
379982,3001406,-21,24289,57.43,1,1,0.0,0.0,37717,131,-969,-53,979,2026-08-06-00-38.csv
380286,3001710,-3,24289,57.44,1,1,0.0,0.0,37717,132,-970,-56,981,2026-08-06-00-38.csv
380595,3002019,-14,24289,57.41,1,1,0.0,0.0,37717,132,-968,-56,979,2026-08-06-00-38.csv
380905,3002329,-18,24289,57.39,1,1,0.0,0.0,37717,130,-971,-53,981,2026-08-06-00-38.csv
381215,3002639,-12,24289,57.43,1,1,0.0,0.0,37717,134,-968,-57,979,2026-08-06-00-38.csv
381531,3002955,-14,24289,57.45,1,1,0.0,0.0,37717,130,-970,-52,980,2026-08-06-00-38.csv
381850,3003274,-14,24289,57.36,1,1,0.0,0.0,37717,134,-969,-62,980,2026-08-06-00-38.csv
382164,3003588,-8,24289,57.42,1,1,0.0,0.0,37717,131,-970,-53,980,2026-08-06-00-38.csv
382477,3003901,-14,24289,57.44,1,1,0.0,0.0,37717,135,-970,-60,982,2026-08-06-00-38.csv
382830,3004254,-24,24289,57.39,1,1,0.0,0.0,37717,135,-969,-61,980,2026-08-06-00-38.csv
383127,3004551,2,24289,57.42,1,1,0.0,0.0,37717,127,-973,-50,982,2026-08-06-00-38.csv
383425,3004849,-16,24289,57.39,1,1,0.0,0.0,37717,134,-970,-61,981,2026-08-06-00-38.csv
383720,3005144,-14,24289,57.4,1,1,0.0,0.0,37717,129,-969,-46,979,2026-08-06-00-38.csv
384013,3005437,-13,24289,57.42,1,1,0.0,0.0,37717,133,-967,-61,978,2026-08-06-00-38.csv
384304,3005728,-10,24289,57.32,1,1,0.0,0.0,37717,131,-969,-54,980,2026-08-06-00-38.csv
384601,3006025,-12,24289,57.39,1,1,0.0,0.0,37717,132,-969,-58,980,2026-08-06-00-38.csv
384965,3006389,-14,24289,57.38,1,1,0.0,0.0,37717,133,-970,-56,980,2026-08-06-00-38.csv
385257,3006681,-12,24289,57.33,1,1,0.0,0.0,37717,133,-968,-58,979,2026-08-06-00-38.csv
385550,3006974,-17,24289,57.33,1,1,0.0,0.0,37717,132,-968,-58,979,2026-08-06-00-38.csv
385844,3007268,-24,24289,57.33,1,1,0.0,0.0,37717,133,-970,-56,981,2026-08-06-00-38.csv
386137,3007561,-4,24289,57.35,1,1,0.0,0.0,37717,133,-969,-58,980,2026-08-06-00-38.csv
386428,3007852,-16,24289,57.38,1,1,0.0,0.0,37717,132,-968,-56,979,2026-08-06-00-38.csv
386724,3008148,-10,24289,57.36,1,1,0.0,0.0,37717,131,-969,-54,979,2026-08-06-00-38.csv
387017,3008441,-11,24289,57.32,1,1,0.0,0.0,37717,133,-970,-55,980,2026-08-06-00-38.csv
387315,3008739,-13,24289,57.36,1,1,0.0,0.0,37717,131,-969,-56,979,2026-08-06-00-38.csv
387614,3009038,-14,24289,57.36,1,1,0.0,0.0,37717,132,-970,-54,980,2026-08-06-00-38.csv
387914,3009338,-13,24289,57.3,1,1,0.0,0.0,37717,131,-969,-53,980,2026-08-06-00-38.csv
388209,3009633,-12,24289,57.31,1,1,0.0,0.0,37717,133,-969,-55,980,2026-08-06-00-38.csv
388504,3009928,-11,24289,57.26,1,1,0.0,0.0,37717,132,-969,-57,979,2026-08-06-00-38.csv
388806,3010230,-30,24289,57.26,1,1,0.0,0.0,37717,132,-969,-57,980,2026-08-06-00-38.csv
389106,3010530,-3,24289,57.11,1,1,0.0,0.0,37717,132,-969,-55,980,2026-08-06-00-38.csv
389403,3010827,-15,24289,57.14,1,1,0.0,0.0,37717,133,-969,-54,980,2026-08-06-00-38.csv
389765,3011189,-10,24289,57.14,1,1,0.0,0.0,37717,130,-971,-48,981,2026-08-06-00-38.csv
390065,3011489,4,24289,57.21,1,1,0.0,0.0,37717,135,-969,-59,980,2026-08-06-00-38.csv
390364,3011788,-4,24289,57.19,1,1,0.0,0.0,37717,133,-968,-55,979,2026-08-06-00-38.csv
390664,3012088,-11,24289,57.16,1,1,0.0,0.0,37717,132,-970,-56,980,2026-08-06-00-38.csv
390958,3012382,-7,24289,57.19,1,1,0.0,0.0,37717,133,-969,-58,980,2026-08-06-00-38.csv
391265,3012689,-17,24289,57.23,1,1,0.0,0.0,37717,132,-969,-54,980,2026-08-06-00-38.csv
391564,3012988,-19,24289,57.14,1,1,0.0,0.0,37717,134,-969,-58,980,2026-08-06-00-38.csv
391865,3013289,-18,24289,57.08,1,1,0.0,0.0,37717,132,-970,-52,980,2026-08-06-00-38.csv
392171,3013595,3,24289,57.14,1,1,0.0,0.0,37717,133,-969,-56,980,2026-08-06-00-38.csv
392467,3013891,-8,24289,57.14,1,1,0.0,0.0,37717,134,-968,-56,979,2026-08-06-00-38.csv
392772,3014196,-10,24289,57.08,1,1,0.0,0.0,37717,133,-970,-57,981,2026-08-06-00-38.csv
393076,3014500,-2,24289,56.98,1,1,0.0,0.0,37717,133,-970,-56,980,2026-08-06-00-38.csv
393380,3014804,-5,24289,56.97,1,1,0.0,0.0,37717,132,-969,-54,979,2026-08-06-00-38.csv
393684,3015108,-8,24289,56.95,1,1,0.0,0.0,37717,133,-969,-57,980,2026-08-06-00-38.csv
393992,3015416,0,24289,56.86,1,1,0.0,0.0,37717,133,-968,-56,979,2026-08-06-00-38.csv
394306,3015730,-4,24289,56.84,1,1,0.0,0.0,37717,132,-969,-54,980,2026-08-06-00-38.csv
394676,3016100,-4,24289,56.72,1,1,0.0,0.0,37717,133,-970,-55,980,2026-08-06-00-38.csv
394976,3016400,-6,24289,56.64,1,1,0.0,0.0,37717,133,-969,-55,980,2026-08-06-00-38.csv
395277,3016701,-6,24289,56.6,1,1,0.0,0.0,37717,132,-969,-56,980,2026-08-06-00-38.csv
395575,3016999,-6,24289,56.53,1,1,0.0,0.0,37717,132,-969,-55,980,2026-08-06-00-38.csv
395880,3017304,-8,24289,56.55,1,1,0.0,0.0,37717,132,-969,-56,979,2026-08-06-00-38.csv
396185,3017609,-5,24289,56.57,1,1,0.0,0.0,37717,132,-968,-56,979,2026-08-06-00-38.csv
396494,3017918,-10,24289,56.54,1,1,0.0,0.0,37717,132,-970,-54,980,2026-08-06-00-38.csv
396802,3018226,-8,24289,56.56,1,1,0.0,0.0,37717,132,-969,-57,980,2026-08-06-00-38.csv
397113,3018537,2,24289,56.59,1,1,0.0,0.0,37717,132,-970,-56,980,2026-08-06-00-38.csv
397421,3018845,-7,24289,56.57,1,1,0.0,0.0,37717,132,-970,-54,980,2026-08-06-00-38.csv
397732,3019156,-3,24289,56.57,1,1,0.0,0.0,37717,132,-968,-57,979,2026-08-06-00-38.csv
398043,3019467,7,24289,56.59,1,1,0.0,0.0,37717,133,-969,-56,979,2026-08-06-00-38.csv
398351,3019775,3,24289,56.56,1,1,0.0,0.0,37717,131,-969,-56,980,2026-08-06-00-38.csv
398670,3020094,-9,24289,56.57,1,1,0.0,0.0,37717,131,-970,-55,980,2026-08-06-00-38.csv
398978,3020402,5,24289,56.5,1,1,0.0,0.0,37717,132,-970,-56,980,2026-08-06-00-38.csv
399291,3020715,-4,24289,56.48,1,1,0.0,0.0,37717,133,-970,-57,980,2026-08-06-00-38.csv
399663,3021087,4,24289,56.51,1,1,0.0,0.0,37717,133,-970,-57,980,2026-08-06-00-38.csv
399969,3021393,-1,24289,56.53,1,1,0.0,0.0,37717,132,-970,-55,981,2026-08-06-00-38.csv
400283,3021707,-9,24289,56.44,1,1,0.0,0.0,37717,133,-969,-55,980,2026-08-06-00-38.csv
400586,3022010,-13,24289,56.47,1,1,0.0,0.0,37717,132,-969,-58,980,2026-08-06-00-38.csv
400903,3022327,-7,24289,56.48,1,1,0.0,0.0,37717,132,-970,-55,981,2026-08-06-00-38.csv
401213,3022637,-12,24289,56.44,1,1,0.0,0.0,37717,132,-969,-57,979,2026-08-06-00-38.csv
401522,3022946,-11,24289,56.49,1,1,0.0,0.0,37717,131,-970,-56,980,2026-08-06-00-38.csv
401828,3023252,-21,24289,56.47,1,1,0.0,0.0,37717,132,-969,-57,979,2026-08-06-00-38.csv
402136,3023560,-3,24289,56.45,1,1,0.0,0.0,37717,132,-970,-57,980,2026-08-06-00-38.csv
402447,3023871,-5,24289,56.5,1,1,0.0,0.0,37717,132,-969,-56,980,2026-08-06-00-38.csv
402761,3024185,-15,24289,56.49,1,1,0.0,0.0,37717,133,-969,-58,980,2026-08-06-00-38.csv
403078,3024502,-17,24289,56.47,1,1,0.0,0.0,37717,132,-970,-57,981,2026-08-06-00-38.csv
403396,3024820,-21,24289,56.41,1,1,0.0,0.0,37717,133,-969,-57,980,2026-08-06-00-38.csv
403711,3025135,-11,24289,56.43,1,1,0.0,0.0,37717,132,-969,-56,980,2026-08-06-00-38.csv
404023,3025447,-13,24289,56.38,1,1,0.0,0.0,37717,132,-969,-55,980,2026-08-06-00-38.csv
404339,3025763,-9,24289,56.35,1,1,0.0,0.0,37717,133,-970,-56,980,2026-08-06-00-38.csv
404763,3026187,-22,24289,56.41,1,1,0.0,0.0,37717,135,-970,-57,981,2026-08-06-00-38.csv
405057,3026481,-5,24289,56.32,1,1,0.0,0.0,37717,132,-969,-55,980,2026-08-06-00-38.csv
405354,3026778,-8,24289,56.29,1,1,0.0,0.0,37717,133,-970,-56,980,2026-08-06-00-38.csv
405646,3027070,-19,24289,56.35,1,1,0.0,0.0,37717,131,-970,-54,981,2026-08-06-00-38.csv
405938,3027362,-18,24289,56.33,1,1,0.0,0.0,37717,132,-969,-53,980,2026-08-06-00-38.csv
406228,3027652,-19,24289,56.33,1,1,0.0,0.0,37717,134,-970,-58,981,2026-08-06-00-38.csv
406522,3027946,-12,24289,56.34,1,1,0.0,0.0,37717,132,-970,-55,980,2026-08-06-00-38.csv
406818,3028242,-11,24289,56.37,1,1,0.0,0.0,37717,133,-970,-57,981,2026-08-06-00-38.csv
407107,3028531,-13,24289,56.31,1,1,0.0,0.0,37717,132,-969,-54,979,2026-08-06-00-38.csv
407406,3028830,-17,24289,56.37,1,1,0.0,0.0,37717,134,-970,-57,981,2026-08-06-00-38.csv
407701,3029125,-17,24289,56.32,1,1,0.0,0.0,37717,133,-969,-56,980,2026-08-06-00-38.csv
407994,3029418,-10,24289,56.35,1,1,0.0,0.0,37717,132,-970,-54,980,2026-08-06-00-38.csv
408287,3029711,-8,24289,56.45,1,1,0.0,0.0,37717,133,-970,-56,981,2026-08-06-00-38.csv
408584,3030008,-14,24289,56.44,1,1,0.0,0.0,37717,133,-970,-55,980,2026-08-06-00-38.csv
408883,3030307,-13,24289,56.34,1,1,0.0,0.0,37717,132,-970,-55,981,2026-08-06-00-38.csv
409175,3030599,-2,24289,56.41,1,1,0.0,0.0,37717,132,-970,-56,980,2026-08-06-00-38.csv
409539,3030963,-7,24289,56.43,1,1,0.0,0.0,37717,133,-969,-56,980,2026-08-06-00-38.csv
409835,3031259,-12,24289,56.37,1,1,0.0,0.0,37717,133,-971,-54,981,2026-08-06-00-38.csv
410134,3031558,-1,24289,56.45,1,1,0.0,0.0,37717,133,-970,-58,981,2026-08-06-00-38.csv
410427,3031851,-10,24289,56.46,1,1,0.0,0.0,37717,133,-969,-55,980,2026-08-06-00-38.csv
410721,3032145,-19,24289,56.46,1,1,0.0,0.0,37717,133,-970,-55,981,2026-08-06-00-38.csv
411019,3032443,-3,24289,56.46,1,1,0.0,0.0,37717,133,-970,-55,980,2026-08-06-00-38.csv
411316,3032740,-8,24289,56.44,1,1,0.0,0.0,37717,133,-970,-55,980,2026-08-06-00-38.csv
411621,3033045,-5,24289,56.43,1,1,0.0,0.0,37717,132,-970,-55,980,2026-08-06-00-38.csv
411922,3033346,0,24289,56.37,1,1,0.0,0.0,37717,133,-971,-54,981,2026-08-06-00-38.csv
412224,3033648,-13,24289,56.44,1,1,0.0,0.0,37717,133,-971,-56,981,2026-08-06-00-38.csv
412519,3033943,1,24289,56.43,1,1,0.0,0.0,37717,132,-970,-55,980,2026-08-06-00-38.csv
412824,3034248,5,24289,56.38,1,1,0.0,0.0,37717,133,-968,-57,979,2026-08-06-00-38.csv
413127,3034551,-1,24289,56.38,1,1,0.0,0.0,37717,132,-969,-58,979,2026-08-06-00-38.csv
413428,3034852,-19,24289,56.37,1,1,0.0,0.0,37717,134,-970,-57,981,2026-08-06-00-38.csv
413736,3035160,1,24289,56.35,1,1,0.0,0.0,37717,132,-970,-56,981,2026-08-06-00-38.csv
414046,3035470,-3,24289,56.32,1,1,0.0,0.0,37717,133,-969,-57,979,2026-08-06-00-38.csv
414417,3035841,-3,24289,56.32,1,1,0.0,0.0,37717,133,-970,-57,980,2026-08-06-00-38.csv
414711,3036135,-3,24289,56.24,1,1,0.0,0.0,37717,131,-970,-54,981,2026-08-06-00-38.csv
415009,3036433,-2,24289,56.28,1,1,0.0,0.0,37717,133,-969,-56,980,2026-08-06-00-38.csv
415309,3036733,-20,24289,56.2,1,1,0.0,0.0,37717,132,-969,-58,980,2026-08-06-00-38.csv
415606,3037030,-21,24289,56.07,1,1,0.0,0.0,37717,132,-969,-57,980,2026-08-06-00-38.csv
415913,3037337,-17,24289,56.05,1,1,0.0,0.0,37717,133,-969,-55,980,2026-08-06-00-38.csv
416215,3037639,-16,24289,56.06,1,1,0.0,0.0,37717,132,-970,-53,980,2026-08-06-00-38.csv
416524,3037948,-9,24289,56.02,1,1,0.0,0.0,37717,133,-970,-54,980,2026-08-06-00-38.csv
416830,3038254,-13,24289,55.97,1,1,0.0,0.0,37717,131,-971,-54,981,2026-08-06-00-38.csv
417134,3038558,2,24289,55.93,1,1,0.0,0.0,37717,134,-970,-56,980,2026-08-06-00-38.csv
417434,3038858,-4,24289,55.95,1,1,0.0,0.0,37717,131,-971,-53,981,2026-08-06-00-38.csv
417740,3039164,1,24289,55.89,1,1,0.0,0.0,37717,133,-969,-58,980,2026-08-06-00-38.csv
418065,3039489,-3,24289,55.85,1,1,0.0,0.0,37717,133,-970,-56,980,2026-08-06-00-38.csv
418379,3039803,-1,24289,55.82,1,1,0.0,0.0,37717,133,-970,-54,981,2026-08-06-00-38.csv
418693,3040117,-12,24289,55.78,1,1,0.0,0.0,37717,132,-968,-57,979,2026-08-06-00-38.csv
418999,3040423,-12,24289,55.8,1,1,0.0,0.0,37717,134,-970,-54,981,2026-08-06-00-38.csv
419370,3040794,-18,24289,55.77,1,1,0.0,0.0,37717,133,-970,-54,980,2026-08-06-00-38.csv
419672,3041096,-16,24289,55.79,1,1,0.0,0.0,37717,132,-970,-55,981,2026-08-06-00-38.csv
419980,3041404,-13,24289,55.81,1,1,0.0,0.0,37717,133,-970,-55,980,2026-08-06-00-38.csv
420285,3041709,-12,24289,55.83,1,1,0.0,0.0,37717,134,-970,-55,981,2026-08-06-00-38.csv
420599,3042023,0,24289,55.77,1,1,0.0,0.0,37717,133,-970,-56,981,2026-08-06-00-38.csv
420907,3042331,-7,24289,55.8,1,1,0.0,0.0,37717,133,-970,-55,981,2026-08-06-00-38.csv
421211,3042635,-6,24289,55.8,1,1,0.0,0.0,37717,133,-970,-55,980,2026-08-06-00-38.csv
421518,3042942,-14,24289,55.77,1,1,0.0,0.0,37717,133,-970,-54,981,2026-08-06-00-38.csv
421826,3043250,0,24289,55.77,1,1,0.0,0.0,37717,133,-970,-55,980,2026-08-06-00-38.csv
422134,3043558,-3,24289,55.84,1,1,0.0,0.0,37717,133,-969,-55,980,2026-08-06-00-38.csv
422445,3043869,-9,24289,55.69,1,1,0.0,0.0,37717,133,-969,-55,980,2026-08-06-00-38.csv
422755,3044179,-8,24289,55.66,1,1,0.0,0.0,37717,133,-970,-54,980,2026-08-06-00-38.csv
423063,3044487,-6,24289,55.6,1,1,0.0,0.0,37717,133,-970,-54,980,2026-08-06-00-38.csv
423377,3044801,-14,24289,55.53,1,1,0.0,0.0,37717,133,-971,-56,981,2026-08-06-00-38.csv
423688,3045112,-18,24289,55.48,1,1,0.0,0.0,37717,132,-969,-55,980,2026-08-06-00-38.csv
424004,3045428,-19,24289,55.44,1,1,0.0,0.0,37717,133,-971,-57,981,2026-08-06-00-38.csv
424381,3045805,-19,24289,55.35,1,1,0.0,0.0,37717,132,-970,-55,981,2026-08-06-00-38.csv
424697,3046121,-18,24289,55.3,1,1,0.0,0.0,37717,132,-971,-55,981,2026-08-06-00-38.csv
425008,3046432,-17,24289,54.63,1,1,0.0,0.0,37717,133,-969,-55,980,2026-08-06-00-38.csv
425317,3046741,-20,24289,53.68,1,1,0.0,0.0,37717,133,-970,-52,981,2026-08-06-00-38.csv
425630,3047054,-25,24289,50.39,1,1,0.0,0.0,37717,132,-970,-53,980,2026-08-06-00-38.csv
425946,3047370,-24,24289,45.08,1,1,0.0,0.0,37717,136,-971,-60,982,2026-08-06-00-38.csv
426261,3047685,-19,24289,36.92,1,1,0.0,0.0,37717,131,-969,-52,979,2026-08-06-00-38.csv
426571,3047995,-28,24289,26.19,1,1,0.0,0.0,37717,133,-971,-55,982,2026-08-06-00-38.csv
426938,3048362,-32,24289,18.79,1,1,0.0,0.0,37717,133,-971,-57,981,2026-08-06-00-38.csv
427228,3048652,-29,24289,14.68,1,1,0.0,0.0,37717,136,-969,-50,980,2026-08-06-00-38.csv
427522,3048946,-23,24289,11.27,1,1,0.0,0.0,37717,135,-970,-60,981,2026-08-06-00-38.csv
427816,3049240,-12,24289,8.31,1,1,0.0,0.0,37717,132,-969,-53,979,2026-08-06-00-38.csv
428109,3049533,1,24289,5.85,1,1,0.0,0.0,37717,134,-970,-52,981,2026-08-06-00-38.csv
428410,3049834,-14,24289,3.73,1,1,0.0,0.0,37717,136,-969,-65,981,2026-08-06-00-38.csv
428721,3050145,-20,24289,1.41,1,1,0.0,0.0,37717,130,-972,-48,982,2026-08-06-00-38.csv
429022,3050446,-11,24289,-8.51,1,1,0.0,0.0,37717,136,-969,-63,980,2026-08-06-00-38.csv
429379,3050803,-7,24289,-17.95,1,1,0.0,0.0,37717,137,-967,-63,979,2026-08-06-00-38.csv
429669,3051093,-17,24289,-21.23,1,1,0.0,0.0,37717,131,-971,-49,981,2026-08-06-00-38.csv
429969,3051393,-24,24289,-22.92,1,1,0.0,0.0,37717,136,-968,-62,980,2026-08-06-00-38.csv
430261,3051685,-18,24289,-24.14,1,1,0.0,0.0,37717,131,-971,-50,981,2026-08-06-00-38.csv
430554,3051978,-21,24289,-25.15,1,1,0.0,0.0,37717,135,-969,-60,980,2026-08-06-00-38.csv
430848,3052272,-23,24289,-26.34,1,1,0.0,0.0,37717,132,-970,-53,980,2026-08-06-00-38.csv
431145,3052569,-27,24289,-27.27,1,1,0.0,0.0,37717,135,-969,-57,980,2026-08-06-00-38.csv
431442,3052866,-26,24289,-27.27,1,1,0.0,0.0,37717,134,-970,-56,980,2026-08-06-00-38.csv
431735,3053159,-28,24289,-26.14,1,1,0.0,0.0,37717,133,-971,-56,981,2026-08-06-00-38.csv
432038,3053462,-20,24289,-26.16,1,1,0.0,0.0,37717,135,-969,-59,980,2026-08-06-00-38.csv
432336,3053760,-24,24289,-26.86,1,1,0.0,0.0,37717,133,-970,-54,981,2026-08-06-00-38.csv
432633,3054057,-20,24289,-27.51,1,1,0.0,0.0,37717,135,-969,-59,980,2026-08-06-00-38.csv
432933,3054357,-23,24289,-27.73,1,1,0.0,0.0,37717,134,-971,-54,982,2026-08-06-00-38.csv
433236,3054660,-32,24289,-27.0,1,1,0.0,0.0,37717,136,-969,-57,980,2026-08-06-00-38.csv
433534,3054958,-44,24289,-25.79,1,1,0.0,0.0,37717,133,-969,-55,980,2026-08-06-00-38.csv
433831,3055255,-41,24289,-24.27,1,1,0.0,0.0,37717,135,-970,-60,981,2026-08-06-00-38.csv
434199,3055623,-37,24289,-22.51,1,1,0.0,0.0,37717,138,-971,-61,983,2026-08-06-00-38.csv
434495,3055919,-32,24289,-21.43,1,1,0.0,0.0,37717,133,-969,-50,980,2026-08-06-00-38.csv
434788,3056212,-47,24289,-20.01,1,1,0.0,0.0,37717,136,-967,-61,978,2026-08-06-00-38.csv
435086,3056510,-33,24289,-18.96,1,1,0.0,0.0,37717,134,-971,-51,981,2026-08-06-00-38.csv
435396,3056820,-19,24289,-18.17,1,1,0.0,0.0,37717,135,-968,-56,979,2026-08-06-00-38.csv
435697,3057121,-21,24289,-17.76,1,1,0.0,0.0,37717,138,-971,-64,983,2026-08-06-00-38.csv
435999,3057423,-19,24289,-17.08,1,1,0.0,0.0,37717,128,-973,-42,982,2026-08-06-00-38.csv
436299,3057723,-28,24289,-16.68,1,1,0.0,0.0,37717,138,-970,-68,982,2026-08-06-00-38.csv
436599,3058023,-28,24289,-16.12,1,1,0.0,0.0,37717,131,-970,-50,980,2026-08-06-00-38.csv
436906,3058330,-24,24289,-15.46,1,1,0.0,0.0,37717,133,-971,-53,982,2026-08-06-00-38.csv
437201,3058625,-11,24289,-15.2,1,1,0.0,0.0,37717,136,-971,-62,982,2026-08-06-00-38.csv
437505,3058929,-25,24289,-14.45,1,1,0.0,0.0,37717,134,-969,-51,980,2026-08-06-00-38.csv
437810,3059234,-20,24289,-13.84,1,1,0.0,0.0,37717,136,-970,-57,981,2026-08-06-00-38.csv
438113,3059537,-11,24289,-13.19,1,1,0.0,0.0,37717,136,-969,-55,980,2026-08-06-00-38.csv
438418,3059842,-16,24289,-12.64,1,1,0.0,0.0,37717,134,-970,-52,981,2026-08-06-00-38.csv
438725,3060149,-19,24289,-11.93,1,1,0.0,0.0,37717,135,-969,-55,980,2026-08-06-00-38.csv
439089,3060513,-5,24289,-11.43,1,1,0.0,0.0,37717,134,-969,-55,980,2026-08-06-00-38.csv
439394,3060818,-22,24289,-11.05,1,1,0.0,0.0,37717,134,-970,-59,981,2026-08-06-00-38.csv
439704,3061128,-21,24289,-10.61,1,1,0.0,0.0,37717,134,-970,-55,981,2026-08-06-00-38.csv
440006,3061430,-23,24289,-10.13,1,1,0.0,0.0,37717,135,-969,-56,980,2026-08-06-00-38.csv
440310,3061734,0,24289,-9.74,1,1,0.0,0.0,37717,134,-969,-57,980,2026-08-06-00-38.csv
440625,3062049,-15,24289,-9.54,1,1,0.0,0.0,37717,135,-969,-55,980,2026-08-06-00-38.csv
440930,3062354,-10,24289,-9.14,1,1,0.0,0.0,37717,134,-968,-56,979,2026-08-06-00-38.csv
441232,3062656,-9,24289,-9.0,1,1,0.0,0.0,37717,136,-969,-58,980,2026-08-06-00-38.csv
441538,3062962,-1,24289,-8.75,1,1,0.0,0.0,37717,135,-970,-55,981,2026-08-06-00-38.csv
441861,3063285,-11,24289,-8.63,1,1,0.0,0.0,37717,130,-972,-46,982,2026-08-06-00-38.csv
442168,3063592,7,24289,-8.52,1,1,0.0,0.0,37717,136,-969,-58,980,2026-08-06-00-38.csv
442475,3063899,-3,24289,-8.39,1,1,0.0,0.0,37717,135,-969,-59,980,2026-08-06-00-38.csv
442785,3064209,-5,24289,-8.06,1,1,0.0,0.0,37717,131,-971,-48,981,2026-08-06-00-38.csv
443091,3064515,8,24289,-8.0,1,1,0.0,0.0,37717,138,-968,-62,980,2026-08-06-00-38.csv
443397,3064821,-1,24289,-7.53,1,1,0.0,0.0,37717,132,-971,-50,982,2026-08-06-00-38.csv
443707,3065131,-5,24289,-7.19,1,1,0.0,0.0,37717,133,-970,-55,981,2026-08-06-00-38.csv
444086,3065510,9,24289,-6.4,1,1,0.0,0.0,37717,134,-969,-57,980,2026-08-06-00-38.csv
444395,3065819,-5,24289,-5.87,1,1,0.0,0.0,37717,135,-969,-58,980,2026-08-06-00-38.csv
444714,3066138,-14,24289,-5.12,1,1,0.0,0.0,37717,132,-970,-50,980,2026-08-06-00-38.csv
445020,3066444,-1,24289,-4.43,1,1,0.0,0.0,37717,135,-969,-58,980,2026-08-06-00-38.csv
445333,3066757,-1,24289,-3.82,1,1,0.0,0.0,37717,134,-970,-55,980,2026-08-06-00-38.csv
445642,3067066,11,24289,-2.97,1,1,0.0,0.0,37717,133,-971,-52,981,2026-08-06-00-38.csv
445955,3067379,5,24289,-2.19,1,1,0.0,0.0,37717,135,-969,-59,980,2026-08-06-00-38.csv
446275,3067699,12,24289,-1.35,1,1,0.0,0.0,37717,133,-970,-55,980,2026-08-06-00-38.csv
446587,3068011,11,24289,-0.64,1,1,0.0,0.0,37717,133,-970,-54,981,2026-08-06-00-38.csv
446897,3068321,3,24289,0.17,1,1,0.0,0.0,37717,134,-969,-57,980,2026-08-06-00-38.csv
447212,3068636,-3,24289,1.01,1,1,0.0,0.0,37717,133,-970,-54,980,2026-08-06-00-38.csv
447536,3068960,-7,24289,1.81,1,1,0.0,0.0,37717,134,-971,-55,981,2026-08-06-00-38.csv
447849,3069273,-9,24289,2.57,1,1,0.0,0.0,37717,134,-969,-54,979,2026-08-06-00-38.csv
448163,3069587,3,24289,3.31,1,1,0.0,0.0,37717,133,-969,-53,980,2026-08-06-00-38.csv
448489,3069913,-7,24289,4.17,1,1,0.0,0.0,37717,133,-970,-56,981,2026-08-06-00-38.csv
448802,3070226,-10,24289,4.98,1,1,0.0,0.0,37717,134,-970,-57,981,2026-08-06-00-38.csv
449214,3070638,5,24289,6.09,1,1,0.0,0.0,37717,133,-970,-56,981,2026-08-06-00-38.csv
449500,3070924,2,24289,6.8,1,1,0.0,0.0,37717,134,-971,-56,982,2026-08-06-00-38.csv
449790,3071214,-7,24289,7.5,1,1,0.0,0.0,37717,134,-970,-56,981,2026-08-06-00-38.csv
450082,3071506,-16,24289,8.14,1,1,0.0,0.0,37717,133,-970,-55,981,2026-08-06-00-38.csv
450372,3071796,-11,24289,8.85,1,1,0.0,0.0,37717,134,-970,-55,981,2026-08-06-00-38.csv
450666,3072090,-15,24289,9.57,1,1,0.0,0.0,37717,135,-971,-55,982,2026-08-06-00-38.csv
450964,3072388,-7,24289,10.27,1,1,0.0,0.0,37717,134,-970,-55,981,2026-08-06-00-38.csv
451263,3072687,-1,24289,10.98,1,1,0.0,0.0,37717,134,-970,-55,981,2026-08-06-00-38.csv
451560,3072984,-13,24289,11.6,1,1,0.0,0.0,37717,134,-970,-55,981,2026-08-06-00-38.csv
451856,3073280,-7,24289,12.42,1,1,0.0,0.0,37717,134,-970,-56,981,2026-08-06-00-38.csv
452151,3073575,15,24289,13.02,1,1,0.0,0.0,37717,134,-970,-54,981,2026-08-06-00-38.csv
452451,3073875,-8,24289,13.74,1,1,0.0,0.0,37717,134,-970,-55,981,2026-08-06-00-38.csv
452755,3074179,9,24289,14.43,1,1,0.0,0.0,37717,134,-970,-55,980,2026-08-06-00-38.csv
453050,3074474,7,24289,15.05,1,1,0.0,0.0,37717,133,-970,-56,981,2026-08-06-00-38.csv
453346,3074770,5,24289,15.59,1,1,0.0,0.0,37717,134,-970,-55,981,2026-08-06-00-38.csv
453644,3075068,-1,24289,16.25,1,1,0.0,0.0,37717,134,-969,-53,980,2026-08-06-00-38.csv
454009,3075433,14,24289,16.96,1,1,0.0,0.0,37717,134,-970,-55,980,2026-08-06-00-38.csv
454305,3075729,-7,24289,17.47,1,1,0.0,0.0,37717,135,-971,-55,981,2026-08-06-00-38.csv
454599,3076023,4,24289,18.13,1,1,0.0,0.0,37717,134,-970,-55,981,2026-08-06-00-38.csv
454902,3076326,1,24289,18.64,1,1,0.0,0.0,37717,134,-970,-56,980,2026-08-06-00-38.csv
455197,3076621,3,24289,19.15,1,1,0.0,0.0,37717,134,-970,-54,980,2026-08-06-00-38.csv
455494,3076918,-6,24289,19.71,1,1,0.0,0.0,37717,134,-969,-54,980,2026-08-06-00-38.csv
455789,3077213,0,24289,20.25,1,1,0.0,0.0,37717,134,-969,-54,980,2026-08-06-00-38.csv
456088,3077512,26,24289,20.85,1,1,0.0,0.0,37717,134,-970,-55,981,2026-08-06-00-38.csv
456381,3077805,-6,24289,21.28,1,1,0.0,0.0,37717,134,-970,-54,981,2026-08-06-00-38.csv
456685,3078109,13,24289,21.95,1,1,0.0,0.0,37717,134,-970,-54,981,2026-08-06-00-38.csv
456987,3078411,-6,24289,22.3,1,1,0.0,0.0,37717,134,-970,-55,981,2026-08-06-00-38.csv
457284,3078708,-1,24289,22.77,1,1,0.0,0.0,37717,133,-971,-54,981,2026-08-06-00-38.csv
457581,3079005,-2,24289,23.27,1,1,0.0,0.0,37717,134,-970,-56,981,2026-08-06-00-38.csv
457886,3079310,8,24289,23.8,1,1,0.0,0.0,37717,134,-969,-55,980,2026-08-06-00-38.csv
458188,3079612,0,24289,24.25,1,1,0.0,0.0,37717,134,-970,-54,980,2026-08-06-00-38.csv
458490,3079914,-15,24289,24.73,1,1,0.0,0.0,37717,134,-970,-55,981,2026-08-06-00-38.csv
458852,3080276,-8,24289,25.26,1,1,0.0,0.0,37717,136,-968,-54,979,2026-08-06-00-38.csv
459154,3080578,-1,24289,25.74,1,1,0.0,0.0,37717,133,-969,-56,980,2026-08-06-00-38.csv
459449,3080873,-16,24289,26.18,1,1,0.0,0.0,37717,133,-970,-54,981,2026-08-06-00-38.csv
459753,3081177,-2,24289,26.63,1,1,0.0,0.0,37717,135,-969,-57,980,2026-08-06-00-38.csv
460056,3081480,-1,24289,27.13,1,1,0.0,0.0,37717,134,-970,-53,980,2026-08-06-00-38.csv
460355,3081779,-15,24289,27.56,1,1,0.0,0.0,37717,132,-969,-57,980,2026-08-06-00-38.csv
460665,3082089,-12,24289,28.05,1,1,0.0,0.0,37717,134,-972,-55,983,2026-08-06-00-38.csv
460968,3082392,-10,24289,28.51,1,1,0.0,0.0,37717,133,-969,-52,980,2026-08-06-00-38.csv
461278,3082702,-9,24289,28.97,1,1,0.0,0.0,37717,137,-968,-64,980,2026-08-06-00-38.csv
461585,3083009,-5,24289,29.38,1,1,0.0,0.0,37717,131,-970,-53,981,2026-08-06-00-38.csv
461891,3083315,-12,24289,29.84,1,1,0.0,0.0,37717,132,-967,-52,978,2026-08-06-00-38.csv
462197,3083621,-2,24289,30.28,1,1,0.0,0.0,37717,135,-972,-62,983,2026-08-06-00-38.csv
462504,3083928,-6,24289,30.72,1,1,0.0,0.0,37717,129,-969,-43,979,2026-08-06-00-38.csv
462812,3084236,0,24289,31.08,1,1,0.0,0.0,37717,137,-966,-62,978,2026-08-06-00-38.csv
463118,3084542,3,24289,31.55,1,1,0.0,0.0,37717,130,-971,-51,981,2026-08-06-00-38.csv
463430,3084854,-7,24289,31.94,1,1,0.0,0.0,37717,126,-971,-37,980,2026-08-06-00-38.csv
463805,3085229,3,24289,32.43,1,1,0.0,0.0,37717,126,-974,-46,983,2026-08-06-00-38.csv
464112,3085536,7,24289,32.79,1,1,0.0,0.0,37717,138,-968,-69,981,2026-08-06-00-38.csv
464416,3085840,5,24289,33.14,1,1,0.0,0.0,37717,128,-969,-39,978,2026-08-06-00-38.csv
464722,3086146,-4,24289,33.51,1,1,0.0,0.0,37717,136,-971,-65,983,2026-08-06-00-38.csv
465024,3086448,0,24289,33.7,1,1,0.0,0.0,37717,131,-969,-51,979,2026-08-06-00-38.csv
465334,3086758,-5,24289,34.18,1,1,0.0,0.0,37717,132,-974,-51,984,2026-08-06-00-38.csv
465649,3087073,8,24289,34.49,1,1,0.0,0.0,37717,137,-968,-63,979,2026-08-06-00-38.csv
465958,3087382,2,24289,34.83,1,1,0.0,0.0,37717,130,-972,-48,982,2026-08-06-00-38.csv
466267,3087691,2,24289,35.13,1,1,0.0,0.0,37717,134,-969,-57,980,2026-08-06-00-38.csv
466580,3088004,0,24289,35.43,1,1,0.0,0.0,37717,135,-971,-58,982,2026-08-06-00-38.csv
466890,3088314,-4,24289,35.74,1,1,0.0,0.0,37717,130,-970,-48,980,2026-08-06-00-38.csv
467203,3088627,-2,24289,36.03,1,1,0.0,0.0,37717,135,-969,-59,980,2026-08-06-00-38.csv
467518,3088942,-1,24289,36.28,1,1,0.0,0.0,37717,134,-969,-55,980,2026-08-06-00-38.csv
467835,3089259,-4,24289,36.56,1,1,0.0,0.0,37717,131,-971,-50,981,2026-08-06-00-38.csv
468152,3089576,1,24289,36.81,1,1,0.0,0.0,37717,134,-969,-59,980,2026-08-06-00-38.csv
468462,3089886,-4,24289,37.03,1,1,0.0,0.0,37717,134,-970,-53,981,2026-08-06-00-38.csv
468843,3090267,2,24289,37.29,1,1,0.0,0.0,37717,132,-971,-54,981,2026-08-06-00-38.csv
469151,3090575,16,24289,37.54,1,1,0.0,0.0,37717,134,-971,-54,982,2026-08-06-00-38.csv
469462,3090886,1,24289,37.71,1,1,0.0,0.0,37717,135,-970,-56,981,2026-08-06-00-38.csv
469781,3091205,-1,24289,37.93,1,1,0.0,0.0,37717,132,-970,-53,980,2026-08-06-00-38.csv
470094,3091518,17,24289,38.16,1,1,0.0,0.0,37717,133,-970,-54,981,2026-08-06-00-38.csv
470408,3091832,-1,24289,38.33,1,1,0.0,0.0,37717,134,-970,-55,981,2026-08-06-00-38.csv
470721,3092145,4,24289,38.47,1,1,0.0,0.0,37717,133,-970,-53,980,2026-08-06-00-38.csv
471071,3092495,6,24289,38.59,1,1,0.0,0.0,37717,133,-970,-53,981,2026-08-06-00-38.csv
471359,3092783,-1,24289,38.81,1,1,0.0,0.0,37717,133,-970,-57,980,2026-08-06-00-38.csv
471652,3093076,-1,24289,39.01,1,1,0.0,0.0,37717,132,-970,-53,981,2026-08-06-00-38.csv
471944,3093368,4,24289,39.08,1,1,0.0,0.0,37717,134,-969,-55,980,2026-08-06-00-38.csv
472243,3093667,10,24289,39.29,1,1,0.0,0.0,37717,133,-971,-53,981,2026-08-06-00-38.csv
472540,3093964,7,24289,39.47,1,1,0.0,0.0,37717,133,-969,-58,980,2026-08-06-00-38.csv
472840,3094264,5,24289,39.61,1,1,0.0,0.0,37717,133,-970,-54,980,2026-08-06-00-38.csv
473131,3094555,3,24289,39.77,1,1,0.0,0.0,37717,134,-970,-55,981,2026-08-06-00-38.csv
473430,3094854,2,24289,39.86,1,1,0.0,0.0,37717,134,-970,-55,980,2026-08-06-00-38.csv
473789,3095213,1,24289,39.96,1,1,0.0,0.0,37717,133,-970,-54,980,2026-08-06-00-38.csv
474083,3095507,10,24289,40.14,1,1,0.0,0.0,37717,133,-970,-55,981,2026-08-06-00-38.csv
474383,3095807,2,24289,40.21,1,1,0.0,0.0,37717,133,-971,-55,981,2026-08-06-00-38.csv
474682,3096106,1,24289,40.31,1,1,0.0,0.0,37717,133,-969,-54,980,2026-08-06-00-38.csv
474976,3096400,4,24289,40.46,1,1,0.0,0.0,37717,134,-970,-55,981,2026-08-06-00-38.csv
475269,3096693,-8,24289,40.45,1,1,0.0,0.0,37717,133,-970,-55,981,2026-08-06-00-38.csv
475567,3096991,-9,24289,40.67,1,1,0.0,0.0,37717,133,-970,-56,981,2026-08-06-00-38.csv
475865,3097289,1,24289,40.68,1,1,0.0,0.0,37717,133,-971,-53,981,2026-08-06-00-38.csv
476157,3097581,0,24289,40.65,1,1,0.0,0.0,37717,133,-968,-54,979,2026-08-06-00-38.csv
476456,3097880,-13,24289,40.2,1,1,0.0,0.0,37717,133,-971,-56,981,2026-08-06-00-38.csv
476756,3098180,-9,24289,39.83,1,1,0.0,0.0,37717,133,-970,-54,981,2026-08-06-00-38.csv
477055,3098479,4,24289,39.77,1,1,0.0,0.0,37717,133,-969,-55,980,2026-08-06-00-38.csv
477353,3098777,-1,24289,39.63,1,1,0.0,0.0,37717,133,-970,-54,980,2026-08-06-00-38.csv
477654,3099078,-1,24289,39.62,1,1,0.0,0.0,37717,134,-969,-57,980,2026-08-06-00-38.csv
477951,3099375,-5,24289,39.6,1,1,0.0,0.0,37717,133,-970,-54,980,2026-08-06-00-38.csv
478249,3099673,-5,24289,39.72,1,1,0.0,0.0,37717,133,-970,-54,980,2026-08-06-00-38.csv
478618,3100042,-3,24289,39.79,1,1,0.0,0.0,37717,134,-970,-55,981,2026-08-06-00-38.csv
478917,3100341,-15,24289,39.85,1,1,0.0,0.0,37717,134,-971,-55,982,2026-08-06-00-38.csv
479216,3100640,-6,24289,39.58,1,1,0.0,0.0,37717,133,-969,-54,980,2026-08-06-00-38.csv
479516,3100940,-11,24289,39.26,1,1,0.0,0.0,37717,133,-970,-56,980,2026-08-06-00-38.csv
479813,3101237,-14,24289,38.91,1,1,0.0,0.0,37717,133,-971,-53,981,2026-08-06-00-38.csv
480112,3101536,-9,24289,38.62,1,1,0.0,0.0,37717,134,-970,-55,981,2026-08-06-00-38.csv
480409,3101833,-3,24289,38.37,1,1,0.0,0.0,37717,134,-970,-56,981,2026-08-06-00-38.csv
480717,3102141,1,24289,38.2,1,1,0.0,0.0,37717,133,-969,-55,980,2026-08-06-00-38.csv
481021,3102445,-5,24289,38.19,1,1,0.0,0.0,37717,133,-971,-55,981,2026-08-06-00-38.csv
481326,3102750,0,24289,38.25,1,1,0.0,0.0,37717,134,-970,-56,980,2026-08-06-00-38.csv
481630,3103054,0,24289,38.3,1,1,0.0,0.0,37717,133,-970,-53,980,2026-08-06-00-38.csv
481935,3103359,2,24289,38.39,1,1,0.0,0.0,37717,134,-970,-54,981,2026-08-06-00-38.csv
482241,3103665,-11,24289,38.57,1,1,0.0,0.0,37717,134,-970,-56,981,2026-08-06-00-38.csv
482544,3103968,-2,24289,38.67,1,1,0.0,0.0,37717,133,-970,-54,980,2026-08-06-00-38.csv
482852,3104276,6,24289,38.83,1,1,0.0,0.0,37717,134,-969,-54,980,2026-08-06-00-38.csv
483162,3104586,22,24289,38.93,1,1,0.0,0.0,37717,133,-970,-55,980,2026-08-06-00-38.csv
483536,3104960,6,24289,39.19,1,1,0.0,0.0,37717,134,-970,-56,980,2026-08-06-00-38.csv
483838,3105262,-9,24289,39.38,1,1,0.0,0.0,37717,135,-970,-55,981,2026-08-06-00-38.csv
484142,3105566,5,24289,39.49,1,1,0.0,0.0,37717,133,-970,-57,980,2026-08-06-00-38.csv
484444,3105868,-4,24289,39.71,1,1,0.0,0.0,37717,133,-969,-54,980,2026-08-06-00-38.csv
484750,3106174,-2,24289,39.87,1,1,0.0,0.0,37717,134,-969,-57,980,2026-08-06-00-38.csv
485061,3106485,8,24289,40.06,1,1,0.0,0.0,37717,135,-969,-60,980,2026-08-06-00-38.csv
485363,3106787,-11,24289,40.26,1,1,0.0,0.0,37717,132,-971,-49,981,2026-08-06-00-38.csv
485669,3107093,-12,24289,40.41,1,1,0.0,0.0,37717,137,-968,-64,980,2026-08-06-00-38.csv
485974,3107398,4,24289,40.58,1,1,0.0,0.0,37717,132,-970,-51,981,2026-08-06-00-38.csv
486282,3107706,4,24289,40.76,1,1,0.0,0.0,37717,133,-971,-54,982,2026-08-06-00-38.csv
486587,3108011,-9,24289,40.88,1,1,0.0,0.0,37717,135,-968,-59,979,2026-08-06-00-38.csv
486894,3108318,1,24289,41.1,1,1,0.0,0.0,37717,132,-971,-50,981,2026-08-06-00-38.csv
487210,3108634,0,24289,41.28,1,1,0.0,0.0,37717,134,-968,-57,979,2026-08-06-00-38.csv
487520,3108944,5,24289,41.34,1,1,0.0,0.0,37717,134,-971,-55,981,2026-08-06-00-38.csv
487836,3109260,9,24289,41.55,1,1,0.0,0.0,37717,133,-970,-52,980,2026-08-06-00-38.csv
488146,3109570,9,24289,41.69,1,1,0.0,0.0,37717,135,-969,-58,980,2026-08-06-00-38.csv
488518,3109942,3,24289,41.86,1,1,0.0,0.0,37717,134,-970,-57,980,2026-08-06-00-38.csv
488823,3110247,-5,24289,42.0,1,1,0.0,0.0,37717,132,-970,-53,980,2026-08-06-00-38.csv
489134,3110558,10,24289,42.11,1,1,0.0,0.0,37717,134,-971,-57,981,2026-08-06-00-38.csv
489444,3110868,2,24289,42.29,1,1,0.0,0.0,37717,133,-970,-54,981,2026-08-06-00-38.csv
489760,3111184,2,24289,42.42,1,1,0.0,0.0,37717,133,-970,-53,981,2026-08-06-00-38.csv
490071,3111495,6,24289,42.57,1,1,0.0,0.0,37717,134,-970,-57,980,2026-08-06-00-38.csv
490381,3111805,-4,24289,42.65,1,1,0.0,0.0,37717,133,-970,-54,981,2026-08-06-00-38.csv
490691,3112115,-10,24289,42.79,1,1,0.0,0.0,37717,131,-970,-53,980,2026-08-06-00-38.csv
491000,3112424,-6,24289,42.91,1,1,0.0,0.0,37717,136,-968,-64,980,2026-08-06-00-38.csv
491306,3112730,-5,24289,43.0,1,1,0.0,0.0,37717,130,-971,-47,981,2026-08-06-00-38.csv
491625,3113049,-16,24289,42.92,1,1,0.0,0.0,37717,136,-969,-65,980,2026-08-06-00-38.csv
491939,3113363,-12,24289,42.76,1,1,0.0,0.0,37717,134,-968,-53,979,2026-08-06-00-38.csv
492249,3113673,-5,24289,42.73,1,1,0.0,0.0,37717,132,-970,-52,980,2026-08-06-00-38.csv
492563,3113987,-12,24289,42.68,1,1,0.0,0.0,37717,135,-970,-56,981,2026-08-06-00-38.csv
492878,3114302,5,24289,42.71,1,1,0.0,0.0,37717,136,-972,-60,983,2026-08-06-00-38.csv
493236,3114660,-16,24289,42.73,1,1,0.0,0.0,37717,137,-970,-66,982,2026-08-06-00-38.csv
493595,3115019,-15,24289,42.74,1,1,0.0,0.0,37717,135,-971,-60,982,2026-08-06-00-38.csv
493890,3115314,-23,24289,42.72,1,1,0.0,0.0,37717,132,-972,-51,982,2026-08-06-00-38.csv
494180,3115604,-18,24289,42.74,1,1,0.0,0.0,37717,135,-967,-59,978,2026-08-06-00-38.csv
494474,3115898,-16,24289,42.79,1,1,0.0,0.0,37717,132,-971,-50,981,2026-08-06-00-38.csv
494770,3116194,-21,24289,42.64,1,1,0.0,0.0,37717,136,-969,-60,980,2026-08-06-00-38.csv
495064,3116488,8,24289,42.14,1,1,0.0,0.0,37717,131,-969,-50,979,2026-08-06-00-38.csv
495356,3116780,-13,24289,41.22,1,1,0.0,0.0,37717,136,-968,-58,980,2026-08-06-00-38.csv
495661,3117085,-14,24289,40.33,1,1,0.0,0.0,37717,134,-971,-53,981,2026-08-06-00-38.csv
495959,3117383,-9,24289,39.81,1,1,0.0,0.0,37717,133,-970,-55,981,2026-08-06-00-38.csv
496254,3117678,-10,24289,39.49,1,1,0.0,0.0,37717,134,-970,-57,981,2026-08-06-00-38.csv
496549,3117973,2,24289,39.32,1,1,0.0,0.0,37717,132,-971,-52,982,2026-08-06-00-38.csv
496844,3118268,-18,24289,39.2,1,1,0.0,0.0,37717,134,-969,-56,980,2026-08-06-00-38.csv
497146,3118570,-24,24289,39.16,1,1,0.0,0.0,37717,132,-971,-48,981,2026-08-06-00-38.csv
497451,3118875,-26,24289,39.04,1,1,0.0,0.0,37717,135,-969,-57,980,2026-08-06-00-38.csv
497750,3119174,-32,24289,38.66,1,1,0.0,0.0,37717,135,-969,-55,980,2026-08-06-00-38.csv
498050,3119474,-26,24289,38.31,1,1,0.0,0.0,37717,168,-964,-87,982,2026-08-06-00-38.csv
498413,3119837,-37,24289,37.56,1,1,0.0,0.0,37717,124,-973,-59,983,2026-08-06-00-38.csv
498716,3120140,-27,24289,37.05,1,1,0.0,0.0,37717,124,-980,-163,1002,2026-08-06-00-38.csv
499004,3120428,-29,24289,36.92,1,1,0.0,0.0,37717,137,-970,-51,981,2026-08-06-00-38.csv
499299,3120723,-15,24289,36.52,1,1,0.0,0.0,37717,139,-970,-51,981,2026-08-06-00-38.csv
499597,3121021,-9,24289,36.34,1,1,0.0,0.0,37717,135,-971,-45,981,2026-08-06-00-38.csv
499892,3121316,3,24289,36.29,1,1,0.0,0.0,37717,141,-968,-58,980,2026-08-06-00-38.csv
500193,3121617,13,24289,36.24,1,1,0.0,0.0,37717,137,-970,-46,981,2026-08-06-00-38.csv
500488,3121912,9,24289,36.32,1,1,0.0,0.0,37717,140,-969,-56,981,2026-08-06-00-38.csv
500796,3122220,15,24289,36.4,1,1,0.0,0.0,37717,136,-971,-46,981,2026-08-06-00-38.csv
501097,3122521,22,24289,36.53,1,1,0.0,0.0,37717,138,-970,-53,981,2026-08-06-00-38.csv
501394,3122818,5,24289,36.71,1,1,0.0,0.0,37717,138,-970,-48,980,2026-08-06-00-38.csv
501692,3123116,9,24289,36.83,1,1,0.0,0.0,37717,137,-971,-49,982,2026-08-06-00-38.csv
501993,3123417,8,24289,37.04,1,1,0.0,0.0,37717,139,-969,-53,980,2026-08-06-00-38.csv
502300,3123724,-6,24289,37.2,1,1,0.0,0.0,37717,136,-971,-47,982,2026-08-06-00-38.csv
502599,3124023,-2,24289,37.4,1,1,0.0,0.0,37717,139,-970,-48,981,2026-08-06-00-38.csv
502902,3124326,-16,24289,37.48,1,1,0.0,0.0,37717,138,-970,-51,981,2026-08-06-00-38.csv
503267,3124691,-6,24289,37.42,1,1,0.0,0.0,37717,139,-969,-53,981,2026-08-06-00-38.csv
503576,3125000,2,24289,37.42,1,1,0.0,0.0,37717,137,-970,-49,981,2026-08-06-00-38.csv
503874,3125298,0,24289,37.44,1,1,0.0,0.0,37717,138,-970,-51,981,2026-08-06-00-38.csv
504180,3125604,16,24289,37.4,1,1,0.0,0.0,37717,139,-970,-53,981,2026-08-06-00-38.csv
504488,3125912,-1,24289,36.97,1,1,0.0,0.0,37717,137,-970,-48,980,2026-08-06-00-38.csv
504794,3126218,3,24289,36.34,1,1,0.0,0.0,37717,138,-970,-53,981,2026-08-06-00-38.csv
505099,3126523,31,24289,32.13,1,1,0.0,0.0,37717,138,-970,-47,980,2026-08-06-00-38.csv
505404,3126828,6,24289,27.24,1,1,0.0,0.0,37717,137,-969,-52,980,2026-08-06-00-38.csv
505715,3127139,16,24289,23.04,1,1,0.0,0.0,37717,139,-969,-51,981,2026-08-06-00-38.csv
506020,3127444,4,24289,19.19,1,1,0.0,0.0,37717,136,-968,-48,979,2026-08-06-00-38.csv
506327,3127751,17,24289,15.28,1,1,0.0,0.0,37717,139,-970,-52,981,2026-08-06-00-38.csv
506638,3128062,21,24289,11.01,1,1,0.0,0.0,37717,139,-970,-50,981,2026-08-06-00-38.csv
506945,3128369,15,24289,7.58,1,1,0.0,0.0,37717,139,-971,-51,982,2026-08-06-00-38.csv
507254,3128678,6,24289,4.52,1,1,0.0,0.0,37717,139,-969,-50,980,2026-08-06-00-38.csv
507564,3128988,9,24289,1.97,1,1,0.0,0.0,37717,136,-971,-48,982,2026-08-06-00-38.csv
507872,3129296,3,24289,-0.14,1,1,0.0,0.0,37717,139,-969,-53,980,2026-08-06-00-38.csv
508241,3129665,3,24289,-2.45,1,1,0.0,0.0,37717,138,-971,-51,982,2026-08-06-00-38.csv
508549,3129973,-2,24289,-7.3,1,1,0.0,0.0,37717,138,-970,-48,981,2026-08-06-00-38.csv
508861,3130285,-7,24289,-12.37,1,1,0.0,0.0,37717,139,-969,-51,981,2026-08-06-00-38.csv
509169,3130593,11,24289,-14.95,1,1,0.0,0.0,37717,139,-970,-52,981,2026-08-06-00-38.csv
509483,3130907,3,24289,-17.16,1,1,0.0,0.0,37717,138,-971,-50,982,2026-08-06-00-38.csv
509790,3131214,9,24289,-18.87,1,1,0.0,0.0,37717,139,-970,-51,981,2026-08-06-00-38.csv
510098,3131522,8,24289,-20.14,1,1,0.0,0.0,37717,137,-971,-51,982,2026-08-06-00-38.csv
510408,3131832,3,24289,-22.04,1,1,0.0,0.0,37717,138,-970,-51,981,2026-08-06-00-38.csv
510727,3132151,3,24289,-23.55,1,1,0.0,0.0,37717,138,-969,-52,980,2026-08-06-00-38.csv
511040,3132464,16,24289,-23.4,1,1,0.0,0.0,37717,137,-969,-51,980,2026-08-06-00-38.csv
511350,3132774,9,24289,-22.2,1,1,0.0,0.0,37717,139,-969,-51,981,2026-08-06-00-38.csv
511663,3133087,6,24289,-20.4,1,1,0.0,0.0,37717,138,-970,-51,981,2026-08-06-00-38.csv
511970,3133394,10,24289,-18.59,1,1,0.0,0.0,37717,138,-970,-49,981,2026-08-06-00-38.csv
512277,3133701,1,24289,-16.87,1,1,0.0,0.0,37717,139,-970,-51,981,2026-08-06-00-38.csv
512587,3134011,9,24289,-15.18,1,1,0.0,0.0,37717,138,-970,-48,981,2026-08-06-00-38.csv
512900,3134324,14,24289,-13.83,1,1,0.0,0.0,37717,141,-970,-51,982,2026-08-06-00-38.csv
513286,3134710,-1,24289,-12.01,1,1,0.0,0.0,37717,138,-966,-58,978,2026-08-06-00-38.csv
513609,3135033,8,24289,-10.91,1,1,0.0,0.0,37717,139,-968,-54,979,2026-08-06-00-38.csv
513918,3135342,-4,24289,-9.73,1,1,0.0,0.0,37717,134,-970,-42,981,2026-08-06-00-38.csv
514233,3135657,9,24289,-8.45,1,1,0.0,0.0,37717,140,-968,-56,980,2026-08-06-00-38.csv
514544,3135968,2,24289,-7.21,1,1,0.0,0.0,37717,137,-969,-49,980,2026-08-06-00-38.csv
514859,3136283,7,24289,-5.99,1,1,0.0,0.0,37717,136,-971,-46,981,2026-08-06-00-38.csv
515175,3136599,3,24289,-4.73,1,1,0.0,0.0,37717,140,-969,-56,981,2026-08-06-00-38.csv
515535,3136959,9,24289,-3.27,1,1,0.0,0.0,37717,140,-970,-54,981,2026-08-06-00-38.csv
515831,3137255,1,24289,-2.05,1,1,0.0,0.0,37717,136,-971,-46,981,2026-08-06-00-38.csv
516133,3137557,16,24289,-0.94,1,1,0.0,0.0,37717,139,-969,-55,980,2026-08-06-00-38.csv
516425,3137849,-2,24289,0.13,1,1,0.0,0.0,37717,135,-972,-46,982,2026-08-06-00-38.csv
516720,3138144,1,24289,1.19,1,1,0.0,0.0,37717,139,-970,-53,982,2026-08-06-00-38.csv
517021,3138445,8,24289,2.28,1,1,0.0,0.0,37717,137,-970,-48,980,2026-08-06-00-38.csv
517318,3138742,3,24289,3.36,1,1,0.0,0.0,37717,137,-969,-50,980,2026-08-06-00-38.csv
517615,3139039,2,24289,4.33,1,1,0.0,0.0,37717,138,-970,-53,981,2026-08-06-00-38.csv
517910,3139334,8,24289,5.28,1,1,0.0,0.0,37717,137,-970,-49,981,2026-08-06-00-38.csv
518260,3139684,3,24289,6.23,1,1,0.0,0.0,37717,138,-969,-50,980,2026-08-06-00-38.csv
518555,3139979,1,24289,7.09,1,1,0.0,0.0,37717,136,-970,-51,981,2026-08-06-00-38.csv
518847,3140271,-1,24289,8.01,1,1,0.0,0.0,37717,140,-970,-51,981,2026-08-06-00-38.csv
519137,3140561,8,24289,8.99,1,1,0.0,0.0,37717,136,-971,-48,982,2026-08-06-00-38.csv
519433,3140857,-1,24289,9.9,1,1,0.0,0.0,37717,137,-969,-51,980,2026-08-06-00-38.csv
519741,3141165,1,24289,10.79,1,1,0.0,0.0,37717,138,-969,-50,980,2026-08-06-00-38.csv
520035,3141459,11,24289,11.77,1,1,0.0,0.0,37717,137,-971,-48,981,2026-08-06-00-38.csv
520330,3141754,2,24289,12.52,1,1,0.0,0.0,37717,138,-969,-53,980,2026-08-06-00-38.csv
520625,3142049,3,24289,13.3,1,1,0.0,0.0,37717,137,-970,-47,980,2026-08-06-00-38.csv
520927,3142351,4,24289,14.09,1,1,0.0,0.0,37717,138,-969,-54,981,2026-08-06-00-38.csv
521229,3142653,-3,24289,14.84,1,1,0.0,0.0,37717,135,-970,-48,980,2026-08-06-00-38.csv
521523,3142947,8,24289,15.55,1,1,0.0,0.0,37717,137,-969,-51,980,2026-08-06-00-38.csv
521827,3143251,21,24289,16.26,1,1,0.0,0.0,37717,136,-970,-51,981,2026-08-06-00-38.csv
522127,3143551,31,24289,16.82,1,1,0.0,0.0,37717,138,-970,-50,981,2026-08-06-00-38.csv
522430,3143854,11,24289,17.57,1,1,0.0,0.0,37717,138,-970,-51,981,2026-08-06-00-38.csv
522730,3144154,17,24289,18.12,1,1,0.0,0.0,37717,138,-972,-51,983,2026-08-06-00-38.csv
523093,3144517,12,24289,18.86,1,1,0.0,0.0,37717,137,-970,-51,981,2026-08-06-00-38.csv
523393,3144817,-3,24289,19.33,1,1,0.0,0.0,37717,137,-970,-53,981,2026-08-06-00-38.csv
523685,3145109,11,24289,19.82,1,1,0.0,0.0,37717,137,-970,-51,981,2026-08-06-00-38.csv
523988,3145412,11,24289,20.34,1,1,0.0,0.0,37717,138,-970,-52,981,2026-08-06-00-38.csv
524284,3145708,19,24289,20.85,1,1,0.0,0.0,37717,138,-970,-52,981,2026-08-06-00-38.csv
524582,3146006,20,24289,21.35,1,1,0.0,0.0,37717,137,-970,-49,980,2026-08-06-00-38.csv
524877,3146301,11,24289,21.76,1,1,0.0,0.0,37717,137,-970,-51,981,2026-08-06-00-38.csv
525179,3146603,-10,24289,22.15,1,1,0.0,0.0,37717,138,-970,-50,981,2026-08-06-00-38.csv
525479,3146903,10,24289,22.61,1,1,0.0,0.0,37717,137,-970,-50,980,2026-08-06-00-38.csv
525779,3147203,22,24289,23.05,1,1,0.0,0.0,37717,138,-969,-52,980,2026-08-06-00-38.csv
526082,3147506,28,24289,23.47,1,1,0.0,0.0,37717,136,-970,-49,981,2026-08-06-00-38.csv
526383,3147807,20,24289,23.79,1,1,0.0,0.0,37717,138,-969,-52,980,2026-08-06-00-38.csv
526688,3148112,22,24289,24.14,1,1,0.0,0.0,37717,137,-970,-51,981,2026-08-06-00-38.csv
526993,3148417,28,24289,24.55,1,1,0.0,0.0,37717,142,-970,-57,981,2026-08-06-00-38.csv
527297,3148721,30,24289,24.89,1,1,0.0,0.0,37717,146,-962,-60,975,2026-08-06-00-38.csv
527604,3149028,33,24289,25.2,1,1,0.0,0.0,37717,139,-972,-37,983,2026-08-06-00-38.csv
527968,3149392,34,24289,25.6,1,1,0.0,0.0,37717,129,-972,-59,982,2026-08-06-00-38.csv
528277,3149701,42,24289,25.9,1,1,0.0,0.0,37717,128,-969,-54,979,2026-08-06-00-38.csv
528584,3150008,33,24289,26.19,1,1,0.0,0.0,37717,125,-969,-59,979,2026-08-06-00-38.csv
528886,3150310,28,24289,26.51,1,1,0.0,0.0,37717,136,-971,-46,981,2026-08-06-00-38.csv
529200,3150624,22,24289,26.75,1,1,0.0,0.0,37717,149,-971,-34,983,2026-08-06-00-38.csv
529504,3150928,25,24289,27.06,1,1,0.0,0.0,37717,159,-966,-50,981,2026-08-06-00-38.csv
529811,3151235,35,24289,27.27,1,1,0.0,0.0,37717,131,-970,-45,980,2026-08-06-00-38.csv
530121,3151545,40,24289,27.59,1,1,0.0,0.0,37717,109,-973,-63,981,2026-08-06-00-38.csv
530430,3151854,32,24289,27.79,1,1,0.0,0.0,37717,133,-971,-55,982,2026-08-06-00-38.csv
530737,3152161,29,24289,28.03,1,1,0.0,0.0,37717,160,-971,-30,984,2026-08-06-00-38.csv
531050,3152474,27,24289,28.28,1,1,0.0,0.0,37717,136,-968,-48,979,2026-08-06-00-38.csv
531361,3152785,30,24289,28.57,1,1,0.0,0.0,37717,146,-967,-97,983,2026-08-06-00-38.csv
531670,3153094,27,24289,28.79,1,1,0.0,0.0,37717,105,-981,0,986,2026-08-06-00-38.csv
531979,3153403,26,24289,29.04,1,1,0.0,0.0,37717,179,-968,-77,988,2026-08-06-00-38.csv
532292,3153716,27,24289,29.31,1,1,0.0,0.0,37717,80,-985,-32,989,2026-08-06-00-38.csv
532614,3154038,35,24289,29.56,1,1,0.0,0.0,37717,177,-967,-104,989,2026-08-06-00-38.csv
532989,3154413,35,24289,29.77,1,1,0.0,0.0,37717,141,-952,-67,964,2026-08-06-00-38.csv
533299,3154723,27,24289,29.98,1,1,0.0,0.0,37717,97,-1029,-32,1034,2026-08-06-00-38.csv
533604,3155028,34,24289,30.22,1,1,0.0,0.0,37717,193,-947,-102,972,2026-08-06-00-38.csv
533916,3155340,23,24289,30.41,1,1,0.0,0.0,37717,135,-975,-58,985,2026-08-06-00-38.csv
534224,3155648,34,24289,30.6,1,1,0.0,0.0,37717,154,-971,-89,987,2026-08-06-00-38.csv
534535,3155959,46,24289,30.76,1,1,0.0,0.0,37717,92,-970,-64,977,2026-08-06-00-38.csv
534851,3156275,29,24289,30.91,1,1,0.0,0.0,37717,114,-979,-102,991,2026-08-06-00-38.csv
535166,3156590,43,24289,30.97,1,1,0.0,0.0,37717,126,-975,-53,985,2026-08-06-00-38.csv
535476,3156900,31,24289,31.18,1,1,0.0,0.0,37717,145,-976,-125,994,2026-08-06-00-38.csv
535792,3157216,38,24289,31.37,1,1,0.0,0.0,37717,101,-984,-73,991,2026-08-06-00-38.csv
536109,3157533,38,24289,31.53,1,1,0.0,0.0,37717,109,-983,-48,990,2026-08-06-00-38.csv
536421,3157845,35,24289,31.6,1,1,0.0,0.0,37717,141,-966,-51,978,2026-08-06-00-38.csv
536741,3158165,33,24289,31.79,1,1,0.0,0.0,37717,151,-973,-34,986,2026-08-06-00-38.csv
537056,3158480,39,24289,31.79,1,1,0.0,0.0,37717,153,-965,-54,979,2026-08-06-00-38.csv
537373,3158797,36,24289,31.94,1,1,0.0,0.0,37717,138,-967,-68,979,2026-08-06-00-38.csv
537732,3159156,29,24289,31.99,1,1,0.0,0.0,37717,142,-975,-18,985,2026-08-06-00-38.csv
538095,3159519,44,24289,32.05,1,1,0.0,0.0,37717,101,-986,-57,993,2026-08-06-00-38.csv
538383,3159807,44,24289,32.17,1,1,0.0,0.0,37717,63,-955,50,958,2026-08-06-00-38.csv
538679,3160103,35,24289,32.25,1,1,0.0,0.0,37717,171,-962,-51,978,2026-08-06-00-38.csv
538969,3160393,11,24289,32.32,1,1,0.0,0.0,37717,135,-957,-79,970,2026-08-06-00-38.csv
539263,3160687,5,24289,32.38,1,1,0.0,0.0,37718,151,-967,-49,980,2026-08-06-00-38.csv
539552,3160976,-7,24289,32.5,1,1,0.0,0.0,37718,113,-976,-60,984,2026-08-06-00-38.csv
539845,3161269,1,24289,32.65,1,1,0.0,0.0,37718,135,-963,-52,974,2026-08-06-00-38.csv
540139,3161563,34,24289,32.72,1,1,0.0,0.0,37718,152,-971,-43,983,2026-08-06-00-38.csv
540433,3161857,19,24289,32.85,1,1,0.0,0.0,37718,169,-965,-61,981,2026-08-06-00-38.csv
540732,3162156,27,24289,32.95,1,1,0.0,0.0,37718,111,-974,-30,981,2026-08-06-00-38.csv
541028,3162452,19,24289,33.13,1,1,0.0,0.0,37718,153,-971,-56,985,2026-08-06-00-38.csv
541330,3162754,31,24289,33.19,1,1,0.0,0.0,37718,130,-974,-36,984,2026-08-06-00-38.csv
541629,3163053,21,24289,33.35,1,1,0.0,0.0,37718,142,-967,-55,979,2026-08-06-00-38.csv
541926,3163350,16,24289,33.45,1,1,0.0,0.0,37718,136,-968,-57,979,2026-08-06-00-38.csv
542224,3163648,17,24289,33.57,1,1,0.0,0.0,37718,140,-970,-51,982,2026-08-06-00-38.csv
542525,3163949,12,24289,33.71,1,1,0.0,0.0,37718,134,-971,-44,981,2026-08-06-00-38.csv
542888,3164312,13,24289,33.82,1,1,0.0,0.0,37718,160,-965,-59,980,2026-08-06-00-38.csv
543183,3164607,11,24289,33.99,1,1,0.0,0.0,37718,135,-977,-56,987,2026-08-06-00-38.csv
543480,3164904,15,24289,34.07,1,1,0.0,0.0,37718,118,-972,-55,981,2026-08-06-00-38.csv
543777,3165201,13,24289,34.19,1,1,0.0,0.0,37718,129,-973,-56,984,2026-08-06-00-38.csv
544079,3165503,18,24289,34.3,1,1,0.0,0.0,37718,158,-964,-37,977,2026-08-06-00-38.csv
544373,3165797,7,24289,34.43,1,1,0.0,0.0,37718,157,-964,-45,978,2026-08-06-00-38.csv
544665,3166089,10,24289,34.56,1,1,0.0,0.0,37718,141,-967,-60,979,2026-08-06-00-38.csv
544961,3166385,10,24289,34.62,1,1,0.0,0.0,37718,140,-973,-44,983,2026-08-06-00-38.csv
545263,3166687,21,24289,34.76,1,1,0.0,0.0,37718,134,-973,-53,983,2026-08-06-00-38.csv
545567,3166991,9,24289,34.86,1,1,0.0,0.0,37718,130,-971,-55,981,2026-08-06-00-38.csv
545868,3167292,20,24289,34.95,1,1,0.0,0.0,37718,133,-969,-52,980,2026-08-06-00-38.csv
546165,3167589,22,24289,35.04,1,1,0.0,0.0,37718,141,-970,-49,981,2026-08-06-00-38.csv
546464,3167888,14,24289,35.19,1,1,0.0,0.0,37718,133,-970,-52,981,2026-08-06-00-38.csv
546769,3168193,18,24289,35.27,1,1,0.0,0.0,37718,144,-966,-47,978,2026-08-06-00-38.csv
547073,3168497,24,24289,35.39,1,1,0.0,0.0,37718,132,-972,-50,982,2026-08-06-00-38.csv
547380,3168804,10,24289,35.52,1,1,0.0,0.0,37718,136,-970,-47,981,2026-08-06-00-38.csv
547747,3169171,24,24289,35.59,1,1,0.0,0.0,37718,135,-971,-50,982,2026-08-06-00-38.csv
548044,3169468,17,24289,35.71,1,1,0.0,0.0,37718,140,-970,-53,982,2026-08-06-00-38.csv
548345,3169769,11,24289,35.76,1,1,0.0,0.0,37718,138,-969,-51,980,2026-08-06-00-38.csv
548645,3170069,25,24289,35.92,1,1,0.0,0.0,37718,140,-969,-50,980,2026-08-06-00-38.csv
548948,3170372,11,24289,35.92,1,1,0.0,0.0,37718,135,-970,-51,980,2026-08-06-00-38.csv
549254,3170678,10,24289,36.14,1,1,0.0,0.0,37718,137,-972,-47,982,2026-08-06-00-38.csv
549562,3170986,8,24289,36.15,1,1,0.0,0.0,37718,136,-969,-50,980,2026-08-06-00-38.csv
549870,3171294,17,24289,36.35,1,1,0.0,0.0,37718,138,-969,-51,981,2026-08-06-00-38.csv
550179,3171603,32,24289,36.36,1,1,0.0,0.0,37718,138,-970,-52,981,2026-08-06-00-38.csv
550489,3171913,19,24289,36.41,1,1,0.0,0.0,37718,137,-970,-48,981,2026-08-06-00-38.csv
550794,3172218,22,24289,36.5,1,1,0.0,0.0,37718,139,-969,-50,980,2026-08-06-00-38.csv
551100,3172524,32,24289,36.59,1,1,0.0,0.0,37718,139,-970,-53,982,2026-08-06-00-38.csv
551412,3172836,15,24289,36.72,1,1,0.0,0.0,37718,138,-969,-53,981,2026-08-06-00-38.csv
551721,3173145,9,24289,36.85,1,1,0.0,0.0,37718,154,-958,-87,974,2026-08-06-00-38.csv
552033,3173457,22,24289,36.89,1,1,0.0,0.0,37718,138,-968,-64,980,2026-08-06-00-38.csv
552343,3173767,19,24289,36.95,1,1,0.0,0.0,37718,128,-977,-31,986,2026-08-06-00-38.csv
552715,3174139,20,24289,37.04,1,1,0.0,0.0,37718,137,-971,-49,982,2026-08-06-00-38.csv
553017,3174441,13,24289,37.16,1,1,0.0,0.0,37718,137,-970,-51,981,2026-08-06-00-38.csv
553325,3174749,21,24289,37.24,1,1,0.0,0.0,37718,137,-971,-51,982,2026-08-06-00-38.csv
553630,3175054,25,24289,37.26,1,1,0.0,0.0,37718,137,-975,-40,986,2026-08-06-00-38.csv
553938,3175362,25,24289,37.32,1,1,0.0,0.0,37718,140,-968,-54,980,2026-08-06-00-38.csv
554254,3175678,20,24289,37.39,1,1,0.0,0.0,37718,130,-973,-38,982,2026-08-06-00-38.csv
554565,3175989,24,24289,37.49,1,1,0.0,0.0,37718,135,-969,-48,979,2026-08-06-00-38.csv
554872,3176296,15,24289,37.59,1,1,0.0,0.0,37718,139,-969,-52,980,2026-08-06-00-38.csv
555180,3176604,34,24289,37.62,1,1,0.0,0.0,37718,136,-969,-49,980,2026-08-06-00-38.csv
555494,3176918,19,24289,37.66,1,1,0.0,0.0,37718,142,-970,-49,981,2026-08-06-00-38.csv
555808,3177232,25,24289,37.73,1,1,0.0,0.0,37718,134,-970,-51,981,2026-08-06-00-38.csv
556127,3177551,34,24289,37.81,1,1,0.0,0.0,37718,137,-971,-51,982,2026-08-06-00-38.csv
556439,3177863,25,24289,37.86,1,1,0.0,0.0,37718,138,-970,-51,982,2026-08-06-00-38.csv
556749,3178173,28,24289,37.92,1,1,0.0,0.0,37718,139,-971,-52,982,2026-08-06-00-38.csv
557061,3178485,31,24289,37.98,1,1,0.0,0.0,37718,137,-971,-52,982,2026-08-06-00-38.csv
557378,3178802,25,24289,38.05,1,1,0.0,0.0,37718,135,-969,-44,979,2026-08-06-00-38.csv
557750,3179174,28,24289,38.08,1,1,0.0,0.0,37718,125,-973,-49,982,2026-08-06-00-38.csv
558066,3179490,36,24289,38.15,1,1,0.0,0.0,37718,131,-971,-63,982,2026-08-06-00-38.csv
558375,3179799,22,24289,38.2,1,1,0.0,0.0,37718,132,-973,-56,984,2026-08-06-00-38.csv
558691,3180115,26,24289,38.28,1,1,0.0,0.0,37718,123,-977,-47,986,2026-08-06-00-38.csv
559002,3180426,28,24289,38.35,1,1,0.0,0.0,37718,124,-969,-57,979,2026-08-06-00-38.csv
559313,3180737,25,24289,38.44,1,1,0.0,0.0,37718,121,-965,-55,974,2026-08-06-00-38.csv
561199,3182623,46,24289,38.71,1,1,0.0,0.0,37718,120,-972,-67,982,2026-08-06-00-48.csv
572385,3193809,31,24289,39.63,1,1,0.0,0.0,37718,11,-952,-100,958,2026-08-06-00-48-001.csv
574583,3196007,32,24289,39.75,1,1,0.0,0.0,37718,56,-916,-68,920,2026-08-06-00-48-002.csv
588666,3210090,33,24289,40.53,1,1,0.0,0.0,37718,133,-972,-63,983,2026-08-06-00-48-003.csv
588963,3210387,28,24289,40.54,1,1,0.0,0.0,37718,127,-974,-48,983,2026-08-06-00-48-003.csv
589257,3210681,26,24289,40.51,1,1,0.0,0.0,37718,125,-971,-61,981,2026-08-06-00-48-003.csv
589553,3210977,19,24289,40.59,1,1,0.0,0.0,37718,130,-970,-53,980,2026-08-06-00-48-003.csv
589847,3211271,17,24289,40.6,1,1,0.0,0.0,37718,129,-971,-58,981,2026-08-06-00-48-003.csv
590142,3211566,39,24289,40.6,1,1,0.0,0.0,37718,127,-971,-48,980,2026-08-06-00-48-003.csv
590439,3211863,41,24289,40.57,1,1,0.0,0.0,37718,131,-970,-60,981,2026-08-06-00-48-003.csv
590806,3212230,27,24289,40.68,1,1,0.0,0.0,37718,131,-971,-52,981,2026-08-06-00-48-003.csv
591103,3212527,40,24289,40.69,1,1,0.0,0.0,37718,131,-972,-61,982,2026-08-06-00-48-003.csv
591396,3212820,30,24289,40.65,1,1,0.0,0.0,37718,131,-972,-52,982,2026-08-06-00-48-003.csv
591695,3213119,34,24289,40.73,1,1,0.0,0.0,37718,127,-971,-46,980,2026-08-06-00-48-003.csv
591989,3213413,34,24289,40.74,1,1,0.0,0.0,37718,132,-970,-56,981,2026-08-06-00-48-003.csv
592278,3213702,8,24289,40.69,1,1,0.0,0.0,37718,132,-969,-56,979,2026-08-06-00-48-003.csv
592573,3213997,19,24289,40.75,1,1,0.0,0.0,37718,135,-969,-59,980,2026-08-06-00-48-003.csv
592868,3214292,14,24289,40.75,1,1,0.0,0.0,37718,135,-969,-70,981,2026-08-06-00-48-003.csv
593176,3214600,35,24289,40.78,1,1,0.0,0.0,37718,137,-970,-59,981,2026-08-06-00-48-003.csv
593481,3214905,40,24289,40.88,1,1,0.0,0.0,37718,128,-971,-57,982,2026-08-06-00-48-003.csv
593776,3215200,36,24289,40.87,1,1,0.0,0.0,37718,130,-970,-50,980,2026-08-06-00-48-003.csv
594072,3215496,34,24289,40.87,1,1,0.0,0.0,37718,134,-970,-54,981,2026-08-06-00-48-003.csv
594369,3215793,39,24289,40.85,1,1,0.0,0.0,37718,132,-971,-55,981,2026-08-06-00-48-003.csv
594678,3216102,31,24289,40.85,1,1,0.0,0.0,37718,130,-971,-54,981,2026-08-06-00-48-003.csv
594973,3216397,28,24289,40.85,1,1,0.0,0.0,37718,130,-971,-53,981,2026-08-06-00-48-003.csv
595275,3216699,13,24289,40.92,1,1,0.0,0.0,37718,132,-972,-54,982,2026-08-06-00-48-003.csv
595641,3217065,34,24289,40.92,1,1,0.0,0.0,37718,132,-970,-53,981,2026-08-06-00-48-003.csv
595933,3217357,22,24289,40.9,1,1,0.0,0.0,37718,132,-970,-53,980,2026-08-06-00-48-003.csv
596230,3217654,37,24289,40.94,1,1,0.0,0.0,37718,130,-970,-53,980,2026-08-06-00-48-003.csv
596523,3217947,24,24289,40.9,1,1,0.0,0.0,37718,133,-970,-54,981,2026-08-06-00-48-003.csv
596827,3218251,22,24289,40.93,1,1,0.0,0.0,37718,131,-971,-54,981,2026-08-06-00-48-003.csv
597127,3218551,42,24289,40.99,1,1,0.0,0.0,37718,133,-971,-53,981,2026-08-06-00-48-003.csv
597427,3218851,35,24289,40.97,1,1,0.0,0.0,37718,130,-970,-52,980,2026-08-06-00-48-003.csv
597726,3219150,27,24289,40.99,1,1,0.0,0.0,37718,131,-971,-54,981,2026-08-06-00-48-003.csv
598025,3219449,34,24289,41.01,1,1,0.0,0.0,37718,132,-970,-52,980,2026-08-06-00-48-003.csv
598323,3219747,21,24289,40.97,1,1,0.0,0.0,37718,130,-970,-52,980,2026-08-06-00-48-003.csv
598626,3220050,27,24289,40.98,1,1,0.0,0.0,37718,133,-971,-57,982,2026-08-06-00-48-003.csv
598927,3220351,28,24289,40.99,1,1,0.0,0.0,37718,132,-971,-54,982,2026-08-06-00-48-003.csv
599231,3220655,27,24289,41.04,1,1,0.0,0.0,37718,128,-972,-53,982,2026-08-06-00-48-003.csv
599537,3220961,23,24289,41.03,1,1,0.0,0.0,37718,133,-972,-49,982,2026-08-06-00-48-003.csv
599845,3221269,23,24289,41.04,1,1,0.0,0.0,37718,135,-970,-58,981,2026-08-06-00-48-003.csv
600157,3221581,36,24289,41.04,1,1,0.0,0.0,37718,135,-970,-57,981,2026-08-06-00-48-003.csv
600526,3221950,18,24289,40.99,1,1,0.0,0.0,37718,129,-971,-56,981,2026-08-06-00-48-003.csv
600826,3222250,27,24289,40.97,1,1,0.0,0.0,37718,128,-970,-44,979,2026-08-06-00-48-003.csv
601131,3222555,33,24289,41.02,1,1,0.0,0.0,37718,137,-970,-54,982,2026-08-06-00-48-003.csv
601435,3222859,16,24289,40.98,1,1,0.0,0.0,37718,134,-972,-64,983,2026-08-06-00-48-003.csv
601748,3223172,31,24289,40.93,1,1,0.0,0.0,37718,131,-972,-56,982,2026-08-06-00-48-003.csv
602048,3223472,39,24289,40.91,1,1,0.0,0.0,37718,135,-972,-56,982,2026-08-06-00-48-003.csv
602351,3223775,27,24289,40.91,1,1,0.0,0.0,37718,134,-970,-54,981,2026-08-06-00-48-003.csv
602659,3224083,27,24289,40.84,1,1,0.0,0.0,37718,131,-971,-57,981,2026-08-06-00-48-003.csv
602963,3224387,23,24289,40.79,1,1,0.0,0.0,37718,132,-971,-53,982,2026-08-06-00-48-003.csv
603271,3224695,26,24289,40.85,1,1,0.0,0.0,37718,132,-970,-52,981,2026-08-06-00-48-003.csv
603579,3225003,22,24289,40.85,1,1,0.0,0.0,37718,132,-970,-54,980,2026-08-06-00-48-003.csv
603893,3225317,32,24289,40.83,1,1,0.0,0.0,37718,132,-971,-54,981,2026-08-06-00-48-003.csv
604202,3225626,28,24289,40.83,1,1,0.0,0.0,37718,133,-971,-56,982,2026-08-06-00-48-003.csv
604512,3225936,27,24289,40.82,1,1,0.0,0.0,37718,132,-969,-51,979,2026-08-06-00-48-003.csv
604822,3226246,29,24289,40.84,1,1,0.0,0.0,37718,128,-972,-49,981,2026-08-06-00-48-003.csv
605134,3226558,40,24289,40.87,1,1,0.0,0.0,37718,133,-966,-49,977,2026-08-06-00-48-003.csv
605512,3226936,29,24289,40.85,1,1,0.0,0.0,37718,128,-968,-51,978,2026-08-06-00-48-003.csv
605815,3227239,19,24289,40.86,1,1,0.0,0.0,37718,132,-969,-49,979,2026-08-06-00-48-003.csv
606128,3227552,45,24289,40.84,1,1,0.0,0.0,37718,133,-971,-54,981,2026-08-06-00-48-003.csv
606436,3227860,22,24289,40.84,1,1,0.0,0.0,37718,132,-972,-53,983,2026-08-06-00-48-003.csv
606753,3228177,35,24289,40.83,1,1,0.0,0.0,37718,132,-969,-53,980,2026-08-06-00-48-003.csv
607061,3228485,44,24289,40.83,1,1,0.0,0.0,37718,132,-972,-50,982,2026-08-06-00-48-003.csv
607368,3228792,32,24289,40.88,1,1,0.0,0.0,37718,132,-971,-52,982,2026-08-06-00-48-003.csv
607677,3229101,28,24289,40.85,1,1,0.0,0.0,37718,135,-968,-60,979,2026-08-06-00-48-003.csv
607987,3229411,26,24289,40.89,1,1,0.0,0.0,37718,133,-973,-53,984,2026-08-06-00-48-003.csv
608300,3229724,25,24289,40.91,1,1,0.0,0.0,37718,140,-964,-60,976,2026-08-06-00-48-003.csv
608611,3230035,30,24289,40.84,1,1,0.0,0.0,37718,130,-974,-53,984,2026-08-06-00-48-003.csv
608920,3230344,34,24289,40.88,1,1,0.0,0.0,37718,137,-972,-52,983,2026-08-06-00-48-003.csv
609237,3230661,24,24289,40.89,1,1,0.0,0.0,37718,130,-970,-59,981,2026-08-06-00-48-003.csv
609563,3230987,19,24289,40.84,1,1,0.0,0.0,37718,130,-972,-48,982,2026-08-06-00-48-003.csv
609926,3231350,26,24289,40.91,1,1,0.0,0.0,37718,125,-969,-54,978,2026-08-06-00-48-003.csv
610219,3231643,9,24289,40.86,1,1,0.0,0.0,37718,130,-971,-51,981,2026-08-06-00-48-003.csv
610582,3232006,20,24289,40.88,1,1,0.0,0.0,37718,115,-962,-56,971,2026-08-06-00-48-003.csv
610877,3232301,31,24289,40.85,1,1,0.0,0.0,37718,133,-964,-58,975,2026-08-06-00-48-003.csv
611164,3232588,19,24289,40.88,1,1,0.0,0.0,37718,126,-974,-45,983,2026-08-06-00-48-003.csv
611455,3232879,16,24289,40.81,1,1,0.0,0.0,37718,145,-964,-76,978,2026-08-06-00-48-003.csv
611754,3233178,-11,24289,40.8,1,1,0.0,0.0,37719,136,-969,-44,979,2026-08-06-00-48-003.csv
612049,3233473,8,24289,40.82,1,1,0.0,0.0,37719,148,-969,-46,981,2026-08-06-00-48-003.csv
612342,3233766,33,24289,40.83,1,1,0.0,0.0,37719,139,-971,-60,983,2026-08-06-00-48-003.csv
612646,3234070,33,24289,40.81,1,1,0.0,0.0,37719,124,-972,-51,981,2026-08-06-00-48-003.csv
612934,3234358,52,24289,40.82,1,1,0.0,0.0,37719,117,-971,-58,980,2026-08-06-00-48-003.csv
613222,3234646,29,24289,40.79,1,1,0.0,0.0,37719,123,-971,-64,981,2026-08-06-00-48-003.csv
613519,3234943,27,24289,40.81,1,1,0.0,0.0,37719,120,-970,-63,980,2026-08-06-00-48-003.csv
613811,3235235,38,24289,40.76,1,1,0.0,0.0,37719,131,-967,-62,977,2026-08-06-00-48-003.csv
614106,3235530,32,24289,40.8,1,1,0.0,0.0,37719,135,-970,-63,982,2026-08-06-00-48-003.csv
614402,3235826,25,24289,40.78,1,1,0.0,0.0,37719,126,-972,-44,981,2026-08-06-00-48-003.csv
614702,3236126,0,24289,40.75,1,1,0.0,0.0,37720,145,-970,-49,982,2026-08-06-00-48-003.csv
615003,3236427,26,24289,40.81,1,1,0.0,0.0,37720,139,-968,-55,979,2026-08-06-00-48-003.csv
615368,3236792,24,24289,40.83,1,1,0.0,0.0,37720,140,-969,-55,981,2026-08-06-00-48-003.csv
615660,3237084,37,24289,40.83,1,1,0.0,0.0,37720,137,-970,-54,981,2026-08-06-00-48-003.csv
615955,3237379,37,24289,40.87,1,1,0.0,0.0,37720,129,-971,-54,981,2026-08-06-00-48-003.csv
616245,3237669,36,24289,40.88,1,1,0.0,0.0,37720,121,-971,-58,980,2026-08-06-00-48-003.csv
616544,3237968,41,24289,40.91,1,1,0.0,0.0,37720,122,-972,-56,981,2026-08-06-00-48-003.csv
616845,3238269,41,24289,40.9,1,1,0.0,0.0,37720,126,-971,-56,981,2026-08-06-00-48-003.csv
617139,3238563,45,24289,40.9,1,1,0.0,0.0,37720,137,-970,-52,981,2026-08-06-00-48-003.csv
617438,3238862,34,24289,40.9,1,1,0.0,0.0,37720,139,-970,-52,981,2026-08-06-00-48-003.csv
617734,3239158,52,24289,40.91,1,1,0.0,0.0,37720,143,-973,-59,986,2026-08-06-00-48-003.csv
618033,3239457,48,24289,40.94,1,1,0.0,0.0,37720,139,-968,-54,980,2026-08-06-00-48-003.csv
618332,3239756,41,24289,40.97,1,1,0.0,0.0,37720,137,-970,-53,981,2026-08-06-00-48-003.csv
618635,3240059,47,24289,40.95,1,1,0.0,0.0,37720,117,-973,-13,980,2026-08-06-00-48-003.csv
618941,3240365,49,24289,40.96,1,1,0.0,0.0,37720,122,-972,-53,981,2026-08-06-00-48-003.csv
619240,3240664,36,24289,40.96,1,1,0.0,0.0,37720,130,-973,-51,983,2026-08-06-00-48-003.csv
619541,3240965,41,24289,40.97,1,1,0.0,0.0,37720,115,-976,-21,983,2026-08-06-00-48-003.csv
619839,3241263,37,24289,41.0,1,1,0.0,0.0,37720,135,-973,-89,986,2026-08-06-00-48-003.csv
620206,3241630,31,24289,41.05,1,1,0.0,0.0,37720,131,-973,-38,983,2026-08-06-00-48-003.csv
620500,3241924,29,24289,41.06,1,1,0.0,0.0,37720,136,-970,-74,982,2026-08-06-00-48-003.csv
620801,3242225,26,24289,41.05,1,1,0.0,0.0,37720,123,-968,-59,978,2026-08-06-00-48-003.csv
621106,3242530,44,24289,41.06,1,1,0.0,0.0,37720,133,-969,-45,979,2026-08-06-00-48-003.csv
621405,3242829,43,24289,41.11,1,1,0.0,0.0,37720,134,-968,-64,980,2026-08-06-00-48-003.csv
621702,3243126,27,24289,41.04,1,1,0.0,0.0,37720,124,-974,-53,983,2026-08-06-00-48-003.csv
622003,3243427,28,24289,41.17,1,1,0.0,0.0,37720,128,-971,-44,980,2026-08-06-00-48-003.csv
622306,3243730,28,24289,41.16,1,1,0.0,0.0,37720,127,-971,-61,981,2026-08-06-00-48-003.csv
622612,3244036,34,24289,41.17,1,1,0.0,0.0,37720,142,-965,-48,976,2026-08-06-00-48-003.csv
622915,3244339,26,24289,41.2,1,1,0.0,0.0,37720,145,-965,-50,977,2026-08-06-00-48-003.csv
623226,3244650,24,24289,41.2,1,1,0.0,0.0,37720,130,-968,-49,978,2026-08-06-00-48-003.csv
623526,3244950,29,24289,41.21,1,1,0.0,0.0,37720,134,-970,-52,981,2026-08-06-00-48-003.csv
623835,3245259,23,24289,41.23,1,1,0.0,0.0,37720,127,-969,-59,979,2026-08-06-00-48-003.csv
624146,3245570,29,24289,41.24,1,1,0.0,0.0,37720,122,-972,-55,981,2026-08-06-00-48-003.csv
624448,3245872,32,24289,41.24,1,1,0.0,0.0,37720,126,-969,-54,979,2026-08-06-00-48-003.csv
624763,3246187,22,24289,41.25,1,1,0.0,0.0,37720,135,-971,-51,982,2026-08-06-00-48-003.csv
625130,3246554,37,24289,41.26,1,1,0.0,0.0,37720,136,-971,-49,981,2026-08-06-00-48-003.csv
625436,3246860,22,24289,41.28,1,1,0.0,0.0,37720,138,-969,-56,980,2026-08-06-00-48-003.csv
625746,3247170,26,24289,41.31,1,1,0.0,0.0,37720,140,-973,-39,984,2026-08-06-00-48-003.csv
626046,3247470,38,24289,41.32,1,1,0.0,0.0,37720,136,-969,-61,980,2026-08-06-00-48-003.csv
626355,3247779,21,24289,41.35,1,1,0.0,0.0,37720,123,-972,-57,981,2026-08-06-00-48-003.csv
626666,3248090,28,24289,41.42,1,1,0.0,0.0,37720,128,-971,-53,981,2026-08-06-00-48-003.csv
626974,3248398,25,24289,41.36,1,1,0.0,0.0,37720,136,-970,-52,981,2026-08-06-00-48-003.csv
627278,3248702,21,24289,41.41,1,1,0.0,0.0,37720,139,-968,-50,980,2026-08-06-00-48-003.csv
627590,3249014,175,24289,41.44,1,1,0.0,0.0,37720,121,-972,-74,983,2026-08-06-00-48-003.csv
627902,3249326,1815,24289,41.42,1,1,0.0,0.0,37720,114,-973,-53,982,2026-08-06-00-48-003.csv
628212,3249636,4753,24289,41.49,1,1,0.0,0.0,37720,120,-972,-62,982,2026-08-06-00-48-003.csv
628519,3249943,9052,24289,41.44,1,1,0.0,0.0,37721,105,-974,-66,982,2026-08-06-00-48-003.csv
628828,3250252,14281,24289,41.46,1,1,0.0,0.0,37721,99,-971,-84,980,2026-08-06-00-48-003.csv
629136,3250560,19900,24289,41.45,1,1,0.0,0.0,37721,85,-982,-69,988,2026-08-06-00-48-003.csv
629451,3250875,24517,24289,41.47,1,1,0.7,7.3,37722,77,-990,-77,996,2026-08-06-00-48-003.csv
629769,3251193,24520,24289,41.48,1,1,1.71,17.8,37724,60,-964,-76,969,2026-08-06-00-48-003.csv
630145,3251569,24520,24289,41.44,1,1,2.71,28.3,37726,72,-957,-106,965,2026-08-06-00-48-003.csv
630452,3251876,24520,24289,41.47,1,1,3.37,35.2,37728,74,-972,-119,982,2026-08-06-00-48-003.csv
630766,3252190,24520,24289,41.49,1,1,4.6,48.0,37731,34,-988,-80,992,2026-08-06-00-48-003.csv
631076,3252500,24520,24289,41.51,1,1,4.01,41.8,37734,114,-935,-149,954,2026-08-06-00-48-003.csv
631390,3252814,24520,24289,41.49,1,1,4.68,48.9,37737,49,-962,-48,964,2026-08-06-00-48-003.csv
631704,3253128,24520,24289,41.52,1,1,7.06,73.7,37742,74,-953,-89,960,2026-08-06-00-48-003.csv
632002,3253426,24520,24289,41.53,1,1,7.95,83.1,37747,66,-1066,-107,1074,2026-08-06-00-48-003.csv
632297,3253721,24520,24289,41.52,1,1,6.91,72.2,37751,26,-1053,77,1056,2026-08-06-00-48-003.csv
632585,3254009,24520,24289,41.55,1,1,9.48,99.0,37757,110,-980,-221,1011,2026-08-06-00-48-003.csv
632880,3254304,24520,24289,41.51,1,1,8.43,88.0,37762,75,-967,-30,971,2026-08-06-00-48-003.csv
633178,3254602,24520,24289,41.55,1,1,9.42,98.4,37768,76,-953,-84,959,2026-08-06-00-48-003.csv
633479,3254903,24520,24289,41.55,1,1,9.91,103.4,37774,171,-983,-166,1012,2026-08-06-00-48-003.csv
633770,3255194,24520,24289,41.5,1,1,10.74,112.2,37781,74,-872,-154,889,2026-08-06-00-48-003.csv
634070,3255494,24520,24289,41.58,1,1,11.25,117.4,37788,132,-948,-180,974,2026-08-06-00-48-003.csv
634366,3255790,24520,24289,41.58,1,1,11.72,122.4,37795,81,-979,-96,987,2026-08-06-00-48-003.csv
634659,3256083,24520,24289,41.55,1,1,12.44,129.9,37803,131,-881,-160,905,2026-08-06-00-48-003.csv
635012,3256436,24520,24289,41.53,1,1,11.68,122.0,37811,17,-1000,10,1000,2026-08-06-00-48-003.csv
635299,3256723,24520,24289,41.55,1,1,13.68,142.9,37820,196,-810,-193,855,2026-08-06-00-48-003.csv
635592,3257016,24520,24289,41.53,1,1,13.98,146.0,37828,51,-1015,-28,1016,2026-08-06-00-48-003.csv
635884,3257308,24520,24289,41.57,1,1,14.61,152.5,37837,124,-948,-57,958,2026-08-06-00-48-003.csv
636183,3257607,24448,24289,41.55,1,1,15.3,159.7,37847,83,-951,-125,962,2026-08-06-00-48-003.csv
636479,3257903,24502,24289,41.57,1,1,13.68,142.9,37855,96,-1020,-198,1044,2026-08-06-00-48-003.csv
636771,3258195,24517,24289,41.57,1,1,16.01,167.2,37865,65,-1046,-16,1048,2026-08-06-00-48-003.csv
637067,3258491,24403,24289,41.58,1,1,16.28,170.1,37875,24,-976,-93,981,2026-08-06-00-48-003.csv
637362,3258786,24414,24289,41.62,1,1,14.91,155.7,37884,30,-1049,-48,1050,2026-08-06-00-48-003.csv
637661,3259085,24349,24289,41.62,1,1,17.04,178.0,37895,155,-1094,-168,1117,2026-08-06-00-48-003.csv
637961,3259385,24317,24289,41.65,1,1,15.91,166.1,37905,127,-818,-3,828,2026-08-06-00-48-003.csv
638269,3259693,24397,24289,41.68,1,1,16.28,170.1,37915,246,-756,-61,798,2026-08-06-00-48-003.csv
638564,3259988,24288,24289,41.67,1,1,16.77,175.2,37926,130,-937,-121,954,2026-08-06-00-48-003.csv
638859,3260283,23949,24289,41.7,1,1,18.68,195.0,37937,146,-983,-147,1005,2026-08-06-00-48-003.csv
639162,3260586,23412,24289,41.69,1,1,17.44,182.1,37948,48,-923,63,926,2026-08-06-00-48-003.csv
639469,3260893,22947,24289,41.76,1,1,18.01,188.1,37960,139,-944,-167,969,2026-08-06-00-48-003.csv
639831,3261255,23052,24289,41.74,1,1,15.87,165.7,37972,11,-1233,-100,1237,2026-08-06-00-48-003.csv
640125,3261549,23114,24289,41.72,1,1,18.04,188.4,37983,131,-921,-127,939,2026-08-06-00-48-003.csv
640424,3261848,23074,24289,41.73,1,1,18.1,189.0,37994,293,-845,-277,936,2026-08-06-00-48-003.csv
640726,3262150,22790,24289,41.76,1,1,18.41,192.3,38006,-50,-1382,0,1383,2026-08-06-00-48-003.csv
641022,3262446,22467,24289,41.8,1,1,18.29,191.0,38017,196,-974,-139,1004,2026-08-06-00-48-003.csv
641320,3262744,23463,24289,41.81,1,1,18.53,193.5,38029,-36,-1102,-149,1113,2026-08-06-00-48-003.csv
641618,3263042,23507,24289,41.84,1,1,18.41,192.3,38040,-159,-939,134,961,2026-08-06-00-48-003.csv
641917,3263341,23332,24289,41.86,1,1,20.21,211.0,38053,37,-954,-471,1065,2026-08-06-00-48-003.csv
642220,3263644,23003,24289,41.89,1,1,18.71,195.4,38065,41,-591,89,600,2026-08-06-00-48-003.csv
642524,3263948,23196,24289,41.92,1,1,18.84,196.7,38077,257,-1020,-460,1148,2026-08-06-00-48-003.csv
642827,3264251,22465,24289,41.94,1,1,19.15,200.0,38089,159,-946,-83,963,2026-08-06-00-48-003.csv
643131,3264555,21645,24289,41.97,1,1,19.34,202.0,38101,177,-1075,-209,1110,2026-08-06-00-48-003.csv
643431,3264855,21421,24289,41.99,1,1,19.61,204.8,38113,226,-658,51,697,2026-08-06-00-48-003.csv
643737,3265161,20890,24289,41.96,1,1,20.08,209.7,38126,124,-1102,-169,1122,2026-08-06-00-48-003.csv
644039,3265463,20967,24289,42.01,1,1,20.34,212.4,38139,45,-914,-175,932,2026-08-06-00-48-003.csv
644345,3265769,20664,24289,42.06,1,1,20.68,215.9,38152,66,-952,-66,957,2026-08-06-00-48-003.csv
644720,3266144,20322,24289,42.08,1,1,19.05,198.9,38167,170,-782,-261,841,2026-08-06-00-48-003.csv
645024,3266448,20122,24289,42.11,1,1,21.48,224.4,38181,92,-1011,-145,1025,2026-08-06-00-48-003.csv
645324,3266748,19843,24289,42.2,1,1,21.39,223.4,38194,-33,-791,134,803,2026-08-06-00-48-003.csv
645633,3267057,19791,24289,42.13,1,1,21.83,228.0,38208,103,-1017,-138,1031,2026-08-06-00-48-003.csv
645938,3267362,19469,24289,42.19,1,1,21.98,229.5,38222,110,-1086,-41,1092,2026-08-06-00-48-003.csv
646242,3267666,19742,24289,42.24,1,1,21.98,229.5,38236,81,-1175,-156,1188,2026-08-06-00-48-003.csv
646546,3267970,19159,24289,42.23,1,1,22.05,230.3,38250,139,-1139,-240,1172,2026-08-06-00-48-003.csv
646860,3268284,20001,24289,42.3,1,1,22.23,232.2,38265,193,-891,-317,965,2026-08-06-00-48-003.csv
647167,3268591,20311,24289,42.34,1,1,21.69,226.5,38279,274,-803,-355,920,2026-08-06-00-48-003.csv
647471,3268895,20577,24289,42.36,1,1,21.32,222.6,38292,90,-984,-4,988,2026-08-06-00-48-003.csv
647779,3269203,20607,24289,42.4,1,1,21.21,221.5,38306,136,-910,-136,931,2026-08-06-00-48-003.csv
648089,3269513,20871,24289,42.42,1,1,20.82,217.4,38319,89,-810,-66,817,2026-08-06-00-48-003.csv
648393,3269817,20952,24289,42.5,1,1,21.01,219.4,38333,84,-970,-108,979,2026-08-06-00-48-003.csv
648705,3270129,21110,24289,42.48,1,1,20.82,217.4,38346,141,-1033,-318,1090,2026-08-06-00-48-003.csv
649017,3270441,21407,24289,42.51,1,1,21.01,219.4,38360,187,-825,-1,846,2026-08-06-00-48-003.csv
649332,3270756,20474,24289,42.54,1,1,21.08,220.1,38374,247,-979,-359,1071,2026-08-06-00-48-003.csv
649711,3271135,20909,24289,42.62,1,1,19.05,198.9,38389,50,-701,-62,706,2026-08-06-00-48-003.csv
650017,3271441,20674,24289,42.62,1,1,21.03,219.6,38402,144,-1140,-44,1150,2026-08-06-00-48-003.csv
650322,3271746,20915,24289,42.67,1,1,21.21,221.5,38416,8,-815,43,817,2026-08-06-00-48-003.csv
650630,3272054,20856,24289,42.66,1,1,21.03,219.6,38429,195,-794,-10,817,2026-08-06-00-48-003.csv
650943,3272367,20569,24289,42.68,1,1,21.28,222.2,38443,31,-777,-76,781,2026-08-06-00-48-003.csv
651257,3272681,21010,24289,42.7,1,1,21.28,222.2,38457,134,-1009,-190,1035,2026-08-06-00-48-003.csv
651570,3272994,20637,24289,42.69,1,1,21.28,222.2,38471,217,-947,-194,991,2026-08-06-00-48-003.csv
651878,3273302,21116,24289,42.72,1,1,21.28,222.2,38485,16,-1018,-53,1019,2026-08-06-00-48-003.csv
652191,3273615,21053,24289,42.78,1,1,21.14,220.8,38499,101,-908,-6,914,2026-08-06-00-48-003.csv
652500,3273924,19578,24289,42.83,1,1,21.03,219.6,38512,327,-726,-48,797,2026-08-06-00-48-003.csv
652812,3274236,-536,24289,42.84,1,1,21.01,219.4,38526,323,-596,-159,696,2026-08-06-00-48-003.csv
653121,3274545,-502,24289,42.84,1,1,20.54,214.5,38539,-61,-1133,-81,1138,2026-08-06-00-48-003.csv
653445,3274869,-490,24289,42.91,1,1,20.56,214.7,38553,132,-979,-212,1011,2026-08-06-00-48-003.csv
653796,3275220,-441,24289,42.95,1,1,17.68,184.7,38566,33,-1056,-20,1057,2026-08-06-00-48-003.csv
654090,3275514,-407,24289,42.99,1,1,19.61,204.8,38578,132,-1007,-111,1021,2026-08-06-00-48-003.csv
654381,3275805,-379,24289,43.02,1,1,19.34,202.0,38590,283,-722,28,775,2026-08-06-00-48-003.csv
654732,3276156,-369,24289,43.04,1,1,18.09,189.0,38603,127,-849,-111,865,2026-08-06-00-48-003.csv
655020,3276444,-336,24289,43.08,1,1,18.54,193.7,38614,209,-874,-92,903,2026-08-06-00-48-003.csv
655310,3276734,-321,24289,43.11,1,1,18.35,191.6,38625,147,-1010,26,1021,2026-08-06-00-48-003.csv
655606,3277030,-168,24289,43.17,1,1,18.24,190.5,38637,240,-1020,148,1058,2026-08-06-00-48-003.csv
655900,3277324,25,24289,43.18,1,1,17.79,185.8,38648,27,-583,291,653,2026-08-06-00-48-003.csv
656189,3277613,300,24289,43.25,1,1,18.94,197.8,38659,241,-1072,-201,1118,2026-08-06-00-48-003.csv
656484,3277908,977,24289,43.27,1,1,16.92,176.7,38669,-50,-1261,-28,1262,2026-08-06-00-48-003.csv
656777,3278201,2257,24289,43.32,1,1,16.93,176.8,38680,107,-1255,-190,1274,2026-08-06-00-48-003.csv
657072,3278496,4099,24289,43.38,1,1,18.16,189.7,38691,77,-1066,-235,1094,2026-08-06-00-48-003.csv
657367,3278791,8195,24289,43.44,1,1,16.34,170.6,38701,314,-599,-100,684,2026-08-06-00-48-003.csv
657671,3279095,13475,24289,43.49,1,1,16.28,170.1,38711,103,-927,-108,939,2026-08-06-00-48-003.csv
657967,3279391,18272,24289,43.52,1,1,16.28,170.1,38721,207,-872,-130,905,2026-08-06-00-48-003.csv
658266,3279690,22876,24289,43.57,1,1,16.51,172.4,38732,84,-988,-75,994,2026-08-06-00-48-003.csv
658569,3279993,24288,24289,43.65,1,1,16.34,170.6,38742,77,-948,-96,956,2026-08-06-00-48-003.csv
658864,3280288,24461,24289,43.68,1,1,18.1,189.0,38753,152,-850,15,864,2026-08-06-00-48-003.csv
659160,3280584,24250,24289,43.74,1,1,16.88,176.3,38764,177,-977,-148,1004,2026-08-06-00-48-003.csv
659526,3280950,24363,24289,43.83,1,1,16.05,167.6,38776,90,-1081,-178,1100,2026-08-06-00-48-003.csv
659825,3281249,24347,24289,43.83,1,1,18.65,194.8,38788,72,-921,-22,924,2026-08-06-00-48-003.csv
660124,3281548,24180,24289,43.88,1,1,16.98,177.3,38798,160,-889,-73,906,2026-08-06-00-48-003.csv
660430,3281854,24185,24289,43.92,1,1,15.8,165.0,38808,96,-991,-143,1006,2026-08-06-00-48-003.csv
660727,3282151,23846,24289,43.99,1,1,17.61,183.9,38819,38,-1048,-122,1056,2026-08-06-00-48-003.csv
661023,3282447,23738,24289,43.99,1,1,19.54,204.1,38831,287,-976,-377,1085,2026-08-06-00-48-003.csv
661321,3282745,23352,24289,44.02,1,1,18.3,191.1,38843,79,-950,-90,957,2026-08-06-00-48-003.csv
661629,3283053,23314,24289,44.06,1,1,18.22,190.3,38854,100,-806,-14,812,2026-08-06-00-48-003.csv
661927,3283351,23830,24289,44.09,1,1,18.47,192.9,38866,88,-683,4,689,2026-08-06-00-48-003.csv
662227,3283651,23016,24289,44.11,1,1,18.78,196.1,38878,-157,-1149,-105,1164,2026-08-06-00-48-003.csv
662529,3283953,22105,24289,44.11,1,1,19.02,198.7,38890,216,-850,-397,963,2026-08-06-00-48-003.csv
662826,3284250,22474,24289,44.15,1,1,19.41,202.7,38902,-27,-1057,-173,1071,2026-08-06-00-48-003.csv
663127,3284551,19777,24289,44.19,1,1,19.68,205.5,38914,194,-666,-171,714,2026-08-06-00-48-003.csv
663430,3284854,313,24289,44.19,1,1,20.08,209.7,38927,219,-743,-31,775,2026-08-06-00-48-003.csv
663737,3285161,-518,24289,44.22,1,1,19.89,207.7,38940,136,-760,-75,775,2026-08-06-00-48-003.csv
664047,3285471,-495,24289,44.27,1,1,19.54,204.1,38952,23,-811,285,860,2026-08-06-00-48-003.csv
664406,3285830,-488,24289,44.28,1,1,17.1,178.6,38965,228,-837,-55,869,2026-08-06-00-48-003.csv
664703,3286127,-457,24289,44.31,1,1,20.54,214.5,38978,86,-1035,49,1040,2026-08-06-00-48-003.csv
665001,3286425,-430,24289,44.33,1,1,20.23,211.3,38990,241,-939,-154,982,2026-08-06-00-48-003.csv
665297,3286721,-399,24289,44.34,1,1,18.53,193.6,39002,108,-995,2,1000,2026-08-06-00-48-003.csv
665595,3287019,-366,24289,44.39,1,1,18.1,189.0,39013,95,-1162,-38,1167,2026-08-06-00-48-003.csv
665900,3287324,-177,24289,44.44,1,1,18.12,189.3,39025,217,-869,-93,900,2026-08-06-00-48-003.csv
666208,3287632,136,24289,44.42,1,1,17.67,184.6,39036,63,-1211,-66,1215,2026-08-06-00-48-003.csv
666508,3287932,284,24289,44.46,1,1,17.56,183.3,39047,201,-1073,-236,1117,2026-08-06-00-48-003.csv
666812,3288236,1060,24289,44.53,1,1,17.44,182.1,39058,150,-880,-86,897,2026-08-06-00-48-003.csv
667124,3288548,2736,24289,44.54,1,1,17.38,181.5,39069,9,-1001,70,1003,2026-08-06-00-48-003.csv
667431,3288855,6013,24289,44.6,1,1,17.57,183.5,39081,52,-1229,-168,1242,2026-08-06-00-48-003.csv
667738,3289162,10472,24289,44.63,1,1,18.9,197.4,39093,317,-702,75,774,2026-08-06-00-48-003.csv
668044,3289468,15732,24289,44.67,1,1,17.38,181.5,39104,140,-999,-139,1019,2026-08-06-00-48-003.csv
668356,3289780,20418,24289,44.7,1,1,17.9,186.9,39116,23,-1063,-130,1071,2026-08-06-00-48-003.csv
668666,3290090,23421,24289,44.72,1,1,17.97,187.7,39127,130,-1210,-125,1223,2026-08-06-00-48-003.csv
668971,3290395,23739,24289,44.76,1,1,18.53,193.5,39139,55,-1137,-156,1149,2026-08-06-00-48-003.csv
669339,3290763,23062,24289,44.81,1,1,16.91,176.6,39152,172,-1153,-196,1183,2026-08-06-00-48-003.csv
669646,3291070,23030,24289,44.84,1,1,19.22,200.7,39164,119,-1046,-178,1067,2026-08-06-00-48-003.csv
669952,3291376,22068,24289,44.9,1,1,19.89,207.7,39177,126,-1002,-128,1018,2026-08-06-00-48-003.csv
670257,3291681,22000,24289,44.94,1,1,20.14,210.4,39190,168,-866,-271,923,2026-08-06-00-48-003.csv
670567,3291991,21581,24289,44.9,1,1,20.41,213.1,39203,-30,-1104,-159,1116,2026-08-06-00-48-003.csv
670886,3292310,21217,24289,45.01,1,1,20.95,218.8,39217,109,-1007,-89,1017,2026-08-06-00-48-003.csv
671196,3292620,20529,24289,45.07,1,1,21.28,222.2,39231,90,-1186,-34,1190,2026-08-06-00-48-003.csv
671505,3292929,20246,24289,45.06,1,1,21.48,224.4,39245,44,-1263,-177,1276,2026-08-06-00-48-003.csv
671813,3293237,20358,24289,45.1,1,1,21.76,227.3,39259,-35,-1376,30,1377,2026-08-06-00-48-003.csv
672128,3293552,20206,24289,45.15,1,1,22.05,230.3,39273,129,-1020,-8,1028,2026-08-06-00-48-003.csv
672444,3293868,-460,24289,45.15,1,1,22.51,235.1,39288,243,-902,-68,936,2026-08-06-00-48-003.csv
672761,3294185,-448,24289,45.18,1,1,22.44,234.4,39303,82,-1127,131,1137,2026-08-06-00-48-003.csv
673074,3294498,-429,24289,45.22,1,1,21.98,229.5,39317,87,-1220,-19,1224,2026-08-06-00-48-003.csv
673391,3294815,-400,24289,45.23,1,1,22.03,230.1,39332,175,-944,-234,988,2026-08-06-00-48-003.csv
673715,3295139,-378,24289,45.26,1,1,21.76,227.3,39347,128,-917,-182,944,2026-08-06-00-48-003.csv
674027,3295451,-363,24289,45.31,1,1,21.28,222.2,39361,145,-833,31,846,2026-08-06-00-48-003.csv
674399,3295823,-350,24289,45.34,1,1,18.62,194.4,39375,69,-1269,-107,1276,2026-08-06-00-48-003.csv
674708,3296132,-323,24289,45.35,1,1,20.41,213.1,39388,289,-628,-352,776,2026-08-06-00-48-003.csv
675023,3296447,-314,24289,45.39,1,1,20.37,212.8,39402,151,-989,-216,1024,2026-08-06-00-48-003.csv
675334,3296758,-295,24289,45.39,1,1,19.61,204.8,39414,166,-1040,-162,1066,2026-08-06-00-48-003.csv
675647,3297071,-286,24289,45.42,1,1,19.7,205.7,39427,57,-990,-130,1000,2026-08-06-00-48-003.csv
676002,3297426,-268,24289,45.43,1,1,17.15,179.1,39440,28,-903,-49,905,2026-08-06-00-48-003.csv
676309,3297733,-104,24289,45.45,1,1,19.02,198.7,39452,136,-828,75,843,2026-08-06-00-48-003.csv
676606,3298030,146,24289,45.46,1,1,18.9,197.4,39464,123,-1012,-145,1029,2026-08-06-00-48-003.csv
676898,3298322,456,24289,45.46,1,1,18.54,193.7,39475,114,-1226,-130,1239,2026-08-06-00-48-003.csv
677196,3298620,834,24289,45.52,1,1,18.65,194.8,39487,71,-990,53,994,2026-08-06-00-48-003.csv
677495,3298919,2438,24289,45.52,1,1,18.16,189.7,39498,123,-1079,-70,1088,2026-08-06-00-48-003.csv
677789,3299213,4686,24289,45.56,1,1,18.04,188.4,39509,122,-979,-88,991,2026-08-06-00-48-003.csv
678085,3299509,8933,24289,45.62,1,1,17.79,185.8,39520,302,-753,-136,822,2026-08-06-00-48-003.csv
678389,3299813,14040,24289,45.6,1,1,18.01,188.1,39532,56,-942,7,944,2026-08-06-00-48-003.csv
678687,3300111,18963,24289,45.66,1,1,17.73,185.2,39543,-4,-952,18,952,2026-08-06-00-48-003.csv
678983,3300407,23263,24289,45.67,1,1,17.73,185.2,39554,191,-859,-216,906,2026-08-06-00-48-003.csv
679358,3300782,23812,24289,45.72,1,1,15.83,165.3,39566,1,-1238,-72,1240,2026-08-06-00-48-003.csv
679653,3301077,23423,24289,45.75,1,1,18.04,188.4,39577,225,-603,-67,647,2026-08-06-00-48-003.csv
679944,3301368,23285,24289,45.78,1,1,19.74,206.2,39589,84,-973,-94,981,2026-08-06-00-48-003.csv
680235,3301659,23249,24289,45.76,1,1,18.22,190.3,39600,192,-785,-339,877,2026-08-06-00-48-003.csv
680528,3301952,19920,24289,45.79,1,1,18.53,193.5,39612,21,-862,-63,864,2026-08-06-00-48-003.csv
680825,3302249,16291,24289,45.84,1,1,18.35,191.6,39623,-41,-881,101,887,2026-08-06-00-48-003.csv
681122,3302546,16773,24289,45.83,1,1,18.29,191.0,39634,220,-1044,-131,1075,2026-08-06-00-48-003.csv
681419,3302843,14046,24289,45.88,1,1,18.65,194.8,39646,167,-1000,-30,1015,2026-08-06-00-48-003.csv
681719,3303143,15154,24289,45.92,1,1,18.65,194.8,39658,309,-835,-219,917,2026-08-06-00-48-003.csv
682024,3303448,19510,24289,45.97,1,1,18.48,193.0,39669,177,-1088,-301,1143,2026-08-06-00-48-003.csv
682323,3303747,22670,24289,45.98,1,1,18.78,196.1,39681,201,-676,-183,729,2026-08-06-00-48-003.csv
682625,3304049,22792,24289,46.0,1,1,19.09,199.3,39693,-22,-1147,-82,1150,2026-08-06-00-48-003.csv
682921,3304345,9719,24289,46.01,1,1,19.41,202.7,39705,189,-865,-38,886,2026-08-06-00-48-003.csv
683224,3304648,-405,24289,46.06,1,1,19.76,206.3,39718,159,-968,-145,992,2026-08-06-00-48-003.csv
683533,3304957,-394,24289,46.09,1,1,19.61,204.8,39730,119,-1302,-202,1323,2026-08-06-00-48-003.csv
683829,3305253,-377,24289,46.13,1,1,19.76,206.3,39743,230,-984,-98,1015,2026-08-06-00-48-003.csv
684191,3305615,-341,24289,46.15,1,1,17.43,182.1,39756,39,-1023,-216,1046,2026-08-06-00-48-003.csv
684483,3305907,-334,24289,46.17,1,1,19.48,203.4,39768,189,-881,-76,904,2026-08-06-00-48-003.csv
684785,3306209,-303,24289,46.22,1,1,19.48,203.4,39780,12,-1086,-31,1087,2026-08-06-00-48-003.csv
685083,3306507,-22,24289,46.22,1,1,19.61,204.8,39792,113,-924,-36,931,2026-08-06-00-48-003.csv
685382,3306806,254,24289,46.21,1,1,19.54,204.1,39804,62,-1078,-386,1147,2026-08-06-00-48-003.csv
685689,3307113,371,24289,46.23,1,1,19.95,208.3,39817,5,-1105,-99,1109,2026-08-06-00-48-003.csv
685987,3307411,998,24289,46.3,1,1,19.54,204.1,39829,238,-1147,-126,1179,2026-08-06-00-48-003.csv
686286,3307710,2578,24289,46.3,1,1,19.89,207.7,39842,47,-1139,-12,1140,2026-08-06-00-48-003.csv
686581,3308005,4779,24289,46.35,1,1,21.24,221.8,39855,207,-899,-96,928,2026-08-06-00-48-003.csv
686886,3308310,8832,24289,46.31,1,1,19.61,204.8,39867,243,-719,132,771,2026-08-06-00-48-003.csv
687187,3308611,14063,24289,46.34,1,1,19.76,206.3,39880,34,-1017,-219,1041,2026-08-06-00-48-003.csv
687492,3308916,18615,24289,46.4,1,1,19.48,203.4,39892,121,-968,-86,979,2026-08-06-00-48-003.csv
687803,3309227,22373,24289,46.42,1,1,20.01,209.0,39905,91,-1195,-68,1201,2026-08-06-00-48-003.csv
688107,3309531,20202,24289,46.43,1,1,20.14,210.4,39918,367,-700,-248,829,2026-08-06-00-48-003.csv
688408,3309832,-272,24289,46.46,1,1,20.27,211.7,39931,145,-922,-138,944,2026-08-06-00-48-003.csv
688714,3310138,-287,24289,46.49,1,1,20.14,210.4,39944,44,-994,17,995,2026-08-06-00-48-003.csv
689086,3310510,-279,24289,46.51,1,1,18.12,189.2,39958,286,-735,-218,818,2026-08-06-00-48-003.csv
689388,3310812,-290,24289,46.53,1,1,19.95,208.3,39970,-190,-1136,11,1152,2026-08-06-00-48-003.csv
689690,3311114,-276,24289,46.57,1,1,20.21,211.0,39983,119,-759,-245,806,2026-08-06-00-48-003.csv
690002,3311426,-253,24289,46.58,1,1,20.14,210.4,39996,146,-752,23,767,2026-08-06-00-48-003.csv
690301,3311725,-244,24289,46.56,1,1,20.21,211.0,40009,177,-893,-106,917,2026-08-06-00-48-003.csv
690612,3312036,-245,24289,46.54,1,1,20.14,210.4,40022,212,-1261,-231,1300,2026-08-06-00-48-003.csv
690922,3312346,-224,24289,46.58,1,1,20.01,209.0,40035,168,-700,-25,721,2026-08-06-00-48-003.csv
691226,3312650,-49,24289,46.6,1,1,20.14,210.4,40048,298,-726,-19,785,2026-08-06-00-48-003.csv
691538,3312962,107,24289,46.58,1,1,20.34,212.4,40061,101,-955,-41,961,2026-08-06-00-48-003.csv
691849,3313273,299,24289,46.62,1,1,20.27,211.7,40074,299,-697,-241,796,2026-08-06-00-48-003.csv
692161,3313585,528,24289,46.62,1,1,20.27,211.7,40087,96,-923,6,928,2026-08-06-00-48-003.csv
692472,3313896,1504,24289,46.66,1,1,20.62,215.4,40101,128,-959,-177,984,2026-08-06-00-48-003.csv
692778,3314202,3489,24289,46.66,1,1,20.34,212.4,40114,225,-755,-59,790,2026-08-06-00-48-003.csv
693089,3314513,6403,24289,46.67,1,1,20.47,213.8,40127,172,-914,19,930,2026-08-06-00-48-003.csv
693401,3314825,10564,24289,46.69,1,1,20.61,215.2,40140,281,-915,-125,966,2026-08-06-00-48-003.csv
693718,3315142,15817,24289,46.73,1,1,21.01,219.4,40154,341,-589,60,684,2026-08-06-00-48-003.csv
694092,3315516,21103,24289,46.75,1,1,19.25,201.1,40169,84,-1126,-147,1139,2026-08-06-00-48-003.csv
694404,3315828,20791,24289,46.76,1,1,21.83,228.0,40184,56,-943,-8,945,2026-08-06-00-48-003.csv
694719,3316143,20160,24289,46.74,1,1,20.47,213.8,40197,116,-845,-302,905,2026-08-06-00-48-003.csv
695029,3316453,20072,24289,46.76,1,1,22.51,235.1,40212,384,-788,-284,922,2026-08-06-00-48-003.csv
695338,3316762,19929,24289,46.77,1,1,22.64,236.5,40226,159,-968,-25,981,2026-08-06-00-48-003.csv
695650,3317074,19152,24289,46.73,1,1,23.17,241.9,40241,413,-831,-209,951,2026-08-06-00-48-003.csv
695958,3317382,19411,24289,46.78,1,1,23.32,243.5,40256,-16,-1204,-19,1204,2026-08-06-00-48-003.csv
696274,3317698,18740,24289,46.79,1,1,23.79,248.4,40272,-137,-1090,-126,1106,2026-08-06-00-48-003.csv
696590,3318014,18603,24289,46.84,1,1,24.17,252.4,40288,92,-1036,-130,1048,2026-08-06-00-48-003.csv
696904,3318328,18440,24289,46.85,1,1,24.32,254.0,40304,-1,-963,99,968,2026-08-06-00-48-003.csv
697220,3318644,18302,24289,46.84,1,1,23.09,241.2,40319,-15,-1465,-209,1480,2026-08-06-00-48-003.csv
697540,3318964,17692,24289,46.84,1,1,25.04,261.5,40336,38,-982,-222,1007,2026-08-06-00-48-003.csv
697853,3319277,10119,24289,46.86,1,1,23.39,244.3,40351,168,-793,-1,810,2026-08-06-00-48-003.csv
698213,3319637,-355,24289,46.87,1,1,22.98,240.0,40369,26,-1177,-92,1181,2026-08-06-00-48-003.csv
698514,3319938,-334,24289,46.9,1,1,24.76,258.6,40384,231,-778,-121,821,2026-08-06-00-48-003.csv
698811,3320235,-330,24289,46.89,1,1,24.87,259.7,40400,16,-927,-191,947,2026-08-06-00-48-003.csv
699173,3320597,-308,24289,46.89,1,1,21.22,221.6,40416,53,-1006,-85,1011,2026-08-06-00-48-003.csv
699463,3320887,-296,24289,46.9,1,1,24.29,253.6,40430,51,-1145,63,1148,2026-08-06-00-48-003.csv
699763,3321187,-291,24289,46.9,1,1,23.02,240.4,40445,297,-822,-65,877,2026-08-06-00-48-003.csv
700052,3321476,-268,24289,46.89,1,1,23.94,250.0,40459,-5,-1064,-135,1073,2026-08-06-00-48-003.csv
700346,3321770,-273,24289,46.88,1,1,23.86,249.2,40474,83,-1255,-202,1274,2026-08-06-00-48-003.csv
700639,3322063,-259,24289,46.91,1,1,21.69,226.5,40487,162,-1081,-173,1107,2026-08-06-00-48-003.csv
700937,3322361,-245,24289,46.9,1,1,23.39,244.3,40502,57,-1190,-141,1200,2026-08-06-00-48-003.csv
701225,3322649,-8,24289,46.93,1,1,22.8,238.1,40515,115,-658,122,679,2026-08-06-00-48-003.csv
701517,3322941,120,24289,46.92,1,1,22.72,237.3,40529,209,-740,-66,772,2026-08-06-00-48-003.csv
701812,3323236,404,24289,46.95,1,1,22.57,235.7,40543,102,-1066,-47,1072,2026-08-06-00-48-003.csv
702112,3323536,543,24289,46.96,1,1,20.82,217.4,40556,204,-779,-205,831,2026-08-06-00-48-003.csv
702413,3323837,706,24289,46.98,1,1,20.89,218.1,40569,14,-1015,216,1037,2026-08-06-00-48-003.csv
702716,3324140,2606,24289,46.98,1,1,22.73,237.3,40584,186,-1014,-322,1080,2026-08-06-00-48-003.csv
703016,3324440,3887,24289,47.04,1,1,22.64,236.5,40598,181,-1109,-19,1124,2026-08-06-00-48-003.csv
703315,3324739,7369,24289,46.99,1,1,21.17,221.1,40611,115,-911,-19,918,2026-08-06-00-48-003.csv
703616,3325040,12472,24289,47.0,1,1,23.24,242.7,40626,88,-1322,-136,1332,2026-08-06-00-48-003.csv
703978,3325402,17794,24289,46.98,1,1,19.89,207.8,40641,255,-570,-225,664,2026-08-06-00-48-003.csv
704271,3325695,18157,24289,47.02,1,1,23.6,246.5,40655,219,-1149,-334,1217,2026-08-06-00-48-003.csv
704572,3325996,-117,24289,47.01,1,1,23.94,250.0,40670,178,-941,-176,974,2026-08-06-00-48-003.csv
704868,3326292,-213,24289,47.02,1,1,23.94,250.0,40685,91,-1196,-126,1206,2026-08-06-00-48-003.csv
705169,3326593,-210,24289,47.02,1,1,23.94,250.0,40700,126,-1078,-124,1092,2026-08-06-00-48-003.csv
705468,3326892,-210,24289,47.02,1,1,24.1,251.7,40715,230,-756,-300,846,2026-08-06-00-48-003.csv
705770,3327194,-223,24289,47.01,1,1,22.49,234.9,40729,161,-964,103,983,2026-08-06-00-48-003.csv
706065,3327489,-213,24289,47.02,1,1,24.18,252.5,40744,167,-1058,-102,1076,2026-08-06-00-48-003.csv
706362,3327786,-216,24289,47.04,1,1,24.1,251.7,40759,164,-1149,-116,1166,2026-08-06-00-48-003.csv
706659,3328083,-206,24289,47.07,1,1,24.18,252.5,40774,121,-1106,-48,1114,2026-08-06-00-48-003.csv
706962,3328386,-207,24289,47.09,1,1,22.87,238.9,40789,119,-880,4,888,2026-08-06-00-48-003.csv
707267,3328691,-200,24289,47.07,1,1,24.18,252.5,40804,145,-1137,-203,1164,2026-08-06-00-48-003.csv
707570,3328994,-181,24289,47.12,1,1,24.1,251.7,40819,129,-913,-101,928,2026-08-06-00-48-003.csv
707872,3329296,-170,24289,47.13,1,1,22.73,237.3,40834,287,-750,-36,804,2026-08-06-00-48-003.csv
708169,3329593,-166,24289,47.13,1,1,24.1,251.7,40849,-18,-999,278,1037,2026-08-06-00-48-003.csv
708472,3329896,-180,24289,47.15,1,1,22.34,233.3,40863,387,-625,-221,768,2026-08-06-00-48-003.csv
708839,3330263,-166,24289,47.15,1,1,21.94,229.1,40880,168,-884,80,903,2026-08-06-00-48-003.csv
709142,3330566,-151,24289,47.12,1,1,23.86,249.2,40895,65,-917,-79,923,2026-08-06-00-48-003.csv
709445,3330869,-154,24289,47.13,1,1,23.7,247.5,40910,131,-1092,-125,1107,2026-08-06-00-48-003.csv
709748,3331172,-70,24289,47.15,1,1,23.44,244.8,40924,120,-1074,-61,1082,2026-08-06-00-48-003.csv
710054,3331478,65,24289,47.15,1,1,23.72,247.7,40940,117,-960,-131,976,2026-08-06-00-48-003.csv
710355,3331779,329,24289,47.17,1,1,23.27,243.1,40954,78,-942,-41,946,2026-08-06-00-48-003.csv
710662,3332086,442,24289,47.24,1,1,23.47,245.1,40969,296,-1061,-103,1106,2026-08-06-00-48-003.csv
710970,3332394,633,24289,47.25,1,1,23.64,246.9,40985,83,-968,-90,976,2026-08-06-00-48-003.csv
711280,3332704,1437,24289,47.3,1,1,23.39,244.3,41000,178,-899,15,917,2026-08-06-00-48-003.csv
711588,3333012,-117,24289,47.32,1,1,23.39,244.3,41015,115,-985,-313,1040,2026-08-06-00-48-003.csv
711899,3333323,-151,24289,47.33,1,1,21.69,226.5,41029,157,-958,-175,986,2026-08-06-00-48-003.csv
712207,3333631,-143,24289,47.31,1,1,21.76,227.3,41043,123,-1063,-141,1079,2026-08-06-00-48-003.csv
712516,3333940,-146,24289,47.36,1,1,23.17,241.9,41058,44,-842,-205,867,2026-08-06-00-48-003.csv
712824,3334248,-143,24289,47.4,1,1,23.02,240.4,41073,147,-1004,-247,1044,2026-08-06-00-48-003.csv
713136,3334560,-134,24289,47.4,1,1,23.02,240.4,41088,245,-873,-363,977,2026-08-06-00-48-003.csv
713446,3334870,-134,24289,47.39,1,1,22.8,238.1,41102,305,-918,-466,1074,2026-08-06-00-48-003.csv
713817,3335241,-130,24289,47.4,1,1,21.09,220.2,41119,413,-652,-173,791,2026-08-06-00-48-003.csv
714122,3335546,-130,24289,47.4,1,1,22.72,237.3,41133,72,-1184,-85,1189,2026-08-06-00-48-003.csv
714426,3335850,-126,24289,47.4,1,1,22.94,239.6,41148,155,-1061,-216,1094,2026-08-06-00-48-003.csv
714729,3336153,-131,24289,47.4,1,1,22.72,237.3,41162,314,-734,-173,817,2026-08-06-00-48-003.csv
715036,3336460,-130,24289,47.39,1,1,22.8,238.1,41177,189,-1167,-352,1233,2026-08-06-00-48-003.csv
715344,3336768,-110,24289,47.43,1,1,22.8,238.1,41191,137,-994,70,1006,2026-08-06-00-48-003.csv
715658,3337082,-134,24289,47.39,1,1,22.8,238.1,41206,132,-1036,-130,1053,2026-08-06-00-48-003.csv
715975,3337399,-117,24289,47.44,1,1,22.73,237.3,41221,153,-950,-4,962,2026-08-06-00-48-003.csv
716284,3337708,-118,24289,47.47,1,1,22.51,235.1,41236,88,-846,79,855,2026-08-06-00-48-003.csv
716594,3338018,-59,24289,47.47,1,1,22.2,231.8,41250,-81,-1075,237,1104,2026-08-06-00-48-003.csv
716907,3338331,143,24289,47.48,1,1,20.95,218.8,41264,91,-748,191,777,2026-08-06-00-48-003.csv
717221,3338645,512,24289,47.48,1,1,22.37,233.6,41279,186,-1135,-265,1180,2026-08-06-00-48-003.csv
717537,3338961,615,24289,47.46,1,1,22.12,231.0,41293,129,-867,-19,877,2026-08-06-00-48-003.csv
717857,3339281,901,24289,47.48,1,1,22.37,233.6,41308,100,-1010,-165,1028,2026-08-06-00-48-003.csv
718171,3339595,2390,24289,47.55,1,1,22.17,231.5,41323,285,-959,-186,1017,2026-08-06-00-48-003.csv
718486,3339910,4498,24289,47.51,1,1,21.76,227.3,41337,62,-1020,-157,1034,2026-08-06-00-48-003.csv
718864,3340288,10554,24289,47.53,1,1,19.74,206.2,41353,123,-1197,-222,1224,2026-08-06-00-48-003.csv
719177,3340601,15711,24289,47.52,1,1,21.48,224.4,41367,88,-716,73,725,2026-08-06-00-48-003.csv
719487,3340911,20347,24289,47.57,1,1,21.24,221.8,41380,122,-1050,-122,1064,2026-08-06-00-48-003.csv
719804,3341228,21439,24289,47.59,1,1,21.63,225.9,41395,130,-974,42,983,2026-08-06-00-48-003.csv
720154,3341578,21664,24289,47.6,1,1,19.04,198.9,41409,198,-806,-90,835,2026-08-06-00-48-003.csv
720450,3341874,21259,24289,47.61,1,1,21.24,221.8,41422,129,-727,-93,744,2026-08-06-00-48-003.csv
720738,3342162,21058,24289,47.61,1,1,21.32,222.6,41435,141,-1060,-169,1083,2026-08-06-00-48-003.csv
721032,3342456,20751,24289,47.61,1,1,21.46,224.1,41448,13,-799,-46,801,2026-08-06-00-48-003.csv
721324,3342748,21069,24289,47.62,1,1,21.76,227.3,41461,221,-769,-100,807,2026-08-06-00-48-003.csv
721617,3343041,20169,24289,47.69,1,1,21.76,227.3,41474,128,-1268,-120,1280,2026-08-06-00-48-003.csv
721910,3343334,19600,24289,47.65,1,1,22.42,234.1,41488,122,-824,86,837,2026-08-06-00-48-003.csv
722204,3343628,20065,24289,47.65,1,1,22.49,234.9,41502,25,-1233,-68,1235,2026-08-06-00-48-003.csv
722506,3343930,19808,24289,47.65,1,1,21.17,221.1,41515,168,-872,-98,894,2026-08-06-00-48-003.csv
722803,3344227,19823,24289,47.67,1,1,23.24,242.7,41530,103,-934,-55,941,2026-08-06-00-48-003.csv
723100,3344524,19254,24289,47.65,1,1,21.54,224.9,41543,66,-1061,203,1082,2026-08-06-00-48-003.csv
723400,3344824,19670,24289,47.67,1,1,23.55,245.9,41558,56,-1136,79,1140,2026-08-06-00-48-003.csv
723765,3345189,19181,24289,47.64,1,1,21.52,224.7,41574,176,-1082,-150,1107,2026-08-06-00-48-003.csv
724060,3345484,18900,24289,47.68,1,1,23.78,248.3,41589,42,-909,51,911,2026-08-06-00-48-003.csv
724355,3345779,18820,24289,47.68,1,1,23.86,249.2,41604,-133,-1023,77,1034,2026-08-06-00-48-003.csv
724663,3346087,19269,24289,47.68,1,1,22.2,231.8,41618,156,-1149,-353,1212,2026-08-06-00-48-003.csv
724957,3346381,19671,24289,47.71,1,1,23.27,243.1,41632,394,-829,-330,976,2026-08-06-00-48-003.csv
725250,3346674,19711,24289,47.72,1,1,22.96,239.7,41646,53,-1199,-42,1201,2026-08-06-00-48-003.csv
725547,3346971,20528,24289,47.74,1,1,22.72,237.3,41660,276,-683,-174,757,2026-08-06-00-48-003.csv
725843,3347267,20586,24289,47.74,1,1,22.49,234.9,41674,142,-1092,-127,1109,2026-08-06-00-48-003.csv
726146,3347570,20316,24289,47.73,1,1,20.68,215.9,41687,126,-1075,21,1083,2026-08-06-00-48-003.csv
726453,3347877,20343,24289,47.75,1,1,22.58,235.8,41702,229,-889,-234,947,2026-08-06-00-48-003.csv
726756,3348180,19997,24289,47.75,1,1,22.34,233.3,41716,126,-929,33,938,2026-08-06-00-48-003.csv
727050,3348474,20193,24289,47.77,1,1,22.49,234.9,41730,121,-1116,-69,1124,2026-08-06-00-48-003.csv
727350,3348774,20669,24289,47.75,1,1,22.49,234.9,41744,43,-842,-35,844,2026-08-06-00-48-003.csv
727661,3349085,21007,24289,47.78,1,1,21.21,221.5,41758,140,-1047,-140,1066,2026-08-06-00-48-003.csv
727961,3349385,20712,24289,47.76,1,1,22.49,234.9,41772,82,-1047,-29,1050,2026-08-06-00-48-003.csv
728260,3349684,21131,24289,47.77,1,1,22.57,235.7,41786,106,-900,-394,988,2026-08-06-00-48-003.csv
728626,3350050,20903,24289,47.77,1,1,18.93,197.7,41800,45,-1201,10,1202,2026-08-06-00-48-003.csv
728928,3350352,20817,24289,47.78,1,1,22.73,237.3,41815,6,-1058,-49,1059,2026-08-06-00-48-003.csv
729225,3350649,18991,24289,47.8,1,1,22.49,234.9,41829,152,-928,-255,974,2026-08-06-00-48-003.csv
729522,3350946,19765,24289,47.8,1,1,22.34,233.3,41843,55,-1056,-144,1068,2026-08-06-00-48-003.csv
729827,3351251,19542,24289,47.81,1,1,22.34,233.3,41857,-18,-1239,-52,1240,2026-08-06-00-48-003.csv
730130,3351554,-336,24289,47.82,1,1,22.27,232.6,41871,165,-970,-296,1028,2026-08-06-00-48-003.csv
730426,3351850,-331,24289,47.83,1,1,21.69,226.5,41884,79,-891,-330,953,2026-08-06-00-48-003.csv
730726,3352150,-340,24289,47.79,1,1,21.69,226.5,41898,135,-1091,-227,1123,2026-08-06-00-48-003.csv
731032,3352456,-310,24289,47.8,1,1,21.42,223.6,41912,-5,-938,54,940,2026-08-06-00-48-003.csv
731331,3352755,-305,24289,47.79,1,1,21.03,219.6,41925,376,-574,-5,686,2026-08-06-00-48-003.csv
731633,3353057,-280,24289,47.81,1,1,20.75,216.7,41938,214,-763,14,792,2026-08-06-00-48-003.csv
731935,3353359,-270,24289,47.81,1,1,20.41,213.1,41951,136,-1108,-123,1123,2026-08-06-00-48-003.csv
732241,3353665,-244,24289,47.83,1,1,20.21,211.0,41964,121,-1027,-202,1054,2026-08-06-00-48-003.csv
732545,3353969,-236,24289,47.84,1,1,19.74,206.2,41976,332,-988,-142,1052,2026-08-06-00-48-003.csv
732855,3354279,-215,24289,47.88,1,1,19.57,204.4,41989,274,-1011,-228,1072,2026-08-06-00-48-003.csv
733173,3354597,-219,24289,47.88,1,1,19.33,201.9,42002,318,-671,-10,743,2026-08-06-00-48-003.csv
733537,3354961,-201,24289,47.89,1,1,16.41,171.4,42014,121,-885,97,899,2026-08-06-00-48-003.csv
733838,3355262,-101,24289,47.89,1,1,18.47,192.9,42026,57,-1088,-123,1096,2026-08-06-00-48-003.csv
734145,3355569,231,24289,47.95,1,1,17.91,187.1,42037,306,-685,-106,757,2026-08-06-00-48-003.csv
734447,3355871,313,24289,47.95,1,1,19.45,203.1,42050,174,-1043,-173,1072,2026-08-06-00-48-003.csv
734758,3356182,594,24289,47.95,1,1,17.44,182.1,42061,150,-869,7,882,2026-08-06-00-48-003.csv
735061,3356485,2092,24289,48.0,1,1,17.32,180.9,42072,89,-758,142,776,2026-08-06-00-48-003.csv
735374,3356798,4329,24289,48.01,1,1,18.59,194.2,42084,82,-1234,-243,1260,2026-08-06-00-48-003.csv
735680,3357104,9119,24289,48.04,1,1,18.36,191.7,42096,138,-929,-164,953,2026-08-06-00-48-003.csv
735989,3357413,13356,24289,48.08,1,1,16.83,175.7,42107,160,-962,18,975,2026-08-06-00-48-003.csv
736298,3357722,19517,24289,48.11,1,1,16.51,172.4,42117,216,-889,-198,936,2026-08-06-00-48-003.csv
736613,3358037,23665,24289,48.1,1,1,16.72,174.6,42128,102,-919,42,925,2026-08-06-00-48-003.csv
736922,3358346,24362,24289,48.14,1,1,16.93,176.8,42139,78,-905,-252,943,2026-08-06-00-48-003.csv
737233,3358657,24471,24289,48.14,1,1,16.93,176.8,42150,124,-932,-101,945,2026-08-06-00-48-003.csv
737551,3358975,24265,24289,48.18,1,1,17.52,182.9,42162,138,-897,-171,924,2026-08-06-00-48-003.csv
737863,3359287,24151,24289,48.16,1,1,17.44,182.1,42173,109,-1050,-108,1061,2026-08-06-00-48-003.csv
738175,3359599,24039,24289,48.19,1,1,18.07,188.7,42185,121,-852,158,875,2026-08-06-00-48-003.csv
738558,3359982,23945,24289,48.2,1,1,16.21,169.3,42198,156,-924,-66,940,2026-08-06-00-48-003.csv
738866,3360290,23815,24289,48.21,1,1,18.36,191.7,42210,196,-881,-111,909,2026-08-06-00-48-003.csv
739174,3360598,23454,24289,48.24,1,1,18.53,193.5,42222,127,-905,28,914,2026-08-06-00-48-003.csv
739483,3360907,23607,24289,48.25,1,1,18.78,196.1,42234,123,-1064,-52,1073,2026-08-06-00-48-003.csv
739809,3361233,23182,24289,48.27,1,1,19.33,201.9,42247,138,-1167,-213,1194,2026-08-06-00-48-003.csv
740119,3361543,22930,24289,48.26,1,1,19.7,205.7,42260,228,-941,-254,1001,2026-08-06-00-48-003.csv
740429,3361853,22147,24289,48.29,1,1,19.95,208.3,42273,342,-994,-375,1116,2026-08-06-00-48-003.csv
740740,3362164,22224,24289,48.3,1,1,20.08,209.7,42286,131,-1115,-98,1127,2026-08-06-00-48-003.csv
741051,3362475,22754,24289,48.33,1,1,20.21,211.0,42299,-70,-991,17,994,2026-08-06-00-48-003.csv
741364,3362788,22257,24289,48.31,1,1,20.21,211.0,42312,151,-1174,-313,1224,2026-08-06-00-48-003.csv
741676,3363100,22120,24289,48.35,1,1,20.27,211.7,42325,253,-795,-391,921,2026-08-06-00-48-003.csv
741996,3363420,21959,24289,48.36,1,1,20.75,216.7,42339,-154,-826,58,842,2026-08-06-00-48-003.csv
742371,3363795,21556,24289,48.36,1,1,17.5,182.8,42353,72,-936,-89,943,2026-08-06-00-48-003.csv
742664,3364088,21109,24289,48.42,1,1,20.37,212.8,42365,85,-912,-28,916,2026-08-06-00-48-003.csv
742961,3364385,21783,24289,48.42,1,1,20.75,216.7,42378,173,-942,-104,963,2026-08-06-00-48-003.csv
743260,3364684,21394,24289,48.44,1,1,20.82,217.4,42391,173,-983,-284,1038,2026-08-06-00-48-003.csv
743613,3365037,21121,24289,48.48,1,1,18.83,196.6,42405,233,-856,-192,908,2026-08-06-00-48-003.csv
743904,3365328,-474,24289,48.47,1,1,21.17,221.1,42418,279,-974,-324,1064,2026-08-06-00-48-003.csv
744210,3365634,-473,24289,48.5,1,1,21.03,219.6,42431,96,-987,-50,993,2026-08-06-00-48-003.csv
744501,3365925,-444,24289,48.53,1,1,20.89,218.1,42444,187,-788,-205,835,2026-08-06-00-48-003.csv
744795,3366219,-404,24289,48.57,1,1,20.68,215.9,42457,177,-912,-163,944,2026-08-06-00-48-003.csv
745093,3366517,-390,24289,48.56,1,1,20.75,216.7,42470,76,-964,-125,975,2026-08-06-00-48-003.csv
745385,3366809,-379,24289,48.57,1,1,20.52,214.3,42482,412,-886,-94,982,2026-08-06-00-48-003.csv
745678,3367102,-366,24289,48.57,1,1,20.75,216.7,42495,231,-958,-115,993,2026-08-06-00-48-003.csv
745971,3367395,-338,24289,48.59,1,1,20.82,217.4,42508,141,-858,274,912,2026-08-06-00-48-003.csv
746269,3367693,-301,24289,48.61,1,1,20.52,214.3,42520,273,-1090,-74,1126,2026-08-06-00-48-003.csv
746567,3367991,-306,24289,48.61,1,1,20.75,216.7,42533,69,-1106,-88,1112,2026-08-06-00-48-003.csv
746864,3368288,-266,24289,48.6,1,1,20.75,216.7,42546,106,-807,-14,814,2026-08-06-00-48-003.csv
747160,3368584,110,24289,48.62,1,1,20.75,216.7,42559,162,-853,-35,869,2026-08-06-00-48-003.csv
747457,3368881,206,24289,48.61,1,1,20.75,216.7,42572,67,-1009,186,1028,2026-08-06-00-48-003.csv
747764,3369188,359,24289,48.64,1,1,19.09,199.3,42584,244,-918,-184,967,2026-08-06-00-48-003.csv
748065,3369489,683,24289,48.67,1,1,20.75,216.7,42597,152,-1033,212,1066,2026-08-06-00-48-003.csv
748433,3369857,2268,24289,48.69,1,1,18.47,192.8,42611,269,-1101,-96,1138,2026-08-06-00-48-003.csv
748726,3370150,4341,24289,48.69,1,1,20.68,215.9,42624,303,-941,-198,1008,2026-08-06-00-48-003.csv
749026,3370450,9177,24289,48.71,1,1,20.82,217.4,42637,276,-445,131,539,2026-08-06-00-48-003.csv
749326,3370750,12345,24289,48.7,1,1,20.82,217.4,42650,192,-989,-522,1135,2026-08-06-00-48-003.csv
749621,3371045,18757,24289,48.7,1,1,20.89,218.1,42663,129,-811,-170,839,2026-08-06-00-48-003.csv
749916,3371340,21619,24289,48.69,1,1,20.89,218.1,42676,115,-1106,-120,1118,2026-08-06-00-48-003.csv
750211,3371635,21727,24289,48.69,1,1,20.96,218.9,42689,164,-1079,-76,1094,2026-08-06-00-48-003.csv
750522,3371946,21539,24289,48.72,1,1,19.34,202.0,42701,142,-1058,-274,1102,2026-08-06-00-48-003.csv
750824,3372248,21616,24289,48.73,1,1,21.21,221.5,42715,-40,-861,159,876,2026-08-06-00-48-003.csv
751124,3372548,21591,24289,48.73,1,1,21.1,220.3,42728,-70,-983,-298,1030,2026-08-06-00-48-003.csv
751427,3372851,21454,24289,48.73,1,1,21.03,219.6,42741,-2,-954,39,955,2026-08-06-00-48-003.csv
751738,3373162,21247,24289,48.75,1,1,21.42,223.6,42755,208,-863,-111,894,2026-08-06-00-48-003.csv
752039,3373463,21381,24289,48.79,1,1,21.35,222.9,42769,281,-767,-174,835,2026-08-06-00-48-003.csv
752340,3373764,20831,24289,48.76,1,1,21.32,222.6,42782,112,-1280,-241,1307,2026-08-06-00-48-003.csv
752650,3374074,21150,24289,48.76,1,1,21.62,225.8,42796,128,-959,-12,968,2026-08-06-00-48-003.csv
752955,3374379,20399,24289,48.75,1,1,21.69,226.5,42810,95,-1022,35,1027,2026-08-06-00-48-003.csv
753319,3374743,20530,24289,48.82,1,1,19.73,206.0,42825,-87,-1127,143,1139,2026-08-06-00-48-003.csv
753620,3375044,20324,24289,48.83,1,1,21.98,229.5,42839,58,-1245,-145,1254,2026-08-06-00-48-003.csv
753918,3375342,20434,24289,48.83,1,1,21.84,228.1,42852,104,-1177,-12,1181,2026-08-06-00-48-003.csv
754218,3375642,20145,24289,48.87,1,1,21.98,229.5,42866,58,-1141,-1,1142,2026-08-06-00-48-003.csv
754519,3375943,20381,24289,48.84,1,1,21.98,229.5,42880,59,-925,-19,927,2026-08-06-00-48-003.csv
754828,3376252,19838,24289,48.89,1,1,21.98,229.5,42894,100,-782,-164,805,2026-08-06-00-48-003.csv
755131,3376555,20035,24289,48.91,1,1,21.98,229.5,42908,115,-1262,-100,1272,2026-08-06-00-48-003.csv
755437,3376861,20329,24289,48.89,1,1,22.05,230.3,42922,187,-903,-259,958,2026-08-06-00-48-003.csv
755746,3377170,14405,24289,48.94,1,1,21.9,228.8,42936,88,-1212,-44,1216,2026-08-06-00-48-003.csv
756048,3377472,-426,24289,48.94,1,1,22.05,230.3,42950,301,-793,-357,921,2026-08-06-00-48-003.csv
756357,3377781,-407,24289,48.94,1,1,21.76,227.3,42964,-32,-1262,75,1265,2026-08-06-00-48-003.csv
756670,3378094,-406,24289,48.96,1,1,21.55,225.1,42978,160,-987,-30,1001,2026-08-06-00-48-003.csv
756978,3378402,-391,24289,48.98,1,1,19.82,207.0,42991,145,-891,-49,904,2026-08-06-00-48-003.csv
757295,3378719,-357,24289,48.98,1,1,21.14,220.7,43005,176,-755,-48,777,2026-08-06-00-48-003.csv
757606,3379030,-334,24289,49.02,1,1,20.69,216.0,43018,118,-921,-64,931,2026-08-06-00-48-003.csv
757918,3379342,-331,24289,49.03,1,1,20.75,216.7,43032,114,-1033,-131,1048,2026-08-06-00-48-003.csv
758292,3379716,-298,24289,49.07,1,1,18.26,190.7,43046,161,-1155,-107,1171,2026-08-06-00-48-003.csv
758595,3380019,-286,24289,49.08,1,1,20.41,213.1,43059,180,-1063,-142,1087,2026-08-06-00-48-003.csv
758901,3380325,-279,24289,49.11,1,1,20.41,213.1,43072,99,-938,-14,943,2026-08-06-00-48-003.csv
759217,3380641,-251,24289,49.12,1,1,20.62,215.4,43086,131,-1102,-139,1118,2026-08-06-00-48-003.csv
759529,3380953,-246,24289,49.1,1,1,20.27,211.7,43099,220,-915,-47,942,2026-08-06-00-48-003.csv
759837,3381261,-73,24289,49.09,1,1,20.34,212.4,43112,101,-993,-93,1002,2026-08-06-00-48-003.csv
760145,3381569,113,24289,49.11,1,1,20.21,211.0,43125,110,-1023,-148,1039,2026-08-06-00-48-003.csv
760460,3381884,269,24289,49.08,1,1,18.71,195.4,43137,276,-967,-369,1071,2026-08-06-00-48-003.csv
760772,3382196,464,24289,49.1,1,1,20.44,213.4,43151,240,-819,-94,859,2026-08-06-00-48-003.csv
761084,3382508,1203,24289,49.07,1,1,20.34,212.4,43164,303,-699,-88,767,2026-08-06-00-48-003.csv
761401,3382825,2614,24289,49.1,1,1,20.62,215.4,43178,187,-902,-43,922,2026-08-06-00-48-003.csv
761711,3383135,6003,24289,49.05,1,1,20.34,212.4,43191,102,-1005,-120,1017,2026-08-06-00-48-003.csv
762027,3383451,8933,24289,49.09,1,1,20.47,213.8,43204,-34,-1208,-50,1210,2026-08-06-00-48-003.csv
762341,3383765,15327,24289,49.11,1,1,20.82,217.4,43218,18,-847,-32,848,2026-08-06-00-48-003.csv
762656,3384080,20009,24289,49.13,1,1,20.88,218.1,43232,72,-865,-216,894,2026-08-06-00-48-003.csv
762972,3384396,21518,24289,49.07,1,1,21.08,220.1,43246,192,-1005,-208,1044,2026-08-06-00-48-003.csv
763351,3384775,21425,24289,49.11,1,1,19.2,200.5,43261,68,-975,-164,991,2026-08-06-00-48-003.csv
763666,3385090,21279,24289,49.14,1,1,21.42,223.6,43275,87,-1028,-40,1032,2026-08-06-00-48-003.csv
763978,3385402,21206,24289,49.15,1,1,21.69,226.5,43289,46,-964,-65,968,2026-08-06-00-48-003.csv
764294,3385718,20679,24289,49.17,1,1,22.17,231.5,43304,46,-1095,-41,1097,2026-08-06-00-48-003.csv
764647,3386071,20139,24289,49.14,1,1,19.77,206.5,43318,134,-922,47,933,2026-08-06-00-48-003.csv
764940,3386364,20071,24289,49.17,1,1,22.49,234.9,43332,262,-1067,-314,1143,2026-08-06-00-48-003.csv
765242,3386666,19362,24289,49.17,1,1,23.02,240.4,43347,118,-869,-387,959,2026-08-06-00-48-003.csv
765531,3386955,19150,24289,49.19,1,1,23.03,240.5,43361,21,-1120,-24,1120,2026-08-06-00-48-003.csv
765834,3387258,19280,24289,49.18,1,1,23.27,243.1,43375,28,-734,51,737,2026-08-06-00-48-003.csv
766127,3387551,18845,24289,49.26,1,1,23.62,246.7,43390,142,-1099,-128,1115,2026-08-06-00-48-003.csv
766420,3387844,446,24289,49.25,1,1,23.69,247.3,43404,101,-1006,-203,1031,2026-08-06-00-48-003.csv
766714,3388138,-365,24289,49.23,1,1,24.02,250.8,43419,202,-507,45,548,2026-08-06-00-48-003.csv
767008,3388432,-362,24289,49.28,1,1,24.1,251.7,43434,308,-748,-237,843,2026-08-06-00-48-003.csv
767303,3388727,-344,24289,49.26,1,1,24.02,250.8,43449,95,-722,-2,728,2026-08-06-00-48-003.csv
767600,3389024,-341,24289,49.23,1,1,24.1,251.7,43464,65,-1066,123,1075,2026-08-06-00-48-003.csv
767907,3389331,-318,24289,49.25,1,1,24.1,251.7,43479,203,-1060,-222,1102,2026-08-06-00-48-003.csv
768270,3389694,-309,24289,49.28,1,1,20.82,217.4,43495,147,-943,-285,996,2026-08-06-00-48-003.csv
768563,3389987,-296,24289,49.29,1,1,24.1,251.7,43510,147,-1273,-40,1282,2026-08-06-00-48-003.csv
768860,3390284,-270,24289,49.32,1,1,22.23,232.1,43523,163,-1072,-104,1089,2026-08-06-00-48-003.csv
769155,3390579,-259,24289,49.32,1,1,22.57,235.7,43537,73,-1035,23,1037,2026-08-06-00-48-003.csv
769451,3390875,-264,24289,49.35,1,1,24.18,252.5,43552,22,-890,-31,891,2026-08-06-00-48-003.csv
769747,3391171,-252,24289,49.35,1,1,22.64,236.5,43566,74,-839,15,842,2026-08-06-00-48-003.csv
770054,3391478,-225,24289,49.36,1,1,22.87,238.9,43581,173,-840,-225,887,2026-08-06-00-48-003.csv
770348,3391772,-242,24289,49.37,1,1,24.26,253.4,43596,134,-898,-190,927,2026-08-06-00-48-003.csv
770645,3392069,-220,24289,49.38,1,1,24.18,252.5,43611,208,-923,-43,947,2026-08-06-00-48-003.csv
770944,3392368,-210,24289,49.38,1,1,24.1,251.7,43626,362,-871,-313,993,2026-08-06-00-48-003.csv
771246,3392670,-218,24289,49.42,1,1,24.18,252.5,43641,-102,-957,-52,963,2026-08-06-00-48-003.csv
771544,3392968,-209,24289,49.4,1,1,24.18,252.5,43656,34,-1414,-43,1415,2026-08-06-00-48-003.csv
771841,3393265,-198,24289,49.44,1,1,24.18,252.5,43671,134,-779,-163,807,2026-08-06-00-48-003.csv
772143,3393567,-182,24289,49.42,1,1,24.18,252.5,43686,53,-948,-176,966,2026-08-06-00-48-003.csv
772446,3393870,-193,24289,49.44,1,1,22.66,236.6,43701,201,-972,-135,1001,2026-08-06-00-48-003.csv
772747,3394171,-195,24289,49.45,1,1,24.02,250.8,43716,4,-1133,-73,1135,2026-08-06-00-48-003.csv
773109,3394533,-177,24289,49.45,1,1,21.64,226.0,43732,180,-916,-155,947,2026-08-06-00-48-003.csv
773405,3394829,-185,24289,49.48,1,1,23.86,249.2,43747,19,-976,-238,1005,2026-08-06-00-48-003.csv
773698,3395122,-182,24289,49.5,1,1,23.6,246.5,43761,170,-956,-121,978,2026-08-06-00-48-003.csv
773998,3395422,-176,24289,49.52,1,1,23.78,248.3,43776,72,-942,-162,958,2026-08-06-00-48-003.csv
774304,3395728,-180,24289,49.52,1,1,23.62,246.7,43791,-5,-914,39,915,2026-08-06-00-48-003.csv
774609,3396033,-192,24289,49.51,1,1,23.55,245.9,43806,134,-937,-16,947,2026-08-06-00-48-003.csv
774909,3396333,-21,24289,49.54,1,1,23.32,243.5,43821,0,-1059,-93,1063,2026-08-06-00-48-003.csv
775207,3396631,178,24289,49.51,1,1,22.8,238.1,43835,78,-1206,-19,1208,2026-08-06-00-48-003.csv
775507,3396931,331,24289,49.54,1,1,22.72,237.3,43849,39,-1380,-20,1381,2026-08-06-00-48-003.csv
775812,3397236,555,24289,49.55,1,1,22.58,235.8,43864,328,-850,-236,941,2026-08-06-00-48-003.csv
776118,3397542,782,24289,49.6,1,1,22.27,232.6,43878,2,-823,-69,826,2026-08-06-00-48-003.csv
776432,3397856,2370,24289,49.52,1,1,22.23,232.2,43893,-56,-1182,-38,1184,2026-08-06-00-48-003.csv
776743,3398167,4760,24289,49.56,1,1,21.9,228.8,43907,109,-980,-293,1029,2026-08-06-00-48-003.csv
777049,3398473,8341,24289,49.7,1,1,21.83,228.0,43921,62,-1060,-18,1062,2026-08-06-00-48-003.csv
777356,3398780,13176,24289,49.62,1,1,22.05,230.3,43935,72,-866,-28,869,2026-08-06-00-48-003.csv
777666,3399090,18021,24289,49.65,1,1,22.27,232.6,43949,7,-984,-107,990,2026-08-06-00-48-003.csv
778038,3399462,1334,24289,49.68,1,1,19.69,205.7,43965,285,-624,-77,690,2026-08-06-00-48-003.csv
778342,3399766,-178,24289,49.64,1,1,22.88,238.9,43979,35,-916,46,918,2026-08-06-00-48-003.csv
778655,3400079,-195,24289,49.64,1,1,20.08,209.7,43992,96,-927,85,936,2026-08-06-00-48-003.csv
778961,3400385,-194,24289,49.69,1,1,23.17,241.9,44007,46,-884,49,887,2026-08-06-00-48-003.csv
779263,3400687,55,24289,49.71,1,1,23.24,242.7,44022,64,-990,49,994,2026-08-06-00-48-003.csv
779571,3400995,197,24289,49.7,1,1,23.32,243.5,44037,184,-899,-242,949,2026-08-06-00-48-003.csv
779874,3401298,308,24289,49.74,1,1,23.19,242.2,44051,129,-887,-33,896,2026-08-06-00-48-003.csv
780176,3401600,519,24289,49.73,1,1,23.32,243.5,44066,124,-1012,-78,1023,2026-08-06-00-48-003.csv
780486,3401910,643,24289,49.7,1,1,23.47,245.1,44081,298,-823,-177,893,2026-08-06-00-48-003.csv
780799,3402223,1531,24289,49.73,1,1,23.79,248.4,44097,253,-760,-5,801,2026-08-06-00-48-003.csv
781110,3402534,3221,24289,49.72,1,1,21.98,229.5,44111,206,-1080,-228,1123,2026-08-06-00-48-003.csv
781419,3402843,6044,24289,49.71,1,1,23.62,246.7,44126,202,-920,-69,945,2026-08-06-00-48-003.csv
781732,3403156,7360,24289,49.7,1,1,22.44,234.4,44141,286,-821,-111,876,2026-08-06-00-48-003.csv
782041,3403465,-153,24289,49.71,1,1,24.01,250.8,44157,449,-584,-113,745,2026-08-06-00-48-003.csv
782352,3403776,-161,24289,49.74,1,1,22.2,231.8,44171,222,-988,-157,1025,2026-08-06-00-48-003.csv
782666,3404090,-154,24289,49.69,1,1,23.94,250.0,44187,5,-1048,137,1057,2026-08-06-00-48-003.csv
783042,3404466,-143,24289,49.76,1,1,20.54,214.5,44203,59,-1113,-47,1115,2026-08-06-00-48-003.csv
783353,3404777,-152,24289,49.77,1,1,22.12,231.0,44217,236,-1143,-175,1180,2026-08-06-00-48-003.csv
783663,3405087,-155,24289,49.79,1,1,23.86,249.2,44233,-175,-1029,136,1053,2026-08-06-00-48-003.csv
783969,3405393,-146,24289,49.78,1,1,23.55,245.9,44248,-11,-1103,-23,1104,2026-08-06-00-48-003.csv
784278,3405702,-139,24289,49.8,1,1,23.55,245.9,44263,167,-919,2,934,2026-08-06-00-48-003.csv
784589,3406013,-141,24289,49.8,1,1,21.83,228.0,44277,224,-747,-69,782,2026-08-06-00-48-003.csv
784899,3406323,-135,24289,49.83,1,1,21.83,228.0,44291,91,-930,67,937,2026-08-06-00-48-003.csv
785222,3406646,-131,24289,49.87,1,1,23.5,245.4,44307,216,-769,-138,811,2026-08-06-00-48-003.csv
785535,3406959,-132,24289,49.87,1,1,23.32,243.5,44322,212,-1062,-87,1087,2026-08-06-00-48-003.csv
785845,3407269,-135,24289,49.87,1,1,23.5,245.4,44338,116,-1009,18,1016,2026-08-06-00-48-003.csv
786157,3407581,-125,24289,49.89,1,1,23.39,244.3,44353,174,-858,-147,888,2026-08-06-00-48-003.csv
786471,3407895,-134,24289,49.87,1,1,23.32,243.5,44368,113,-1125,-215,1151,2026-08-06-00-48-003.csv
786823,3408247,-125,24289,49.89,1,1,21.1,220.4,44384,34,-875,-248,910,2026-08-06-00-48-003.csv
787119,3408543,-109,24289,49.91,1,1,23.11,241.4,44398,197,-969,-295,1032,2026-08-06-00-48-003.csv
787420,3408844,-123,24289,49.91,1,1,23.03,240.6,44412,304,-941,-207,1011,2026-08-06-00-48-003.csv
787720,3409144,-116,24289,49.91,1,1,23.24,242.7,44427,454,52,78,463,2026-08-06-00-48-003.csv
788076,3409500,-117,24289,49.91,1,1,19.68,205.5,44442,146,-1033,-236,1070,2026-08-06-00-48-003.csv
788367,3409791,-117,24289,49.95,1,1,22.72,237.2,44455,329,-834,-151,909,2026-08-06-00-48-003.csv
788663,3410087,-102,24289,49.87,1,1,23.17,241.9,44470,231,-800,-196,855,2026-08-06-00-48-003.csv
788960,3410384,-112,24289,49.95,1,1,21.32,222.6,44483,77,-1152,-260,1183,2026-08-06-00-48-003.csv
789254,3410678,-106,24289,49.94,1,1,21.46,224.1,44496,87,-1119,43,1123,2026-08-06-00-48-003.csv
789554,3410978,-111,24289,49.98,1,1,23.17,241.9,44511,126,-970,-34,979,2026-08-06-00-48-003.csv
789857,3411281,-106,24289,49.97,1,1,22.88,238.9,44525,185,-1049,-426,1147,2026-08-06-00-48-003.csv
790155,3411579,-97,24289,49.97,1,1,22.72,237.3,44539,72,-1053,-116,1061,2026-08-06-00-48-003.csv
790447,3411871,-100,24289,49.97,1,1,22.72,237.3,44553,230,-975,-352,1062,2026-08-06-00-48-003.csv
790744,3412168,-118,24289,49.99,1,1,21.1,220.3,44566,122,-921,-146,940,2026-08-06-00-48-003.csv
791039,3412463,-103,24289,49.98,1,1,22.57,235.7,44580,64,-1270,-24,1271,2026-08-06-00-48-003.csv
791341,3412765,-106,24289,49.98,1,1,20.75,216.7,44593,-57,-773,221,806,2026-08-06-00-48-003.csv
791656,3413080,-114,24289,50.0,1,1,20.82,217.4,44607,160,-810,-36,827,2026-08-06-00-48-003.csv
791956,3413380,-72,24289,49.99,1,1,22.2,231.8,44621,92,-1001,-54,1006,2026-08-06-00-48-003.csv
792254,3413678,197,24289,50.03,1,1,21.84,228.1,44634,79,-991,-41,995,2026-08-06-00-48-003.csv
792555,3413979,355,24289,50.03,1,1,22.12,231.0,44648,126,-966,-77,977,2026-08-06-00-48-003.csv
792926,3414350,561,24289,50.05,1,1,18.95,197.9,44663,152,-1004,-393,1088,2026-08-06-00-48-003.csv
793220,3414644,743,24289,50.03,1,1,21.92,228.9,44676,233,-1154,-291,1213,2026-08-06-00-48-003.csv
793519,3414943,1870,24289,50.07,1,1,21.83,228.0,44690,120,-771,-98,786,2026-08-06-00-48-003.csv
793822,3415246,3822,24289,50.06,1,1,21.69,226.5,44704,161,-839,-11,855,2026-08-06-00-48-003.csv
794119,3415543,7914,24289,50.08,1,1,21.24,221.8,44717,-80,-787,175,810,2026-08-06-00-48-003.csv
794419,3415843,13501,24289,50.1,1,1,21.17,221.1,44730,149,-959,-82,974,2026-08-06-00-48-003.csv
794716,3416140,17809,24289,50.12,1,1,21.17,221.1,44743,130,-943,-352,1015,2026-08-06-00-48-003.csv
795022,3416446,21468,24289,50.15,1,1,21.21,221.5,44757,-20,-973,-62,975,2026-08-06-00-48-003.csv
795321,3416745,22011,24289,50.17,1,1,21.1,220.3,44770,268,-814,-303,909,2026-08-06-00-48-003.csv
795621,3417045,21720,24289,50.14,1,1,21.17,221.1,44783,131,-497,38,515,2026-08-06-00-48-003.csv
795927,3417351,21592,24289,50.15,1,1,21.42,223.6,44797,100,-1205,-327,1252,2026-08-06-00-48-003.csv
796230,3417654,20965,24289,50.11,1,1,21.69,226.5,44811,58,-1031,-12,1033,2026-08-06-00-48-003.csv
796531,3417955,20371,24289,50.11,1,1,21.69,226.5,44824,306,-773,-350,902,2026-08-06-00-48-003.csv
796830,3418254,20285,24289,50.08,1,1,22.27,232.6,44838,114,-1103,-32,1110,2026-08-06-00-48-003.csv
797130,3418554,20202,24289,50.12,1,1,22.58,235.8,44853,63,-921,-174,939,2026-08-06-00-48-003.csv
797436,3418860,19918,24289,50.15,1,1,22.72,237.3,44867,83,-1112,-260,1145,2026-08-06-00-48-003.csv
797804,3419228,19192,24289,50.15,1,1,20.99,219.2,44883,452,-804,72,925,2026-08-06-00-48-003.csv
798110,3419534,10988,24289,50.16,1,1,23.47,245.1,44898,111,-913,-32,920,2026-08-06-00-48-003.csv
798419,3419843,-271,24289,50.16,1,1,23.39,244.3,44913,350,-463,15,581,2026-08-06-00-48-003.csv
798722,3420146,-251,24289,50.17,1,1,23.39,244.3,44928,306,-916,-216,989,2026-08-06-00-48-003.csv
799027,3420451,-245,24289,50.19,1,1,21.76,227.3,44942,227,-863,186,911,2026-08-06-00-48-003.csv
799334,3420758,-236,24289,50.2,1,1,23.09,241.2,44957,377,-877,-115,961,2026-08-06-00-48-003.csv
799636,3421060,-221,24289,50.21,1,1,22.64,236.5,44971,194,-918,-99,944,2026-08-06-00-48-003.csv
799947,3421371,-200,24289,50.21,1,1,22.51,235.1,44986,-32,-1255,152,1265,2026-08-06-00-48-003.csv
800254,3421678,-185,24289,50.2,1,1,21.54,224.9,44999,336,-417,235,585,2026-08-06-00-48-003.csv
800560,3421984,-171,24289,50.22,1,1,21.21,221.5,45013,233,-803,-161,852,2026-08-06-00-48-003.csv
800862,3422286,-169,24289,50.23,1,1,20.41,213.1,45026,141,-874,53,887,2026-08-06-00-48-003.csv
801171,3422595,-154,24289,50.22,1,1,19.54,204.1,45038,271,-713,-70,766,2026-08-06-00-48-003.csv
801479,3422903,-142,24289,50.25,1,1,19.21,200.6,45051,58,-877,15,879,2026-08-06-00-48-003.csv
801787,3423211,-128,24289,50.25,1,1,18.71,195.4,45063,104,-1146,-261,1180,2026-08-06-00-48-003.csv
802087,3423511,-106,24289,50.25,1,1,18.53,193.5,45075,45,-1161,-47,1163,2026-08-06-00-48-003.csv
802403,3423827,131,24289,50.26,1,1,18.04,188.4,45086,54,-1203,99,1209,2026-08-06-00-48-003.csv
802773,3424197,314,24289,50.24,1,1,17.37,181.3,45100,130,-1113,-137,1129,2026-08-06-00-48-003.csv
803076,3424500,548,24289,50.19,1,1,19.28,201.3,45112,81,-1104,-78,1110,2026-08-06-00-48-003.csv
803383,3424807,1621,24289,50.2,1,1,17.44,182.1,45123,99,-771,-99,784,2026-08-06-00-48-003.csv
803699,3425123,3055,24289,50.21,1,1,17.27,180.3,45134,30,-1138,-88,1142,2026-08-06-00-48-003.csv
804006,3425430,7000,24289,50.21,1,1,16.99,177.4,45145,-20,-1244,48,1246,2026-08-06-00-48-003.csv
804314,3425738,12291,24289,50.18,1,1,17.1,178.6,45156,158,-985,-394,1073,2026-08-06-00-48-003.csv
804630,3426054,16642,24289,50.18,1,1,17.1,178.6,45168,186,-909,-121,936,2026-08-06-00-48-003.csv
804950,3426374,21460,24289,50.2,1,1,17.04,178.0,45179,151,-1042,-190,1070,2026-08-06-00-48-003.csv
805259,3426683,24489,24289,50.17,1,1,17.04,178.0,45190,208,-918,-155,954,2026-08-06-00-48-003.csv
805569,3426993,24400,24289,50.18,1,1,17.1,178.6,45201,83,-920,-194,944,2026-08-06-00-48-003.csv
805880,3427304,24392,24289,50.18,1,1,17.27,180.3,45212,51,-994,-122,1003,2026-08-06-00-48-003.csv
806191,3427615,24511,24289,50.21,1,1,19.03,198.8,45225,169,-1017,-266,1064,2026-08-06-00-48-003.csv
806506,3427930,24490,24289,50.2,1,1,17.44,182.1,45236,106,-1152,-144,1166,2026-08-06-00-48-003.csv
806820,3428244,24362,24289,50.25,1,1,19.33,201.9,45249,244,-806,-55,843,2026-08-06-00-48-003.csv
807136,3428560,24109,24289,50.25,1,1,18.01,188.1,45261,133,-1005,-207,1034,2026-08-06-00-48-003.csv
807457,3428881,24178,24289,50.28,1,1,18.18,189.9,45273,-4,-1181,78,1184,2026-08-06-00-48-003.csv
807837,3429261,24012,24289,50.28,1,1,16.34,170.6,45286,130,-893,-28,903,2026-08-06-00-48-003.csv
808151,3429575,23914,24289,50.27,1,1,18.59,194.2,45298,68,-919,59,923,2026-08-06-00-48-003.csv
808466,3429890,23512,24289,50.34,1,1,18.53,193.5,45310,180,-907,-224,952,2026-08-06-00-48-003.csv
808823,3430247,23462,24289,50.33,1,1,16.78,175.2,45323,161,-912,-120,934,2026-08-06-00-48-003.csv
809121,3430545,23915,24289,50.34,1,1,18.54,193.7,45334,-19,-1037,-21,1037,2026-08-06-00-48-003.csv
809413,3430837,23926,24289,50.33,1,1,18.9,197.4,45346,160,-800,51,817,2026-08-06-00-48-003.csv
809704,3431128,23445,24289,50.34,1,1,18.61,194.3,45357,69,-999,-361,1065,2026-08-06-00-48-003.csv
810001,3431425,23668,24289,50.33,1,1,19.02,198.7,45369,276,-802,-87,853,2026-08-06-00-48-003.csv
810294,3431718,23332,24289,50.34,1,1,19.02,198.7,45381,132,-864,32,875,2026-08-06-00-48-003.csv
810583,3432007,23200,24289,50.3,1,1,18.88,197.1,45392,-106,-1043,-188,1065,2026-08-06-00-48-003.csv
810881,3432305,22956,24289,50.32,1,1,19.15,200.0,45404,89,-951,-236,983,2026-08-06-00-48-003.csv
811177,3432601,22950,24289,50.3,1,1,19.28,201.3,45416,40,-893,108,900,2026-08-06-00-48-003.csv
811474,3432898,22737,24289,50.3,1,1,19.41,202.7,45428,217,-870,-271,937,2026-08-06-00-48-003.csv
811766,3433190,22613,24289,50.31,1,1,19.48,203.4,45440,99,-970,-289,1017,2026-08-06-00-48-003.csv
812054,3433478,22914,24289,50.37,1,1,19.61,204.8,45452,153,-624,-48,644,2026-08-06-00-48-003.csv
812351,3433775,22375,24289,50.36,1,1,19.61,204.8,45464,113,-1072,-240,1104,2026-08-06-00-48-003.csv
812717,3434141,22302,24289,50.41,1,1,17.63,184.1,45477,189,-850,-211,896,2026-08-06-00-48-003.csv
813015,3434439,22056,24289,50.43,1,1,20.21,211.0,45490,61,-1253,-166,1266,2026-08-06-00-48-003.csv
813308,3434732,21925,24289,50.42,1,1,19.95,208.3,45502,189,-687,-74,716,2026-08-06-00-48-003.csv
813599,3435023,21862,24289,50.47,1,1,20.02,209.1,45514,21,-1079,-233,1104,2026-08-06-00-48-003.csv
813901,3435325,21625,24289,50.44,1,1,20.54,214.5,45527,144,-1086,-153,1106,2026-08-06-00-48-003.csv
814199,3435623,21417,24289,50.49,1,1,20.68,215.9,45540,-81,-1161,31,1164,2026-08-06-00-48-003.csv
814492,3435916,21418,24289,50.45,1,1,20.89,218.1,45553,246,-963,-485,1106,2026-08-06-00-48-003.csv
814787,3436211,21034,24289,50.47,1,1,20.96,218.9,45566,-1,-1004,-172,1019,2026-08-06-00-48-003.csv
815081,3436505,20643,24289,50.49,1,1,20.96,218.9,45579,409,-620,238,780,2026-08-06-00-48-003.csv
815380,3436804,20618,24289,50.48,1,1,21.17,221.1,45592,112,-912,-361,987,2026-08-06-00-48-003.csv
815678,3437102,20019,24289,50.5,1,1,21.39,223.4,45605,-30,-969,97,974,2026-08-06-00-48-003.csv
815977,3437401,6003,24289,50.52,1,1,21.76,227.3,45619,250,-979,-140,1020,2026-08-06-00-48-003.csv
816280,3437704,-433,24289,50.54,1,1,21.98,229.5,45633,153,-814,-206,854,2026-08-06-00-48-003.csv
816581,3438005,-432,24289,50.54,1,1,21.69,226.5,45646,53,-1090,-200,1110,2026-08-06-00-48-003.csv
816882,3438306,-395,24289,50.58,1,1,21.76,227.3,45660,142,-1078,-246,1115,2026-08-06-00-48-003.csv
817185,3438609,-376,24289,50.54,1,1,21.48,224.4,45674,-94,-1042,-107,1051,2026-08-06-00-48-003.csv
817554,3438978,-370,24289,50.59,1,1,17.63,184.1,45687,173,-858,-148,888,2026-08-06-00-48-003.csv
817848,3439272,-330,24289,50.6,1,1,21.03,219.6,45700,274,-1063,-251,1126,2026-08-06-00-48-003.csv
818143,3439567,-296,24289,50.61,1,1,20.82,217.4,45713,140,-953,-193,982,2026-08-06-00-48-003.csv
818443,3439867,-321,24289,50.65,1,1,20.61,215.2,45726,200,-802,-180,846,2026-08-06-00-48-003.csv
818741,3440165,-296,24289,50.68,1,1,20.47,213.8,45739,162,-1078,-120,1097,2026-08-06-00-48-003.csv
819036,3440460,-260,24289,50.69,1,1,20.09,209.8,45751,234,-1037,-353,1121,2026-08-06-00-48-003.csv
819339,3440763,-249,24289,50.71,1,1,20.14,210.4,45764,543,-556,-226,809,2026-08-06-00-48-003.csv
819643,3441067,-231,24289,50.73,1,1,19.74,206.2,45776,126,-1006,-248,1044,2026-08-06-00-48-003.csv
819947,3441371,-228,24289,50.71,1,1,19.89,207.7,45789,49,-1124,-52,1126,2026-08-06-00-48-003.csv
820247,3441671,-229,24289,50.75,1,1,19.54,204.1,45801,306,-804,-50,862,2026-08-06-00-48-003.csv
820551,3441975,18,24289,50.79,1,1,19.7,205.7,45814,188,-1041,-228,1082,2026-08-06-00-48-003.csv
820852,3442276,237,24289,50.76,1,1,20.75,216.7,45827,217,-857,-160,898,2026-08-06-00-48-003.csv
821157,3442581,366,24289,50.77,1,1,19.09,199.3,45839,170,-897,-122,921,2026-08-06-00-48-003.csv
821472,3442896,675,24289,50.85,1,1,19.51,203.8,45852,35,-986,-94,991,2026-08-06-00-48-003.csv
821776,3443200,1987,24289,50.81,1,1,20.89,218.1,45865,177,-931,-201,969,2026-08-06-00-48-003.csv
822085,3443509,4456,24289,50.84,1,1,19.51,203.8,45878,139,-1028,-340,1092,2026-08-06-00-48-003.csv
822455,3443879,8408,24289,50.89,1,1,17.29,180.6,45891,269,-964,81,1004,2026-08-06-00-48-003.csv
822755,3444179,13524,24289,50.85,1,1,19.54,204.1,45903,146,-1314,-410,1385,2026-08-06-00-48-003.csv
823064,3444488,18710,24289,50.88,1,1,19.95,208.3,45916,149,-919,-236,960,2026-08-06-00-48-003.csv
823366,3444790,21966,24289,50.91,1,1,20.21,211.0,45929,87,-880,-74,888,2026-08-06-00-48-003.csv
823682,3445106,21771,24289,50.89,1,1,20.69,216.0,45943,107,-1020,-336,1079,2026-08-06-00-48-003.csv
823990,3445414,21510,24289,50.93,1,1,20.89,218.1,45956,90,-1097,-223,1123,2026-08-06-00-48-003.csv
824300,3445724,21218,24289,50.91,1,1,21.42,223.6,45970,13,-1009,-29,1009,2026-08-06-00-48-003.csv
824606,3446030,20633,24289,50.93,1,1,21.62,225.8,45984,54,-984,43,986,2026-08-06-00-48-003.csv
824915,3446339,20238,24289,50.93,1,1,21.98,229.5,45998,24,-1016,-86,1019,2026-08-06-00-48-003.csv
825226,3446650,20294,24289,50.95,1,1,22.27,232.6,46012,105,-1088,-246,1121,2026-08-06-00-48-003.csv
825534,3446958,20486,24289,50.94,1,1,22.66,236.6,46027,366,-849,-267,962,2026-08-06-00-48-003.csv
825847,3447271,19869,24289,50.98,1,1,22.87,238.9,46042,27,-821,33,822,2026-08-06-00-48-003.csv
826148,3447572,19657,24289,50.97,1,1,22.94,239.6,46057,114,-1370,-71,1377,2026-08-06-00-48-003.csv
826460,3447884,19781,24289,50.99,1,1,22.8,238.1,46071,235,-853,-204,908,2026-08-06-00-48-003.csv
826776,3448200,19781,24289,51.0,1,1,23.21,242.4,46087,163,-857,-44,873,2026-08-06-00-48-003.csv
827079,3448503,19434,24289,51.03,1,1,23.02,240.4,46102,80,-944,-102,953,2026-08-06-00-48-003.csv
827458,3448882,19453,24289,51.12,1,1,16.96,177.1,46115,-44,-978,129,988,2026-08-06-00-48-003.csv
827773,3449197,19370,24289,51.06,1,1,23.09,241.2,46130,-41,-1085,-39,1087,2026-08-06-00-48-003.csv
828082,3449506,18804,24289,51.11,1,1,23.02,240.4,46145,85,-811,-1,816,2026-08-06-00-48-003.csv
828390,3449814,19048,24289,51.11,1,1,23.09,241.2,46160,179,-932,-109,955,2026-08-06-00-48-003.csv
828701,3450125,19146,24289,51.08,1,1,23.24,242.7,46175,168,-1233,-86,1248,2026-08-06-00-48-003.csv
829019,3450443,19082,24289,51.14,1,1,21.76,227.3,46189,258,-934,-159,982,2026-08-06-00-48-003.csv
829332,3450756,19600,24289,51.11,1,1,23.57,246.2,46205,71,-1053,-42,1056,2026-08-06-00-48-003.csv
829645,3451069,19025,24289,51.14,1,1,23.47,245.1,46220,327,-685,-217,789,2026-08-06-00-48-003.csv
829966,3451390,19148,24289,51.12,1,1,23.64,246.9,46236,276,-836,-208,904,2026-08-06-00-48-003.csv
830286,3451710,18583,24289,51.16,1,1,23.56,246.1,46252,43,-1004,-86,1008,2026-08-06-00-48-003.csv
830598,3452022,18824,24289,51.19,1,1,21.84,228.1,46266,170,-1120,-158,1144,2026-08-06-00-48-003.csv
830949,3452373,18612,24289,51.21,1,1,20.94,218.7,46281,248,-325,-175,445,2026-08-06-00-48-003.csv
831236,3452660,18873,24289,51.22,1,1,23.19,242.2,46295,-63,-1073,-31,1075,2026-08-06-00-48-003.csv
831532,3452956,18473,24289,51.17,1,1,23.39,244.3,46310,56,-1241,-328,1285,2026-08-06-00-48-003.csv
831826,3453250,-395,24289,51.23,1,1,23.11,241.4,46324,110,-1015,-216,1044,2026-08-06-00-48-003.csv
832115,3453539,-369,24289,51.18,1,1,21.39,223.4,46337,186,-1261,-191,1289,2026-08-06-00-48-003.csv
832478,3453902,-364,24289,51.22,1,1,20.52,214.3,46352,124,-921,-180,947,2026-08-06-00-48-003.csv
832781,3454205,-81,24289,51.26,1,1,22.8,238.1,46367,76,-951,-147,965,2026-08-06-00-48-003.csv
833061,3454485,91,24289,51.25,1,1,22.15,231.3,46380,64,-770,87,778,2026-08-06-00-48-003.csv
833354,3454778,200,24289,51.26,1,1,21.99,229.7,46393,73,-949,-50,953,2026-08-06-00-48-003.csv
833649,3455073,417,24289,51.28,1,1,22.05,230.3,46407,172,-925,-211,965,2026-08-06-00-48-003.csv
833945,3455369,684,24289,51.25,1,1,21.76,227.3,46420,163,-888,-62,905,2026-08-06-00-48-003.csv
834240,3455664,2242,24289,51.28,1,1,22.05,230.3,46434,88,-893,60,899,2026-08-06-00-48-003.csv
834544,3455968,3933,24289,51.29,1,1,22.05,230.3,46448,226,-984,-202,1030,2026-08-06-00-48-003.csv
834839,3456263,7681,24289,51.29,1,1,21.99,229.7,46461,163,-899,-117,921,2026-08-06-00-48-003.csv
835125,3456549,11983,24289,51.32,1,1,22.27,232.6,46475,66,-1029,-32,1032,2026-08-06-00-48-003.csv
835422,3456846,17045,24289,51.34,1,1,22.15,231.3,46488,393,-758,-97,860,2026-08-06-00-48-003.csv
835725,3457149,19695,24289,51.34,1,1,22.8,238.1,46503,105,-1008,16,1014,2026-08-06-00-48-003.csv
836020,3457444,19393,24289,51.39,1,1,22.88,238.9,46517,119,-981,-141,998,2026-08-06-00-48-003.csv
836316,3457740,19116,24289,51.39,1,1,23.11,241.4,46531,64,-1101,-83,1106,2026-08-06-00-48-003.csv
836621,3458045,-273,24289,51.43,1,1,23.62,246.7,46546,190,-1004,-137,1031,2026-08-06-00-48-003.csv
836922,3458346,-279,24289,51.45,1,1,23.62,246.7,46561,285,-713,-87,772,2026-08-06-00-48-003.csv
837290,3458714,-275,24289,51.45,1,1,20.27,211.6,46577,253,-998,-189,1047,2026-08-06-00-48-003.csv
837586,3459010,-275,24289,51.49,1,1,23.44,244.8,46591,288,-836,-161,899,2026-08-06-00-48-003.csv
837882,3459306,-264,24289,51.5,1,1,23.39,244.3,46606,315,-858,89,918,2026-08-06-00-48-003.csv
838174,3459598,-248,24289,51.55,1,1,23.11,241.4,46620,164,-924,-184,956,2026-08-06-00-48-003.csv
838474,3459898,-241,24289,51.53,1,1,22.96,239.7,46634,229,-1113,-252,1164,2026-08-06-00-48-003.csv
838781,3460205,-234,24289,51.55,1,1,21.55,225.1,46648,186,-855,-20,876,2026-08-06-00-48-003.csv
839081,3460505,-222,24289,51.58,1,1,22.8,238.1,46662,69,-1068,-142,1080,2026-08-06-00-48-003.csv
839377,3460801,-219,24289,51.59,1,1,22.72,237.3,46676,246,-776,-280,861,2026-08-06-00-48-003.csv
839673,3461097,-214,24289,51.58,1,1,22.72,237.3,46690,148,-1072,-221,1105,2026-08-06-00-48-003.csv
839977,3461401,-210,24289,51.59,1,1,22.94,239.6,46705,279,-985,301,1067,2026-08-06-00-48-003.csv
840277,3461701,-205,24289,51.59,1,1,22.8,238.1,46719,411,-873,29,966,2026-08-06-00-48-003.csv
840575,3461999,-202,24289,51.6,1,1,22.88,238.9,46733,148,-857,-273,912,2026-08-06-00-48-003.csv
840889,3462313,-200,24289,51.6,1,1,23.02,240.4,46748,205,-978,-208,1021,2026-08-06-00-48-003.csv
841195,3462619,-192,24289,51.57,1,1,22.94,239.6,46763,441,-803,-142,927,2026-08-06-00-48-003.csv
841499,3462923,-180,24289,51.58,1,1,22.94,239.6,46778,-56,-1237,105,1243,2026-08-06-00-48-003.csv
841807,3463231,-173,24289,51.6,1,1,22.88,238.9,46792,152,-919,-188,950,2026-08-06-00-48-003.csv
842174,3463598,-176,24289,51.61,1,1,21.25,221.9,46809,265,-885,-30,924,2026-08-06-00-48-003.csv
842474,3463898,-164,24289,51.61,1,1,22.88,238.9,46823,162,-970,-85,987,2026-08-06-00-48-003.csv
842776,3464200,-173,24289,51.59,1,1,23.24,242.7,46838,27,-1144,-129,1151,2026-08-06-00-48-003.csv
843087,3464511,-164,24289,51.63,1,1,23.24,242.7,46853,147,-1051,-181,1076,2026-08-06-00-48-003.csv
843390,3464814,-174,24289,51.65,1,1,23.03,240.5,46867,165,-1004,43,1019,2026-08-06-00-48-003.csv
843692,3465116,-170,24289,51.65,1,1,23.24,242.7,46882,194,-1101,-326,1165,2026-08-06-00-48-003.csv
843999,3465423,-166,24289,51.69,1,1,23.24,242.7,46897,82,-920,-185,942,2026-08-06-00-48-003.csv
844300,3465724,-175,24289,51.7,1,1,23.39,244.3,46912,296,-863,-15,912,2026-08-06-00-48-003.csv
844603,3466027,-166,24289,51.74,1,1,23.19,242.2,46926,163,-1068,-177,1094,2026-08-06-00-48-003.csv
844911,3466335,-166,24289,51.75,1,1,23.47,245.1,46941,189,-1026,-167,1056,2026-08-06-00-48-003.csv
845220,3466644,-156,24289,51.77,1,1,23.64,246.9,46957,201,-980,-246,1030,2026-08-06-00-48-003.csv
845532,3466956,-156,24289,51.81,1,1,21.98,229.5,46971,185,-779,-188,822,2026-08-06-00-48-003.csv
845841,3467265,-158,24289,51.81,1,1,23.55,245.9,46986,103,-952,-151,969,2026-08-06-00-48-003.csv
846151,3467575,-156,24289,51.85,1,1,23.47,245.1,47001,347,-850,-67,920,2026-08-06-00-48-003.csv
846459,3467883,-155,24289,51.83,1,1,23.79,248.4,47017,511,-519,31,729,2026-08-06-00-48-003.csv
846767,3468191,-152,24289,51.82,1,1,23.7,247.5,47032,285,-717,-96,778,2026-08-06-00-48-003.csv
847142,3468566,-150,24289,51.82,1,1,20.43,213.3,47048,205,-878,-185,921,2026-08-06-00-48-003.csv
847455,3468879,-158,24289,51.82,1,1,22.44,234.4,47063,23,-1138,-81,1141,2026-08-06-00-48-003.csv
847765,3469189,-157,24289,51.83,1,1,23.7,247.5,47078,95,-1034,-38,1039,2026-08-06-00-48-003.csv
848071,3469495,-139,24289,51.85,1,1,23.7,247.5,47093,233,-897,-130,936,2026-08-06-00-48-003.csv
848379,3469803,-141,24289,51.88,1,1,23.62,246.7,47108,107,-856,166,879,2026-08-06-00-48-003.csv
848689,3470113,-141,24289,51.87,1,1,23.72,247.7,47124,11,-1070,-87,1074,2026-08-06-00-48-003.csv
849002,3470426,-155,24289,51.88,1,1,23.55,245.9,47139,343,-1006,-95,1067,2026-08-06-00-48-003.csv
849311,3470735,-143,24289,51.88,1,1,23.55,245.9,47154,-104,-1107,67,1114,2026-08-06-00-48-003.csv
849631,3471055,-146,24289,51.88,1,1,23.64,246.9,47170,80,-892,-10,895,2026-08-06-00-48-003.csv
849943,3471367,-154,24289,51.86,1,1,23.39,244.3,47185,110,-815,65,825,2026-08-06-00-48-003.csv
850257,3471681,-148,24289,51.88,1,1,23.35,243.9,47201,343,-974,-380,1100,2026-08-06-00-48-003.csv
850566,3471990,-154,24289,51.85,1,1,22.65,236.5,47215,496,-496,-6,702,2026-08-06-00-48-003.csv
850880,3472304,-137,24289,51.88,1,1,22.73,237.3,47230,153,-963,-79,979,2026-08-06-00-48-003.csv
851192,3472616,-142,24289,51.9,1,1,22.44,234.4,47245,24,-1119,-111,1125,2026-08-06-00-48-003.csv
851509,3472933,-137,24289,51.89,1,1,22.12,231.0,47259,358,-691,85,783,2026-08-06-00-48-003.csv
851826,3473250,-142,24289,51.87,1,1,22.1,230.8,47274,44,-1062,-201,1082,2026-08-06-00-48-003.csv
852203,3473627,-142,24289,51.87,1,1,19.57,204.4,47289,63,-1073,-128,1082,2026-08-06-00-48-003.csv
852509,3473933,-134,24289,51.83,1,1,21.48,224.4,47303,31,-968,-149,980,2026-08-06-00-48-003.csv
852822,3474246,-132,24289,51.83,1,1,21.62,225.8,47317,77,-932,4,935,2026-08-06-00-48-003.csv
853180,3474604,-132,24289,51.81,1,1,19.52,203.8,47332,138,-877,-108,895,2026-08-06-00-48-003.csv
853471,3474895,-123,24289,51.78,1,1,21.46,224.1,47345,136,-1014,4,1023,2026-08-06-00-48-003.csv
853766,3475190,-124,24289,51.79,1,1,21.76,227.3,47358,38,-978,286,1019,2026-08-06-00-48-003.csv
854066,3475490,-113,24289,51.77,1,1,20.34,212.4,47371,188,-798,100,826,2026-08-06-00-48-003.csv
854360,3475784,-138,24289,51.78,1,1,22.05,230.3,47385,55,-1051,-7,1053,2026-08-06-00-48-003.csv
854652,3476076,-126,24289,51.78,1,1,21.84,228.1,47398,115,-1121,-179,1141,2026-08-06-00-48-003.csv
854945,3476369,-119,24289,51.76,1,1,21.84,228.1,47411,79,-945,-47,950,2026-08-06-00-48-003.csv
855237,3476661,-120,24289,51.79,1,1,22.2,231.8,47425,-100,-1112,106,1121,2026-08-06-00-48-003.csv
855539,3476963,-118,24289,51.81,1,1,22.12,231.0,47439,65,-1008,15,1010,2026-08-06-00-48-003.csv
855845,3477269,-117,24289,51.8,1,1,20.68,215.9,47452,81,-1067,-201,1088,2026-08-06-00-48-003.csv
856145,3477569,-114,24289,51.78,1,1,22.42,234.1,47466,93,-979,-112,990,2026-08-06-00-48-003.csv
856441,3477865,-118,24289,51.81,1,1,22.42,234.1,47480,225,-979,-193,1023,2026-08-06-00-48-003.csv
856742,3478166,-120,24289,51.8,1,1,22.42,234.1,47494,227,-1065,-33,1089,2026-08-06-00-48-003.csv
857113,3478537,-107,24289,51.81,1,1,19.25,201.1,47509,158,-1055,-165,1079,2026-08-06-00-48-003.csv
857405,3478829,-109,24289,51.8,1,1,22.49,234.9,47523,121,-1020,-88,1031,2026-08-06-00-48-003.csv
857698,3479122,-112,24289,51.81,1,1,22.31,233.0,47536,146,-787,-44,802,2026-08-06-00-48-003.csv
857995,3479419,-117,24289,51.82,1,1,22.49,234.9,47550,118,-1006,-144,1023,2026-08-06-00-48-003.csv
858294,3479718,-111,24289,51.81,1,1,22.57,235.7,47564,166,-1121,-255,1161,2026-08-06-00-48-003.csv
858592,3480016,-114,24289,51.83,1,1,22.49,234.9,47578,15,-1005,-7,1005,2026-08-06-00-48-003.csv
858887,3480311,-101,24289,51.85,1,1,22.34,233.3,47592,313,-958,-356,1068,2026-08-06-00-48-003.csv
859191,3480615,-110,24289,51.84,1,1,20.68,215.9,47605,230,-765,459,921,2026-08-06-00-48-003.csv
859487,3480911,-114,24289,51.86,1,1,21.9,228.8,47619,91,-840,342,912,2026-08-06-00-48-003.csv
859779,3481203,-105,24289,51.82,1,1,21.32,222.6,47632,144,-1007,-221,1041,2026-08-06-00-48-003.csv
860071,3481495,-92,24289,51.85,1,1,20.96,218.9,47645,354,-1075,-337,1181,2026-08-06-00-48-003.csv
860377,3481801,-93,24289,51.83,1,1,20.54,214.5,47658,172,-862,-37,879,2026-08-06-00-48-003.csv
860672,3482096,-103,24289,51.82,1,1,21.39,223.4,47671,280,-871,-189,934,2026-08-06-00-48-003.csv
860969,3482393,-102,24289,51.81,1,1,19.09,199.3,47683,149,-925,-105,943,2026-08-06-00-48-003.csv
861270,3482694,-106,24289,51.84,1,1,18.35,191.6,47694,234,-938,-101,972,2026-08-06-00-48-003.csv
861576,3483000,-95,24289,51.82,1,1,18.01,188.1,47706,368,-986,-127,1060,2026-08-06-00-48-003.csv
861935,3483359,-94,24289,51.83,1,1,16.28,170.0,47718,271,-874,-127,924,2026-08-06-00-48-003.csv
862233,3483657,-97,24289,51.82,1,1,17.97,187.7,47729,-45,-1121,61,1124,2026-08-06-00-48-003.csv
862541,3483965,-93,24289,51.82,1,1,17.27,180.3,47740,36,-1231,-86,1235,2026-08-06-00-48-003.csv
862843,3484267,-86,24289,51.88,1,1,15.01,156.7,47750,102,-949,-80,957,2026-08-06-00-48-003.csv
863137,3484561,-89,24289,51.87,1,1,14.46,151.0,47759,92,-955,-23,960,2026-08-06-00-48-003.csv
863438,3484862,-96,24289,51.91,1,1,14.08,147.1,47767,320,-723,79,794,2026-08-06-00-48-003.csv
863740,3485164,-33,24289,51.88,1,1,14.69,153.4,47777,51,-1045,-88,1050,2026-08-06-00-48-003.csv
864042,3485466,313,24289,51.93,1,1,16.07,167.8,47787,74,-914,13,917,2026-08-06-00-48-003.csv
864342,3485766,428,24289,51.9,1,1,16.07,167.8,47797,-103,-938,233,972,2026-08-06-00-48-003.csv
864653,3486077,1263,24289,51.89,1,1,16.01,167.2,47807,85,-949,-230,980,2026-08-06-00-48-003.csv
864953,3486377,2494,24289,51.87,1,1,16.07,167.8,47817,279,-799,-323,906,2026-08-06-00-48-003.csv
865257,3486681,5501,24289,51.93,1,1,14.82,154.8,47827,302,-870,-91,925,2026-08-06-00-48-003.csv
865564,3486988,9641,24289,51.94,1,1,16.23,169.5,47837,260,-933,-133,978,2026-08-06-00-48-003.csv
865871,3487295,14886,24289,51.96,1,1,15.1,157.7,47847,105,-1114,-267,1151,2026-08-06-00-48-003.csv
866178,3487602,19853,24289,51.98,1,1,15.44,161.3,47857,71,-1003,-28,1006,2026-08-06-00-48-003.csv
866487,3487911,23206,24289,51.98,1,1,15.8,165.0,47867,161,-1141,-271,1183,2026-08-06-00-48-003.csv
866868,3488292,24457,24289,51.99,1,1,15.53,162.2,47879,97,-772,-57,781,2026-08-06-00-48-003.csv
867173,3488597,24415,24289,52.04,1,1,16.88,176.3,47890,190,-899,-65,921,2026-08-06-00-48-003.csv
867476,3488900,24184,24289,51.99,1,1,17.27,180.3,47901,107,-1046,-303,1094,2026-08-06-00-48-003.csv
867785,3489209,24079,24289,52.0,1,1,17.56,183.3,47912,84,-902,113,913,2026-08-06-00-48-003.csv
868084,3489508,23967,24289,52.04,1,1,18.36,191.7,47924,150,-895,-214,932,2026-08-06-00-48-003.csv
868391,3489815,23705,24289,52.03,1,1,18.59,194.2,47936,101,-813,-147,832,2026-08-06-00-48-003.csv
868698,3490122,23214,24289,52.05,1,1,18.84,196.7,47948,157,-892,73,909,2026-08-06-00-48-003.csv
869023,3490447,23454,24289,52.05,1,1,17.79,185.8,47960,194,-966,-245,1015,2026-08-06-00-48-003.csv
869333,3490757,23367,24289,52.06,1,1,19.15,200.0,47972,222,-934,28,961,2026-08-06-00-48-003.csv
869643,3491067,22426,24289,52.08,1,1,19.7,205.7,47985,154,-1009,-318,1069,2026-08-06-00-48-003.csv
869951,3491375,22404,24289,52.05,1,1,19.95,208.3,47998,-12,-1189,-53,1190,2026-08-06-00-48-003.csv
870258,3491682,21963,24289,52.04,1,1,20.14,210.4,48011,246,-791,109,835,2026-08-06-00-48-003.csv
870570,3491994,21647,24289,52.08,1,1,20.41,213.1,48024,485,-753,-124,904,2026-08-06-00-48-003.csv
870877,3492301,21657,24289,52.09,1,1,20.61,215.2,48037,240,-1054,-245,1108,2026-08-06-00-48-003.csv
871195,3492619,21446,24289,52.1,1,1,21.14,220.8,48051,92,-1170,28,1174,2026-08-06-00-48-003.csv
871512,3492936,21350,24289,52.12,1,1,21.14,220.8,48065,329,-617,-210,730,2026-08-06-00-48-003.csv
871886,3493310,20986,24289,52.12,1,1,19.05,198.9,48080,128,-1168,-258,1203,2026-08-06-00-48-003.csv
872194,3493618,21059,24289,52.17,1,1,21.14,220.8,48094,78,-877,-84,885,2026-08-06-00-48-003.csv
872507,3493931,20859,24289,52.14,1,1,21.14,220.8,48108,73,-1065,-37,1068,2026-08-06-00-48-003.csv
872818,3494242,20939,24289,52.17,1,1,20.96,218.9,48121,427,-608,-171,763,2026-08-06-00-48-003.csv
873139,3494563,21100,24289,52.17,1,1,21.01,219.4,48135,434,-711,272,876,2026-08-06-00-48-003.csv
873455,3494879,21006,24289,52.18,1,1,20.95,218.8,48149,298,-650,56,718,2026-08-06-00-48-003.csv
873767,3495191,21162,24289,52.22,1,1,20.88,218.1,48163,239,-1182,-85,1209,2026-08-06-00-48-003.csv
874077,3495501,20416,24289,52.27,1,1,19.63,205.0,48176,-52,-1161,105,1167,2026-08-06-00-48-003.csv
874391,3495815,21062,24289,52.27,1,1,21.03,219.6,48189,267,-847,-448,994,2026-08-06-00-48-003.csv
874699,3496123,20591,24289,52.26,1,1,21.48,224.4,48203,388,-910,-278,1028,2026-08-06-00-48-003.csv
875012,3496436,20215,24289,52.3,1,1,21.76,227.3,48217,594,-612,-39,854,2026-08-06-00-48-003.csv
875367,3496791,19887,24289,52.33,1,1,19.84,207.2,48232,-102,-909,-124,923,2026-08-06-00-48-003.csv
875665,3497089,19655,24289,52.35,1,1,22.27,232.6,48246,241,-884,-262,953,2026-08-06-00-48-003.csv
875959,3497383,19797,24289,52.36,1,1,22.49,234.9,48260,218,-715,-29,748,2026-08-06-00-48-003.csv
876252,3497676,19659,24289,52.38,1,1,22.8,238.1,48274,-32,-970,-187,988,2026-08-06-00-48-003.csv
876553,3497977,19209,24289,52.38,1,1,21.24,221.8,48287,69,-961,-120,971,2026-08-06-00-48-003.csv
876918,3498342,19448,24289,52.4,1,1,19.84,207.2,48302,-70,-1203,225,1225,2026-08-06-00-48-003.csv
877212,3498636,18849,24289,52.38,1,1,23.39,244.3,48317,629,-787,-21,1008,2026-08-06-00-48-003.csv
877501,3498925,19313,24289,52.38,1,1,23.36,243.9,48331,-54,-1016,-169,1031,2026-08-06-00-48-003.csv
877800,3499224,18767,24289,52.4,1,1,23.19,242.2,48345,-77,-1231,-45,1234,2026-08-06-00-48-003.csv
878095,3499519,19096,24289,52.38,1,1,23.55,245.9,48360,237,-920,-202,971,2026-08-06-00-48-003.csv
878389,3499813,18986,24289,52.36,1,1,22.88,238.9,48374,214,-854,-360,951,2026-08-06-00-48-003.csv
878683,3500107,19937,24289,52.37,1,1,22.8,238.1,48388,-57,-1250,16,1251,2026-08-06-00-48-003.csv
878974,3500398,19190,24289,52.31,1,1,22.23,232.1,48401,327,-762,-233,861,2026-08-06-00-48-003.csv
879274,3500698,19798,24289,52.34,1,1,20.75,216.7,48414,-87,-818,-246,859,2026-08-06-00-48-003.csv
879572,3500996,20216,24289,52.32,1,1,20.68,215.9,48427,329,-958,-12,1013,2026-08-06-00-48-003.csv
879873,3501297,19859,24289,52.29,1,1,22.27,232.6,48441,108,-1005,-200,1030,2026-08-06-00-48-003.csv
880173,3501597,20020,24289,52.28,1,1,22.2,231.8,48455,409,-946,-168,1044,2026-08-06-00-48-003.csv
880468,3501892,20075,24289,52.31,1,1,22.34,233.3,48469,123,-938,-256,980,2026-08-06-00-48-003.csv
880767,3502191,19373,24289,52.26,1,1,22.34,233.3,48483,294,-597,1,665,2026-08-06-00-48-003.csv
881061,3502485,19237,24289,52.27,1,1,22.15,231.3,48496,184,-1069,-216,1106,2026-08-06-00-48-003.csv
881362,3502786,19913,24289,52.25,1,1,22.42,234.1,48510,-5,-1133,-245,1160,2026-08-06-00-48-003.csv
881721,3503145,19314,24289,52.26,1,1,20.48,213.9,48526,-5,-601,-28,602,2026-08-06-00-48-003.csv
882024,3503448,20319,24289,52.29,1,1,22.42,234.1,48540,3,-963,-77,966,2026-08-06-00-48-003.csv
882322,3503746,19424,24289,52.25,1,1,22.49,234.9,48554,64,-1187,-222,1210,2026-08-06-00-48-003.csv
882619,3504043,19245,24289,52.27,1,1,22.42,234.1,48568,126,-854,-38,864,2026-08-06-00-48-003.csv
882913,3504337,19399,24289,52.35,1,1,22.15,231.3,48581,116,-990,-148,1008,2026-08-06-00-48-003.csv
883210,3504634,19626,24289,52.36,1,1,22.42,234.1,48595,64,-1006,-190,1025,2026-08-06-00-48-003.csv
883510,3504934,20296,24289,52.37,1,1,22.34,233.3,48609,71,-923,-216,951,2026-08-06-00-48-003.csv
883808,3505232,18150,24289,52.42,1,1,22.42,234.1,48623,88,-1066,62,1071,2026-08-06-00-48-003.csv
884112,3505536,409,24289,52.42,1,1,22.34,233.3,48637,81,-894,-86,902,2026-08-06-00-48-003.csv
884416,3505840,-357,24289,52.43,1,1,22.3,232.9,48652,95,-1151,-202,1173,2026-08-06-00-48-003.csv
884714,3506138,-345,24289,52.48,1,1,21.76,227.3,48665,43,-903,-164,918,2026-08-06-00-48-003.csv
885015,3506439,-326,24289,52.51,1,1,21.76,227.3,48679,78,-1037,-147,1050,2026-08-06-00-48-003.csv
885321,3506745,-310,24289,52.52,1,1,21.17,221.1,48692,88,-1138,-367,1199,2026-08-06-00-48-003.csv
885623,3507047,-275,24289,52.52,1,1,21.21,221.5,48706,549,-847,52,1011,2026-08-06-00-48-003.csv
885935,3507359,-263,24289,52.52,1,1,19.09,199.3,48718,150,-854,-415,961,2026-08-06-00-48-003.csv
886242,3507666,-243,24289,52.55,1,1,20.41,213.1,48731,15,-859,-104,865,2026-08-06-00-48-003.csv
886616,3508040,-229,24289,52.54,1,1,18.02,188.2,48745,-7,-1007,-105,1012,2026-08-06-00-48-003.csv
886923,3508347,-186,24289,52.54,1,1,19.82,207.0,48758,129,-917,-39,927,2026-08-06-00-48-003.csv
887221,3508645,255,24289,52.58,1,1,19.22,200.7,48770,63,-1231,-166,1244,2026-08-06-00-48-003.csv
887527,3508951,344,24289,52.59,1,1,18.78,196.1,48782,362,-734,4,818,2026-08-06-00-48-003.csv
887831,3509255,432,24289,52.63,1,1,18.53,193.5,48794,176,-1002,-161,1030,2026-08-06-00-48-003.csv
888130,3509554,1302,24289,52.61,1,1,17.85,186.4,48805,227,-1104,-231,1151,2026-08-06-00-48-003.csv
888439,3509863,3090,24289,52.65,1,1,17.56,183.4,48816,126,-1090,-38,1098,2026-08-06-00-48-003.csv
888745,3510169,6885,24289,52.64,1,1,17.21,179.7,48827,39,-1098,34,1099,2026-08-06-00-48-003.csv
889047,3510471,12180,24289,52.73,1,1,16.88,176.3,48838,-57,-1038,-28,1040,2026-08-06-00-48-003.csv
889358,3510782,17767,24289,52.73,1,1,16.67,174.1,48849,35,-1053,-50,1055,2026-08-06-00-48-003.csv
889665,3511089,22201,24289,52.78,1,1,16.23,169.5,48859,119,-1022,22,1029,2026-08-06-00-48-003.csv
889970,3511394,24398,24289,52.8,1,1,17.73,185.2,48870,48,-1034,-165,1049,2026-08-06-00-48-003.csv
890277,3511701,24442,24289,52.87,1,1,16.41,171.3,48881,129,-796,-145,819,2026-08-06-00-48-003.csv
890596,3512020,24454,24289,52.86,1,1,17.84,186.3,48893,170,-856,-79,876,2026-08-06-00-48-003.csv
890903,3512327,24029,24289,52.89,1,1,18.04,188.4,48904,75,-1050,-159,1064,2026-08-06-00-48-003.csv
891215,3512639,24187,24289,52.9,1,1,16.83,175.7,48915,181,-935,-173,968,2026-08-06-00-48-003.csv
891588,3513012,24369,24289,52.94,1,1,15.16,158.3,48927,70,-1049,-46,1052,2026-08-06-00-48-003.csv
891900,3513324,23977,24289,52.97,1,1,17.32,180.9,48938,206,-715,-168,763,2026-08-06-00-48-003.csv
892208,3513632,24242,24289,52.95,1,1,17.73,185.2,48950,-26,-1016,-189,1033,2026-08-06-00-48-003.csv
892516,3513940,23830,24289,52.99,1,1,17.61,183.9,48961,157,-1083,-479,1194,2026-08-06-00-48-003.csv
892837,3514261,23844,24289,52.99,1,1,18.24,190.5,48973,-48,-1165,-26,1167,2026-08-06-00-48-003.csv
893146,3514570,23566,24289,53.02,1,1,18.75,195.8,48986,136,-735,-26,748,2026-08-06-00-48-003.csv
893456,3514880,22869,24289,53.06,1,1,18.9,197.4,48998,122,-1208,-175,1227,2026-08-06-00-48-003.csv
893774,3515198,22701,24289,53.05,1,1,19.39,202.5,49011,67,-686,227,725,2026-08-06-00-48-003.csv
894082,3515506,22416,24289,53.1,1,1,19.41,202.7,49023,572,-632,-194,874,2026-08-06-00-48-003.csv
894391,3515815,22411,24289,53.1,1,1,19.7,205.7,49036,130,-1013,-331,1074,2026-08-06-00-48-003.csv
894702,3516126,22005,24289,53.1,1,1,19.82,207.0,49049,252,-800,-199,862,2026-08-06-00-48-003.csv
895016,3516440,22226,24289,53.16,1,1,19.95,208.3,49062,196,-916,-388,1014,2026-08-06-00-48-003.csv
895326,3516750,14790,24289,53.13,1,1,20.14,210.4,49075,99,-925,-239,960,2026-08-06-00-48-003.csv
895641,3517065,1447,24289,53.14,1,1,20.08,209.7,49088,128,-1148,-215,1175,2026-08-06-00-48-003.csv
895957,3517381,3094,24289,53.15,1,1,20.01,209.0,49101,304,-766,-186,844,2026-08-06-00-48-003.csv
896275,3517699,6585,24289,53.17,1,1,19.82,207.0,49114,106,-957,-247,994,2026-08-06-00-48-003.csv
896657,3518081,12831,24289,53.2,1,1,18.04,188.4,49129,133,-920,-198,951,2026-08-06-00-48-003.csv
896962,3518386,17873,24289,53.22,1,1,21.32,222.6,49142,127,-1040,-223,1071,2026-08-06-00-48-003.csv
897321,3518745,21915,24289,53.24,1,1,17.97,187.7,49156,66,-1058,-204,1079,2026-08-06-00-48-003.csv
897614,3519038,21658,24289,53.22,1,1,20.02,209.1,49168,602,-646,79,886,2026-08-06-00-48-003.csv
897904,3519328,21350,24289,53.24,1,1,20.23,211.3,49180,195,-984,-149,1014,2026-08-06-00-48-003.csv
898201,3519625,20974,24289,53.28,1,1,20.47,213.8,49193,74,-774,40,778,2026-08-06-00-48-003.csv
898494,3519918,20498,24289,53.25,1,1,20.75,216.7,49206,31,-1141,-204,1160,2026-08-06-00-48-003.csv
898785,3520209,20689,24289,53.27,1,1,20.89,218.2,49218,309,-724,-44,788,2026-08-06-00-48-003.csv
899075,3520499,20130,24289,53.28,1,1,21.62,225.8,49232,205,-892,-175,932,2026-08-06-00-48-003.csv
899376,3520800,19662,24289,53.27,1,1,21.69,226.5,49245,563,-848,-240,1046,2026-08-06-00-48-003.csv
899670,3521094,20564,24289,53.28,1,1,22.12,231.0,49259,79,-950,-117,960,2026-08-06-00-48-003.csv
899965,3521389,19242,24289,53.34,1,1,22.15,231.3,49272,162,-1205,-236,1239,2026-08-06-00-48-003.csv
900262,3521686,18951,24289,53.3,1,1,22.57,235.7,49286,522,-891,-27,1033,2026-08-06-00-48-003.csv
900562,3521986,18463,24289,53.3,1,1,23.02,240.4,49301,-22,-1118,-88,1122,2026-08-06-00-48-003.csv
900860,3522284,18814,24289,53.35,1,1,23.11,241.4,49315,109,-1051,-252,1086,2026-08-06-00-48-003.csv
901149,3522573,18425,24289,53.34,1,1,23.55,245.9,49330,2,-1113,-182,1127,2026-08-06-00-48-003.csv
901511,3522935,18382,24289,53.41,1,1,21.58,225.4,49346,162,-774,61,793,2026-08-06-00-48-003.csv
901800,3523224,2412,24289,53.37,1,1,23.77,248.2,49360,58,-945,-96,952,2026-08-06-00-48-003.csv
902092,3523516,-384,24289,53.39,1,1,24.02,250.8,49375,104,-733,-103,748,2026-08-06-00-48-003.csv
902384,3523808,-376,24289,53.42,1,1,23.85,249.1,49389,716,-739,-104,1034,2026-08-06-00-48-003.csv
902683,3524107,-365,24289,53.45,1,1,23.94,250.0,49404,327,-701,175,793,2026-08-06-00-48-003.csv
902980,3524404,-343,24289,53.45,1,1,23.78,248.3,49419,180,-743,-28,765,2026-08-06-00-48-003.csv
903279,3524703,-324,24289,53.47,1,1,23.62,246.7,49434,191,-878,32,899,2026-08-06-00-48-003.csv
903580,3525004,-309,24289,53.46,1,1,23.19,242.2,49448,-42,-964,-133,974,2026-08-06-00-48-003.csv
903876,3525300,-302,24289,53.48,1,1,22.96,239.7,49462,162,-1041,23,1053,2026-08-06-00-48-003.csv
904170,3525594,-284,24289,53.5,1,1,22.57,235.7,49476,369,-750,-6,836,2026-08-06-00-48-003.csv
904476,3525900,-271,24289,53.52,1,1,22.58,235.8,49491,45,-943,-187,962,2026-08-06-00-48-003.csv
904779,3526203,-256,24289,53.55,1,1,22.05,230.3,49505,25,-947,-159,961,2026-08-06-00-48-003.csv
905070,3526494,-231,24289,53.54,1,1,21.61,225.7,49518,-38,-1263,38,1264,2026-08-06-00-48-003.csv
905374,3526798,-80,24289,53.58,1,1,21.39,223.4,49531,-46,-1119,129,1127,2026-08-06-00-48-003.csv
905684,3527108,239,24289,53.6,1,1,21.55,225.1,49545,167,-1010,-242,1052,2026-08-06-00-48-003.csv
905987,3527411,251,24289,53.59,1,1,21.35,222.9,49559,-4,-1042,-190,1059,2026-08-06-00-48-003.csv
906352,3527776,504,24289,53.63,1,1,17.53,183.1,49572,399,-729,-39,831,2026-08-06-00-48-003.csv
906655,3528079,1046,24289,53.65,1,1,21.08,220.1,49586,104,-1021,-204,1047,2026-08-06-00-48-003.csv
906955,3528379,2610,24289,53.6,1,1,20.75,216.7,49599,71,-1266,-97,1272,2026-08-06-00-48-003.csv
907253,3528677,4693,24289,53.62,1,1,20.23,211.3,49611,287,-766,161,833,2026-08-06-00-48-003.csv
907551,3528975,9357,24289,53.62,1,1,20.34,212.4,49624,81,-999,-264,1036,2026-08-06-00-48-003.csv
907854,3529278,14651,24289,53.6,1,1,20.27,211.7,49637,158,-986,-242,1027,2026-08-06-00-48-003.csv
908143,3529567,18840,24289,53.62,1,1,19.95,208.3,49649,288,-810,-89,864,2026-08-06-00-48-003.csv
908447,3529871,22206,24289,53.62,1,1,20.27,211.7,49662,149,-925,113,944,2026-08-06-00-48-003.csv
908747,3530171,22221,24289,53.64,1,1,20.09,209.8,49674,103,-1015,-62,1022,2026-08-06-00-48-003.csv
909047,3530471,21766,24289,53.66,1,1,20.47,213.8,49687,142,-925,-331,993,2026-08-06-00-48-003.csv
909353,3530777,21388,24289,53.7,1,1,20.54,214.5,49700,-27,-1209,27,1210,2026-08-06-00-48-003.csv
909663,3531087,21442,24289,53.72,1,1,20.88,218.1,49714,306,-543,-153,642,2026-08-06-00-48-003.csv
909972,3531396,21662,24289,53.76,1,1,20.82,217.4,49727,-58,-965,-150,979,2026-08-06-00-48-003.csv
910278,3531702,21430,24289,53.78,1,1,21.08,220.1,49741,63,-1110,-243,1138,2026-08-06-00-48-003.csv
910590,3532014,20872,24289,53.82,1,1,21.03,219.6,49754,481,-600,-71,773,2026-08-06-00-48-003.csv
910901,3532325,20902,24289,53.79,1,1,21.35,222.9,49768,374,-749,-96,843,2026-08-06-00-48-003.csv
911277,3532701,20745,24289,53.8,1,1,19.69,205.7,49784,709,-824,-350,1142,2026-08-06-00-48-003.csv
911577,3533001,20714,24289,53.89,1,1,21.54,224.9,49797,95,-1073,1,1077,2026-08-06-00-48-003.csv
911881,3533305,19827,24289,53.87,1,1,22.12,231.0,49811,153,-979,-62,992,2026-08-06-00-48-003.csv
912190,3533614,19852,24289,53.9,1,1,22.58,235.8,49826,-19,-1049,-15,1049,2026-08-06-00-48-003.csv
912498,3533922,19534,24289,53.92,1,1,22.64,236.5,49840,179,-1223,-239,1259,2026-08-06-00-48-003.csv
912802,3534226,19501,24289,53.95,1,1,23.09,241.2,49855,334,-739,-328,875,2026-08-06-00-48-003.csv
913110,3534534,19243,24289,53.97,1,1,23.39,244.3,49870,238,-593,401,755,2026-08-06-00-48-003.csv
913432,3534856,18501,24289,54.01,1,1,23.79,248.4,49886,138,-1064,-309,1117,2026-08-06-00-48-003.csv
913742,3535166,11668,24289,53.98,1,1,24.09,251.6,49902,-25,-1058,-30,1058,2026-08-06-00-48-003.csv
914050,3535474,-382,24289,54.01,1,1,24.1,251.7,49917,700,-890,-271,1164,2026-08-06-00-48-003.csv
914365,3535789,-388,24289,54.04,1,1,24.32,254.0,49933,15,-907,-181,925,2026-08-06-00-48-003.csv
914677,3536101,-346,24289,54.03,1,1,24.24,253.2,49949,283,-1033,-142,1081,2026-08-06-00-48-003.csv
914987,3536411,-334,24289,54.06,1,1,24.24,253.2,49965,151,-885,-80,902,2026-08-06-00-48-003.csv
915297,3536721,-327,24289,54.06,1,1,20.75,216.7,49978,420,-923,-208,1035,2026-08-06-00-48-003.csv
915613,3537037,-310,24289,54.12,1,1,24.01,250.8,49994,66,-946,24,948,2026-08-06-00-48-003.csv
915928,3537352,-287,24289,54.14,1,1,23.86,249.2,50010,411,-826,-94,927,2026-08-06-00-48-003.csv
916306,3537730,-285,24289,54.16,1,1,19.0,198.4,50025,194,-837,50,861,2026-08-06-00-48-003.csv
916622,3538046,-262,24289,54.17,1,1,21.9,228.8,50039,-44,-873,-223,902,2026-08-06-00-48-003.csv
916931,3538355,-261,24289,54.17,1,1,23.39,244.3,50054,118,-994,-44,1002,2026-08-06-00-48-003.csv
917244,3538668,-247,24289,54.18,1,1,23.5,245.4,50070,206,-892,-102,921,2026-08-06-00-48-003.csv
917561,3538985,-237,24289,54.18,1,1,21.83,228.0,50084,271,-810,181,873,2026-08-06-00-48-003.csv
917870,3539294,-238,24289,54.19,1,1,23.39,244.3,50099,435,-730,-290,898,2026-08-06-00-48-003.csv
918178,3539602,-218,24289,54.21,1,1,23.39,244.3,50114,134,-796,-179,827,2026-08-06-00-48-003.csv
918492,3539916,-214,24289,54.2,1,1,23.5,245.4,50130,-139,-1454,134,1466,2026-08-06-00-48-003.csv
918808,3540232,-208,24289,54.24,1,1,23.24,242.7,50145,106,-1089,-564,1231,2026-08-06-00-48-003.csv
919122,3540546,-191,24289,54.28,1,1,23.43,244.6,50161,135,-889,160,913,2026-08-06-00-48-003.csv
919487,3540911,-205,24289,54.28,1,1,19.95,208.3,50176,-154,-993,181,1022,2026-08-06-00-48-003.csv
919777,3541201,-217,24289,54.28,1,1,23.19,242.2,50190,217,-893,177,936,2026-08-06-00-48-003.csv
920073,3541497,-191,24289,54.3,1,1,21.61,225.7,50203,-108,-959,-248,997,2026-08-06-00-48-003.csv
920376,3541800,-198,24289,54.3,1,1,22.05,230.3,50217,73,-1052,-186,1071,2026-08-06-00-48-003.csv
920670,3542094,-196,24289,54.31,1,1,23.27,243.1,50231,288,-996,-165,1050,2026-08-06-00-48-003.csv
920970,3542394,-182,24289,54.29,1,1,23.55,245.9,50246,299,-806,-238,892,2026-08-06-00-48-003.csv
921327,3542751,-181,24289,54.29,1,1,21.34,222.8,50262,189,-701,-153,742,2026-08-06-00-48-003.csv
921618,3543042,-184,24289,54.29,1,1,23.52,245.6,50276,221,-710,-17,744,2026-08-06-00-48-003.csv
921911,3543335,-188,24289,54.29,1,1,23.7,247.5,50291,48,-821,-179,841,2026-08-06-00-48-003.csv
922201,3543625,-180,24289,54.3,1,1,23.52,245.6,50305,201,-967,-37,988,2026-08-06-00-48-003.csv
922502,3543926,-186,24289,54.29,1,1,23.86,249.2,50320,109,-989,-253,1027,2026-08-06-00-48-003.csv
922797,3544221,-167,24289,54.32,1,1,23.78,248.3,50335,172,-799,5,817,2026-08-06-00-48-003.csv
923092,3544516,-167,24289,54.35,1,1,23.69,247.3,50349,-23,-1079,-381,1144,2026-08-06-00-48-003.csv
923387,3544811,-168,24289,54.31,1,1,23.86,249.2,50364,209,-933,-380,1029,2026-08-06-00-48-003.csv
923688,3545112,-164,24289,54.32,1,1,23.86,249.2,50379,203,-1026,-111,1052,2026-08-06-00-48-003.csv
923981,3545405,-174,24289,54.29,1,1,24.02,250.8,50394,-88,-583,103,598,2026-08-06-00-48-003.csv
924276,3545700,-161,24289,54.26,1,1,23.77,248.2,50408,173,-925,-42,942,2026-08-06-00-48-003.csv
924573,3545997,-162,24289,54.27,1,1,22.42,234.1,50422,-97,-1262,-156,1275,2026-08-06-00-48-003.csv
924873,3546297,-153,24289,54.24,1,1,24.02,250.8,50437,153,-944,73,959,2026-08-06-00-48-003.csv
925175,3546599,-154,24289,54.28,1,1,24.24,253.2,50453,-185,-803,-224,854,2026-08-06-00-48-003.csv
925475,3546899,-160,24289,54.29,1,1,22.34,233.3,50467,344,-833,104,907,2026-08-06-00-48-003.csv
925781,3547205,-163,24289,54.29,1,1,22.34,233.3,50481,56,-987,-293,1031,2026-08-06-00-48-003.csv
926146,3547570,-149,24289,54.27,1,1,21.58,225.4,50497,634,-325,-190,737,2026-08-06-00-48-003.csv
926443,3547867,-151,24289,54.27,1,1,23.86,249.2,50512,111,-1216,-164,1232,2026-08-06-00-48-003.csv
926740,3548164,-143,24289,54.27,1,1,23.7,247.5,50527,238,-669,45,712,2026-08-06-00-48-003.csv
927035,3548459,-146,24289,54.27,1,1,23.78,248.3,50542,101,-910,23,916,2026-08-06-00-48-003.csv
927342,3548766,-152,24289,54.29,1,1,21.98,229.5,50556,111,-1207,-236,1234,2026-08-06-00-48-003.csv
927637,3549061,-151,24289,54.27,1,1,23.19,242.2,50570,34,-852,-151,866,2026-08-06-00-48-003.csv
927935,3549359,204,24289,54.27,1,1,22.96,239.7,50584,190,-713,-120,748,2026-08-06-00-48-003.csv
928231,3549655,328,24289,54.31,1,1,22.8,238.1,50598,-63,-1053,-10,1055,2026-08-06-00-48-003.csv
928533,3549957,618,24289,54.32,1,1,22.73,237.3,50613,36,-925,-67,928,2026-08-06-00-48-003.csv
928834,3550258,573,24289,54.33,1,1,22.49,234.9,50627,182,-766,-299,842,2026-08-06-00-48-003.csv
929134,3550558,-133,24289,54.39,1,1,22.2,231.8,50641,341,-851,-124,925,2026-08-06-00-48-003.csv
929440,3550864,-144,24289,54.37,1,1,22.05,230.3,50655,62,-1067,-282,1105,2026-08-06-00-48-003.csv
929748,3551172,-136,24289,54.42,1,1,21.83,228.0,50669,151,-815,-167,846,2026-08-06-00-48-003.csv
930053,3551477,-129,24289,54.41,1,1,21.98,229.5,50683,157,-701,-80,723,2026-08-06-00-48-003.csv
930356,3551780,-141,24289,54.38,1,1,21.83,228.0,50697,116,-992,-168,1013,2026-08-06-00-48-003.csv
930662,3552086,-146,24289,54.43,1,1,22.05,230.3,50711,410,-940,-331,1078,2026-08-06-00-48-003.csv
931032,3552456,-133,24289,54.43,1,1,19.95,208.3,50726,256,-906,-146,953,2026-08-06-00-48-003.csv
931332,3552756,-149,24289,54.46,1,1,22.27,232.6,50740,196,-1151,-303,1207,2026-08-06-00-48-003.csv
931643,3553067,-150,24289,54.48,1,1,22.58,235.8,50755,13,-1021,-270,1057,2026-08-06-00-48-003.csv
931945,3553369,-133,24289,54.5,1,1,22.42,234.1,50769,-104,-1169,-145,1182,2026-08-06-00-48-003.csv
932261,3553685,-117,24289,54.52,1,1,21.14,220.8,50783,85,-1027,-106,1036,2026-08-06-00-48-003.csv
932565,3553989,-128,24289,54.55,1,1,22.57,235.7,50797,59,-1193,-231,1216,2026-08-06-00-48-003.csv
932870,3554294,-128,24289,54.58,1,1,22.8,238.1,50812,568,-766,100,959,2026-08-06-00-48-003.csv
933174,3554598,-126,24289,54.59,1,1,22.72,237.3,50826,234,-997,-26,1025,2026-08-06-00-48-003.csv
933479,3554903,-118,24289,54.6,1,1,22.87,238.9,50841,179,-881,-246,932,2026-08-06-00-48-003.csv
933792,3555216,-138,24289,54.59,1,1,22.94,239.6,50856,-1,-969,-179,986,2026-08-06-00-48-003.csv
934093,3555517,-118,24289,54.61,1,1,22.64,236.5,50870,-28,-444,46,447,2026-08-06-00-48-003.csv
934402,3555826,-136,24289,54.59,1,1,21.28,222.2,50884,-4,-1194,32,1194,2026-08-06-00-48-003.csv
934717,3556141,-131,24289,54.6,1,1,21.28,222.2,50898,149,-1103,-81,1116,2026-08-06-00-48-003.csv
935025,3556449,-120,24289,54.57,1,1,22.42,234.1,50912,186,-880,-221,927,2026-08-06-00-48-003.csv
935338,3556762,-124,24289,54.59,1,1,22.8,238.1,50927,-19,-1137,-65,1139,2026-08-06-00-48-003.csv
935654,3557078,-118,24289,54.58,1,1,21.14,220.8,50941,147,-827,-165,856,2026-08-06-00-48-003.csv
936033,3557457,-123,24289,54.58,1,1,20.59,215.1,50957,233,-593,223,675,2026-08-06-00-48-003.csv
936349,3557773,-130,24289,54.58,1,1,21.08,220.1,50971,135,-955,-311,1013,2026-08-06-00-48-003.csv
936659,3558083,-137,24289,54.58,1,1,22.23,232.2,50986,-136,-1073,180,1096,2026-08-06-00-48-003.csv
936968,3558392,-118,24289,54.6,1,1,21.76,227.3,51000,353,-810,208,908,2026-08-06-00-48-003.csv
937282,3558706,-121,24289,54.6,1,1,19.82,207.0,51013,219,-1138,-398,1225,2026-08-06-00-48-003.csv
937594,3559018,-117,24289,54.63,1,1,20.89,218.1,51026,804,-564,-101,987,2026-08-06-00-48-003.csv
937899,3559323,-112,24289,54.64,1,1,21.14,220.8,51040,189,-865,44,886,2026-08-06-00-48-003.csv
938211,3559635,-107,24289,54.64,1,1,20.82,217.4,51053,416,-760,-251,901,2026-08-06-00-48-003.csv
938521,3559945,-109,24289,54.64,1,1,20.95,218.8,51067,-96,-1086,-46,1091,2026-08-06-00-48-003.csv
938832,3560256,-108,24289,54.63,1,1,20.68,215.9,51080,83,-840,-72,848,2026-08-06-00-48-003.csv
939131,3560555,-102,24289,54.63,1,1,21.08,220.1,51094,92,-1058,-127,1070,2026-08-06-00-48-003.csv
939443,3560867,-96,24289,54.62,1,1,20.54,214.5,51107,313,-883,-23,937,2026-08-06-00-48-003.csv
939763,3561187,-103,24289,54.65,1,1,20.14,210.4,51120,360,-1127,15,1183,2026-08-06-00-48-003.csv
940066,3561490,-88,24289,54.66,1,1,19.39,202.5,51133,275,-930,48,971,2026-08-06-00-48-003.csv
940385,3561809,-102,24289,54.64,1,1,18.12,189.3,51145,236,-1013,-82,1043,2026-08-06-00-48-003.csv
940695,3562119,-98,24289,54.62,1,1,18.16,189.7,51156,167,-1028,39,1042,2026-08-06-00-48-003.csv
941075,3562499,-90,24289,54.64,1,1,14.85,155.0,51168,507,-695,-567,1030,2026-08-06-00-48-003.csv
941388,3562812,-90,24289,54.63,1,1,16.01,167.2,51179,277,-1023,-95,1064,2026-08-06-00-48-003.csv
941740,3563164,-95,24289,54.66,1,1,13.26,138.5,51188,484,-881,-195,1023,2026-08-06-00-48-003.csv
942029,3563453,-96,24289,54.66,1,1,13.81,144.2,51197,120,-919,-218,952,2026-08-06-00-48-003.csv
942324,3563748,-91,24289,54.66,1,1,12.55,131.1,51204,270,-933,-80,975,2026-08-06-00-48-003.csv
942628,3564052,-83,24289,54.67,1,1,11.79,123.1,51212,290,-918,-76,966,2026-08-06-00-48-003.csv
942920,3564344,-81,24289,54.64,1,1,10.45,109.1,51218,226,-1016,-111,1046,2026-08-06-00-48-003.csv
943216,3564640,-82,24289,54.65,1,1,9.51,99.3,51224,302,-950,-9,997,2026-08-06-00-48-003.csv
943507,3564931,-87,24289,54.65,1,1,8.31,86.8,51229,266,-998,-81,1036,2026-08-06-00-48-003.csv
943801,3565225,-86,24289,54.63,1,1,8.8,91.9,51234,169,-1017,20,1031,2026-08-06-00-48-003.csv
944078,3565502,-79,24289,54.63,1,1,5.98,62.5,51238,237,-986,-34,1014,2026-08-06-00-48-003.csv
944375,3565799,-79,24289,54.64,1,1,6.01,62.8,51241,267,-925,-35,963,2026-08-06-00-48-003.csv
944672,3566096,-72,24289,54.65,1,1,6.02,62.9,51243,214,-990,45,1014,2026-08-06-00-48-003.csv
944972,3566396,-70,24289,54.65,1,1,3.08,32.2,51246,234,-921,-50,952,2026-08-06-00-48-003.csv
945274,3566698,-70,24289,54.66,1,1,2.69,28.1,51247,201,-971,-11,992,2026-08-06-00-48-003.csv
945569,3566993,-59,24289,54.66,1,1,1.95,20.4,51248,197,-965,-42,986,2026-08-06-00-48-003.csv
945928,3567352,-60,24289,54.67,1,1,1.95,20.4,51248,116,-972,-57,981,2026-08-06-00-48-003.csv
946221,3567645,-61,24289,54.69,1,1,1.95,20.4,51248,137,-976,-69,988,2026-08-06-00-48-003.csv
946517,3567941,-59,24289,54.69,1,1,1.95,20.4,51248,135,-970,-67,981,2026-08-06-00-48-003.csv
946818,3568242,-56,24289,54.72,1,1,1.95,20.4,51248,127,-971,-64,981,2026-08-06-00-48-003.csv
947093,3568517,-43,24289,54.77,1,1,1.95,20.4,51248,137,-964,-70,976,2026-08-06-00-48-003.csv
947391,3568815,-54,24289,54.8,1,1,0.0,0.0,51248,134,-967,-76,979,2026-08-06-00-48-003.csv
947685,3569109,-49,24289,54.86,1,1,0.0,0.0,51248,135,-970,-58,981,2026-08-06-00-48-003.csv
947984,3569408,-50,24289,54.9,1,1,0.0,0.0,51248,131,-962,-81,974,2026-08-06-00-48-003.csv
948286,3569710,-51,24289,54.95,1,1,0.0,0.0,51248,157,-973,-42,987,2026-08-06-00-48-003.csv
948580,3570004,-42,24289,54.99,1,1,0.0,0.0,51248,89,-1007,-123,1019,2026-08-06-00-48-003.csv
948891,3570315,-49,24289,55.05,1,1,0.0,0.0,51248,120,-966,-100,979,2026-08-06-00-48-003.csv
949191,3570615,-48,24289,55.1,1,1,0.0,0.0,51248,111,-980,-68,989,2026-08-06-00-48-003.csv
949492,3570916,-43,24289,55.09,1,1,0.0,0.0,51248,159,-959,-95,977,2026-08-06-00-48-003.csv
949796,3571220,-61,24289,55.18,1,1,0.0,0.0,51249,116,-978,-40,986,2026-08-06-00-48-003.csv
950085,3571509,-32,24289,55.19,1,1,0.0,0.0,51249,111,-997,-30,1003,2026-08-06-00-48-003.csv
950392,3571816,-45,24289,55.24,1,1,0.0,0.0,51249,137,-953,-120,970,2026-08-06-00-48-003.csv
950756,3572180,-48,24289,55.3,1,1,0.0,0.0,51249,120,-990,-21,998,2026-08-06-00-48-003.csv
951047,3572471,-36,24289,55.35,1,1,0.0,0.0,51249,152,-976,-61,990,2026-08-06-00-48-003.csv
951345,3572769,-40,24289,55.36,1,1,0.0,0.0,51249,117,-972,-70,981,2026-08-06-00-48-003.csv
951649,3573073,-37,24289,55.41,1,1,0.0,0.0,51249,135,-960,-116,976,2026-08-06-00-48-003.csv
951952,3573376,-42,24289,55.44,1,1,0.0,0.0,51249,110,-993,2,999,2026-08-06-00-48-003.csv
952250,3573674,-38,24289,55.49,1,1,0.0,0.0,51249,150,-944,-123,964,2026-08-06-00-48-003.csv
952548,3573972,-37,24289,55.52,1,1,0.0,0.0,51249,162,-964,-81,981,2026-08-06-00-48-003.csv
952848,3574272,-35,24289,55.55,1,1,0.0,0.0,51249,48,-997,10,998,2026-08-06-00-48-003.csv
953140,3574564,-25,24289,55.62,1,1,0.0,0.0,51249,174,-990,-75,1008,2026-08-06-00-48-003.csv
953447,3574871,-30,24289,55.63,1,1,0.0,0.0,51249,123,-1012,-7,1020,2026-08-06-00-48-003.csv
953753,3575177,-30,24289,55.68,1,1,0.0,0.0,51249,26,-966,-61,968,2026-08-06-00-48-003.csv
954051,3575475,-17,24289,55.73,1,1,0.0,0.0,51249,209,-941,-75,967,2026-08-06-00-48-003.csv
954362,3575786,-25,24289,55.71,1,1,0.0,0.0,51249,143,-938,-131,958,2026-08-06-00-48-003.csv
954673,3576097,-26,24289,55.77,1,1,0.0,0.0,51249,151,-973,-15,985,2026-08-06-00-48-003.csv
954981,3576405,-21,24289,55.79,1,1,0.0,0.0,51249,87,-954,-41,959,2026-08-06-00-48-003.csv
955295,3576719,-28,24289,55.79,1,1,0.0,0.0,51249,134,-970,-73,982,2026-08-06-00-48-003.csv
955674,3577098,-43,24289,55.86,1,1,0.0,0.0,51250,88,-968,-5,972,2026-08-06-00-48-003.csv
955981,3577405,-25,24289,55.88,1,1,0.0,0.0,51250,149,-959,-97,975,2026-08-06-00-48-003.csv
956285,3577709,-30,24289,55.89,1,1,0.0,0.0,51250,129,-970,-63,980,2026-08-06-00-48-003.csv
956599,3578023,-28,24289,55.94,1,1,0.0,0.0,51250,115,-976,-56,984,2026-08-06-00-48-003.csv
956903,3578327,-30,24289,55.96,1,1,0.0,0.0,51250,131,-965,-106,979,2026-08-06-00-48-003.csv
957206,3578630,-25,24289,55.94,1,1,0.0,0.0,51250,109,-975,-44,982,2026-08-06-00-48-003.csv
957515,3578939,-24,24289,56.0,1,1,0.0,0.0,51250,137,-969,-82,982,2026-08-06-00-48-003.csv
957819,3579243,-29,24289,55.99,1,1,0.0,0.0,51250,124,-961,-22,969,2026-08-06-00-48-003.csv
958118,3579542,-29,24289,56.01,1,1,0.0,0.0,51251,166,-954,-95,973,2026-08-06-00-48-003.csv
958428,3579852,-38,24289,56.06,1,1,0.0,0.0,51251,122,-976,-61,985,2026-08-06-00-48-003.csv
958739,3580163,-22,24289,56.07,1,1,0.0,0.0,51251,126,-969,-68,979,2026-08-06-00-48-003.csv
959052,3580476,-17,24289,56.1,1,1,0.0,0.0,51251,132,-968,-72,979,2026-08-06-00-48-003.csv
959364,3580788,-24,24289,56.11,1,1,0.0,0.0,51251,123,-971,-72,982,2026-08-06-00-48-003.csv
959677,3581101,-21,24289,56.13,1,1,0.0,0.0,51251,118,-971,-58,980,2026-08-06-00-48-003.csv
959988,3581412,-19,24289,56.16,1,1,0.0,0.0,51251,136,-966,-78,979,2026-08-06-00-48-003.csv
960299,3581723,-19,24289,56.19,1,1,0.0,0.0,51251,123,-974,-57,983,2026-08-06-00-48-003.csv
960675,3582099,-23,24289,56.19,1,1,0.0,0.0,51251,129,-974,-54,984,2026-08-06-00-48-003.csv
960990,3582414,-25,24289,56.22,1,1,0.0,0.0,51251,148,-967,-82,982,2026-08-06-00-48-003.csv
961299,3582723,-9,24289,56.22,1,1,0.0,0.0,51251,118,-975,-51,983,2026-08-06-00-48-003.csv
961607,3583031,-13,24289,56.23,1,1,0.0,0.0,51251,140,-966,-79,979,2026-08-06-00-48-003.csv
961925,3583349,-8,24289,56.22,1,1,0.0,0.0,51251,128,-966,-79,978,2026-08-06-00-48-003.csv
962242,3583666,-18,24289,56.25,1,1,0.0,0.0,51251,121,-973,-54,982,2026-08-06-00-48-003.csv
962554,3583978,-18,24289,56.24,1,1,0.0,0.0,51251,133,-966,-74,978,2026-08-06-00-48-003.csv
962864,3584288,-11,24289,56.26,1,1,0.0,0.0,51251,131,-974,-72,985,2026-08-06-00-48-003.csv
963179,3584603,-9,24289,56.23,1,1,0.0,0.0,51251,130,-969,-69,980,2026-08-06-00-48-003.csv
963491,3584915,-4,24289,56.18,1,1,0.0,0.0,51251,125,-972,-57,982,2026-08-06-00-48-003.csv
963849,3585273,-9,24289,56.17,1,1,0.0,0.0,51251,133,-968,-74,980,2026-08-06-00-48-003.csv
964136,3585560,6,24289,56.03,1,1,0.0,0.0,51251,125,-969,-64,980,2026-08-06-00-48-003.csv
964425,3585849,-11,24289,56.04,1,1,0.0,0.0,51251,129,-969,-67,980,2026-08-06-00-48-003.csv
964722,3586146,-10,24289,56.0,1,1,0.0,0.0,51251,132,-969,-73,981,2026-08-06-00-48-003.csv
965022,3586446,-2,24289,56.02,1,1,0.0,0.0,51251,129,-969,-71,980,2026-08-06-00-48-003.csv
965321,3586745,-3,24289,55.99,1,1,0.0,0.0,51251,132,-965,-78,977,2026-08-06-00-48-003.csv
965679,3587103,-9,24289,55.97,1,1,0.0,0.0,51251,131,-967,-74,979,2026-08-06-00-48-003.csv
965969,3587393,-7,24289,55.94,1,1,0.0,0.0,51251,129,-969,-67,979,2026-08-06-00-48-003.csv
966264,3587688,-16,24289,55.94,1,1,0.0,0.0,51251,128,-969,-71,980,2026-08-06-00-48-003.csv
966557,3587981,-13,24289,55.91,1,1,0.0,0.0,51251,130,-971,-67,982,2026-08-06-00-48-003.csv
966848,3588272,-20,24289,55.9,1,1,0.0,0.0,51251,131,-969,-74,981,2026-08-06-00-48-003.csv
967128,3588552,6,24289,55.9,1,1,0.0,0.0,51251,131,-969,-74,980,2026-08-06-00-48-003.csv
967425,3588849,-4,24289,55.85,1,1,0.0,0.0,51251,128,-970,-66,980,2026-08-06-00-48-003.csv
967716,3589140,-8,24289,55.94,1,1,0.0,0.0,51251,132,-968,-79,980,2026-08-06-00-48-003.csv
968016,3589440,-7,24289,55.91,1,1,0.0,0.0,51251,128,-970,-65,980,2026-08-06-00-48-003.csv
968320,3589744,-6,24289,55.86,1,1,0.0,0.0,51251,130,-969,-69,980,2026-08-06-00-48-003.csv
968619,3590043,-4,24289,55.82,1,1,0.0,0.0,51251,130,-969,-70,980,2026-08-06-00-48-003.csv
968918,3590342,-3,24289,55.84,1,1,0.0,0.0,51251,129,-969,-70,980,2026-08-06-00-48-003.csv
969220,3590644,-1,24289,55.94,1,1,0.0,0.0,51251,125,-970,-69,980,2026-08-06-00-48-003.csv
969520,3590944,4,24289,55.94,1,1,0.0,0.0,51251,124,-974,-64,983,2026-08-06-00-48-003.csv
969819,3591243,3,24289,55.84,1,1,0.0,0.0,51251,130,-968,-63,979,2026-08-06-00-48-003.csv
970118,3591542,18,24289,55.88,1,1,0.0,0.0,51251,131,-966,-63,977,2026-08-06-00-48-003.csv
970484,3591908,0,24289,55.92,1,1,0.0,0.0,51251,143,-966,-104,983,2026-08-06-00-48-003.csv
970776,3592200,-13,24289,55.76,1,1,0.0,0.0,51251,98,-987,1,992,2026-08-06-00-48-003.csv
971074,3592498,-8,24289,55.84,1,1,0.0,0.0,51252,157,-947,-127,968,2026-08-06-00-48-003.csv
971366,3592790,-14,24289,55.72,1,1,0.0,0.0,51252,114,-964,-24,971,2026-08-06-00-48-003.csv
971669,3593093,-16,24289,55.71,1,1,0.0,0.0,51252,125,-974,-68,984,2026-08-06-00-48-003.csv
971970,3593394,-16,24289,55.68,1,1,0.0,0.0,51252,143,-970,-86,984,2026-08-06-00-48-003.csv
972270,3593694,-4,24289,55.58,1,1,0.0,0.0,51252,127,-968,-56,978,2026-08-06-00-48-003.csv
972570,3593994,16,24289,55.72,1,1,0.0,0.0,51252,127,-967,-80,979,2026-08-06-00-48-003.csv
972874,3594298,18,24289,55.56,1,1,0.0,0.0,51252,127,-970,-76,981,2026-08-06-00-48-003.csv
973179,3594603,11,24289,55.32,1,1,0.0,0.0,51252,127,-969,-63,979,2026-08-06-00-48-003.csv
973484,3594908,32,24289,54.85,1,1,0.0,0.0,51252,133,-970,-70,982,2026-08-06-00-48-003.csv
973792,3595216,35,24289,51.2,1,1,0.0,0.0,51252,127,-971,-67,981,2026-08-06-00-48-003.csv
974089,3595513,58,24289,42.52,1,1,0.0,0.0,51252,129,-969,-71,980,2026-08-06-00-48-003.csv
974395,3595819,37,24289,18.51,1,1,0.0,0.0,51252,128,-968,-68,979,2026-08-06-00-48-003.csv
974702,3596126,25,24289,-4.75,1,1,0.0,0.0,51252,131,-970,-70,981,2026-08-06-00-48-003.csv
975008,3596432,-2,24289,-14.27,1,1,0.0,0.0,51252,129,-968,-75,979,2026-08-06-00-48-003.csv
975374,3596798,7,24289,-19.57,1,1,0.0,0.0,51252,127,-969,-65,979,2026-08-06-00-48-003.csv
975682,3597106,8,24289,-23.26,1,1,0.0,0.0,51252,132,-970,-69,982,2026-08-06-00-48-003.csv
975986,3597410,18,24289,-24.84,1,1,0.0,0.0,51252,127,-970,-67,980,2026-08-06-00-48-003.csv
976288,3597712,12,24289,-27.9,1,1,0.0,0.0,51252,128,-970,-68,980,2026-08-06-00-48-003.csv
976591,3598015,22,24289,-29.72,1,1,0.0,0.0,51252,130,-969,-71,980,2026-08-06-00-48-003.csv
976902,3598326,16,24289,-28.67,1,1,0.0,0.0,51252,127,-970,-65,980,2026-08-06-00-48-003.csv
977207,3598631,24,24289,-27.95,1,1,0.0,0.0,51252,130,-968,-76,980,2026-08-06-00-48-003.csv
977511,3598935,25,24289,-28.32,1,1,0.0,0.0,51252,131,-969,-75,980,2026-08-06-00-48-003.csv
977813,3599237,27,24289,-28.32,1,1,0.0,0.0,51252,129,-969,-68,980,2026-08-06-00-48-003.csv
978124,3599548,47,24289,-27.13,1,1,0.0,0.0,51252,126,-970,-64,980,2026-08-06-00-48-003.csv
978431,3599855,11,24289,-25.89,1,1,0.0,0.0,51252,129,-970,-70,981,2026-08-06-00-48-003.csv
978740,3600164,3,24289,-23.68,1,1,0.0,0.0,51252,126,-970,-66,981,2026-08-06-00-48-003.csv
979058,3600482,4,24289,-21.04,1,1,0.0,0.0,51252,131,-968,-71,980,2026-08-06-00-48-003.csv
979368,3600792,19,24289,-17.93,1,1,0.0,0.0,51252,131,-968,-74,980,2026-08-06-00-48-003.csv
979680,3601104,23,24289,-15.08,1,1,0.0,0.0,51252,129,-967,-75,979,2026-08-06-00-48-003.csv
979998,3601422,17,24289,-11.75,1,1,0.0,0.0,51252,128,-970,-67,980,2026-08-06-00-48-003.csv
980370,3601794,32,24289,-7.88,1,1,0.0,0.0,51252,129,-969,-71,980,2026-08-06-00-48-003.csv
980674,3602098,50,24289,-5.13,1,1,0.0,0.0,51252,130,-968,-73,980,2026-08-06-00-48-003.csv
980982,3602406,36,24289,-2.93,1,1,0.0,0.0,51252,128,-970,-69,981,2026-08-06-00-48-003.csv
981292,3602716,11,24289,-0.33,1,1,0.0,0.0,51252,130,-970,-71,981,2026-08-06-00-48-003.csv
981607,3603031,19,24289,2.38,1,1,0.0,0.0,51252,133,-968,-74,980,2026-08-06-00-48-003.csv
981918,3603342,-3,24289,4.38,1,1,0.0,0.0,51252,114,-977,-42,985,2026-08-06-00-48-003.csv
982224,3603648,-9,24289,6.16,1,1,0.0,0.0,51252,131,-968,-72,979,2026-08-06-00-48-003.csv
982536,3603960,-12,24289,7.8,1,1,0.0,0.0,51252,133,-968,-78,980,2026-08-06-00-48-003.csv
982854,3604278,-5,24289,9.36,1,1,0.0,0.0,51252,132,-968,-74,980,2026-08-06-00-48-003.csv
983155,3604579,13,24289,10.72,1,1,0.0,0.0,51252,130,-971,-73,982,2026-08-06-00-48-003.csv
983471,3604895,20,24289,12.26,1,1,0.0,0.0,51252,125,-971,-58,981,2026-08-06-00-48-003.csv
983785,3605209,4,24289,13.9,1,1,0.0,0.0,51252,131,-969,-72,981,2026-08-06-00-48-003.csv
984092,3605516,24,24289,15.21,1,1,0.0,0.0,51252,135,-967,-82,980,2026-08-06-00-48-003.csv
984406,3605830,-4,24289,15.78,1,1,0.0,0.0,51252,132,-966,-79,979,2026-08-06-00-48-003.csv
984717,3606141,7,24289,16.7,1,1,0.0,0.0,51252,127,-971,-62,981,2026-08-06-00-48-003.csv
985040,3606464,29,24289,17.79,1,1,0.0,0.0,51252,129,-970,-72,981,2026-08-06-00-48-003.csv
985417,3606841,24,24289,18.99,1,1,0.0,0.0,51252,128,-969,-70,980,2026-08-06-00-48-003.csv
985766,3607190,9,24289,20.02,1,1,0.0,0.0,51252,130,-969,-74,980,2026-08-06-00-48-003.csv
986055,3607479,18,24289,20.94,1,1,0.0,0.0,51252,129,-970,-73,981,2026-08-06-00-48-003.csv
986341,3607765,4,24289,21.73,1,1,0.0,0.0,51252,128,-970,-79,982,2026-08-06-00-48-003.csv
986632,3608056,-5,24289,22.51,1,1,0.0,0.0,51253,127,-971,-71,982,2026-08-06-00-48-003.csv
986922,3608346,-5,24289,23.26,1,1,0.0,0.0,51253,130,-966,-74,978,2026-08-06-00-48-003.csv
987214,3608638,-10,24289,24.06,1,1,0.0,0.0,51253,142,-964,-86,978,2026-08-06-00-48-003.csv
987505,3608929,-15,24289,24.75,1,1,0.0,0.0,51253,132,-968,-66,979,2026-08-06-00-48-003.csv
987804,3609228,-11,24289,25.47,1,1,0.0,0.0,51253,130,-967,-67,979,2026-08-06-00-48-003.csv
988102,3609526,1,24289,26.13,1,1,0.0,0.0,51253,123,-973,-62,983,2026-08-06-00-48-003.csv
988395,3609819,-7,24289,26.8,1,1,0.0,0.0,51253,128,-969,-75,981,2026-08-06-00-48-003.csv
988691,3610115,-10,24289,27.44,1,1,0.0,0.0,51253,126,-969,-59,979,2026-08-06-00-48-003.csv
988989,3610413,-12,24289,28.03,1,1,0.0,0.0,51253,136,-966,-95,980,2026-08-06-00-48-003.csv
989284,3610708,-16,24289,28.64,1,1,0.0,0.0,51253,118,-972,-58,981,2026-08-06-00-48-003.csv
989584,3611008,-14,24289,29.25,1,1,0.0,0.0,51253,129,-970,-71,982,2026-08-06-00-48-003.csv
989883,3611307,-11,24289,29.81,1,1,0.0,0.0,51253,145,-969,-88,984,2026-08-06-00-48-003.csv
990239,3611663,-11,24289,30.47,1,1,0.0,0.0,51253,131,-971,-74,982,2026-08-06-00-48-003.csv
990534,3611958,-20,24289,30.97,1,1,0.0,0.0,51253,129,-964,-73,976,2026-08-06-00-48-003.csv
990829,3612253,-6,24289,31.49,1,1,0.0,0.0,51253,128,-970,-66,981,2026-08-06-00-48-003.csv
991125,3612549,12,24289,31.96,1,1,0.0,0.0,51253,136,-972,-77,984,2026-08-06-00-48-003.csv
991418,3612842,22,24289,32.48,1,1,0.0,0.0,51253,126,-971,-68,981,2026-08-06-00-48-003.csv
991714,3613138,6,24289,32.94,1,1,0.0,0.0,51253,127,-966,-75,977,2026-08-06-00-48-003.csv
992016,3613440,-5,24289,33.39,1,1,0.0,0.0,51253,129,-969,-74,981,2026-08-06-00-48-003.csv
992315,3613739,4,24289,33.8,1,1,0.0,0.0,51253,128,-969,-64,980,2026-08-06-00-48-003.csv
992610,3614034,22,24289,34.07,1,1,0.0,0.0,51253,131,-966,-84,978,2026-08-06-00-48-003.csv
992911,3614335,7,24289,32.75,1,1,0.0,0.0,51253,122,-973,-55,982,2026-08-06-00-48-003.csv
993213,3614637,4,24289,31.84,1,1,0.0,0.0,51253,141,-963,-104,979,2026-08-06-00-48-003.csv
993512,3614936,0,24289,30.23,1,1,0.0,0.0,51253,106,-976,-31,982,2026-08-06-00-48-003.csv
993814,3615238,-11,24289,29.16,1,1,0.0,0.0,51253,139,-965,-108,981,2026-08-06-00-48-003.csv
994122,3615546,12,24289,28.47,1,1,0.0,0.0,51253,113,-975,-46,983,2026-08-06-00-48-003.csv
994435,3615859,27,24289,28.01,1,1,0.0,0.0,51253,130,-966,-86,978,2026-08-06-00-48-003.csv
994740,3616164,23,24289,27.71,1,1,0.0,0.0,51253,117,-971,-62,980,2026-08-06-00-48-003.csv
995110,3616534,27,24289,27.52,1,1,0.0,0.0,51253,116,-972,-48,980,2026-08-06-00-48-003.csv
995408,3616832,-2,24289,27.43,1,1,0.0,0.0,51253,172,-956,-98,977,2026-08-06-00-48-003.csv
995707,3617131,-8,24289,27.4,1,1,0.0,0.0,51254,139,-967,-48,978,2026-08-06-00-48-003.csv
996006,3617430,-6,24289,27.47,1,1,0.0,0.0,51254,113,-962,-47,970,2026-08-06-00-48-003.csv
996307,3617731,-19,24289,27.58,1,1,0.0,0.0,51254,127,-971,-73,982,2026-08-06-00-48-003.csv
996612,3618036,2,24289,27.73,1,1,0.0,0.0,51254,140,-967,-75,980,2026-08-06-00-48-003.csv
996930,3618354,-6,24289,27.9,1,1,0.0,0.0,51254,111,-972,-34,979,2026-08-06-00-48-003.csv
997231,3618655,-4,24289,28.11,1,1,0.0,0.0,51254,133,-972,-85,984,2026-08-06-00-48-003.csv
997540,3618964,15,24289,28.36,1,1,0.0,0.0,51254,119,-971,-72,981,2026-08-06-00-48-003.csv
997849,3619273,18,24289,28.57,1,1,0.0,0.0,51254,120,-978,-21,985,2026-08-06-00-48-003.csv
998152,3619576,32,24289,28.85,1,1,0.0,0.0,51254,139,-963,-118,980,2026-08-06-00-48-003.csv
998474,3619898,30,24289,29.14,1,1,0.0,0.0,51254,126,-969,-61,979,2026-08-06-00-48-003.csv
998781,3620205,25,24289,29.47,1,1,0.0,0.0,51254,124,-983,-38,992,2026-08-06-00-48-003.csv
999089,3620513,16,24289,29.77,1,1,0.0,0.0,51255,121,-973,-57,982,2026-08-06-00-48-003.csv
999404,3620828,22,24289,30.12,1,1,0.0,0.0,51255,125,-968,-78,979,2026-08-06-00-48-003.csv
999711,3621135,14,24289,30.53,1,1,0.0,0.0,51255,136,-971,-66,983,2026-08-06-00-48-003.csv
1000076,3621500,5,24289,30.9,1,1,0.0,0.0,51255,128,-967,-89,980,2026-08-06-00-48-003.csv
1000377,3621801,8,24289,31.2,1,1,0.0,0.0,51255,131,-969,-73,980,2026-08-06-00-48-003.csv
1000689,3622113,22,24289,31.59,1,1,0.0,0.0,51255,130,-965,-62,976,2026-08-06-00-48-003.csv
1000992,3622416,21,24289,31.94,1,1,0.0,0.0,51255,121,-971,-78,981,2026-08-06-00-48-003.csv
1001295,3622719,28,24289,32.33,1,1,0.0,0.0,51255,133,-970,-82,983,2026-08-06-00-48-003.csv
1001603,3623027,21,24289,32.66,1,1,0.0,0.0,51255,125,-968,-57,978,2026-08-06-00-48-003.csv
1001916,3623340,27,24289,33.09,1,1,0.0,0.0,51255,134,-968,-79,981,2026-08-06-00-48-003.csv
1002221,3623645,20,24289,33.33,1,1,0.0,0.0,51255,131,-968,-70,980,2026-08-06-00-48-003.csv
1002535,3623959,26,24289,33.8,1,1,0.0,0.0,51255,126,-971,-67,982,2026-08-06-00-48-003.csv
1002846,3624270,24,24289,34.17,1,1,0.0,0.0,51255,129,-967,-91,979,2026-08-06-00-48-003.csv
1003158,3624582,36,24289,34.5,1,1,0.0,0.0,51255,139,-969,-65,981,2026-08-06-00-48-003.csv
1003470,3624894,25,24289,34.81,1,1,0.0,0.0,51255,131,-969,-59,979,2026-08-06-00-48-003.csv
1003783,3625207,23,24289,35.17,1,1,0.0,0.0,51255,131,-970,-67,981,2026-08-06-00-48-003.csv
1004092,3625516,38,24289,35.48,1,1,0.0,0.0,51255,124,-971,-58,981,2026-08-06-00-48-003.csv
1004405,3625829,27,24289,35.78,1,1,0.0,0.0,51255,126,-971,-55,981,2026-08-06-00-48-003.csv
1004720,3626144,21,24289,36.13,1,1,0.0,0.0,51255,123,-970,-67,980,2026-08-06-00-48-003.csv
1005102,3626526,35,24289,36.56,1,1,0.0,0.0,51255,117,-968,-68,977,2026-08-06-00-48-003.csv
1005414,3626838,32,24289,36.83,1,1,0.0,0.0,51255,139,-969,-72,982,2026-08-06-00-48-003.csv
1005720,3627144,21,24289,37.17,1,1,0.0,0.0,51255,134,-970,-65,981,2026-08-06-00-48-003.csv
1006027,3627451,27,24289,37.43,1,1,0.0,0.0,51255,131,-969,-65,980,2026-08-06-00-48-003.csv
1006333,3627757,29,24289,37.73,1,1,0.0,0.0,51255,129,-968,-73,979,2026-08-06-00-48-003.csv
1006652,3628076,30,24289,38.0,1,1,0.0,0.0,51255,129,-968,-71,980,2026-08-06-00-48-003.csv
1006960,3628384,24,24289,38.32,1,1,0.0,0.0,51255,127,-971,-69,981,2026-08-06-00-48-003.csv
1007280,3628704,25,24289,38.56,1,1,0.0,0.0,51255,124,-971,-67,981,2026-08-06-00-48-003.csv
1007592,3629016,14,24289,38.83,1,1,0.0,0.0,51255,122,-969,-69,979,2026-08-06-00-48-003.csv
1007944,3629368,17,24289,39.12,1,1,0.0,0.0,51255,130,-968,-69,980,2026-08-06-00-48-003.csv
1008233,3629657,17,24289,39.37,1,1,0.0,0.0,51255,135,-970,-60,981,2026-08-06-00-48-003.csv
1008527,3629951,18,24289,39.62,1,1,0.0,0.0,51255,152,-962,-77,977,2026-08-06-00-48-003.csv
1008822,3630246,25,24289,39.85,1,1,0.0,0.0,51255,133,-967,-71,979,2026-08-06-00-48-003.csv
1009115,3630539,35,24289,40.03,1,1,0.0,0.0,51255,123,-966,-79,977,2026-08-06-00-48-003.csv
1009414,3630838,22,24289,40.3,1,1,0.0,0.0,51255,115,-972,-61,981,2026-08-06-00-48-003.csv
1009710,3631134,20,24289,40.53,1,1,0.0,0.0,51255,129,-969,-80,980,2026-08-06-00-48-003.csv
1010066,3631490,23,24289,40.78,1,1,0.0,0.0,51255,123,-974,-64,984,2026-08-06-00-48-003.csv
1010362,3631786,19,24289,41.05,1,1,0.0,0.0,51255,129,-972,-67,982,2026-08-06-00-48-003.csv
1010655,3632079,18,24289,41.18,1,1,0.0,0.0,51255,128,-970,-64,980,2026-08-06-00-48-003.csv
1010955,3632379,9,24289,41.4,1,1,0.0,0.0,51255,134,-963,-75,975,2026-08-06-00-48-003.csv
1011247,3632671,6,24289,41.6,1,1,0.0,0.0,51256,121,-979,-48,988,2026-08-06-00-48-003.csv
1011548,3632972,16,24289,41.85,1,1,0.0,0.0,51256,148,-964,-86,980,2026-08-06-00-48-003.csv
1011851,3633275,14,24289,41.96,1,1,0.0,0.0,51256,118,-973,-48,981,2026-08-06-00-48-003.csv
1012145,3633569,9,24289,42.16,1,1,0.0,0.0,51256,137,-967,-89,981,2026-08-06-00-48-003.csv
1012440,3633864,9,24289,42.34,1,1,0.0,0.0,51256,123,-973,-59,982,2026-08-06-00-48-003.csv
1012741,3634165,4,24289,42.47,1,1,0.0,0.0,51256,131,-970,-69,981,2026-08-06-00-48-003.csv
1013043,3634467,18,24289,42.7,1,1,0.0,0.0,51256,132,-970,-66,981,2026-08-06-00-48-003.csv
1013337,3634761,12,24289,42.82,1,1,0.0,0.0,51256,138,-968,-90,982,2026-08-06-00-48-003.csv
1013641,3635065,15,24289,43.0,1,1,0.0,0.0,51256,128,-971,-60,982,2026-08-06-00-48-003.csv
1013944,3635368,9,24289,43.21,1,1,0.0,0.0,51256,127,-966,-89,978,2026-08-06-00-48-003.csv
1014244,3635668,17,24289,43.3,1,1,0.0,0.0,51256,123,-973,-56,982,2026-08-06-00-48-003.csv
1014547,3635971,18,24289,43.45,1,1,0.0,0.0,51256,129,-968,-72,980,2026-08-06-00-48-003.csv
1014911,3636335,21,24289,43.54,1,1,0.0,0.0,51256,133,-967,-77,979,2026-08-06-00-48-003.csv
1015204,3636628,22,24289,43.72,1,1,0.0,0.0,51256,130,-968,-73,979,2026-08-06-00-48-003.csv
1015503,3636927,18,24289,43.81,1,1,0.0,0.0,51256,130,-971,-46,981,2026-08-06-00-48-003.csv
1015808,3637232,19,24289,43.94,1,1,0.0,0.0,51256,137,-969,-93,983,2026-08-06-00-48-003.csv
1016109,3637533,24,24289,44.04,1,1,0.0,0.0,51256,129,-967,-90,980,2026-08-06-00-48-003.csv
1016410,3637834,20,24289,44.13,1,1,0.0,0.0,51256,134,-970,-58,981,2026-08-06-00-48-003.csv
1016712,3638136,14,24289,44.21,1,1,0.0,0.0,51256,128,-969,-74,980,2026-08-06-00-48-003.csv
1017014,3638438,13,24289,44.33,1,1,0.0,0.0,51256,126,-971,-70,982,2026-08-06-00-48-003.csv
1017315,3638739,12,24289,44.47,1,1,0.0,0.0,51256,130,-970,-71,981,2026-08-06-00-48-003.csv
1017621,3639045,20,24289,44.59,1,1,0.0,0.0,51256,125,-969,-73,980,2026-08-06-00-48-003.csv
1017930,3639354,11,24289,44.56,1,1,0.0,0.0,51256,129,-968,-65,979,2026-08-06-00-48-003.csv
1018232,3639656,20,24289,44.62,1,1,0.0,0.0,51256,133,-970,-65,981,2026-08-06-00-48-003.csv
1018544,3639968,14,24289,44.7,1,1,0.0,0.0,51256,128,-968,-72,979,2026-08-06-00-48-003.csv
1018844,3640268,19,24289,44.78,1,1,0.0,0.0,51256,126,-970,-74,981,2026-08-06-00-48-003.csv
1019148,3640572,28,24289,44.84,1,1,0.0,0.0,51256,127,-969,-67,980,2026-08-06-00-48-003.csv
1019449,3640873,15,24289,44.93,1,1,0.0,0.0,51256,137,-969,-67,981,2026-08-06-00-48-003.csv
1019812,3641236,22,24289,45.03,1,1,0.0,0.0,51256,121,-971,-69,981,2026-08-06-00-48-003.csv
1020118,3641542,36,24289,45.12,1,1,0.0,0.0,51256,131,-969,-69,980,2026-08-06-00-48-003.csv
1020421,3641845,26,24289,45.18,1,1,0.0,0.0,51256,129,-969,-73,980,2026-08-06-00-48-003.csv
1020725,3642149,32,24289,45.22,1,1,0.0,0.0,51256,129,-969,-70,980,2026-08-06-00-48-003.csv
1021034,3642458,27,24289,45.28,1,1,0.0,0.0,51256,128,-969,-68,980,2026-08-06-00-48-003.csv
1021339,3642763,18,24289,45.34,1,1,0.0,0.0,51256,132,-968,-70,979,2026-08-06-00-48-003.csv
1021647,3643071,26,24289,45.44,1,1,0.0,0.0,51256,128,-968,-72,980,2026-08-06-00-48-003.csv
1021952,3643376,18,24289,45.5,1,1,0.0,0.0,51256,130,-969,-68,980,2026-08-06-00-48-003.csv
1022266,3643690,23,24289,45.61,1,1,0.0,0.0,51256,129,-969,-69,980,2026-08-06-00-48-003.csv
1022577,3644001,27,24289,45.67,1,1,0.0,0.0,51256,131,-970,-75,982,2026-08-06-00-48-003.csv
1022888,3644312,20,24289,45.7,1,1,0.0,0.0,51256,129,-967,-73,979,2026-08-06-00-48-003.csv
1023196,3644620,28,24289,45.81,1,1,0.0,0.0,51256,126,-969,-67,980,2026-08-06-00-48-003.csv
1023501,3644925,35,24289,45.88,1,1,0.0,0.0,51256,131,-970,-74,981,2026-08-06-00-48-003.csv
1023812,3645236,30,24289,45.94,1,1,0.0,0.0,51256,128,-967,-64,978,2026-08-06-00-48-003.csv
1024124,3645548,46,24289,46.06,1,1,0.0,0.0,51256,128,-970,-70,980,2026-08-06-00-48-003.csv
1024437,3645861,25,24289,46.1,1,1,0.0,0.0,51256,129,-970,-70,981,2026-08-06-00-48-003.csv
1024808,3646232,24,24289,46.13,1,1,0.0,0.0,51256,132,-967,-70,979,2026-08-06-00-48-003.csv
1025116,3646540,46,24289,46.22,1,1,0.0,0.0,51256,124,-972,-65,982,2026-08-06-00-48-003.csv
1025424,3646848,34,24289,46.23,1,1,0.0,0.0,51256,140,-967,-74,980,2026-08-06-00-48-003.csv
1025731,3647155,27,24289,46.34,1,1,0.0,0.0,51256,129,-970,-71,981,2026-08-06-00-48-003.csv
1026039,3647463,31,24289,46.36,1,1,0.0,0.0,51256,118,-971,-70,981,2026-08-06-00-48-003.csv
1026342,3647766,25,24289,46.46,1,1,0.0,0.0,51256,135,-965,-72,977,2026-08-06-00-48-003.csv
1026661,3648085,25,24289,46.52,1,1,0.0,0.0,51256,131,-973,-73,984,2026-08-06-00-48-003.csv
1026971,3648395,21,24289,46.57,1,1,0.0,0.0,51256,140,-966,-74,979,2026-08-06-00-48-003.csv
1027285,3648709,32,24289,46.68,1,1,0.0,0.0,51256,128,-969,-63,979,2026-08-06-00-48-003.csv
1027593,3649017,39,24289,46.68,1,1,0.0,0.0,51256,133,-967,-72,979,2026-08-06-00-48-003.csv
1027904,3649328,29,24289,46.76,1,1,0.0,0.0,51256,133,-968,-71,979,2026-08-06-00-48-003.csv
1028217,3649641,41,24289,46.79,1,1,0.0,0.0,51256,131,-967,-64,978,2026-08-06-00-48-003.csv
1028527,3649951,33,24289,46.84,1,1,0.0,0.0,51256,135,-967,-76,980,2026-08-06-00-48-003.csv
1028846,3650270,32,24289,46.88,1,1,0.0,0.0,51256,128,-969,-62,980,2026-08-06-00-48-003.csv
1029166,3650590,35,24289,46.99,1,1,0.0,0.0,51256,128,-966,-87,978,2026-08-06-00-48-003.csv
1029484,3650908,28,24289,47.02,1,1,0.0,0.0,51256,125,-972,-63,982,2026-08-06-00-48-003.csv
1029854,3651278,24,24289,47.04,1,1,0.0,0.0,51256,130,-969,-65,979,2026-08-06-00-48-003.csv
1030210,3651634,11,24289,47.08,1,1,0.0,0.0,51256,136,-963,-93,977,2026-08-06-00-48-003.csv
1030501,3651925,19,24289,47.1,1,1,0.0,0.0,51256,120,-970,-63,979,2026-08-06-00-48-003.csv
1030792,3652216,9,24289,47.08,1,1,0.0,0.0,51256,133,-967,-79,979,2026-08-06-00-48-003.csv
1031091,3652515,27,24289,47.06,1,1,0.0,0.0,51256,123,-970,-53,980,2026-08-06-00-48-003.csv
1031385,3652809,20,24289,47.13,1,1,0.0,0.0,51256,132,-968,-64,980,2026-08-06-00-48-003.csv
1031675,3653099,11,24289,47.12,1,1,0.0,0.0,51256,135,-968,-73,980,2026-08-06-00-48-003.csv
1031970,3653394,8,24289,47.13,1,1,0.0,0.0,51256,119,-971,-68,980,2026-08-06-00-48-003.csv
1032261,3653685,7,24289,47.15,1,1,0.0,0.0,51256,131,-968,-77,980,2026-08-06-00-48-003.csv
1032552,3653976,0,24289,47.17,1,1,0.0,0.0,51256,131,-968,-65,979,2026-08-06-00-48-003.csv
1032848,3654272,-3,24289,47.18,1,1,0.0,0.0,51256,130,-968,-77,980,2026-08-06-00-48-003.csv
1033148,3654572,20,24289,47.21,1,1,0.0,0.0,51256,127,-969,-71,980,2026-08-06-00-48-003.csv
1033445,3654869,10,24289,47.27,1,1,0.0,0.0,51256,131,-970,-72,982,2026-08-06-00-48-003.csv
1033744,3655168,19,24289,47.26,1,1,0.0,0.0,51256,134,-968,-75,980,2026-08-06-00-48-003.csv
1034043,3655467,13,24289,47.26,1,1,0.0,0.0,51256,128,-969,-70,980,2026-08-06-00-48-003.csv
1034338,3655762,16,24289,47.32,1,1,0.0,0.0,51256,130,-968,-72,979,2026-08-06-00-48-003.csv
1034706,3656130,16,24289,47.29,1,1,0.0,0.0,51256,129,-969,-72,980,2026-08-06-00-48-003.csv
1035005,3656429,16,24289,47.21,1,1,0.0,0.0,51256,130,-968,-71,979,2026-08-06-00-48-003.csv
1035304,3656728,26,24289,47.24,1,1,0.0,0.0,51256,129,-969,-71,980,2026-08-06-00-48-003.csv
1035603,3657027,25,24289,47.28,1,1,0.0,0.0,51256,130,-970,-71,981,2026-08-06-00-48-003.csv
1035897,3657321,21,24289,47.23,1,1,0.0,0.0,51256,129,-968,-71,979,2026-08-06-00-48-003.csv
1036193,3657617,23,24289,47.26,1,1,0.0,0.0,51256,130,-967,-73,979,2026-08-06-00-48-003.csv
1036487,3657911,24,24289,47.25,1,1,0.0,0.0,51256,130,-970,-73,982,2026-08-06-00-48-003.csv
1036786,3658210,22,24289,47.22,1,1,0.0,0.0,51256,130,-968,-70,979,2026-08-06-00-48-003.csv
1037078,3658502,24,24289,47.25,1,1,0.0,0.0,51256,130,-970,-70,981,2026-08-06-00-48-003.csv
1037390,3658814,20,24289,47.22,1,1,0.0,0.0,51256,130,-968,-71,979,2026-08-06-00-48-003.csv
1037691,3659115,26,24289,47.26,1,1,0.0,0.0,51256,130,-968,-72,980,2026-08-06-00-48-003.csv
1037990,3659414,21,24289,47.31,1,1,0.0,0.0,51256,128,-968,-76,980,2026-08-06-00-48-003.csv
1038290,3659714,26,24289,47.3,1,1,0.0,0.0,51256,131,-969,-72,980,2026-08-06-00-48-003.csv
1038592,3660016,20,24289,47.33,1,1,0.0,0.0,51256,130,-966,-68,978,2026-08-06-00-48-003.csv
1038893,3660317,24,24289,47.33,1,1,0.0,0.0,51256,134,-969,-82,982,2026-08-06-00-48-003.csv
1039194,3660618,35,24289,47.4,1,1,0.0,0.0,51256,128,-970,-74,981,2026-08-06-00-48-003.csv
1039558,3660982,20,24289,47.42,1,1,0.0,0.0,51256,121,-974,-46,982,2026-08-06-00-48-003.csv
1039862,3661286,23,24289,47.4,1,1,0.0,0.0,51257,145,-964,-104,981,2026-08-06-00-48-003.csv
1040160,3661584,36,24289,47.44,1,1,0.0,0.0,51257,114,-978,-41,986,2026-08-06-00-48-003.csv
1040459,3661883,22,24289,47.42,1,1,0.0,0.0,51257,138,-966,-89,979,2026-08-06-00-48-003.csv
1040763,3662187,28,24289,47.44,1,1,0.0,0.0,51257,122,-974,-59,983,2026-08-06-00-48-003.csv
1041064,3662488,31,24289,47.42,1,1,0.0,0.0,51257,142,-963,-74,976,2026-08-06-00-48-003.csv
1041368,3662792,26,24289,47.47,1,1,0.0,0.0,51257,141,-971,-58,983,2026-08-06-00-48-003.csv
1041684,3663108,23,24289,47.48,1,1,0.0,0.0,51257,114,-969,-68,978,2026-08-06-00-48-003.csv
1041985,3663409,25,24289,47.5,1,1,0.0,0.0,51257,109,-969,-87,979,2026-08-06-00-48-003.csv
1042287,3663711,23,24289,47.5,1,1,0.0,0.0,51257,124,-970,-69,981,2026-08-06-00-48-003.csv
1042594,3664018,25,24289,47.46,1,1,0.0,0.0,51257,136,-968,-62,980,2026-08-06-00-48-003.csv
1042899,3664323,24,24289,47.51,1,1,0.0,0.0,51257,140,-967,-66,980,2026-08-06-00-48-003.csv
1043209,3664633,33,24289,47.5,1,1,0.0,0.0,51257,131,-967,-76,979,2026-08-06-00-48-003.csv
1043519,3664943,24,24289,47.5,1,1,0.0,0.0,51257,127,-970,-65,980,2026-08-06-00-48-003.csv
1043831,3665255,41,24289,47.43,1,1,0.0,0.0,51257,130,-968,-73,980,2026-08-06-00-48-003.csv
1044142,3665566,36,24289,47.5,1,1,0.0,0.0,51257,127,-970,-64,981,2026-08-06-00-48-003.csv
1044526,3665950,22,24289,47.53,1,1,0.0,0.0,51257,129,-969,-68,980,2026-08-06-00-48-003.csv
1044824,3666248,22,24289,47.5,1,1,0.0,0.0,51257,131,-969,-70,980,2026-08-06-00-48-003.csv
1045125,3666549,29,24289,47.5,1,1,0.0,0.0,51257,130,-969,-71,980,2026-08-06-00-48-003.csv
1045433,3666857,20,24289,47.49,1,1,0.0,0.0,51257,121,-972,-68,982,2026-08-06-00-48-003.csv
1045739,3667163,25,24289,47.54,1,1,0.0,0.0,51257,128,-969,-70,980,2026-08-06-00-48-003.csv
1046050,3667474,27,24289,47.53,1,1,0.0,0.0,51257,130,-967,-71,978,2026-08-06-00-48-003.csv
1046354,3667778,27,24289,47.51,1,1,0.0,0.0,51257,124,-972,-47,981,2026-08-06-00-48-003.csv
1046671,3668095,25,24289,47.53,1,1,0.0,0.0,51257,139,-960,-93,974,2026-08-06-00-48-003.csv
1046979,3668403,22,24289,47.52,1,1,0.0,0.0,51257,126,-972,-62,982,2026-08-06-00-48-003.csv
1047287,3668711,24,24289,47.59,1,1,0.0,0.0,51257,128,-968,-74,979,2026-08-06-00-48-003.csv
1047593,3669017,28,24289,47.55,1,1,0.0,0.0,51257,127,-968,-72,979,2026-08-06-00-48-003.csv
1047901,3669325,28,24289,47.63,1,1,0.0,0.0,51257,130,-969,-70,980,2026-08-06-00-48-003.csv
1048214,3669638,36,24289,47.64,1,1,0.0,0.0,51257,126,-971,-69,981,2026-08-06-00-48-003.csv
1048526,3669950,32,24289,47.7,1,1,0.0,0.0,51257,129,-964,-66,975,2026-08-06-00-48-003.csv
1048841,3670265,37,24289,47.71,1,1,0.0,0.0,51257,134,-967,-78,980,2026-08-06-00-48-003.csv
1049152,3670576,43,24289,47.7,1,1,0.0,0.0,51257,135,-969,-83,982,2026-08-06-00-48-003.csv
1049531,3670955,37,24289,47.74,1,1,0.0,0.0,51257,121,-974,-66,984,2026-08-06-00-48-003.csv
1049847,3671271,32,24289,47.79,1,1,0.0,0.0,51257,137,-966,-94,981,2026-08-06-00-48-003.csv
1050158,3671582,41,24289,47.81,1,1,0.0,0.0,51257,123,-973,-66,983,2026-08-06-00-48-003.csv
1050473,3671897,36,24289,47.88,1,1,0.0,0.0,51257,133,-964,-68,976,2026-08-06-00-48-003.csv
1050786,3672210,34,24289,47.9,1,1,0.0,0.0,51257,132,-971,-67,982,2026-08-06-00-48-003.csv
1051093,3672517,19,24289,47.9,1,1,0.0,0.0,51257,133,-966,-72,978,2026-08-06-00-48-003.csv
1051409,3672833,3,24289,47.9,1,1,0.0,0.0,51257,126,-971,-67,981,2026-08-06-00-48-003.csv
1051717,3673141,11,24289,47.92,1,1,0.0,0.0,51257,127,-968,-77,979,2026-08-06-00-48-003.csv
1052068,3673492,19,24289,47.9,1,1,0.0,0.0,51257,131,-967,-70,978,2026-08-06-00-48-003.csv
1052358,3673782,12,24289,47.89,1,1,0.0,0.0,51257,135,-968,-83,981,2026-08-06-00-48-003.csv
1052658,3674082,20,24289,47.85,1,1,0.0,0.0,51257,125,-974,-52,983,2026-08-06-00-48-003.csv
1052950,3674374,20,24289,47.84,1,1,0.0,0.0,51257,130,-965,-73,977,2026-08-06-00-48-003.csv
1053241,3674665,36,24289,47.84,1,1,0.0,0.0,51257,124,-970,-67,980,2026-08-06-00-48-003.csv
1053540,3674964,46,24289,47.84,1,1,0.0,0.0,51257,130,-970,-80,982,2026-08-06-00-48-003.csv
1053835,3675259,37,24289,47.77,1,1,0.0,0.0,51257,124,-974,-62,984,2026-08-06-00-48-003.csv
1054133,3675557,49,24289,47.75,1,1,0.0,0.0,51257,135,-964,-74,977,2026-08-06-00-48-003.csv
1054493,3675917,38,24289,47.8,1,1,0.0,0.0,51257,132,-967,-71,978,2026-08-06-00-48-003.csv
1054793,3676217,35,24289,47.81,1,1,0.0,0.0,51257,127,-967,-68,978,2026-08-06-00-48-003.csv
1055086,3676510,35,24289,47.79,1,1,0.0,0.0,51257,130,-970,-69,981,2026-08-06-00-48-003.csv
1055379,3676803,40,24289,47.75,1,1,0.0,0.0,51257,129,-970,-70,981,2026-08-06-00-48-003.csv
1055676,3677100,39,24289,47.75,1,1,0.0,0.0,51257,128,-969,-71,980,2026-08-06-00-48-003.csv
1055983,3677407,37,24289,47.82,1,1,0.0,0.0,51257,129,-968,-71,979,2026-08-06-00-48-003.csv
1056277,3677701,40,24289,47.77,1,1,0.0,0.0,51257,128,-969,-69,980,2026-08-06-00-48-003.csv
1056572,3677996,45,24289,47.81,1,1,0.0,0.0,51257,131,-969,-69,980,2026-08-06-00-48-003.csv
1056872,3678296,35,24289,47.81,1,1,0.0,0.0,51257,130,-970,-73,981,2026-08-06-00-48-003.csv
1057165,3678589,42,24289,47.83,1,1,0.0,0.0,51257,128,-969,-68,979,2026-08-06-00-48-003.csv
1057464,3678888,30,24289,47.87,1,1,0.0,0.0,51257,129,-968,-70,979,2026-08-06-00-48-003.csv
1057761,3679185,28,24289,47.86,1,1,0.0,0.0,51257,126,-970,-71,981,2026-08-06-00-48-003.csv
1058063,3679487,31,24289,47.84,1,1,0.0,0.0,51257,131,-971,-70,983,2026-08-06-00-48-003.csv
1058365,3679789,27,24289,47.87,1,1,0.0,0.0,51257,131,-967,-70,979,2026-08-06-00-48-003.csv
1058666,3680090,15,24289,47.8,1,1,0.0,0.0,51257,131,-969,-70,980,2026-08-06-00-48-003.csv
1058972,3680396,26,24289,47.65,1,1,0.0,0.0,51257,128,-971,-70,982,2026-08-06-00-48-003.csv
1059335,3680759,49,24289,47.74,1,1,0.0,0.0,51257,130,-968,-72,979,2026-08-06-00-48-003.csv
1059631,3681055,41,24289,47.71,1,1,0.0,0.0,51257,131,-971,-72,982,2026-08-06-00-48-003.csv
1059936,3681360,44,24289,47.69,1,1,0.0,0.0,51257,130,-967,-74,978,2026-08-06-00-48-003.csv
1060233,3681657,42,24289,47.72,1,1,0.0,0.0,51257,129,-969,-68,980,2026-08-06-00-48-003.csv
1060531,3681955,37,24289,47.72,1,1,0.0,0.0,51257,132,-972,-73,984,2026-08-06-00-48-003.csv
1060836,3682260,47,24289,47.75,1,1,0.0,0.0,51257,126,-964,-72,975,2026-08-06-00-48-003.csv
1061140,3682564,48,24289,47.71,1,1,0.0,0.0,51257,125,-971,-74,981,2026-08-06-00-48-003.csv
1061437,3682861,45,24289,47.8,1,1,0.0,0.0,51257,138,-971,-71,983,2026-08-06-00-48-003.csv
1061735,3683159,44,24289,47.81,1,1,0.0,0.0,51257,130,-967,-71,979,2026-08-06-00-48-003.csv
1062035,3683459,47,24289,47.85,1,1,0.0,0.0,51257,126,-970,-65,981,2026-08-06-00-48-003.csv
1062334,3683758,47,24289,47.86,1,1,0.0,0.0,51257,132,-971,-78,984,2026-08-06-00-48-003.csv
1062636,3684060,34,24289,47.9,1,1,0.0,0.0,51257,125,-968,-63,978,2026-08-06-00-48-003.csv
1062939,3684363,35,24289,47.88,1,1,0.0,0.0,51257,132,-967,-70,978,2026-08-06-00-48-003.csv
1063250,3684674,39,24289,47.9,1,1,0.0,0.0,51257,126,-967,-72,978,2026-08-06-00-48-003.csv
1063551,3684975,36,24289,47.95,1,1,0.0,0.0,51257,131,-966,-70,978,2026-08-06-00-48-003.csv
1063859,3685283,36,24289,47.94,1,1,0.0,0.0,51257,132,-969,-71,981,2026-08-06-00-48-003.csv
1064229,3685653,39,24289,47.97,1,1,0.0,0.0,51257,129,-969,-73,980,2026-08-06-00-48-003.csv
1064535,3685959,34,24289,48.01,1,1,0.0,0.0,51257,131,-970,-70,981,2026-08-06-00-48-003.csv
1064839,3686263,37,24289,48.01,1,1,0.0,0.0,51257,129,-967,-70,978,2026-08-06-00-48-003.csv
1065142,3686566,38,24289,48.05,1,1,0.0,0.0,51257,129,-965,-73,977,2026-08-06-00-48-003.csv
1065452,3686876,35,24289,48.07,1,1,0.0,0.0,51257,131,-969,-74,981,2026-08-06-00-48-003.csv
1065761,3687185,42,24289,48.12,1,1,0.0,0.0,51257,127,-972,-69,982,2026-08-06-00-48-003.csv
1066067,3687491,37,24289,48.11,1,1,0.0,0.0,51257,129,-970,-67,981,2026-08-06-00-48-003.csv
1066370,3687794,22,24289,48.14,1,1,0.0,0.0,51257,128,-968,-66,978,2026-08-06-00-48-003.csv
1066682,3688106,27,24289,48.19,1,1,0.0,0.0,51257,125,-970,-69,981,2026-08-06-00-48-003.csv
1066989,3688413,28,24289,48.17,1,1,0.0,0.0,51257,129,-968,-78,979,2026-08-06-00-48-003.csv
1067295,3688719,27,24289,48.31,1,1,0.0,0.0,51257,120,-975,-54,984,2026-08-06-00-48-003.csv
1067606,3689030,22,24289,48.29,1,1,0.0,0.0,51257,136,-967,-71,979,2026-08-06-00-48-003.csv
1067921,3689345,35,24289,48.37,1,1,0.0,0.0,51257,137,-969,-69,981,2026-08-06-00-48-003.csv
1068226,3689650,31,24289,48.38,1,1,0.0,0.0,51257,123,-971,-66,981,2026-08-06-00-48-003.csv
1068539,3689963,41,24289,48.42,1,1,0.0,0.0,51257,123,-966,-85,978,2026-08-06-00-48-003.csv
1068849,3690273,36,24289,48.45,1,1,0.0,0.0,51257,122,-972,-61,981,2026-08-06-00-48-003.csv
1069218,3690642,44,24289,48.48,1,1,0.0,0.0,51257,127,-970,-62,980,2026-08-06-00-48-003.csv
1069525,3690949,34,24289,48.37,1,1,0.0,0.0,51257,131,-969,-74,980,2026-08-06-00-48-003.csv
1069839,3691263,30,24289,48.5,1,1,0.0,0.0,51257,130,-972,-62,983,2026-08-06-00-48-003.csv
1070146,3691570,33,24289,48.56,1,1,0.0,0.0,51258,138,-953,-81,966,2026-08-06-00-48-003.csv
1070453,3691877,33,24289,48.58,1,1,0.0,0.0,51258,128,-969,-63,980,2026-08-06-00-48-003.csv
1070767,3692191,22,24289,48.65,1,1,0.0,0.0,51258,137,-969,-81,982,2026-08-06-00-48-003.csv
1071072,3692496,27,24289,48.63,1,1,0.0,0.0,51258,136,-961,-78,974,2026-08-06-00-48-003.csv
1071383,3692807,25,24289,48.62,1,1,0.0,0.0,51258,114,-974,-54,983,2026-08-06-00-48-003.csv
1071699,3693123,44,24289,48.64,1,1,0.0,0.0,51258,134,-966,-87,979,2026-08-06-00-48-003.csv
1072015,3693439,38,24289,48.71,1,1,0.0,0.0,51258,119,-973,-56,982,2026-08-06-00-48-003.csv
1072335,3693759,40,24289,48.74,1,1,0.0,0.0,51258,127,-970,-65,981,2026-08-06-00-48-003.csv
1072650,3694074,22,24289,48.75,1,1,0.0,0.0,51258,130,-967,-77,979,2026-08-06-00-48-003.csv
1072964,3694388,25,24289,48.73,1,1,0.0,0.0,51258,124,-973,-58,982,2026-08-06-00-48-003.csv
1073277,3694701,29,24289,48.78,1,1,0.0,0.0,51258,133,-967,-81,980,2026-08-06-00-48-003.csv
1073589,3695013,29,24289,48.81,1,1,0.0,0.0,51258,126,-971,-60,981,2026-08-06-00-48-003.csv
1073907,3695331,24,24289,48.78,1,1,0.0,0.0,51259,131,-968,-71,979,2026-08-06-00-48-003.csv
1074341,3695765,37,24289,48.78,1,1,0.0,0.0,51259,126,-970,-63,980,2026-08-06-00-48-003.csv
1074630,3696054,32,24289,48.81,1,1,0.0,0.0,51259,130,-968,-74,979,2026-08-06-00-48-003.csv
1074923,3696347,37,24289,48.77,1,1,0.0,0.0,51259,128,-969,-66,979,2026-08-06-00-48-003.csv
1075219,3696643,32,24289,48.82,1,1,0.0,0.0,51259,130,-969,-71,980,2026-08-06-00-48-003.csv
1075510,3696934,35,24289,48.86,1,1,0.0,0.0,51259,129,-968,-69,979,2026-08-06-00-48-003.csv
1075800,3697224,37,24289,48.89,1,1,0.0,0.0,51259,127,-970,-69,980,2026-08-06-00-48-003.csv
1076092,3697516,43,24289,48.88,1,1,0.0,0.0,51259,127,-969,-73,980,2026-08-06-00-48-003.csv
1076387,3697811,34,24289,48.91,1,1,0.0,0.0,51259,124,-970,-69,981,2026-08-06-00-48-003.csv
1076681,3698105,33,24289,48.87,1,1,0.0,0.0,51259,125,-968,-73,979,2026-08-06-00-48-003.csv
1076977,3698401,37,24289,48.93,1,1,0.0,0.0,51259,122,-969,-71,980,2026-08-06-00-48-003.csv
1077273,3698697,35,24289,48.93,1,1,0.0,0.0,51259,122,-969,-70,979,2026-08-06-00-48-003.csv
1077571,3698995,54,24289,48.95,1,1,0.0,0.0,51259,121,-968,-73,979,2026-08-06-00-48-003.csv
1077871,3699295,55,24289,48.95,1,1,0.0,0.0,51259,127,-968,-73,979,2026-08-06-00-48-003.csv
1078168,3699592,48,24289,48.98,1,1,0.0,0.0,51259,120,-968,-67,978,2026-08-06-00-48-003.csv
1078470,3699894,51,24289,49.01,1,1,0.0,0.0,51260,191,-945,-104,970,2026-08-06-00-48-003.csv
1078778,3700202,52,24289,48.98,1,1,0.0,0.0,51260,124,-977,-22,985,2026-08-06-00-48-003.csv
1079137,3700561,65,24289,49.01,1,1,0.0,0.0,51260,119,-969,-71,979,2026-08-06-00-48-003.csv
1079431,3700855,61,24289,49.01,1,1,0.0,0.0,51260,121,-973,-57,982,2026-08-06-00-48-003.csv
1079736,3701160,46,24289,49.01,1,1,0.32,3.3,51261,130,-966,-76,978,2026-08-06-00-48-003.csv
1080029,3701453,47,24289,48.99,1,1,0.32,3.3,51261,132,-968,-55,978,2026-08-06-00-48-003.csv
1080324,3701748,42,24289,48.97,1,1,0.32,3.3,51261,149,-964,-71,977,2026-08-06-00-48-003.csv
1080625,3702049,48,24289,49.06,1,1,0.32,3.3,51261,130,-971,-63,981,2026-08-06-00-48-003.csv
1080917,3702341,54,24289,48.98,1,1,0.32,3.3,51261,124,-969,-79,980,2026-08-06-00-48-003.csv
1081215,3702639,35,24289,49.01,1,1,0.32,3.3,51261,105,-972,-57,979,2026-08-06-00-48-003.csv
1081517,3702941,39,24289,49.01,1,1,0.32,3.3,51261,146,-970,-60,983,2026-08-06-00-48-003.csv
1081818,3703242,32,24289,49.04,1,1,0.0,0.0,51261,140,-967,-92,981,2026-08-06-00-48-003.csv
1082125,3703549,32,24289,49.06,1,1,0.0,0.0,51261,126,-967,-62,977,2026-08-06-00-48-003.csv
1082428,3703852,27,24289,49.03,1,1,0.0,0.0,51262,128,-975,-64,985,2026-08-06-00-48-003.csv
1082745,3704169,30,24289,49.07,1,1,0.0,0.0,51262,118,-970,-70,980,2026-08-06-00-48-003.csv
1083045,3704469,40,24289,49.1,1,1,0.0,0.0,51262,114,-969,-77,979,2026-08-06-00-48-003.csv
1083350,3704774,44,24289,49.07,1,1,0.0,0.0,51262,120,-967,-79,978,2026-08-06-00-48-003.csv
1083656,3705080,40,24289,49.03,1,1,0.0,0.0,51262,133,-967,-81,979,2026-08-06-00-48-003.csv
1084033,3705457,49,24289,49.03,1,1,0.0,0.0,51262,145,-964,-79,979,2026-08-06-00-48-003.csv
1084350,3705774,49,24289,48.99,1,1,0.0,0.0,51262,123,-971,-64,981,2026-08-06-00-48-003.csv
1084652,3706076,39,24289,49.03,1,1,0.0,0.0,51262,128,-970,-74,981,2026-08-06-00-48-003.csv
1084958,3706382,31,24289,48.95,1,1,0.0,0.0,51262,128,-968,-71,979,2026-08-06-00-48-003.csv
1085262,3706686,34,24289,48.93,1,1,0.0,0.0,51262,130,-971,-67,982,2026-08-06-00-48-003.csv
1085560,3706984,26,24289,48.87,1,1,0.0,0.0,51262,134,-969,-81,982,2026-08-06-00-48-003.csv
1085856,3707280,35,24289,48.88,1,1,0.0,0.0,51262,127,-971,-56,981,2026-08-06-00-48-003.csv
1086161,3707585,37,24289,48.85,1,1,0.0,0.0,51262,130,-967,-73,978,2026-08-06-00-48-003.csv
1086466,3707890,22,24289,48.87,1,1,0.0,0.0,51262,126,-966,-65,976,2026-08-06-00-48-003.csv
1086770,3708194,27,24289,48.89,1,1,0.0,0.0,51262,128,-973,-69,984,2026-08-06-00-48-003.csv
1087077,3708501,43,24289,48.83,1,1,0.0,0.0,51262,90,-984,-40,989,2026-08-06-00-48-003.csv
1087378,3708802,43,24289,48.85,1,1,0.0,0.0,51262,159,-959,-97,977,2026-08-06-00-48-003.csv
1087685,3709109,45,24289,48.86,1,1,0.0,0.0,51262,132,-965,-66,976,2026-08-06-00-48-003.csv
1087997,3709421,36,24289,48.83,1,1,0.0,0.0,51262,149,-962,-95,979,2026-08-06-00-48-003.csv
1088308,3709732,41,24289,48.83,1,1,0.0,0.0,51262,102,-972,-65,979,2026-08-06-00-48-003.csv
1088616,3710040,36,24289,48.79,1,1,0.0,0.0,51262,134,-962,-96,976,2026-08-06-00-48-003.csv
1088977,3710401,34,24289,48.75,1,1,0.0,0.0,51262,136,-965,-79,978,2026-08-06-00-48-003.csv
1089286,3710710,26,24289,48.77,1,1,0.0,0.0,51262,126,-972,-53,981,2026-08-06-00-48-003.csv
1089592,3711016,27,24289,48.76,1,1,0.0,0.0,51262,151,-963,-79,978,2026-08-06-00-48-003.csv
1089896,3711320,23,24289,48.73,1,1,0.0,0.0,51262,129,-971,-47,981,2026-08-06-00-48-003.csv
1090204,3711628,21,24289,48.65,1,1,0.0,0.0,51262,127,-964,-78,976,2026-08-06-00-48-003.csv
1090517,3711941,27,24289,48.75,1,1,0.0,0.0,51262,113,-971,-71,980,2026-08-06-00-48-003.csv
1090829,3712253,21,24289,48.66,1,1,0.0,0.0,51262,121,-970,-70,980,2026-08-06-00-48-003.csv
1091139,3712563,40,24289,48.66,1,1,0.0,0.0,51262,135,-969,-74,981,2026-08-06-00-48-003.csv
1091452,3712876,26,24289,48.67,1,1,0.0,0.0,51262,137,-972,-65,984,2026-08-06-00-48-003.csv
1091759,3713183,32,24289,48.73,1,1,0.0,0.0,51262,136,-966,-73,978,2026-08-06-00-48-003.csv
1092074,3713498,41,24289,48.69,1,1,0.0,0.0,51262,130,-970,-71,981,2026-08-06-00-48-003.csv
1092388,3713812,31,24289,48.71,1,1,0.0,0.0,51262,121,-969,-67,979,2026-08-06-00-48-003.csv
1092695,3714119,29,24289,48.69,1,1,0.0,0.0,51262,125,-971,-73,982,2026-08-06-00-48-003.csv
1093003,3714427,31,24289,48.72,1,1,0.0,0.0,51262,131,-973,-65,984,2026-08-06-00-48-003.csv
1093313,3714737,33,24289,48.74,1,1,0.0,0.0,51262,130,-968,-64,979,2026-08-06-00-48-003.csv
1093632,3715056,26,24289,48.72,1,1,0.0,0.0,51262,129,-969,-70,981,2026-08-06-00-48-003.csv
1094014,3715438,27,24289,48.7,1,1,0.0,0.0,51262,130,-970,-70,981,2026-08-06-00-48-003.csv
1094323,3715747,31,24289,48.67,1,1,0.0,0.0,51262,129,-970,-72,981,2026-08-06-00-48-003.csv
1094634,3716058,35,24289,48.72,1,1,0.0,0.0,51262,127,-969,-66,980,2026-08-06-00-48-003.csv
1094947,3716371,30,24289,48.62,1,1,0.0,0.0,51262,131,-971,-70,982,2026-08-06-00-48-003.csv
1095258,3716682,35,24289,48.69,1,1,0.0,0.0,51262,129,-970,-68,981,2026-08-06-00-48-003.csv
1095565,3716989,38,24289,48.63,1,1,0.0,0.0,51262,131,-969,-72,980,2026-08-06-00-48-003.csv
1095881,3717305,29,24289,48.65,1,1,0.0,0.0,51262,128,-970,-64,981,2026-08-06-00-48-003.csv
1096199,3717623,35,24289,48.59,1,1,0.0,0.0,51262,128,-969,-69,980,2026-08-06-00-48-003.csv
1096562,3717986,26,24289,48.58,1,1,0.0,0.0,51262,127,-968,-69,978,2026-08-06-00-48-003.csv
1096850,3718274,19,24289,48.52,1,1,0.0,0.0,51262,136,-968,-72,980,2026-08-06-00-48-003.csv
1097142,3718566,28,24289,48.57,1,1,0.0,0.0,51262,132,-968,-69,980,2026-08-06-00-48-003.csv
1097434,3718858,21,24289,48.52,1,1,0.0,0.0,51262,126,-970,-70,981,2026-08-06-00-48-003.csv
1097734,3719158,17,24289,48.53,1,1,0.0,0.0,51262,127,-968,-71,979,2026-08-06-00-48-003.csv
1098029,3719453,34,24289,48.51,1,1,0.0,0.0,51262,134,-967,-75,979,2026-08-06-00-48-003.csv
1098330,3719754,28,24289,48.54,1,1,0.0,0.0,51262,127,-970,-66,981,2026-08-06-00-48-003.csv
1098625,3720049,29,24289,48.53,1,1,0.0,0.0,51262,131,-969,-71,980,2026-08-06-00-48-003.csv
1098978,3720402,35,24289,48.55,1,1,0.0,0.0,51262,128,-968,-70,979,2026-08-06-00-48-003.csv
1099266,3720690,34,24289,48.51,1,1,0.0,0.0,51262,127,-972,-59,982,2026-08-06-00-48-003.csv
1099558,3720982,39,24289,48.51,1,1,0.0,0.0,51262,131,-967,-76,979,2026-08-06-00-48-003.csv
1099849,3721273,31,24289,48.46,1,1,0.0,0.0,51262,126,-971,-67,982,2026-08-06-00-48-003.csv
1100151,3721575,46,24289,48.47,1,1,0.0,0.0,51262,129,-971,-68,982,2026-08-06-00-48-003.csv
1100443,3721867,28,24289,48.45,1,1,0.0,0.0,51262,131,-968,-71,980,2026-08-06-00-48-003.csv
1100742,3722166,39,24289,48.41,1,1,0.0,0.0,51262,128,-968,-68,979,2026-08-06-00-48-003.csv
1101034,3722458,32,24289,48.41,1,1,0.0,0.0,51262,127,-968,-75,979,2026-08-06-00-48-003.csv
1101329,3722753,24,24289,48.38,1,1,0.0,0.0,51262,125,-969,-54,979,2026-08-06-00-48-003.csv
1101634,3723058,32,24289,48.37,1,1,0.0,0.0,51262,138,-958,-93,973,2026-08-06-00-48-003.csv
1101934,3723358,40,24289,48.37,1,1,0.0,0.0,51262,134,-979,-91,992,2026-08-06-00-48-003.csv
1102236,3723660,25,24289,48.34,1,1,0.0,0.0,51262,112,-978,-20,984,2026-08-06-00-48-003.csv
1102540,3723964,14,24289,48.29,1,1,0.0,0.0,51262,154,-953,-115,972,2026-08-06-00-48-003.csv
1102840,3724264,26,24289,48.31,1,1,0.0,0.0,51262,109,-977,-20,983,2026-08-06-00-48-003.csv
1103137,3724561,35,24289,48.18,1,1,0.0,0.0,51262,147,-959,-107,976,2026-08-06-00-48-003.csv
1103438,3724862,24,24289,48.25,1,1,0.0,0.0,51262,112,-978,-36,986,2026-08-06-00-48-003.csv
1103803,3725227,26,24289,48.26,1,1,0.0,0.0,51262,110,-978,-25,985,2026-08-06-00-48-003.csv
1104109,3725533,41,24289,48.26,1,1,0.0,0.0,51262,132,-970,-79,982,2026-08-06-00-48-003.csv
1104409,3725833,19,24289,48.22,1,1,0.0,0.0,51262,127,-968,-65,979,2026-08-06-00-48-003.csv
1104704,3726128,16,24289,48.24,1,1,0.0,0.0,51262,130,-965,-79,977,2026-08-06-00-48-003.csv
1105004,3726428,21,24289,48.21,1,1,0.0,0.0,51262,133,-968,-79,980,2026-08-06-00-48-003.csv
1105310,3726734,21,24289,48.2,1,1,0.0,0.0,51262,137,-965,-78,978,2026-08-06-00-48-003.csv
1105604,3727028,19,24289,48.22,1,1,0.0,0.0,51262,123,-971,-50,980,2026-08-06-00-48-003.csv
1105901,3727325,16,24289,48.22,1,1,0.0,0.0,51262,139,-965,-81,978,2026-08-06-00-48-003.csv
1106203,3727627,12,24289,48.25,1,1,0.0,0.0,51262,119,-972,-46,980,2026-08-06-00-48-003.csv
1106506,3727930,11,24289,48.25,1,1,0.0,0.0,51262,134,-969,-94,983,2026-08-06-00-48-003.csv
1106808,3728232,14,24289,48.2,1,1,0.0,0.0,51262,124,-968,-59,978,2026-08-06-00-48-003.csv
1107107,3728531,25,24289,48.17,1,1,0.0,0.0,51262,136,-967,-71,979,2026-08-06-00-48-003.csv
1107416,3728840,18,24289,48.18,1,1,0.0,0.0,51262,132,-969,-76,981,2026-08-06-00-48-003.csv
1107716,3729140,14,24289,48.21,1,1,0.0,0.0,51262,122,-970,-60,979,2026-08-06-00-48-003.csv
1108024,3729448,14,24289,48.21,1,1,0.0,0.0,51262,130,-967,-75,978,2026-08-06-00-48-003.csv
1108332,3729756,38,24289,48.16,1,1,0.0,0.0,51262,127,-970,-61,980,2026-08-06-00-48-003.csv
1108699,3730123,37,24289,48.14,1,1,0.0,0.0,51262,131,-967,-70,978,2026-08-06-00-48-003.csv
1108996,3730420,45,24289,48.12,1,1,0.0,0.0,51262,122,-972,-60,981,2026-08-06-00-48-003.csv
1109299,3730723,44,24289,48.12,1,1,0.0,0.0,51262,128,-970,-69,981,2026-08-06-00-48-003.csv
1109607,3731031,39,24289,48.16,1,1,0.0,0.0,51262,127,-970,-68,981,2026-08-06-00-48-003.csv
1109911,3731335,31,24289,48.15,1,1,0.0,0.0,51262,127,-968,-71,978,2026-08-06-00-48-003.csv
1110218,3731642,29,24289,48.18,1,1,0.0,0.0,51262,127,-971,-69,982,2026-08-06-00-48-003.csv
1110530,3731954,32,24289,48.11,1,1,0.0,0.0,51262,130,-969,-66,980,2026-08-06-00-48-003.csv
1110842,3732266,33,24289,48.15,1,1,0.0,0.0,51262,136,-968,-75,980,2026-08-06-00-48-003.csv
1111149,3732573,34,24289,48.08,1,1,0.0,0.0,51262,128,-969,-68,980,2026-08-06-00-48-003.csv
1111456,3732880,36,24289,48.08,1,1,0.0,0.0,51262,128,-970,-72,981,2026-08-06-00-48-003.csv
1111759,3733183,43,24289,48.11,1,1,0.0,0.0,51262,129,-970,-69,981,2026-08-06-00-48-003.csv
1112073,3733497,41,24289,48.06,1,1,0.0,0.0,51262,128,-969,-67,980,2026-08-06-00-48-003.csv
1112382,3733806,37,24289,47.96,1,1,0.0,0.0,51262,131,-969,-73,980,2026-08-06-00-48-003.csv
1112692,3734116,45,24289,48.02,1,1,0.0,0.0,51262,127,-969,-64,979,2026-08-06-00-48-003.csv
1113008,3734432,35,24289,48.04,1,1,0.0,0.0,51262,129,-969,-66,980,2026-08-06-00-48-003.csv
1113320,3734744,42,24289,48.03,1,1,0.0,0.0,51262,129,-969,-70,980,2026-08-06-00-48-003.csv
1113698,3735122,47,24289,48.05,1,1,0.0,0.0,51262,118,-971,-73,981,2026-08-06-00-48-003.csv
1114003,3735427,31,24289,48.06,1,1,0.0,0.0,51262,137,-971,-40,981,2026-08-06-00-48-003.csv
