timestamp_ms,source_timestamp_ms,current_mA,voltage_mV,motor_temperature_C,motor_temperature_valid,wheel_speed_valid,wheel_speed_kph,wheel_rpm,wheel_spoke_count,ax_x100,ay_x100,az_x100,amag_x100,source_file
0,419072,5,24289,23.87,1,1,0.0,0.0,538,122,-971,-46,980,2026-08-06-00-02.csv
288,419360,17,24289,23.89,1,1,0.0,0.0,538,124,-971,-45,980,2026-08-06-00-02.csv
602,419674,3,24289,23.87,1,1,0.0,0.0,538,127,-973,-38,982,2026-08-06-00-02.csv
914,419986,13,24289,23.89,1,1,0.0,0.0,538,128,-972,-50,981,2026-08-06-00-02.csv
1275,420347,15,24289,23.87,1,1,0.0,0.0,538,127,-970,-44,979,2026-08-06-00-02.csv
1582,420654,10,24289,23.88,1,1,0.0,0.0,538,126,-966,-53,976,2026-08-06-00-02.csv
1886,420958,11,24289,23.86,1,1,0.0,0.0,538,130,-975,-55,986,2026-08-06-00-02.csv
2195,421267,17,24289,23.84,1,1,0.0,0.0,538,135,-973,-59,984,2026-08-06-00-02.csv
2540,421612,9,24289,23.86,1,1,0.0,0.0,538,151,-972,-80,986,2026-08-06-00-02.csv
2832,421904,3,24289,23.84,1,1,0.0,0.0,538,133,-967,-62,978,2026-08-06-00-02.csv
3118,422190,4,24289,23.86,1,1,0.0,0.0,538,128,-974,-60,984,2026-08-06-00-02.csv
3408,422480,14,24289,23.84,1,1,0.0,0.0,538,129,-973,-52,983,2026-08-06-00-02.csv
3694,422766,2,24289,23.84,1,1,0.0,0.0,538,130,-971,-46,980,2026-08-06-00-02.csv
3986,423058,3,24289,23.85,1,1,0.0,0.0,538,124,-975,-38,983,2026-08-06-00-02.csv
4261,423333,2,24289,23.86,1,1,0.0,0.0,538,122,-971,-39,979,2026-08-06-00-02.csv
4552,423624,0,24289,23.85,1,1,0.0,0.0,538,128,-973,-56,982,2026-08-06-00-02.csv
4846,423918,-2,24289,23.85,1,1,0.0,0.0,538,135,-964,-45,975,2026-08-06-00-02.csv
5145,424217,-4,24289,23.85,1,1,0.0,0.0,538,116,-980,-55,988,2026-08-06-00-02.csv
5444,424516,4,24289,23.87,1,1,0.0,0.0,538,84,-976,-55,981,2026-08-06-00-02.csv
5737,424809,-12,24289,23.86,1,1,0.0,0.0,539,132,-972,-83,984,2026-08-06-00-02.csv
6089,425161,-14,24289,23.85,1,1,0.0,0.0,539,123,-962,-85,974,2026-08-06-00-02.csv
6359,425431,8,24289,23.87,1,1,0.92,9.6,540,138,-977,-59,989,2026-08-06-00-02.csv
6647,425719,-3,24289,23.88,1,1,0.92,9.6,540,143,-967,-54,979,2026-08-06-00-02.csv
6935,426007,-8,24289,23.87,1,1,0.92,9.6,540,118,-967,-43,975,2026-08-06-00-02.csv
7221,426293,-15,24289,23.86,1,1,0.92,9.6,540,114,-965,-45,973,2026-08-06-00-02.csv
7515,426587,-10,24289,23.87,1,1,0.92,9.6,540,146,-960,-55,973,2026-08-06-00-02.csv
7806,426878,-17,24289,23.86,1,1,0.92,9.6,540,126,-964,-60,974,2026-08-06-00-02.csv
8100,427172,-10,24289,23.85,1,1,0.92,9.6,540,125,-967,-40,975,2026-08-06-00-02.csv
8378,427450,-6,24289,23.87,1,1,0.0,0.0,540,130,-973,-35,982,2026-08-06-00-02.csv
8669,427741,-11,24289,23.85,1,1,0.0,0.0,540,124,-972,-51,982,2026-08-06-00-02.csv
8969,428041,-9,24289,23.87,1,1,0.0,0.0,540,125,-967,-51,976,2026-08-06-00-02.csv
9252,428324,-11,24289,23.89,1,1,0.0,0.0,540,123,-971,-56,981,2026-08-06-00-02.csv
9556,428628,-14,24289,23.87,1,1,0.0,0.0,540,128,-970,-54,980,2026-08-06-00-02.csv
9853,428925,-2,24289,23.87,1,1,0.0,0.0,540,127,-971,-50,981,2026-08-06-00-02.csv
10152,429224,-9,24289,23.87,1,1,0.0,0.0,540,132,-965,-63,976,2026-08-06-00-02.csv
10445,429517,-12,24289,23.87,1,1,0.0,0.0,540,128,-972,-56,982,2026-08-06-00-02.csv
10801,429873,-11,24289,23.86,1,1,0.0,0.0,540,130,-969,-50,979,2026-08-06-00-02.csv
11093,430165,-12,24289,23.88,1,1,0.0,0.0,540,126,-974,-42,983,2026-08-06-00-02.csv
11374,430446,-4,24289,23.86,1,1,0.0,0.0,540,118,-973,-37,981,2026-08-06-00-02.csv
11673,430745,-15,24289,23.85,1,1,0.0,0.0,540,135,-979,-56,990,2026-08-06-00-02.csv
11975,431047,-6,24289,23.87,1,1,0.0,0.0,540,134,-973,-64,984,2026-08-06-00-02.csv
12255,431327,-1,24289,23.87,1,1,0.0,0.0,540,152,-968,-45,981,2026-08-06-00-02.csv
12551,431623,-6,24289,23.86,1,1,0.0,0.0,540,123,-979,-56,988,2026-08-06-00-02.csv
12851,431923,-11,24289,23.87,1,1,0.0,0.0,540,127,-982,-20,990,2026-08-06-00-02.csv
13153,432225,-7,24289,23.86,1,1,0.0,0.0,540,79,-978,-53,983,2026-08-06-00-02.csv
13454,432526,-12,24289,23.87,1,1,0.0,0.0,540,125,-996,-27,1004,2026-08-06-00-02.csv
13752,432824,-15,24289,23.85,1,1,0.0,0.0,540,139,-951,-62,963,2026-08-06-00-02.csv
14053,433125,-11,24289,23.86,1,1,0.0,0.0,540,139,-965,-69,977,2026-08-06-00-02.csv
14321,433393,-3,24289,23.87,1,1,0.0,0.0,540,122,-972,-52,981,2026-08-06-00-02.csv
14619,433691,-14,24289,23.86,1,1,0.0,0.0,540,130,-973,-45,983,2026-08-06-00-02.csv
14924,433996,-12,24289,23.85,1,1,0.0,0.0,540,123,-971,-45,980,2026-08-06-00-02.csv
15230,434302,-7,24289,23.88,1,1,0.0,0.0,540,127,-968,-52,977,2026-08-06-00-02.csv
15595,434667,-14,24289,23.87,1,1,0.0,0.0,540,130,-973,-49,983,2026-08-06-00-02.csv
15895,434967,-15,24289,23.85,1,1,0.0,0.0,540,142,-966,-43,978,2026-08-06-00-02.csv
16195,435267,-9,24289,23.86,1,1,0.0,0.0,540,128,-971,-47,981,2026-08-06-00-02.csv
16496,435568,-13,24289,23.87,1,1,0.0,0.0,540,135,-971,-50,982,2026-08-06-00-02.csv
16796,435868,-19,24289,23.88,1,1,0.0,0.0,540,128,-974,-45,983,2026-08-06-00-02.csv
17093,436165,-9,24289,23.87,1,1,0.0,0.0,540,124,-972,-49,981,2026-08-06-00-02.csv
17377,436449,5,24289,23.87,1,1,0.0,0.0,540,128,-970,-51,980,2026-08-06-00-02.csv
17677,436749,-6,24289,23.86,1,1,0.0,0.0,540,131,-973,-46,983,2026-08-06-00-02.csv
17987,437059,-19,24289,23.86,1,1,0.0,0.0,540,131,-970,-54,980,2026-08-06-00-02.csv
18275,437347,-12,24289,23.88,1,1,0.0,0.0,540,134,-970,-48,980,2026-08-06-00-02.csv
18578,437650,-6,24289,23.84,1,1,0.0,0.0,540,129,-975,-54,985,2026-08-06-00-02.csv
18879,437951,-5,24289,23.89,1,1,0.0,0.0,540,116,-971,-53,980,2026-08-06-00-02.csv
19185,438257,-6,24289,23.87,1,1,0.0,0.0,540,127,-964,-55,974,2026-08-06-00-02.csv
19492,438564,-7,24289,23.87,1,1,0.0,0.0,540,132,-985,-32,994,2026-08-06-00-02.csv
19797,438869,0,24289,23.89,1,1,0.0,0.0,540,126,-969,-28,977,2026-08-06-00-02.csv
20113,439185,-7,24289,23.88,1,1,0.0,0.0,540,125,-975,-32,984,2026-08-06-00-02.csv
20485,439557,-7,24289,23.87,1,1,0.0,0.0,540,131,-968,-50,978,2026-08-06-00-02.csv
20789,439861,-7,24289,23.87,1,1,0.0,0.0,540,131,-975,-42,984,2026-08-06-00-02.csv
21097,440169,-11,24289,23.88,1,1,0.0,0.0,540,128,-971,-53,981,2026-08-06-00-02.csv
21389,440461,-3,24289,23.89,1,1,0.0,0.0,540,122,-971,-54,981,2026-08-06-00-02.csv
21690,440762,-7,24289,23.88,1,1,0.0,0.0,540,129,-971,-47,981,2026-08-06-00-02.csv
21997,441069,-9,24289,23.88,1,1,0.0,0.0,540,128,-972,-50,981,2026-08-06-00-02.csv
22288,441360,-3,24289,23.87,1,1,0.0,0.0,540,139,-967,-42,977,2026-08-06-00-02.csv
22597,441669,-6,24289,23.89,1,1,0.0,0.0,540,115,-979,-49,987,2026-08-06-00-02.csv
22900,441972,2,24289,23.88,1,1,0.0,0.0,540,110,-979,-55,987,2026-08-06-00-02.csv
23210,442282,-7,24289,23.87,1,1,0.0,0.0,540,126,-970,-81,982,2026-08-06-00-02.csv
23520,442592,1,24289,23.85,1,1,0.0,0.0,540,152,-962,-56,976,2026-08-06-00-02.csv
23828,442900,1,24289,23.87,1,1,0.0,0.0,540,118,-980,-20,987,2026-08-06-00-02.csv
24174,443246,5,24289,23.85,1,1,0.0,0.0,540,124,-973,-52,982,2026-08-06-00-02.csv
24471,443543,0,24289,23.84,1,1,0.0,0.0,540,124,-968,-44,977,2026-08-06-00-02.csv
24761,443833,11,24289,23.87,1,1,0.0,0.0,540,113,-961,-80,971,2026-08-06-00-02.csv
25050,444122,2,24289,23.87,1,1,0.0,0.0,540,150,-978,-47,990,2026-08-06-00-02.csv
25381,444453,16,24289,23.87,1,1,0.0,0.0,540,126,-967,-64,977,2026-08-06-00-02.csv
25664,444736,2,24289,23.87,1,1,0.0,0.0,540,129,-970,-60,980,2026-08-06-00-02.csv
25950,445022,6,24289,23.86,1,1,0.0,0.0,540,107,-975,-24,981,2026-08-06-00-02.csv
26237,445309,3,24289,23.87,1,1,0.0,0.0,540,124,-971,-45,980,2026-08-06-00-02.csv
26526,445598,3,24289,23.88,1,1,0.0,0.0,540,129,-967,-56,977,2026-08-06-00-02.csv
26816,445888,7,24289,23.9,1,1,0.0,0.0,540,138,-966,-58,978,2026-08-06-00-02.csv
27108,446180,-10,24289,23.87,1,1,0.0,0.0,540,127,-973,-49,982,2026-08-06-00-02.csv
27394,446466,-2,24289,23.87,1,1,0.0,0.0,540,129,-970,-48,979,2026-08-06-00-02.csv
27685,446757,-9,24289,23.89,1,1,0.0,0.0,540,125,-972,-51,982,2026-08-06-00-02.csv
27981,447053,-7,24289,23.88,1,1,0.0,0.0,540,132,-970,-50,981,2026-08-06-00-02.csv
28259,447331,-9,24289,23.89,1,1,0.0,0.0,540,126,-971,-53,980,2026-08-06-00-02.csv
28554,447626,-21,24289,23.89,1,1,0.0,0.0,540,129,-970,-52,980,2026-08-06-00-02.csv
28849,447921,-10,24289,23.9,1,1,0.0,0.0,540,129,-972,-50,982,2026-08-06-00-02.csv
29144,448216,-11,24289,23.9,1,1,0.0,0.0,540,128,-971,-47,980,2026-08-06-00-02.csv
29436,448508,-16,24289,23.92,1,1,0.0,0.0,540,129,-971,-50,981,2026-08-06-00-02.csv
29733,448805,-13,24289,23.92,1,1,0.0,0.0,540,128,-970,-50,980,2026-08-06-00-02.csv
30090,449162,-29,24289,23.9,1,1,0.0,0.0,540,130,-971,-50,981,2026-08-06-00-02.csv
30372,449444,-5,24289,23.9,1,1,0.0,0.0,540,129,-971,-48,981,2026-08-06-00-02.csv
30670,449742,-29,24289,23.93,1,1,0.0,0.0,540,127,-971,-51,981,2026-08-06-00-02.csv
30962,450034,-10,24289,23.93,1,1,0.0,0.0,540,129,-972,-50,982,2026-08-06-00-02.csv
31248,450320,-15,24289,23.94,1,1,0.0,0.0,540,128,-971,-47,981,2026-08-06-00-02.csv
31546,450618,-17,24289,23.91,1,1,0.0,0.0,540,128,-972,-50,982,2026-08-06-00-02.csv
31839,450911,-24,24289,23.93,1,1,0.0,0.0,540,125,-971,-51,980,2026-08-06-00-02.csv
32135,451207,-15,24289,23.93,1,1,0.0,0.0,540,130,-970,-48,980,2026-08-06-00-02.csv
32432,451504,-11,24289,23.94,1,1,0.0,0.0,540,128,-971,-50,980,2026-08-06-00-02.csv
32732,451804,-4,24289,23.94,1,1,0.0,0.0,540,126,-970,-50,979,2026-08-06-00-02.csv
33033,452105,-5,24289,23.93,1,1,0.0,0.0,540,126,-972,-48,981,2026-08-06-00-02.csv
33292,452364,4,24289,23.96,1,1,0.0,0.0,540,128,-969,-51,979,2026-08-06-00-02.csv
33587,452659,-23,24289,23.96,1,1,0.0,0.0,540,96,-970,-70,977,2026-08-06-00-02.csv
33887,452959,5,24289,23.95,1,1,0.0,0.0,540,127,-969,-44,978,2026-08-06-00-02.csv
34182,453254,-7,24289,23.95,1,1,0.0,0.0,540,144,-968,-30,979,2026-08-06-00-02.csv
34480,453552,-5,24289,23.96,1,1,0.0,0.0,540,130,-970,-41,979,2026-08-06-00-02.csv
34847,453919,-14,24289,23.96,1,1,0.0,0.0,540,122,-972,-42,980,2026-08-06-00-02.csv
35143,454215,-14,24289,23.96,1,1,0.0,0.0,540,133,-969,-49,979,2026-08-06-00-02.csv
35437,454509,-13,24289,23.98,1,1,0.0,0.0,540,127,-973,-46,982,2026-08-06-00-02.csv
35734,454806,-15,24289,23.97,1,1,0.0,0.0,540,130,-969,-54,980,2026-08-06-00-02.csv
36035,455107,-10,24289,23.98,1,1,0.0,0.0,540,131,-971,-47,981,2026-08-06-00-02.csv
36293,455365,0,24289,24.0,1,1,0.0,0.0,540,126,-972,-47,981,2026-08-06-00-02.csv
36590,455662,-2,24289,23.99,1,1,0.0,0.0,540,127,-971,-48,980,2026-08-06-00-02.csv
36894,455966,-10,24289,23.99,1,1,0.0,0.0,540,135,-970,-48,981,2026-08-06-00-02.csv
37201,456273,-13,24289,24.0,1,1,0.0,0.0,540,124,-969,-52,978,2026-08-06-00-02.csv
37500,456572,-11,24289,23.99,1,1,0.0,0.0,540,122,-975,-43,984,2026-08-06-00-02.csv
37805,456877,-13,24289,24.01,1,1,0.0,0.0,540,126,-974,-36,983,2026-08-06-00-02.csv
38111,457183,-16,24289,23.98,1,1,0.0,0.0,540,132,-972,-54,982,2026-08-06-00-02.csv
38411,457483,-4,24289,23.99,1,1,0.0,0.0,540,129,-971,-47,981,2026-08-06-00-02.csv
38717,457789,-15,24289,23.99,1,1,0.0,0.0,540,127,-973,-46,983,2026-08-06-00-02.csv
39024,458096,-6,24289,24.0,1,1,0.0,0.0,540,133,-974,-48,984,2026-08-06-00-02.csv
39297,458369,0,24289,24.01,1,1,0.0,0.0,540,130,-970,-50,980,2026-08-06-00-02.csv
39674,458746,-19,24289,23.99,1,1,0.0,0.0,540,132,-973,-52,984,2026-08-06-00-02.csv
39979,459051,-1,24289,24.01,1,1,0.0,0.0,540,123,-973,-27,981,2026-08-06-00-02.csv
40266,459338,-2,24289,24.01,1,1,0.0,0.0,540,125,-970,-43,979,2026-08-06-00-02.csv
40566,459638,-9,24289,24.02,1,1,0.0,0.0,540,131,-972,-47,982,2026-08-06-00-02.csv
40870,459942,-19,24289,24.02,1,1,0.0,0.0,540,121,-967,-65,977,2026-08-06-00-02.csv
41186,460258,-9,24289,24.01,1,1,0.0,0.0,540,130,-972,-49,981,2026-08-06-00-02.csv
41489,460561,-13,24289,24.01,1,1,0.0,0.0,540,133,-971,-49,982,2026-08-06-00-02.csv
41795,460867,-9,24289,24.01,1,1,0.0,0.0,540,128,-970,-50,979,2026-08-06-00-02.csv
42102,461174,-7,24289,24.01,1,1,0.0,0.0,540,141,-975,-35,986,2026-08-06-00-02.csv
42400,461472,6,24289,24.01,1,1,0.0,0.0,540,117,-967,-43,975,2026-08-06-00-02.csv
42702,461774,-3,24289,24.02,1,1,0.0,0.0,540,131,-975,-46,985,2026-08-06-00-02.csv
43007,462079,-6,24289,24.02,1,1,0.0,0.0,540,135,-973,-44,983,2026-08-06-00-02.csv
43293,462365,-7,24289,24.03,1,1,0.0,0.0,540,128,-973,-51,983,2026-08-06-00-02.csv
43612,462684,-13,24289,24.03,1,1,0.0,0.0,540,130,-971,-51,981,2026-08-06-00-02.csv
43923,462995,-23,24289,24.02,1,1,0.0,0.0,540,120,-974,-37,982,2026-08-06-00-02.csv
44229,463301,-17,24289,24.01,1,1,0.0,0.0,540,125,-972,-49,981,2026-08-06-00-02.csv
44596,463668,-11,24289,24.02,1,1,0.0,0.0,540,127,-971,-43,981,2026-08-06-00-02.csv
44897,463969,-16,24289,24.03,1,1,0.0,0.0,540,130,-972,-48,981,2026-08-06-00-02.csv
45201,464273,-13,24289,24.02,1,1,0.0,0.0,540,124,-969,-51,978,2026-08-06-00-02.csv
45555,464627,-12,24289,24.02,1,1,0.0,0.0,540,130,-972,-45,982,2026-08-06-00-02.csv
45848,464920,-24,24289,24.01,1,1,0.0,0.0,540,130,-970,-49,980,2026-08-06-00-02.csv
46135,465207,-7,24289,24.03,1,1,0.0,0.0,540,123,-973,-50,982,2026-08-06-00-02.csv
46424,465496,-19,24289,24.02,1,1,0.0,0.0,540,125,-969,-62,979,2026-08-06-00-02.csv
46709,465781,-19,24289,24.03,1,1,0.0,0.0,540,129,-971,-47,981,2026-08-06-00-02.csv
46999,466071,-6,24289,24.03,1,1,0.0,0.0,540,125,-972,-44,981,2026-08-06-00-02.csv
47271,466343,-16,24289,24.05,1,1,0.0,0.0,540,128,-969,-50,978,2026-08-06-00-02.csv
47567,466639,-15,24289,24.03,1,1,0.0,0.0,540,129,-972,-39,982,2026-08-06-00-02.csv
47854,466926,-12,24289,24.03,1,1,0.0,0.0,540,128,-970,-54,980,2026-08-06-00-02.csv
48141,467213,-12,24289,24.03,1,1,0.0,0.0,540,136,-970,-46,980,2026-08-06-00-02.csv
48427,467499,-7,24289,24.02,1,1,0.0,0.0,540,122,-972,-42,980,2026-08-06-00-02.csv
48721,467793,39,24289,24.05,1,1,0.0,0.0,540,123,-971,-49,980,2026-08-06-00-02.csv
49016,468088,1439,24289,24.0,1,1,0.0,0.0,540,117,-974,-54,983,2026-08-06-00-02.csv
49345,468417,4988,24289,24.04,1,1,0.0,0.0,540,109,-972,-55,979,2026-08-06-00-02.csv
49636,468708,8779,24289,24.05,1,1,0.0,0.0,540,94,-975,-54,981,2026-08-06-00-02.csv
49929,469001,13987,24289,24.05,1,1,0.0,0.0,540,85,-979,-61,984,2026-08-06-00-02.csv
50221,469293,20068,24289,24.01,1,1,0.0,0.0,541,55,-975,-84,980,2026-08-06-00-02.csv
50507,469579,19055,24289,24.05,1,1,1.25,13.0,542,119,-989,-60,998,2026-08-06-00-02.csv
50798,469870,114,24289,24.04,1,1,2.09,21.8,543,122,-971,-27,979,2026-08-06-00-02.csv
51092,470164,-18,24289,24.03,1,1,2.09,21.8,544,122,-967,-90,978,2026-08-06-00-02.csv
51366,470438,280,24289,24.02,1,1,2.13,22.3,546,130,-979,-38,988,2026-08-06-00-02.csv
51661,470733,-22,24289,24.05,1,1,1.99,20.8,547,118,-984,-63,993,2026-08-06-00-02.csv
51950,471022,257,24289,24.03,1,1,2.44,25.5,548,114,-972,-44,979,2026-08-06-00-02.csv
52235,471307,2154,24289,24.03,1,1,2.33,24.3,550,120,-956,-56,965,2026-08-06-00-02.csv
52529,471601,5252,24289,24.05,1,1,2.53,26.5,551,115,-971,-68,981,2026-08-06-00-02.csv
52828,471900,9407,24289,24.04,1,1,2.57,26.9,553,101,-957,-94,967,2026-08-06-00-02.csv
53123,472195,14795,24289,24.02,1,1,3.23,33.8,555,84,-981,-83,988,2026-08-06-00-02.csv
53417,472489,20308,24289,24.05,1,1,3.85,40.2,557,87,-964,-78,971,2026-08-06-00-02.csv
53722,472794,24372,24289,24.03,1,1,4.16,43.5,560,53,-973,11,974,2026-08-06-00-02.csv
54084,473156,16487,24289,24.06,1,1,4.94,51.5,564,96,-944,-36,950,2026-08-06-00-02.csv
54357,473429,15883,24289,24.05,1,1,5.34,55.8,567,109,-963,-87,973,2026-08-06-00-02.csv
54647,473719,13876,24289,24.05,1,1,6.2,64.7,571,147,-924,-176,952,2026-08-06-00-02.csv
54944,474016,13029,24289,24.05,1,1,4.8,50.2,574,49,-925,-31,927,2026-08-06-00-02.csv
55231,474303,12301,24289,24.04,1,1,6.79,70.9,578,142,-866,-140,888,2026-08-06-00-02.csv
55532,474604,16954,24289,24.05,1,1,7.28,76.0,583,78,-1009,-35,1013,2026-08-06-00-02.csv
55831,474903,23043,24289,24.02,1,1,7.63,79.7,587,76,-1029,-94,1036,2026-08-06-00-02.csv
56133,475205,23263,24289,24.05,1,1,8.18,85.5,593,115,-945,-82,956,2026-08-06-00-02.csv
56427,475499,19855,24289,24.06,1,1,8.71,90.9,598,70,-1010,-83,1016,2026-08-06-00-02.csv
56727,475799,19349,24289,24.04,1,1,9.18,95.8,604,76,-994,-56,998,2026-08-06-00-02.csv
57032,476104,19361,24289,24.07,1,1,8.01,83.6,609,131,-1036,-131,1052,2026-08-06-00-02.csv
57295,476367,17744,24289,24.1,1,1,8.34,87.1,614,137,-1003,-168,1026,2026-08-06-00-02.csv
57594,476666,15568,24289,24.11,1,1,8.61,89.9,619,113,-1022,-81,1032,2026-08-06-00-02.csv
57907,476979,13166,24289,24.08,1,1,9.21,96.2,625,123,-951,-118,967,2026-08-06-00-02.csv
58205,477277,16690,24289,24.07,1,1,9.51,99.3,631,61,-827,35,830,2026-08-06-00-02.csv
58509,477581,19188,24289,24.09,1,1,9.77,102.0,637,86,-1103,-118,1113,2026-08-06-00-02.csv
58873,477945,24305,24289,24.05,1,1,9.26,96.7,644,147,-894,-54,908,2026-08-06-00-02.csv
59172,478244,24520,24289,24.09,1,1,10.85,113.3,651,32,-800,-54,803,2026-08-06-00-02.csv
59480,478552,24520,24289,24.08,1,1,11.28,117.8,658,147,-913,-195,945,2026-08-06-00-02.csv
59781,478853,24520,24289,24.07,1,1,11.68,122.0,665,73,-997,-55,1001,2026-08-06-00-02.csv
60084,479156,24520,24289,24.11,1,1,12.24,127.8,673,0,-917,136,927,2026-08-06-00-02.csv
60374,479446,24520,24289,24.13,1,1,12.85,134.2,681,85,-946,13,950,2026-08-06-00-02.csv
60675,479747,24520,24289,24.11,1,1,13.16,137.5,689,109,-1060,-156,1077,2026-08-06-00-02.csv
60976,480048,24520,24289,24.14,1,1,13.72,143.3,698,132,-1093,-95,1105,2026-08-06-00-02.csv
61270,480342,24520,24289,24.2,1,1,12.77,133.3,706,66,-854,-58,858,2026-08-06-00-02.csv
61576,480648,24520,24289,24.15,1,1,13.07,136.5,714,88,-1338,-272,1369,2026-08-06-00-02.csv
61880,480952,24520,24289,24.17,1,1,15.3,159.7,724,145,-753,-79,771,2026-08-06-00-02.csv
62188,481260,24520,24289,24.18,1,1,15.7,163.9,734,96,-939,34,944,2026-08-06-00-02.csv
62504,481576,24520,24289,24.19,1,1,14.82,154.8,744,184,-1181,-216,1215,2026-08-06-00-02.csv
62807,481879,24520,24289,24.19,1,1,16.62,173.6,754,163,-945,-361,1024,2026-08-06-00-02.csv
63115,482187,24520,24289,24.24,1,1,16.99,177.4,765,104,-895,-15,901,2026-08-06-00-02.csv
63419,482491,24520,24289,24.23,1,1,17.15,179.2,776,248,-814,-319,909,2026-08-06-00-02.csv
63789,482861,24520,24289,24.27,1,1,16.38,171.1,789,109,-1025,-85,1034,2026-08-06-00-02.csv
64094,483166,24520,24289,24.28,1,1,16.01,167.2,799,110,-1011,-88,1020,2026-08-06-00-02.csv
64394,483466,24520,24289,24.3,1,1,17.67,184.6,810,85,-1095,-114,1104,2026-08-06-00-02.csv
64700,483772,22497,24289,24.32,1,1,16.67,174.1,821,67,-1051,-99,1058,2026-08-06-00-02.csv
65005,484077,24178,24289,24.32,1,1,16.34,170.6,831,164,-964,-190,996,2026-08-06-00-02.csv
65282,484354,24505,24289,24.4,1,1,16.72,174.6,842,33,-1152,-56,1154,2026-08-06-00-02.csv
65597,484669,24520,24289,24.35,1,1,16.57,173.0,852,175,-907,-104,930,2026-08-06-00-02.csv
65909,484981,24520,24289,24.36,1,1,17.04,178.0,863,12,-1038,-22,1039,2026-08-06-00-02.csv
66217,485289,24476,24289,24.39,1,1,18.65,194.8,875,101,-1149,-129,1161,2026-08-06-00-02.csv
66536,485608,24448,24289,24.42,1,1,17.68,184.6,887,63,-1078,-50,1081,2026-08-06-00-02.csv
66841,485913,17453,24289,24.42,1,1,19.34,202.0,899,56,-948,161,964,2026-08-06-00-02.csv
67193,486265,22143,24289,24.46,1,1,15.92,166.2,911,93,-1116,-7,1120,2026-08-06-00-02.csv
67482,486554,24184,24289,24.52,1,1,18.29,191.0,922,196,-1064,-319,1128,2026-08-06-00-02.csv
67773,486845,24018,24289,24.52,1,1,18.61,194.3,933,110,-825,-40,834,2026-08-06-00-02.csv
68065,487137,24196,24289,24.58,1,1,19.09,199.3,945,124,-998,-226,1031,2026-08-06-00-02.csv
68332,487404,8115,24289,24.57,1,1,19.08,199.3,956,236,-822,-80,859,2026-08-06-00-02.csv
68689,487761,-505,24289,24.58,1,1,17.05,178.0,968,102,-733,-12,741,2026-08-06-00-02.csv
68975,488047,-478,24289,24.61,1,1,19.48,203.4,980,65,-849,8,852,2026-08-06-00-02.csv
69245,488317,-481,24289,24.65,1,1,20.82,217.4,992,140,-1128,-75,1139,2026-08-06-00-02.csv
69535,488607,-445,24289,24.65,1,1,19.01,198.6,1003,-37,-1357,64,1359,2026-08-06-00-02.csv
69833,488905,-117,24289,24.71,1,1,19.15,200.0,1015,229,-824,-301,906,2026-08-06-00-02.csv
70119,489191,-140,24289,24.77,1,1,20.52,214.3,1027,106,-1197,-155,1212,2026-08-06-00-02.csv
70403,489475,-30,24289,24.76,1,1,18.41,192.3,1038,210,-942,-199,986,2026-08-06-00-02.csv
70697,489769,202,24289,24.74,1,1,20.02,209.1,1050,233,-882,-251,946,2026-08-06-00-02.csv
70987,490059,393,24289,24.8,1,1,19.68,205.5,1062,61,-1154,149,1165,2026-08-06-00-02.csv
71260,490332,400,24289,24.86,1,1,17.5,182.7,1073,-5,-1294,-6,1294,2026-08-06-00-02.csv
71549,490621,-251,24289,24.87,1,1,16.51,172.4,1082,14,-885,139,895,2026-08-06-00-02.csv
71844,490916,57,24289,24.88,1,1,16.34,170.6,1092,71,-917,87,924,2026-08-06-00-02.csv
72142,491214,193,24289,24.91,1,1,15.85,165.6,1102,136,-857,-112,875,2026-08-06-00-02.csv
72435,491507,331,24289,24.97,1,1,16.8,175.4,1112,111,-867,89,878,2026-08-06-00-02.csv
72737,491809,1473,24289,24.96,1,1,16.67,174.1,1123,246,-1060,-434,1171,2026-08-06-00-02.csv
73027,492099,2996,24289,24.98,1,1,16.01,167.2,1133,312,-795,-304,907,2026-08-06-00-02.csv
73365,492437,6516,24289,25.03,1,1,13.06,136.4,1142,169,-902,-154,930,2026-08-06-00-02.csv
73653,492725,11374,24289,25.08,1,1,15.5,161.9,1151,211,-991,-396,1088,2026-08-06-00-02.csv
73944,493016,18268,24289,25.1,1,1,15.6,162.9,1161,15,-1112,-2,1112,2026-08-06-00-02.csv
74238,493310,20921,24289,25.13,1,1,13.63,142.3,1169,197,-838,-222,889,2026-08-06-00-02.csv
74534,493606,24283,24289,25.19,1,1,15.8,165.0,1179,105,-1007,11,1012,2026-08-06-00-02.csv
74830,493902,24520,24289,25.21,1,1,15.85,165.6,1189,53,-1205,-290,1240,2026-08-06-00-02.csv
75122,494194,24520,24289,25.23,1,1,15.96,166.7,1198,210,-922,-323,999,2026-08-06-00-02.csv
75413,494485,24520,24289,25.29,1,1,16.23,169.5,1208,93,-957,-117,969,2026-08-06-00-02.csv
75710,494782,24520,24289,25.29,1,1,15.1,157.7,1218,-2,-999,116,1006,2026-08-06-00-02.csv
76010,495082,24520,24289,25.32,1,1,16.74,174.8,1228,112,-1137,-302,1181,2026-08-06-00-02.csv
76282,495354,24520,24289,25.39,1,1,15.44,161.3,1238,-107,-1255,119,1265,2026-08-06-00-02.csv
76575,495647,24520,24289,25.41,1,1,16.96,177.2,1247,35,-1008,-2,1008,2026-08-06-00-02.csv
76882,495954,24520,24289,25.45,1,1,17.44,182.1,1258,106,-1048,-116,1060,2026-08-06-00-02.csv
77179,496251,24520,24289,25.43,1,1,17.61,183.9,1269,31,-1181,-203,1199,2026-08-06-00-02.csv
77474,496546,24520,24289,25.46,1,1,17.85,186.4,1280,141,-810,-174,841,2026-08-06-00-02.csv
77771,496843,24520,24289,25.53,1,1,17.85,186.4,1291,141,-1008,-294,1059,2026-08-06-00-02.csv
78141,497213,24520,24289,25.54,1,1,14.43,150.7,1302,-11,-980,-67,982,2026-08-06-00-02.csv
78439,497511,24520,24289,25.59,1,1,16.77,175.2,1313,199,-976,-99,1001,2026-08-06-00-02.csv
78734,497806,24520,24289,25.6,1,1,18.35,191.6,1324,96,-945,-146,961,2026-08-06-00-02.csv
79038,498110,24520,24289,25.64,1,1,17.1,178.6,1335,119,-1047,-74,1057,2026-08-06-00-02.csv
79302,498374,24477,24289,25.66,1,1,17.21,179.7,1346,91,-1005,-63,1011,2026-08-06-00-02.csv
79603,498675,24520,24289,25.69,1,1,16.83,175.8,1355,43,-1335,-157,1344,2026-08-06-00-02.csv
79902,498974,24476,24289,25.73,1,1,17.56,183.3,1366,226,-769,-139,813,2026-08-06-00-02.csv
80200,499272,24407,24289,25.74,1,1,17.67,184.6,1377,105,-1090,-49,1096,2026-08-06-00-02.csv
80501,499573,24423,24289,25.78,1,1,17.85,186.4,1388,94,-1059,-78,1066,2026-08-06-00-02.csv
80806,499878,24363,24289,25.82,1,1,18.12,189.3,1400,176,-816,-28,835,2026-08-06-00-02.csv
81114,500186,24259,24289,25.84,1,1,18.3,191.1,1412,129,-989,-251,1028,2026-08-06-00-02.csv
81416,500488,24268,24289,25.88,1,1,18.04,188.4,1423,-56,-1090,64,1093,2026-08-06-00-02.csv
81715,500787,24129,24289,25.92,1,1,19.81,206.9,1435,95,-717,-64,726,2026-08-06-00-02.csv
82017,501089,24161,24289,25.98,1,1,18.41,192.3,1447,2,-1208,-133,1215,2026-08-06-00-02.csv
82283,501355,24370,24289,26.0,1,1,20.21,211.0,1460,235,-663,-161,722,2026-08-06-00-02.csv
82586,501658,24266,24289,26.01,1,1,19.72,206.0,1471,22,-1012,23,1012,2026-08-06-00-02.csv
82951,502023,24142,24289,26.1,1,1,16.23,169.5,1483,163,-561,10,584,2026-08-06-00-02.csv
83253,502325,24248,24289,26.12,1,1,20.31,212.1,1497,10,-1233,-58,1234,2026-08-06-00-02.csv
83554,502626,23986,24289,26.14,1,1,20.16,210.5,1509,254,-615,-121,677,2026-08-06-00-02.csv
83859,502931,23999,24289,26.11,1,1,18.78,196.1,1521,144,-1303,-205,1327,2026-08-06-00-02.csv
84163,503235,23945,24289,26.2,1,1,18.9,197.4,1533,202,-970,-24,991,2026-08-06-00-02.csv
84470,503542,23844,24289,26.25,1,1,18.84,196.7,1545,127,-963,-84,975,2026-08-06-00-02.csv
84780,503852,24075,24289,26.27,1,1,18.9,197.4,1557,121,-1037,-62,1046,2026-08-06-00-02.csv
85082,504154,23838,24289,26.33,1,1,20.61,215.2,1570,33,-1180,-83,1183,2026-08-06-00-02.csv
85378,504450,24081,24289,26.39,1,1,19.09,199.3,1582,84,-929,43,934,2026-08-06-00-02.csv
85684,504756,23475,24289,26.38,1,1,19.15,200.0,1594,106,-1107,-152,1123,2026-08-06-00-02.csv
85992,505064,23431,24289,26.41,1,1,19.22,200.7,1606,184,-778,-78,803,2026-08-06-00-02.csv
86273,505345,23782,24289,26.5,1,1,19.63,205.0,1619,233,-753,-166,805,2026-08-06-00-02.csv
86583,505655,23386,24289,26.52,1,1,19.61,204.8,1631,261,-843,-286,927,2026-08-06-00-02.csv
86890,505962,23040,24289,26.53,1,1,19.81,206.9,1643,44,-1114,-71,1117,2026-08-06-00-02.csv
87204,506276,5270,24289,26.59,1,1,20.37,212.8,1657,115,-995,-214,1024,2026-08-06-00-02.csv
87518,506590,-657,24289,26.63,1,1,19.95,208.3,1670,153,-853,0,867,2026-08-06-00-02.csv
87894,506966,-607,24289,26.66,1,1,17.69,184.7,1684,45,-1110,-339,1161,2026-08-06-00-02.csv
88202,507274,-564,24289,26.72,1,1,19.41,202.7,1696,142,-854,-73,869,2026-08-06-00-02.csv
88515,507587,-538,24289,26.75,1,1,19.7,205.7,1709,51,-834,-158,850,2026-08-06-00-02.csv
88857,507929,-504,24289,26.81,1,1,18.31,191.2,1722,74,-1132,-20,1135,2026-08-06-00-02.csv
89141,508213,-462,24289,26.83,1,1,19.22,200.7,1734,199,-969,-270,1025,2026-08-06-00-02.csv
89434,508506,-249,24289,26.88,1,1,18.94,197.8,1745,152,-683,-27,700,2026-08-06-00-02.csv
89731,508803,-114,24289,26.92,1,1,18.84,196.7,1757,279,-997,-127,1043,2026-08-06-00-02.csv
90018,509090,190,24289,26.97,1,1,20.09,209.8,1769,166,-1223,-148,1243,2026-08-06-00-02.csv
90288,509360,1019,24289,26.99,1,1,18.22,190.3,1780,139,-1106,-226,1137,2026-08-06-00-02.csv
90575,509647,2719,24289,27.01,1,1,19.58,204.5,1791,29,-870,-385,952,2026-08-06-00-02.csv
90869,509941,5245,24289,27.04,1,1,17.79,185.8,1802,298,-316,-246,499,2026-08-06-00-02.csv
91162,510234,9487,24289,27.09,1,1,17.67,184.6,1813,195,-946,-141,976,2026-08-06-00-02.csv
91456,510528,14555,24289,27.16,1,1,17.22,179.9,1823,127,-1054,-106,1067,2026-08-06-00-02.csv
91757,510829,19711,24289,27.21,1,1,17.61,183.9,1834,68,-1142,-208,1163,2026-08-06-00-02.csv
92051,511123,23681,24289,27.22,1,1,17.61,183.9,1845,90,-953,-108,963,2026-08-06-00-02.csv
92313,511385,24475,24289,27.27,1,1,17.67,184.6,1856,24,-1284,-142,1292,2026-08-06-00-02.csv
92666,511738,24337,24289,27.34,1,1,15.15,158.2,1866,49,-1141,-85,1145,2026-08-06-00-02.csv
92956,512028,24325,24289,27.32,1,1,18.16,189.7,1877,56,-947,59,951,2026-08-06-00-02.csv
93243,512315,24076,24289,27.36,1,1,18.41,192.3,1888,150,-789,35,804,2026-08-06-00-02.csv
93532,512604,23950,24289,27.36,1,1,20.3,212.0,1900,16,-1140,-36,1141,2026-08-06-00-02.csv
93831,512903,23838,24289,27.45,1,1,19.02,198.7,1912,69,-955,-24,957,2026-08-06-00-02.csv
94128,513200,23723,24289,27.49,1,1,19.34,202.0,1924,219,-882,-116,916,2026-08-06-00-02.csv
94418,513490,23159,24289,27.53,1,1,19.88,207.6,1936,269,-806,-319,907,2026-08-06-00-02.csv
94715,513787,13970,24289,27.53,1,1,20.27,211.7,1949,31,-1152,-201,1170,2026-08-06-00-02.csv
95015,514087,18824,24289,27.56,1,1,18.96,198.0,1961,80,-857,19,861,2026-08-06-00-02.csv
95276,514348,20790,24289,27.59,1,1,20.52,214.3,1973,186,-944,64,964,2026-08-06-00-02.csv
95574,514646,-511,24289,27.65,1,1,20.74,216.6,1985,193,-1161,-225,1199,2026-08-06-00-02.csv
95879,514951,-500,24289,27.71,1,1,20.82,217.4,1998,334,-711,-162,802,2026-08-06-00-02.csv
96174,515246,-481,24289,27.73,1,1,20.41,213.1,2011,193,-949,-111,974,2026-08-06-00-02.csv
96471,515543,-474,24289,27.76,1,1,20.16,210.5,2023,165,-924,-208,962,2026-08-06-00-02.csv
96768,515840,-441,24289,27.79,1,1,19.95,208.3,2036,91,-972,1,977,2026-08-06-00-02.csv
97068,516140,-409,24289,27.82,1,1,19.41,202.7,2048,119,-1007,-121,1021,2026-08-06-00-02.csv
97429,516501,-385,24289,27.88,1,1,17.19,179.6,2061,150,-949,19,961,2026-08-06-00-02.csv
97725,516797,-369,24289,27.93,1,1,18.81,196.4,2072,208,-713,-38,744,2026-08-06-00-02.csv
98028,517100,-347,24289,27.96,1,1,19.33,201.9,2085,328,-874,-308,983,2026-08-06-00-02.csv
98293,517365,-324,24289,28.01,1,1,19.09,199.3,2097,445,-429,-245,665,2026-08-06-00-02.csv
98587,517659,-316,24289,28.02,1,1,19.78,206.6,2107,177,-1117,-67,1133,2026-08-06-00-02.csv
98885,517957,-310,24289,28.08,1,1,18.71,195.4,2119,146,-1185,-206,1212,2026-08-06-00-02.csv
99180,518252,-271,24289,28.11,1,1,18.22,190.3,2130,134,-886,-99,902,2026-08-06-00-02.csv
99485,518557,-296,24289,28.14,1,1,18.3,191.1,2142,114,-919,-223,952,2026-08-06-00-02.csv
99784,518856,-291,24289,28.17,1,1,17.91,187.1,2153,126,-839,-45,849,2026-08-06-00-02.csv
100090,519162,-272,24289,28.19,1,1,17.67,184.6,2164,224,-799,-52,831,2026-08-06-00-02.csv
100375,519447,-132,24289,28.22,1,1,17.32,180.9,2175,59,-970,32,972,2026-08-06-00-02.csv
100678,519750,-2,24289,28.3,1,1,18.54,193.7,2186,144,-936,52,948,2026-08-06-00-02.csv
100987,520059,225,24289,28.29,1,1,17.04,178.0,2197,129,-995,113,1010,2026-08-06-00-02.csv
101268,520340,406,24289,28.34,1,1,16.77,175.2,2208,47,-806,84,812,2026-08-06-00-02.csv
101574,520646,1588,24289,28.39,1,1,15.96,166.7,2217,-49,-1116,94,1121,2026-08-06-00-02.csv
101885,520957,7103,24289,28.4,1,1,16.36,170.8,2228,-3,-1139,115,1145,2026-08-06-00-02.csv
102253,521325,13499,24289,28.46,1,1,14.16,147.8,2239,115,-1010,-122,1024,2026-08-06-00-02.csv
102556,521628,19382,24289,28.49,1,1,16.12,168.4,2249,73,-1036,5,1038,2026-08-06-00-02.csv
102853,521925,23543,24289,28.5,1,1,17.85,186.4,2260,68,-934,-66,939,2026-08-06-00-02.csv
103156,522228,24520,24289,28.56,1,1,18.18,189.9,2272,37,-1171,-21,1172,2026-08-06-00-02.csv
103459,522531,24520,24289,28.6,1,1,16.68,174.2,2282,139,-962,-89,976,2026-08-06-00-02.csv
103762,522834,24520,24289,28.58,1,1,17.15,179.2,2293,132,-840,-137,861,2026-08-06-00-02.csv
104064,523136,24520,24289,28.63,1,1,17.32,180.9,2304,108,-1002,-265,1042,2026-08-06-00-02.csv
104354,523426,24520,24289,28.69,1,1,17.44,182.1,2315,72,-957,55,961,2026-08-06-00-02.csv
104659,523731,24377,24289,28.72,1,1,19.22,200.7,2327,126,-893,-12,902,2026-08-06-00-02.csv
104967,524039,24410,24289,28.74,1,1,17.79,185.8,2338,104,-805,-14,811,2026-08-06-00-02.csv
105259,524331,24435,24289,28.8,1,1,19.63,205.0,2351,-23,-683,252,728,2026-08-06-00-02.csv
105564,524636,24261,24289,28.78,1,1,19.74,206.2,2363,87,-950,-28,955,2026-08-06-00-02.csv
105878,524950,24336,24289,28.81,1,1,18.41,192.3,2375,153,-853,-246,901,2026-08-06-00-02.csv
106187,525259,24120,24289,28.86,1,1,18.53,193.6,2387,71,-1054,-109,1062,2026-08-06-00-02.csv
106506,525578,24136,24289,28.89,1,1,18.71,195.4,2399,78,-1046,-207,1069,2026-08-06-00-02.csv
106811,525883,23951,24289,28.93,1,1,18.9,197.4,2411,-82,-884,186,907,2026-08-06-00-02.csv
107185,526257,23439,24289,28.95,1,1,17.28,180.4,2425,96,-796,69,805,2026-08-06-00-02.csv
107492,526564,23518,24289,28.97,1,1,19.22,200.7,2437,377,-813,-472,1013,2026-08-06-00-02.csv
107796,526868,23549,24289,29.04,1,1,19.7,205.7,2450,132,-1010,-55,1020,2026-08-06-00-02.csv
108100,527172,23534,24289,29.07,1,1,19.48,203.4,2462,223,-902,-369,1000,2026-08-06-00-02.csv
108401,527473,23273,24289,29.08,1,1,19.95,208.3,2475,34,-1129,-158,1140,2026-08-06-00-02.csv
108717,527789,23162,24289,29.09,1,1,20.01,209.0,2488,44,-975,-172,991,2026-08-06-00-02.csv
109032,528104,22791,24289,29.13,1,1,20.27,211.7,2501,111,-1010,-255,1047,2026-08-06-00-02.csv
109308,528380,22307,24289,29.15,1,1,20.88,218.1,2515,14,-912,11,912,2026-08-06-00-02.csv
109618,528690,22399,24289,29.22,1,1,20.74,216.6,2527,181,-1081,-167,1109,2026-08-06-00-02.csv
109931,529003,21608,24289,29.22,1,1,21.55,225.1,2541,97,-846,-16,852,2026-08-06-00-02.csv
110243,529315,21243,24289,29.23,1,1,21.76,227.3,2555,107,-904,-136,920,2026-08-06-00-02.csv
110593,529665,21262,24289,29.26,1,1,19.6,204.7,2569,74,-886,107,895,2026-08-06-00-02.csv
110887,529959,20873,24289,29.33,1,1,22.34,233.3,2583,124,-1073,-95,1084,2026-08-06-00-02.csv
111182,530254,3908,24289,29.34,1,1,21.03,219.6,2596,61,-1013,90,1018,2026-08-06-00-02.csv
111471,530543,-664,24289,29.38,1,1,22.8,238.1,2610,127,-1004,-192,1031,2026-08-06-00-02.csv
111766,530838,-639,24289,29.37,1,1,22.72,237.3,2624,97,-566,27,575,2026-08-06-00-02.csv
112116,531188,-613,24289,29.39,1,1,20.52,214.3,2639,175,-1133,-163,1158,2026-08-06-00-02.csv
112399,531471,-571,24289,29.47,1,1,22.39,233.8,2652,270,-799,-238,877,2026-08-06-00-02.csv
112686,531758,-558,24289,29.5,1,1,22.47,234.7,2665,273,-797,-259,882,2026-08-06-00-02.csv
112981,532053,-521,24289,29.52,1,1,22.42,234.1,2679,145,-987,-42,999,2026-08-06-00-02.csv
113257,532329,-491,24289,29.58,1,1,22.27,232.6,2693,103,-884,64,893,2026-08-06-00-02.csv
113549,532621,-477,24289,29.59,1,1,21.6,225.6,2705,287,-1026,-275,1100,2026-08-06-00-02.csv
113834,532906,-462,24289,29.61,1,1,21.76,227.3,2718,262,-815,-204,880,2026-08-06-00-02.csv
114130,533202,-442,24289,29.63,1,1,21.9,228.8,2732,259,-800,-159,856,2026-08-06-00-02.csv
114422,533494,-389,24289,29.64,1,1,21.69,226.5,2745,156,-940,-177,969,2026-08-06-00-02.csv
114713,533785,-387,24289,29.7,1,1,21.54,224.9,2758,167,-1031,-55,1046,2026-08-06-00-02.csv
115015,534087,-378,24289,29.75,1,1,21.83,228.0,2772,417,-720,-174,850,2026-08-06-00-02.csv
115282,534354,-336,24289,29.75,1,1,21.54,224.9,2785,83,-1017,-21,1021,2026-08-06-00-02.csv
115573,534645,-356,24289,29.8,1,1,21.36,223.0,2797,311,-681,-189,772,2026-08-06-00-02.csv
115868,534940,-330,24289,29.79,1,1,21.54,224.9,2810,81,-1309,-128,1318,2026-08-06-00-02.csv
116167,535239,-312,24289,29.86,1,1,21.69,226.5,2824,367,-289,-259,534,2026-08-06-00-02.csv
116459,535531,-314,24289,29.84,1,1,21.46,224.1,2837,140,-1232,-32,1241,2026-08-06-00-02.csv
116820,535892,-275,24289,29.89,1,1,19.26,201.1,2851,130,-1138,-3,1145,2026-08-06-00-02.csv
117116,536188,-297,24289,29.93,1,1,21.76,227.3,2865,279,-863,-259,943,2026-08-06-00-02.csv
117402,536474,-295,24289,29.94,1,1,21.61,225.7,2878,77,-1003,-177,1022,2026-08-06-00-02.csv
117699,536771,-287,24289,29.99,1,1,21.61,225.7,2891,161,-1049,-51,1062,2026-08-06-00-02.csv
117991,537063,-290,24289,30.0,1,1,21.61,225.7,2904,166,-1003,-106,1022,2026-08-06-00-02.csv
118274,537346,-282,24289,30.03,1,1,21.76,227.3,2918,23,-1003,-53,1004,2026-08-06-00-02.csv
118572,537644,-279,24289,30.06,1,1,21.61,225.7,2931,185,-1065,-351,1136,2026-08-06-00-02.csv
118870,537942,-268,24289,30.07,1,1,21.54,224.9,2944,162,-1116,-57,1129,2026-08-06-00-02.csv
119174,538246,-267,24289,30.08,1,1,21.83,228.0,2958,197,-895,-70,919,2026-08-06-00-02.csv
119471,538543,-253,24289,30.12,1,1,21.69,226.5,2971,163,-1087,-231,1123,2026-08-06-00-02.csv
119773,538845,-240,24289,30.17,1,1,21.9,228.8,2985,8,-1042,120,1049,2026-08-06-00-02.csv
120072,539144,-236,24289,30.18,1,1,21.9,228.8,2999,128,-1023,-122,1038,2026-08-06-00-02.csv
120354,539426,-227,24289,30.2,1,1,22.05,230.3,3013,40,-1121,-8,1122,2026-08-06-00-02.csv
120649,539721,-227,24289,30.24,1,1,21.52,224.7,3025,255,-996,-60,1030,2026-08-06-00-02.csv
120948,540020,-232,24289,30.24,1,1,21.98,229.5,3039,82,-776,-105,787,2026-08-06-00-02.csv
121244,540316,-261,24289,30.26,1,1,21.98,229.5,3053,21,-1135,-64,1137,2026-08-06-00-02.csv
121601,540673,-254,24289,30.27,1,1,19.49,203.5,3067,400,-490,-327,713,2026-08-06-00-02.csv
121896,540968,-246,24289,30.28,1,1,21.98,229.5,3081,118,-803,-61,814,2026-08-06-00-02.csv
122193,541265,-247,24289,30.34,1,1,21.61,225.7,3094,292,-936,-185,998,2026-08-06-00-02.csv
122494,541566,-249,24289,30.32,1,1,21.76,227.3,3108,225,-998,-191,1041,2026-08-06-00-02.csv
122793,541865,-242,24289,30.34,1,1,21.69,226.5,3121,240,-731,-233,804,2026-08-06-00-02.csv
123093,542165,-238,24289,30.37,1,1,21.9,228.8,3135,181,-957,-168,989,2026-08-06-00-02.csv
123397,542469,-231,24289,30.38,1,1,21.69,226.5,3149,93,-910,-150,927,2026-08-06-00-02.csv
123705,542777,-233,24289,30.39,1,1,21.55,225.1,3163,191,-1050,-170,1081,2026-08-06-00-02.csv
124011,543083,-233,24289,30.42,1,1,21.46,224.1,3176,110,-950,74,959,2026-08-06-00-02.csv
124295,543367,-218,24289,30.45,1,1,21.62,225.8,3190,291,-721,86,782,2026-08-06-00-02.csv
124601,543673,-243,24289,30.45,1,1,21.32,222.6,3203,163,-826,-78,846,2026-08-06-00-02.csv
124908,543980,-261,24289,30.47,1,1,21.24,221.8,3216,453,-913,-400,1095,2026-08-06-00-02.csv
125210,544282,-230,24289,30.47,1,1,21.42,223.6,3230,157,-1109,-201,1138,2026-08-06-00-02.csv
125521,544593,-224,24289,30.5,1,1,21.35,222.9,3244,181,-981,43,998,2026-08-06-00-02.csv
125825,544897,-224,24289,30.52,1,1,21.03,219.6,3257,73,-1107,-85,1113,2026-08-06-00-02.csv
126131,545203,-213,24289,30.54,1,1,20.82,217.4,3270,178,-1121,-92,1139,2026-08-06-00-02.csv
126500,545572,-219,24289,30.56,1,1,18.61,194.3,3285,260,-755,-208,825,2026-08-06-00-02.csv
126798,545870,-226,24289,30.58,1,1,21.69,226.5,3298,127,-1155,-24,1162,2026-08-06-00-02.csv
127099,546171,-225,24289,30.6,1,1,20.01,209.0,3311,132,-980,-44,989,2026-08-06-00-02.csv
127401,546473,-207,24289,30.6,1,1,19.68,205.5,3323,245,-837,-88,877,2026-08-06-00-02.csv
127711,546783,-219,24289,30.63,1,1,19.57,204.4,3336,-50,-1194,209,1213,2026-08-06-00-02.csv
128018,547090,-205,24289,30.65,1,1,19.09,199.3,3348,69,-955,71,960,2026-08-06-00-02.csv
128303,547375,-216,24289,30.69,1,1,19.09,199.3,3360,186,-1239,-290,1286,2026-08-06-00-02.csv
128608,547680,-221,24289,30.68,1,1,18.81,196.4,3371,56,-891,232,923,2026-08-06-00-02.csv
128918,547990,-210,24289,30.73,1,1,19.21,200.6,3384,118,-1160,-210,1184,2026-08-06-00-02.csv
129227,548299,-210,24289,30.75,1,1,19.02,198.7,3396,28,-768,-39,770,2026-08-06-00-02.csv
129533,548605,-186,24289,30.73,1,1,19.22,200.7,3408,105,-949,-22,955,2026-08-06-00-02.csv
129853,548925,-194,24289,30.77,1,1,19.83,207.1,3422,167,-1225,-371,1290,2026-08-06-00-02.csv
130165,549237,-187,24289,30.82,1,1,19.34,202.0,3434,270,-837,-218,906,2026-08-06-00-02.csv
130473,549545,-192,24289,30.81,1,1,19.76,206.3,3447,112,-931,202,959,2026-08-06-00-02.csv
130785,549857,-200,24289,30.82,1,1,19.7,205.7,3460,63,-1223,-115,1230,2026-08-06-00-02.csv
131093,550165,-181,24289,30.86,1,1,19.48,203.4,3472,293,-704,-83,767,2026-08-06-00-02.csv
131467,550539,-192,24289,30.86,1,1,17.69,184.7,3486,89,-1117,-7,1121,2026-08-06-00-02.csv
131775,550847,-191,24289,30.88,1,1,19.76,206.3,3499,327,-743,-310,869,2026-08-06-00-02.csv
132124,551196,-193,24289,30.89,1,1,18.83,196.6,3513,23,-1059,-127,1067,2026-08-06-00-02.csv
132398,551470,-184,24289,30.9,1,1,21.12,220.6,3525,158,-1017,-356,1089,2026-08-06-00-02.csv
132691,551763,-186,24289,30.93,1,1,19.74,206.2,3537,144,-1053,-16,1063,2026-08-06-00-02.csv
132980,552052,-185,24289,30.92,1,1,19.43,203.0,3548,185,-819,-126,849,2026-08-06-00-02.csv
133264,552336,-180,24289,30.99,1,1,19.81,206.9,3560,89,-875,83,884,2026-08-06-00-02.csv
133551,552623,-172,24289,30.93,1,1,19.68,205.5,3572,75,-1068,-171,1084,2026-08-06-00-02.csv
133847,552919,-183,24289,30.97,1,1,19.74,206.2,3584,22,-830,172,848,2026-08-06-00-02.csv
134142,553214,-181,24289,30.99,1,1,19.74,206.2,3596,60,-1133,-19,1135,2026-08-06-00-02.csv
134434,553506,-182,24289,31.01,1,1,19.95,208.3,3609,174,-737,-111,766,2026-08-06-00-02.csv
134727,553799,-186,24289,31.0,1,1,19.68,205.5,3621,106,-990,69,998,2026-08-06-00-02.csv
135020,554092,-177,24289,31.04,1,1,19.68,205.5,3633,81,-918,180,939,2026-08-06-00-02.csv
135298,554370,-169,24289,31.07,1,1,19.61,204.8,3645,154,-1018,-103,1035,2026-08-06-00-02.csv
135592,554664,-186,24289,31.05,1,1,19.29,201.5,3656,259,-655,-92,711,2026-08-06-00-02.csv
135890,554962,-175,24289,31.04,1,1,19.61,204.8,3668,160,-900,-129,923,2026-08-06-00-02.csv
136257,555329,-188,24289,31.11,1,1,17.64,184.2,3682,-39,-1236,-46,1238,2026-08-06-00-02.csv
136552,555624,-171,24289,31.1,1,1,19.48,203.4,3694,101,-682,34,691,2026-08-06-00-02.csv
136844,555916,-182,24289,31.1,1,1,19.08,199.3,3705,140,-1096,-57,1106,2026-08-06-00-02.csv
137133,556205,-174,24289,31.12,1,1,19.28,201.3,3717,207,-980,-147,1012,2026-08-06-00-02.csv
137423,556495,-173,24289,31.12,1,1,19.01,198.6,3728,124,-1151,-82,1161,2026-08-06-00-02.csv
137724,556796,-166,24289,31.14,1,1,19.39,202.5,3741,243,-961,-195,1011,2026-08-06-00-02.csv
138019,557091,-170,24289,31.15,1,1,18.88,197.1,3752,13,-1149,36,1150,2026-08-06-00-02.csv
138304,557376,-159,24289,31.16,1,1,19.22,200.7,3764,91,-638,246,690,2026-08-06-00-02.csv
138601,557673,-172,24289,31.14,1,1,18.88,197.1,3775,66,-1122,31,1124,2026-08-06-00-02.csv
138898,557970,-175,24289,31.18,1,1,19.09,199.3,3787,221,-1017,-71,1044,2026-08-06-00-02.csv
139191,558263,-172,24289,31.17,1,1,19.95,208.3,3799,-14,-961,129,970,2026-08-06-00-02.csv
139485,558557,-176,24289,31.18,1,1,19.54,204.1,3811,142,-875,-74,889,2026-08-06-00-02.csv
139785,558857,-172,24289,31.19,1,1,17.56,183.3,3822,117,-1147,-35,1154,2026-08-06-00-02.csv
140091,559163,-167,24289,31.2,1,1,17.27,180.3,3833,203,-967,-114,994,2026-08-06-00-02.csv
140380,559452,-140,24289,31.22,1,1,18.47,192.9,3845,269,-987,-289,1063,2026-08-06-00-02.csv
140679,559751,-149,24289,31.22,1,1,16.01,167.2,3855,351,-770,-157,860,2026-08-06-00-02.csv
141041,560113,-147,24289,31.23,1,1,14.71,153.6,3866,160,-1085,-38,1098,2026-08-06-00-02.csv
141307,560379,-136,24289,31.22,1,1,15.61,163.0,3875,523,-635,-150,836,2026-08-06-00-02.csv
141603,560675,-148,24289,31.24,1,1,15.17,158.5,3884,172,-1054,-99,1073,2026-08-06-00-02.csv
141901,560973,-144,24289,31.24,1,1,14.17,148.0,3893,448,-675,-29,810,2026-08-06-00-02.csv
142205,561277,-157,24289,31.26,1,1,10.26,107.1,3899,272,-1132,-130,1171,2026-08-06-00-02.csv
142507,561579,-142,24289,31.26,1,1,10.78,112.5,3906,281,-910,-92,957,2026-08-06-00-02.csv
142809,561881,-127,24289,31.26,1,1,9.36,97.7,3912,284,-915,-27,959,2026-08-06-00-02.csv
143104,562176,-131,24289,31.26,1,1,7.34,76.6,3916,247,-946,-58,980,2026-08-06-00-02.csv
143396,562468,-135,24289,31.28,1,1,6.36,66.4,3920,264,-964,54,1001,2026-08-06-00-02.csv
143698,562770,-140,24289,31.26,1,1,6.41,66.9,3924,225,-938,-41,966,2026-08-06-00-02.csv
144001,563073,-144,24289,31.28,1,1,4.95,51.7,3927,221,-943,-69,971,2026-08-06-00-02.csv
144279,563351,-118,24289,31.3,1,1,4.11,42.9,3929,214,-958,-36,982,2026-08-06-00-02.csv
144584,563656,-132,24289,31.3,1,1,3.49,36.5,3931,161,-963,-63,979,2026-08-06-00-02.csv
144883,563955,-122,24289,31.32,1,1,2.69,28.1,3933,166,-966,-61,982,2026-08-06-00-02.csv
145186,564258,-124,24289,31.33,1,1,2.83,29.6,3935,147,-994,-79,1008,2026-08-06-00-02.csv
145492,564564,-126,24289,31.31,1,1,2.47,25.8,3936,118,-983,-33,990,2026-08-06-00-02.csv
145856,564928,-125,24289,31.34,1,1,2.5,26.1,3938,130,-972,-45,982,2026-08-06-00-02.csv
146155,565227,-115,24289,31.37,1,1,2.49,26.0,3940,82,-977,-48,982,2026-08-06-00-02.csv
146459,565531,-114,24289,31.37,1,1,2.6,27.2,3941,166,-954,-115,975,2026-08-06-00-02.csv
146767,565839,-110,24289,31.39,1,1,2.86,29.9,3943,95,-995,-111,1005,2026-08-06-00-02.csv
147069,566141,-108,24289,31.39,1,1,2.62,27.4,3945,193,-954,-34,974,2026-08-06-00-02.csv
147342,566414,-92,24289,31.4,1,1,2.87,29.9,3947,34,-987,-108,993,2026-08-06-00-02.csv
147642,566714,-109,24289,31.41,1,1,2.46,25.6,3948,126,-946,-102,959,2026-08-06-00-02.csv
147948,567020,-103,24289,31.43,1,1,2.69,28.1,3950,216,-971,-127,1003,2026-08-06-00-02.csv
148247,567319,-108,24289,31.44,1,1,2.49,26.0,3951,89,-969,-47,974,2026-08-06-00-02.csv
148548,567620,-101,24289,31.46,1,1,2.31,24.1,3953,126,-951,-65,962,2026-08-06-00-02.csv
148855,567927,-97,24289,31.47,1,1,2.38,24.9,3954,186,-978,-179,1012,2026-08-06-00-02.csv
149166,568238,-98,24289,31.49,1,1,2.34,24.5,3956,68,-1021,32,1024,2026-08-06-00-02.csv
149474,568546,-93,24289,31.49,1,1,2.36,24.6,3957,193,-979,-167,1011,2026-08-06-00-02.csv
149781,568853,-87,24289,31.53,1,1,2.37,24.8,3959,72,-1016,-33,1019,2026-08-06-00-02.csv
150088,569160,-100,24289,31.53,1,1,2.41,25.1,3960,76,-1017,-15,1020,2026-08-06-00-02.csv
150387,569459,-76,24289,31.53,1,1,2.29,23.9,3962,226,-1004,105,1035,2026-08-06-00-02.csv
150761,569833,-80,24289,31.58,1,1,2.29,23.9,3962,200,-937,-185,976,2026-08-06-00-02.csv
151068,570140,-85,24289,31.55,1,1,2.29,23.9,3962,126,-968,-23,976,2026-08-06-00-02.csv
151351,570423,-64,24289,31.57,1,1,2.29,23.9,3962,157,-962,-78,978,2026-08-06-00-02.csv
151659,570731,-76,24289,31.59,1,1,2.29,23.9,3962,83,-996,29,1000,2026-08-06-00-02.csv
151973,571045,-73,24289,31.61,1,1,2.29,23.9,3962,103,-984,-56,991,2026-08-06-00-02.csv
152271,571343,-73,24289,31.61,1,1,2.29,23.9,3962,142,-965,-20,975,2026-08-06-00-02.csv
152573,571645,-77,24289,31.62,1,1,0.0,0.0,3962,129,-956,-101,970,2026-08-06-00-02.csv
152882,571954,-70,24289,31.61,1,1,0.0,0.0,3962,144,-967,-50,979,2026-08-06-00-02.csv
153194,572266,-69,24289,31.64,1,1,0.0,0.0,3962,119,-979,-24,987,2026-08-06-00-02.csv
153503,572575,-72,24289,31.61,1,1,0.0,0.0,3962,104,-952,-64,960,2026-08-06-00-02.csv
153856,572928,-70,24289,31.66,1,1,0.0,0.0,3962,110,-965,-46,972,2026-08-06-00-02.csv
154145,573217,-66,24289,31.67,1,1,0.0,0.0,3962,134,-966,-80,978,2026-08-06-00-02.csv
154437,573509,-67,24289,31.65,1,1,0.0,0.0,3962,148,-969,-44,981,2026-08-06-00-02.csv
154732,573804,-67,24289,31.66,1,1,0.0,0.0,3962,122,-974,-40,982,2026-08-06-00-02.csv
155025,574097,-65,24289,31.67,1,1,0.0,0.0,3962,131,-966,-71,978,2026-08-06-00-02.csv
155293,574365,-51,24289,31.7,1,1,0.0,0.0,3962,119,-975,-34,983,2026-08-06-00-02.csv
155643,574715,-69,24289,31.7,1,1,0.0,0.0,3962,118,-972,-44,980,2026-08-06-00-02.csv
155939,575011,-71,24289,31.7,1,1,0.0,0.0,3962,126,-969,-59,979,2026-08-06-00-02.csv
156225,575297,-67,24289,31.7,1,1,0.0,0.0,3962,128,-974,-63,984,2026-08-06-00-02.csv
156510,575582,-39,24289,31.7,1,1,0.0,0.0,3962,127,-972,-52,982,2026-08-06-00-02.csv
156801,575873,-48,24289,31.72,1,1,0.0,0.0,3962,132,-972,-50,982,2026-08-06-00-02.csv
157089,576161,-37,24289,31.68,1,1,0.0,0.0,3962,160,-931,-93,949,2026-08-06-00-02.csv
157364,576436,-21,24289,31.69,1,1,0.0,0.0,3962,167,-1083,-57,1098,2026-08-06-00-02.csv
157663,576735,-33,24289,31.7,1,1,0.0,0.0,3962,199,-906,-39,928,2026-08-06-00-02.csv
157956,577028,-34,24289,31.7,1,1,0.0,0.0,3962,212,-1015,-82,1041,2026-08-06-00-02.csv
158247,577319,-43,24289,31.69,1,1,0.0,0.0,3962,222,-900,-60,929,2026-08-06-00-02.csv
158540,577612,-41,24289,31.64,1,1,0.0,0.0,3962,171,-952,-29,968,2026-08-06-00-02.csv
158842,577914,-49,24289,31.64,1,1,0.0,0.0,3962,214,-923,-3,948,2026-08-06-00-02.csv
159132,578204,-49,24289,31.61,1,1,0.0,0.0,3962,220,-976,-13,1000,2026-08-06-00-02.csv
159428,578500,-45,24289,31.62,1,1,0.0,0.0,3962,246,-932,-10,964,2026-08-06-00-02.csv
159722,578794,-51,24289,31.62,1,1,0.0,0.0,3962,246,-1053,-21,1082,2026-08-06-00-02.csv
160023,579095,-54,24289,31.61,1,1,0.0,0.0,3962,217,-872,103,904,2026-08-06-00-02.csv
160357,579429,-38,24289,31.58,1,1,0.0,0.0,3962,237,-894,-11,925,2026-08-06-00-02.csv
160645,579717,-51,24289,31.62,1,1,0.0,0.0,3962,199,-1068,-13,1086,2026-08-06-00-02.csv
160938,580010,-55,24289,31.6,1,1,0.0,0.0,3962,229,-831,-10,862,2026-08-06-00-02.csv
161235,580307,-59,24289,31.59,1,1,0.0,0.0,3962,161,-1005,12,1018,2026-08-06-00-02.csv
161532,580604,-54,24289,31.58,1,1,0.0,0.0,3962,228,-901,77,932,2026-08-06-00-02.csv
161835,580907,-59,24289,31.56,1,1,0.0,0.0,3962,183,-829,-28,849,2026-08-06-00-02.csv
162133,581205,-57,24289,31.55,1,1,0.0,0.0,3962,176,-1054,-81,1071,2026-08-06-00-02.csv
162423,581495,-53,24289,31.55,1,1,0.0,0.0,3962,235,-835,-38,868,2026-08-06-00-02.csv
162726,581798,-74,24289,31.53,1,1,0.0,0.0,3963,256,-1047,-139,1087,2026-08-06-00-02.csv
163019,582091,-71,24289,31.53,1,1,0.0,0.0,3963,337,-911,-118,978,2026-08-06-00-02.csv
163311,582383,-58,24289,31.54,1,1,0.0,0.0,3963,229,-940,-44,969,2026-08-06-00-02.csv
163615,582687,-71,24289,31.51,1,1,0.0,0.0,3963,247,-882,-12,916,2026-08-06-00-02.csv
163921,582993,-65,24289,31.51,1,1,0.0,0.0,3963,246,-951,-23,983,2026-08-06-00-02.csv
164224,583296,-73,24289,31.48,1,1,0.0,0.0,3963,249,-934,-69,969,2026-08-06-00-02.csv
164523,583595,-64,24289,31.49,1,1,0.0,0.0,3963,208,-987,11,1008,2026-08-06-00-02.csv
164821,583893,-68,24289,31.49,1,1,0.0,0.0,3963,235,-935,-47,965,2026-08-06-00-02.csv
165196,584268,-65,24289,31.46,1,1,0.0,0.0,3963,192,-924,14,944,2026-08-06-00-02.csv
165497,584569,-50,24289,31.46,1,1,0.0,0.0,3963,202,-941,29,963,2026-08-06-00-02.csv
165801,584873,-50,24289,31.47,1,1,0.0,0.0,3963,236,-862,-12,894,2026-08-06-00-02.csv
166110,585182,-47,24289,31.43,1,1,0.0,0.0,3963,203,-1026,-29,1047,2026-08-06-00-02.csv
166404,585476,-30,24289,31.42,1,1,0.0,0.0,3963,185,-951,-59,971,2026-08-06-00-02.csv
166707,585779,-56,24289,31.41,1,1,0.0,0.0,3963,154,-950,-3,962,2026-08-06-00-02.csv
167005,586077,-50,24289,31.39,1,1,0.0,0.0,3963,144,-978,-48,990,2026-08-06-00-02.csv
167304,586376,-53,24289,31.37,1,1,0.0,0.0,3963,126,-954,-58,964,2026-08-06-00-02.csv
167607,586679,-51,24289,31.35,1,1,0.0,0.0,3963,123,-913,-81,924,2026-08-06-00-02.csv
167916,586988,-53,24289,31.32,1,1,0.0,0.0,3963,133,-1037,-52,1046,2026-08-06-00-02.csv
168222,587294,-50,24289,31.33,1,1,0.0,0.0,3963,197,-1026,-162,1057,2026-08-06-00-02.csv
168532,587604,-52,24289,31.28,1,1,0.0,0.0,3963,95,-980,10,985,2026-08-06-00-02.csv
168836,587908,-51,24289,31.29,1,1,0.0,0.0,3963,134,-921,-106,937,2026-08-06-00-02.csv
169146,588218,-49,24289,31.25,1,1,0.0,0.0,3963,207,-973,-242,1023,2026-08-06-00-02.csv
169448,588520,-59,24289,31.25,1,1,0.0,0.0,3963,121,-985,13,992,2026-08-06-00-02.csv
169752,588824,-62,24289,31.22,1,1,0.0,0.0,3964,117,-975,-25,982,2026-08-06-00-02.csv
170119,589191,-57,24289,31.19,1,1,0.0,0.0,3964,132,-972,-58,983,2026-08-06-00-02.csv
170412,589484,-57,24289,31.21,1,1,0.0,0.0,3964,132,-971,-57,982,2026-08-06-00-02.csv
170721,589793,-67,24289,31.18,1,1,0.0,0.0,3964,136,-970,-58,982,2026-08-06-00-02.csv
171023,590095,-60,24289,31.17,1,1,0.0,0.0,3964,129,-970,-62,981,2026-08-06-00-02.csv
171315,590387,-57,24289,31.18,1,1,0.0,0.0,3964,129,-970,-60,980,2026-08-06-00-02.csv
171618,590690,-55,24289,31.16,1,1,0.0,0.0,3964,130,-970,-62,981,2026-08-06-00-02.csv
171921,590993,-61,24289,31.14,1,1,0.0,0.0,3964,130,-971,-61,981,2026-08-06-00-02.csv
172230,591302,-54,24289,31.13,1,1,0.0,0.0,3964,135,-969,-63,980,2026-08-06-00-02.csv
172539,591611,-62,24289,31.13,1,1,0.0,0.0,3964,131,-971,-59,981,2026-08-06-00-02.csv
172852,591924,-61,24289,31.15,1,1,0.0,0.0,3964,132,-969,-63,980,2026-08-06-00-02.csv
173161,592233,-62,24289,31.11,1,1,0.0,0.0,3964,132,-970,-61,981,2026-08-06-00-02.csv
173471,592543,-54,24289,31.17,1,1,0.0,0.0,3964,135,-970,-55,981,2026-08-06-00-02.csv
173778,592850,-55,24289,31.15,1,1,0.0,0.0,3964,133,-970,-59,981,2026-08-06-00-02.csv
174088,593160,-59,24289,31.17,1,1,0.0,0.0,3964,137,-968,-62,980,2026-08-06-00-02.csv
174404,593476,-46,24289,31.17,1,1,0.0,0.0,3964,127,-970,-52,980,2026-08-06-00-02.csv
174721,593793,-53,24289,31.18,1,1,0.0,0.0,3964,139,-964,-62,976,2026-08-06-00-02.csv
175098,594170,-35,24289,31.18,1,1,0.0,0.0,3964,135,-973,-60,984,2026-08-06-00-02.csv
175403,594475,-38,24289,31.17,1,1,0.0,0.0,3964,132,-969,-59,980,2026-08-06-00-02.csv
175749,594821,-41,24289,31.19,1,1,0.0,0.0,3965,131,-966,-53,977,2026-08-06-00-02.csv
176039,595111,-34,24289,31.17,1,1,0.0,0.0,3965,130,-972,-59,983,2026-08-06-00-02.csv
176326,595398,-41,24289,31.18,1,1,0.63,6.6,3966,133,-969,-60,980,2026-08-06-00-02.csv
176620,595692,-50,24289,31.14,1,1,0.63,6.6,3966,141,-968,-63,980,2026-08-06-00-02.csv
176909,595981,-63,24289,31.14,1,1,1.46,15.2,3967,129,-970,-57,980,2026-08-06-00-02.csv
177197,596269,-49,24289,31.14,1,1,1.07,11.2,3968,131,-969,-76,980,2026-08-06-00-02.csv
177488,596560,-56,24289,31.13,1,1,1.07,11.2,3968,135,-1004,-52,1015,2026-08-06-00-02.csv
181967,601039,-26,24289,31.15,1,1,0.0,0.0,3969,121,-973,-50,982,2026-08-06-00-05.csv
189018,608090,-21,24289,31.16,1,1,0.0,0.0,3969,126,-969,-67,979,2026-08-06-00-05-001.csv
189304,608376,-20,24289,31.14,1,1,0.0,0.0,3969,129,-970,-64,981,2026-08-06-00-05-001.csv
189596,608668,-39,24289,31.14,1,1,0.0,0.0,3969,131,-968,-69,979,2026-08-06-00-05-001.csv
189884,608956,-38,24289,31.13,1,1,0.0,0.0,3969,127,-974,-59,984,2026-08-06-00-05-001.csv
190175,609247,-46,24289,31.1,1,1,0.0,0.0,3969,137,-970,-54,981,2026-08-06-00-05-001.csv
190462,609534,-32,24289,31.1,1,1,0.0,0.0,3969,135,-969,-59,980,2026-08-06-00-05-001.csv
190819,609891,-30,24289,31.08,1,1,0.0,0.0,3969,125,-971,-59,980,2026-08-06-00-05-001.csv
191112,610184,-22,24289,31.09,1,1,0.0,0.0,3969,128,-970,-62,980,2026-08-06-00-05-001.csv
191395,610467,-21,24289,31.09,1,1,0.0,0.0,3969,129,-969,-64,979,2026-08-06-00-05-001.csv
191685,610757,-25,24289,31.12,1,1,0.0,0.0,3969,124,-969,-63,979,2026-08-06-00-05-001.csv
191983,611055,-26,24289,31.09,1,1,0.0,0.0,3969,132,-967,-56,978,2026-08-06-00-05-001.csv
192273,611345,-27,24289,31.11,1,1,0.0,0.0,3969,131,-967,-57,977,2026-08-06-00-05-001.csv
192562,611634,-36,24289,31.06,1,1,0.0,0.0,3969,146,-967,-59,980,2026-08-06-00-05-001.csv
192862,611934,-38,24289,31.04,1,1,0.0,0.0,3969,138,-969,-52,980,2026-08-06-00-05-001.csv
193157,612229,-39,24289,31.03,1,1,0.0,0.0,3970,126,-968,-66,978,2026-08-06-00-05-001.csv
193451,612523,-31,24289,31.07,1,1,0.0,0.0,3970,125,-971,-57,980,2026-08-06-00-05-001.csv
193745,612817,-25,24289,31.07,1,1,0.0,0.0,3970,128,-971,-61,981,2026-08-06-00-05-001.csv
194038,613110,-32,24289,31.07,1,1,0.0,0.0,3970,125,-971,-65,981,2026-08-06-00-05-001.csv
194328,613400,-25,24289,31.05,1,1,0.0,0.0,3970,127,-967,-64,978,2026-08-06-00-05-001.csv
194620,613692,-28,24289,31.07,1,1,0.0,0.0,3970,129,-968,-66,979,2026-08-06-00-05-001.csv
194924,613996,-33,24289,31.07,1,1,0.0,0.0,3970,132,-973,-63,984,2026-08-06-00-05-001.csv
195223,614295,-34,24289,31.07,1,1,0.0,0.0,3970,143,-966,-54,978,2026-08-06-00-05-001.csv
195576,614648,-35,24289,31.05,1,1,0.0,0.0,3970,135,-965,-64,976,2026-08-06-00-05-001.csv
195864,614936,-29,24289,31.06,1,1,0.0,0.0,3970,129,-981,-47,990,2026-08-06-00-05-001.csv
196157,615229,-32,24289,31.03,1,1,0.0,0.0,3970,118,-968,-39,976,2026-08-06-00-05-001.csv
196458,615530,-31,24289,31.08,1,1,0.0,0.0,3970,127,-964,-55,974,2026-08-06-00-05-001.csv
196753,615825,-26,24289,31.05,1,1,0.0,0.0,3971,119,-972,-35,980,2026-08-06-00-05-001.csv
197051,616123,-22,24289,31.08,1,1,0.0,0.0,3971,132,-967,-66,978,2026-08-06-00-05-001.csv
197340,616412,-21,24289,31.07,1,1,0.0,0.0,3971,130,-973,-56,983,2026-08-06-00-05-001.csv
197635,616707,-36,24289,31.05,1,1,0.0,0.0,3971,126,-965,-77,976,2026-08-06-00-05-001.csv
197933,617005,-34,24289,31.07,1,1,0.0,0.0,3971,114,-967,-54,975,2026-08-06-00-05-001.csv
198233,617305,-35,24289,31.05,1,1,0.0,0.0,3971,137,-963,-77,976,2026-08-06-00-05-001.csv
198537,617609,-30,24289,31.06,1,1,0.0,0.0,3971,126,-970,-50,979,2026-08-06-00-05-001.csv
198842,617914,-39,24289,31.07,1,1,0.0,0.0,3971,148,-966,-66,979,2026-08-06-00-05-001.csv
199149,618221,-39,24289,31.09,1,1,0.0,0.0,3971,142,-960,-107,977,2026-08-06-00-05-001.csv
199452,618524,-35,24289,31.09,1,1,0.0,0.0,3971,134,-969,-64,980,2026-08-06-00-05-001.csv
199753,618825,-34,24289,31.07,1,1,0.0,0.0,3971,127,-972,-57,982,2026-08-06-00-05-001.csv
200057,619129,-33,24289,31.05,1,1,0.0,0.0,3971,129,-969,-62,980,2026-08-06-00-05-001.csv
200415,619487,-27,24289,31.08,1,1,0.0,0.0,3972,132,-968,-65,979,2026-08-06-00-05-001.csv
200710,619782,-48,24289,31.08,1,1,1.54,16.1,3973,131,-972,-55,982,2026-08-06-00-05-001.csv
201015,620087,-36,24289,31.09,1,1,1.54,16.1,3973,120,-971,-39,979,2026-08-06-00-05-001.csv
201310,620382,-28,24289,31.11,1,1,0.69,7.2,3974,137,-961,-91,975,2026-08-06-00-05-001.csv
201609,620681,-33,24289,31.13,1,1,0.69,7.2,3974,127,-974,-64,984,2026-08-06-00-05-001.csv
201909,620981,-42,24289,31.12,1,1,0.69,7.2,3974,129,-961,-51,971,2026-08-06-00-05-001.csv
202216,621288,-50,24289,31.15,1,1,0.71,7.4,3975,130,-975,-67,986,2026-08-06-00-05-001.csv
202521,621593,-49,24289,31.16,1,1,2.83,29.6,3977,131,-972,-69,983,2026-08-06-00-05-001.csv
202829,621901,-46,24289,31.17,1,1,2.83,29.6,3977,130,-970,-60,980,2026-08-06-00-05-001.csv
203138,622210,-48,24289,31.18,1,1,2.83,29.6,3977,123,-972,-52,981,2026-08-06-00-05-001.csv
203447,622519,-38,24289,31.2,1,1,2.83,29.6,3977,132,-970,-62,981,2026-08-06-00-05-001.csv
203755,622827,-51,24289,31.2,1,1,2.83,29.6,3977,128,-969,-60,979,2026-08-06-00-05-001.csv
204066,623138,-56,24289,31.22,1,1,2.83,29.6,3977,131,-970,-60,981,2026-08-06-00-05-001.csv
204347,623419,-36,24289,31.23,1,1,0.0,0.0,3977,129,-971,-58,981,2026-08-06-00-05-001.csv
204659,623731,-51,24289,31.25,1,1,0.0,0.0,3977,131,-971,-61,982,2026-08-06-00-05-001.csv
204971,624043,-52,24289,31.24,1,1,0.0,0.0,3977,130,-970,-59,981,2026-08-06-00-05-001.csv
205310,624382,-33,24289,31.27,1,1,0.0,0.0,3977,125,-969,-81,980,2026-08-06-00-05-001.csv
205623,624695,-48,24289,31.28,1,1,0.0,0.0,3978,131,-966,-72,978,2026-08-06-00-05-001.csv
205928,625000,-50,24289,31.27,1,1,0.0,0.0,3978,125,-970,-59,980,2026-08-06-00-05-001.csv
206234,625306,-53,24289,31.28,1,1,0.0,0.0,3978,130,-970,-67,980,2026-08-06-00-05-001.csv
206535,625607,-49,24289,31.27,1,1,0.0,0.0,3978,131,-971,-64,982,2026-08-06-00-05-001.csv
206846,625918,-47,24289,31.28,1,1,0.0,0.0,3978,130,-971,-59,982,2026-08-06-00-05-001.csv
207153,626225,-44,24289,31.29,1,1,0.0,0.0,3978,128,-970,-59,980,2026-08-06-00-05-001.csv
207461,626533,-41,24289,31.3,1,1,0.0,0.0,3978,122,-973,-46,981,2026-08-06-00-05-001.csv
207771,626843,-48,24289,31.29,1,1,0.0,0.0,3978,125,-972,-43,981,2026-08-06-00-05-001.csv
208081,627153,-50,24289,31.3,1,1,0.0,0.0,3978,138,-967,-62,978,2026-08-06-00-05-001.csv
208347,627419,-25,24289,31.31,1,1,0.0,0.0,3978,128,-970,-59,980,2026-08-06-00-05-001.csv
208636,627708,-42,24289,31.33,1,1,0.0,0.0,3978,116,-975,-30,982,2026-08-06-00-05-001.csv
208925,627997,-48,24289,31.33,1,1,0.0,0.0,3978,142,-965,-92,980,2026-08-06-00-05-001.csv
209225,628297,-48,24289,31.35,1,1,0.0,0.0,3978,122,-970,-49,979,2026-08-06-00-05-001.csv
209520,628592,-42,24289,31.35,1,1,0.0,0.0,3978,130,-969,-67,980,2026-08-06-00-05-001.csv
209817,628889,-39,24289,31.35,1,1,0.0,0.0,3978,126,-970,-56,979,2026-08-06-00-05-001.csv
210163,629235,-51,24289,31.35,1,1,0.0,0.0,3978,104,-983,-6,988,2026-08-06-00-05-001.csv
210448,629520,-41,24289,31.37,1,1,0.0,0.0,3978,148,-967,-96,983,2026-08-06-00-05-001.csv
210739,629811,-45,24289,31.37,1,1,0.0,0.0,3978,130,-973,-52,983,2026-08-06-00-05-001.csv
211028,630100,-41,24289,31.38,1,1,0.0,0.0,3978,133,-971,-59,982,2026-08-06-00-05-001.csv
211295,630367,-37,24289,31.4,1,1,0.0,0.0,3978,127,-969,-57,979,2026-08-06-00-05-001.csv
211581,630653,-42,24289,31.38,1,1,0.0,0.0,3978,126,-969,-58,979,2026-08-06-00-05-001.csv
211873,630945,-44,24289,31.39,1,1,0.0,0.0,3978,123,-975,-60,985,2026-08-06-00-05-001.csv
212166,631238,-44,24289,31.39,1,1,0.0,0.0,3978,128,-968,-67,978,2026-08-06-00-05-001.csv
212455,631527,-42,24289,31.41,1,1,0.0,0.0,3978,129,-969,-69,980,2026-08-06-00-05-001.csv
212742,631814,-40,24289,31.4,1,1,0.0,0.0,3978,125,-970,-57,979,2026-08-06-00-05-001.csv
213039,632111,-45,24289,31.39,1,1,0.0,0.0,3978,130,-971,-65,982,2026-08-06-00-05-001.csv
213305,632377,-32,24289,31.4,1,1,0.0,0.0,3978,127,-971,-55,981,2026-08-06-00-05-001.csv
213603,632675,-50,24289,31.41,1,1,0.0,0.0,3978,128,-970,-60,980,2026-08-06-00-05-001.csv
213904,632976,-43,24289,31.4,1,1,0.0,0.0,3978,128,-970,-60,980,2026-08-06-00-05-001.csv
214199,633271,-43,24289,31.42,1,1,0.0,0.0,3978,129,-969,-62,980,2026-08-06-00-05-001.csv
214494,633566,-47,24289,31.41,1,1,0.0,0.0,3978,127,-971,-59,981,2026-08-06-00-05-001.csv
214855,633927,-40,24289,31.41,1,1,0.0,0.0,3978,131,-971,-61,982,2026-08-06-00-05-001.csv
215144,634216,-45,24289,31.42,1,1,0.0,0.0,3978,129,-970,-60,980,2026-08-06-00-05-001.csv
215438,634510,-40,24289,31.41,1,1,0.0,0.0,3978,129,-971,-61,981,2026-08-06-00-05-001.csv
215731,634803,-44,24289,31.41,1,1,0.0,0.0,3978,137,-970,-52,981,2026-08-06-00-05-001.csv
216037,635109,-50,24289,31.42,1,1,0.0,0.0,3978,145,-966,-77,979,2026-08-06-00-05-001.csv
216311,635383,-31,24289,31.43,1,1,0.0,0.0,3978,131,-969,-52,979,2026-08-06-00-05-001.csv
216606,635678,-49,24289,31.41,1,1,0.0,0.0,3978,135,-970,-62,981,2026-08-06-00-05-001.csv
216902,635974,-39,24289,31.42,1,1,0.0,0.0,3978,130,-970,-62,981,2026-08-06-00-05-001.csv
217206,636278,-43,24289,31.43,1,1,0.0,0.0,3978,133,-965,-66,976,2026-08-06-00-05-001.csv
217501,636573,-45,24289,31.42,1,1,0.0,0.0,3978,134,-970,-81,982,2026-08-06-00-05-001.csv
217797,636869,-43,24289,31.43,1,1,0.0,0.0,3978,131,-970,-64,981,2026-08-06-00-05-001.csv
218095,637167,-48,24289,31.42,1,1,0.0,0.0,3978,130,-969,-61,980,2026-08-06-00-05-001.csv
218376,637448,-38,24289,31.4,1,1,0.0,0.0,3978,131,-970,-63,980,2026-08-06-00-05-001.csv
218680,637752,-47,24289,31.41,1,1,0.0,0.0,3978,131,-969,-64,980,2026-08-06-00-05-001.csv
218982,638054,-39,24289,31.43,1,1,0.0,0.0,3978,129,-971,-59,982,2026-08-06-00-05-001.csv
219282,638354,-39,24289,31.43,1,1,0.0,0.0,3978,132,-969,-62,980,2026-08-06-00-05-001.csv
219640,638712,-46,24289,31.42,1,1,0.0,0.0,3978,131,-969,-60,980,2026-08-06-00-05-001.csv
219938,639010,-50,24289,31.42,1,1,0.0,0.0,3978,130,-969,-65,980,2026-08-06-00-05-001.csv
220241,639313,-41,24289,31.44,1,1,0.0,0.0,3978,131,-970,-60,981,2026-08-06-00-05-001.csv
220539,639611,-44,24289,31.42,1,1,0.0,0.0,3978,130,-970,-60,981,2026-08-06-00-05-001.csv
220832,639904,-43,24289,31.43,1,1,0.0,0.0,3978,130,-969,-60,980,2026-08-06-00-05-001.csv
221135,640207,-49,24289,31.43,1,1,0.0,0.0,3978,129,-969,-62,980,2026-08-06-00-05-001.csv
221435,640507,-40,24289,31.43,1,1,0.0,0.0,3978,129,-969,-60,980,2026-08-06-00-05-001.csv
221734,640806,-41,24289,31.43,1,1,0.0,0.0,3978,130,-971,-59,982,2026-08-06-00-05-001.csv
222037,641109,-40,24289,31.43,1,1,0.0,0.0,3978,129,-971,-60,981,2026-08-06-00-05-001.csv
222319,641391,-31,24289,31.43,1,1,0.0,0.0,3978,129,-971,-58,981,2026-08-06-00-05-001.csv
222619,641691,-38,24289,31.43,1,1,0.0,0.0,3978,133,-969,-61,980,2026-08-06-00-05-001.csv
222923,641995,-48,24289,31.45,1,1,0.0,0.0,3978,128,-970,-57,981,2026-08-06-00-05-001.csv
223226,642298,-44,24289,31.43,1,1,0.0,0.0,3978,133,-969,-61,980,2026-08-06-00-05-001.csv
223527,642599,-35,24289,31.42,1,1,0.0,0.0,3978,129,-971,-54,981,2026-08-06-00-05-001.csv
223836,642908,-42,24289,31.41,1,1,0.0,0.0,3978,130,-971,-50,981,2026-08-06-00-05-001.csv
224140,643212,-32,24289,31.43,1,1,0.0,0.0,3978,131,-971,-53,981,2026-08-06-00-05-001.csv
224512,643584,-44,24289,31.42,1,1,0.0,0.0,3978,134,-968,-69,980,2026-08-06-00-05-001.csv
224817,643889,-37,24289,31.41,1,1,0.0,0.0,3978,131,-970,-61,980,2026-08-06-00-05-001.csv
225121,644193,-45,24289,31.41,1,1,0.0,0.0,3978,151,-983,-79,998,2026-08-06-00-05-001.csv
225417,644489,-39,24289,31.41,1,1,0.0,0.0,3978,136,-966,-41,976,2026-08-06-00-05-001.csv
225716,644788,-52,24289,31.41,1,1,0.0,0.0,3978,142,-963,-57,975,2026-08-06-00-05-001.csv
226022,645094,-41,24289,31.4,1,1,0.0,0.0,3978,143,-971,-37,983,2026-08-06-00-05-001.csv
226314,645386,-29,24289,31.4,1,1,0.0,0.0,3978,79,-966,-135,978,2026-08-06-00-05-001.csv
226630,645702,-26,24289,31.4,1,1,0.0,0.0,3979,61,-964,-58,968,2026-08-06-00-05-001.csv
226938,646010,-40,24289,31.41,1,1,1.52,15.9,3980,139,-959,-75,972,2026-08-06-00-05-001.csv
227243,646315,-36,24289,31.39,1,1,1.52,15.9,3980,131,-964,-56,974,2026-08-06-00-05-001.csv
227553,646625,-36,24289,31.4,1,1,1.52,15.9,3980,115,-975,-52,984,2026-08-06-00-05-001.csv
227859,646931,-45,24289,31.39,1,1,1.52,15.9,3980,134,-975,-57,986,2026-08-06-00-05-001.csv
228168,647240,-46,24289,31.4,1,1,1.52,15.9,3980,152,-968,-85,983,2026-08-06-00-05-001.csv
228480,647552,-45,24289,31.39,1,1,1.52,15.9,3980,141,-982,-30,992,2026-08-06-00-05-001.csv
228795,647867,-39,24289,31.39,1,1,1.52,15.9,3980,134,-968,-41,978,2026-08-06-00-05-001.csv
229105,648177,-42,24289,31.4,1,1,0.0,0.0,3980,129,-978,-88,991,2026-08-06-00-05-001.csv
229476,648548,-33,24289,31.4,1,1,0.0,0.0,3980,97,-981,-62,987,2026-08-06-00-05-001.csv
229818,648890,-33,24289,31.4,1,1,0.0,0.0,3981,119,-964,-82,975,2026-08-06-00-05-001.csv
230104,649176,-28,24289,31.4,1,1,0.0,0.0,3981,116,-972,-78,981,2026-08-06-00-05-001.csv
230377,649449,-27,24289,31.4,1,1,0.7,7.3,3982,135,-967,-31,977,2026-08-06-00-05-001.csv
230668,649740,-39,24289,31.39,1,1,0.7,7.3,3982,172,-991,-42,1006,2026-08-06-00-05-001.csv
230964,650036,-42,24289,31.4,1,1,0.7,7.3,3982,130,-969,-89,982,2026-08-06-00-05-001.csv
231250,650322,-39,24289,31.39,1,1,0.7,7.3,3982,106,-978,-85,988,2026-08-06-00-05-001.csv
231541,650613,-40,24289,31.38,1,1,0.7,7.3,3982,118,-966,-79,976,2026-08-06-00-05-001.csv
231833,650905,-39,24289,31.4,1,1,0.7,7.3,3982,140,-973,-38,984,2026-08-06-00-05-001.csv
232122,651194,-40,24289,31.39,1,1,0.7,7.3,3982,128,-972,-65,983,2026-08-06-00-05-001.csv
232410,651482,-30,24289,31.39,1,1,0.0,0.0,3982,134,-970,-58,981,2026-08-06-00-05-001.csv
232699,651771,-39,24289,31.39,1,1,0.0,0.0,3982,127,-972,-51,982,2026-08-06-00-05-001.csv
232997,652069,-37,24289,31.37,1,1,0.0,0.0,3982,128,-969,-74,981,2026-08-06-00-05-001.csv
233279,652351,-30,24289,31.37,1,1,0.0,0.0,3982,132,-970,-61,981,2026-08-06-00-05-001.csv
233567,652639,-39,24289,31.37,1,1,0.0,0.0,3982,128,-968,-65,979,2026-08-06-00-05-001.csv
233862,652934,-35,24289,31.36,1,1,0.0,0.0,3982,135,-968,-62,979,2026-08-06-00-05-001.csv
234223,653295,-34,24289,31.37,1,1,0.0,0.0,3982,132,-969,-51,979,2026-08-06-00-05-001.csv
234513,653585,-38,24289,31.38,1,1,0.0,0.0,3982,126,-970,-58,980,2026-08-06-00-05-001.csv
234802,653874,-39,24289,31.38,1,1,0.0,0.0,3982,129,-971,-58,981,2026-08-06-00-05-001.csv
235097,654169,-40,24289,31.37,1,1,0.0,0.0,3982,131,-971,-57,981,2026-08-06-00-05-001.csv
235370,654442,-24,24289,31.36,1,1,0.0,0.0,3982,128,-970,-51,980,2026-08-06-00-05-001.csv
235664,654736,-37,24289,31.38,1,1,0.0,0.0,3982,129,-971,-59,981,2026-08-06-00-05-001.csv
235958,655030,-35,24289,31.38,1,1,0.0,0.0,3982,133,-970,-58,981,2026-08-06-00-05-001.csv
236246,655318,-41,24289,31.36,1,1,0.0,0.0,3982,130,-970,-59,980,2026-08-06-00-05-001.csv
236545,655617,-38,24289,31.37,1,1,0.0,0.0,3982,130,-971,-57,982,2026-08-06-00-05-001.csv
236841,655913,-44,24289,31.37,1,1,0.0,0.0,3982,130,-970,-56,980,2026-08-06-00-05-001.csv
237140,656212,-46,24289,31.37,1,1,0.0,0.0,3982,130,-970,-59,981,2026-08-06-00-05-001.csv
237439,656511,-35,24289,31.37,1,1,0.0,0.0,3982,134,-969,-63,980,2026-08-06-00-05-001.csv
237730,656802,-38,24289,31.36,1,1,0.0,0.0,3982,129,-969,-59,980,2026-08-06-00-05-001.csv
238028,657100,-34,24289,31.37,1,1,0.0,0.0,3982,129,-969,-57,979,2026-08-06-00-05-001.csv
238308,657380,-25,24289,31.37,1,1,0.0,0.0,3982,133,-971,-59,982,2026-08-06-00-05-001.csv
238601,657673,-37,24289,31.37,1,1,0.0,0.0,3982,130,-969,-62,980,2026-08-06-00-05-001.csv
238956,658028,-44,24289,31.35,1,1,0.0,0.0,3982,129,-970,-61,980,2026-08-06-00-05-001.csv
239255,658327,-36,24289,31.36,1,1,0.0,0.0,3982,127,-970,-63,981,2026-08-06-00-05-001.csv
239548,658620,-33,24289,31.35,1,1,0.0,0.0,3982,117,-968,-61,977,2026-08-06-00-05-001.csv
239842,658914,-37,24289,31.34,1,1,0.0,0.0,3982,134,-969,-62,980,2026-08-06-00-05-001.csv
240136,659208,-37,24289,31.35,1,1,0.0,0.0,3982,131,-969,-61,980,2026-08-06-00-05-001.csv
240435,659507,-31,24289,31.34,1,1,0.0,0.0,3982,135,-968,-58,979,2026-08-06-00-05-001.csv
240733,659805,-36,24289,31.34,1,1,0.0,0.0,3982,138,-969,-56,980,2026-08-06-00-05-001.csv
241033,660105,-36,24289,31.34,1,1,0.0,0.0,3982,129,-970,-59,980,2026-08-06-00-05-001.csv
241333,660405,-28,24289,31.35,1,1,0.0,0.0,3982,134,-968,-68,980,2026-08-06-00-05-001.csv
241629,660701,-32,24289,31.35,1,1,0.0,0.0,3982,135,-969,-58,980,2026-08-06-00-05-001.csv
241930,661002,-37,24289,31.34,1,1,0.0,0.0,3982,124,-970,-62,980,2026-08-06-00-05-001.csv
242233,661305,-35,24289,31.36,1,1,0.0,0.0,3982,138,-970,-56,981,2026-08-06-00-05-001.csv
242539,661611,-35,24289,31.35,1,1,0.0,0.0,3982,130,-970,-65,981,2026-08-06-00-05-001.csv
242843,661915,-32,24289,31.35,1,1,0.0,0.0,3982,126,-971,-62,981,2026-08-06-00-05-001.csv
243148,662220,-31,24289,31.35,1,1,0.0,0.0,3982,127,-970,-62,980,2026-08-06-00-05-001.csv
243458,662530,-32,24289,31.33,1,1,0.0,0.0,3982,126,-973,-63,983,2026-08-06-00-05-001.csv
243822,662894,-35,24289,31.34,1,1,0.0,0.0,3982,130,-970,-68,981,2026-08-06-00-05-001.csv
244122,663194,-32,24289,31.34,1,1,0.0,0.0,3982,130,-968,-58,979,2026-08-06-00-05-001.csv
244426,663498,-34,24289,31.33,1,1,0.0,0.0,3982,130,-971,-59,981,2026-08-06-00-05-001.csv
244726,663798,-36,24289,31.33,1,1,0.0,0.0,3982,132,-969,-61,979,2026-08-06-00-05-001.csv
245030,664102,-35,24289,31.34,1,1,0.0,0.0,3982,129,-969,-64,980,2026-08-06-00-05-001.csv
245325,664397,-21,24289,31.3,1,1,0.0,0.0,3982,134,-967,-72,979,2026-08-06-00-05-001.csv
245630,664702,-34,24289,31.33,1,1,0.0,0.0,3982,130,-971,-54,981,2026-08-06-00-05-001.csv
245931,665003,-40,24289,31.32,1,1,0.0,0.0,3982,132,-971,-61,981,2026-08-06-00-05-001.csv
246236,665308,-34,24289,31.33,1,1,0.0,0.0,3982,134,-969,-58,980,2026-08-06-00-05-001.csv
246545,665617,-33,24289,31.32,1,1,0.0,0.0,3982,129,-967,-64,978,2026-08-06-00-05-001.csv
246854,665926,-30,24289,31.33,1,1,0.0,0.0,3982,128,-970,-58,980,2026-08-06-00-05-001.csv
247161,666233,-36,24289,31.31,1,1,0.0,0.0,3982,129,-969,-59,980,2026-08-06-00-05-001.csv
247464,666536,-31,24289,31.32,1,1,0.0,0.0,3982,132,-969,-62,980,2026-08-06-00-05-001.csv
247777,666849,-31,24289,31.3,1,1,0.0,0.0,3982,130,-969,-62,980,2026-08-06-00-05-001.csv
248083,667155,-33,24289,31.3,1,1,0.0,0.0,3982,125,-970,-62,980,2026-08-06-00-05-001.csv
248379,667451,-33,24289,31.33,1,1,0.0,0.0,3982,134,-971,-61,982,2026-08-06-00-05-001.csv
248744,667816,-44,24289,31.32,1,1,0.0,0.0,3982,129,-974,-52,984,2026-08-06-00-05-001.csv
249059,668131,-37,24289,31.31,1,1,0.0,0.0,3982,136,-969,-64,981,2026-08-06-00-05-001.csv
249353,668425,-24,24289,31.28,1,1,0.0,0.0,3982,129,-970,-55,981,2026-08-06-00-05-001.csv
249661,668733,-36,24289,31.3,1,1,0.0,0.0,3982,127,-971,-58,980,2026-08-06-00-05-001.csv
249968,669040,-38,24289,31.3,1,1,0.0,0.0,3982,131,-971,-59,982,2026-08-06-00-05-001.csv
250270,669342,-32,24289,31.3,1,1,0.0,0.0,3982,131,-970,-61,980,2026-08-06-00-05-001.csv
250577,669649,-37,24289,31.29,1,1,0.0,0.0,3982,130,-970,-61,980,2026-08-06-00-05-001.csv
250883,669955,-42,24289,31.31,1,1,0.0,0.0,3982,132,-969,-58,980,2026-08-06-00-05-001.csv
251190,670262,-37,24289,31.3,1,1,0.0,0.0,3982,122,-971,-63,980,2026-08-06-00-05-001.csv
251531,670603,-35,24289,31.29,1,1,0.0,0.0,3982,130,-968,-64,979,2026-08-06-00-05-001.csv
251822,670894,-28,24289,31.29,1,1,0.0,0.0,3982,128,-969,-62,979,2026-08-06-00-05-001.csv
252117,671189,-33,24289,31.26,1,1,0.0,0.0,3982,132,-969,-63,980,2026-08-06-00-05-001.csv
252403,671475,-28,24289,31.29,1,1,0.0,0.0,3982,131,-970,-63,981,2026-08-06-00-05-001.csv
252689,671761,-37,24289,31.29,1,1,0.0,0.0,3982,130,-970,-60,980,2026-08-06-00-05-001.csv
252988,672060,-31,24289,31.26,1,1,0.0,0.0,3982,129,-970,-59,980,2026-08-06-00-05-001.csv
253276,672348,-40,24289,31.28,1,1,0.0,0.0,3982,131,-969,-60,980,2026-08-06-00-05-001.csv
253626,672698,-38,24289,31.26,1,1,0.0,0.0,3982,131,-970,-62,980,2026-08-06-00-05-001.csv
253913,672985,-33,24289,31.28,1,1,0.0,0.0,3982,129,-970,-62,980,2026-08-06-00-05-001.csv
254202,673274,-32,24289,31.26,1,1,0.0,0.0,3982,130,-969,-64,980,2026-08-06-00-05-001.csv
254489,673561,-29,24289,31.26,1,1,0.0,0.0,3982,130,-969,-62,980,2026-08-06-00-05-001.csv
254776,673848,-37,24289,31.28,1,1,0.0,0.0,3982,131,-969,-61,980,2026-08-06-00-05-001.csv
255061,674133,-35,24289,31.27,1,1,0.0,0.0,3982,130,-969,-60,980,2026-08-06-00-05-001.csv
255332,674404,-14,24289,31.28,1,1,0.0,0.0,3982,129,-971,-57,981,2026-08-06-00-05-001.csv
255625,674697,-32,24289,31.27,1,1,0.0,0.0,3982,128,-970,-58,981,2026-08-06-00-05-001.csv
255918,674990,-29,24289,31.26,1,1,0.0,0.0,3982,129,-970,-58,980,2026-08-06-00-05-001.csv
256214,675286,-29,24289,31.29,1,1,0.0,0.0,3982,130,-970,-58,981,2026-08-06-00-05-001.csv
256504,675576,-26,24289,31.26,1,1,0.0,0.0,3982,131,-971,-59,981,2026-08-06-00-05-001.csv
256799,675871,-37,24289,31.27,1,1,0.0,0.0,3982,127,-970,-58,980,2026-08-06-00-05-001.csv
257100,676172,-29,24289,31.26,1,1,0.0,0.0,3982,129,-971,-58,981,2026-08-06-00-05-001.csv
257378,676450,-6,24289,31.26,1,1,0.0,0.0,3982,130,-969,-62,980,2026-08-06-00-05-001.csv
257672,676744,-21,24289,31.25,1,1,0.0,0.0,3982,133,-968,-63,979,2026-08-06-00-05-001.csv
257973,677045,-13,24289,31.27,1,1,0.0,0.0,3982,130,-969,-67,980,2026-08-06-00-05-001.csv
258324,677396,-3,24289,31.26,1,1,0.0,0.0,3982,128,-970,-57,980,2026-08-06-00-05-001.csv
258618,677690,-14,24289,31.26,1,1,0.0,0.0,3982,127,-970,-61,980,2026-08-06-00-05-001.csv
258905,677977,-20,24289,31.27,1,1,0.0,0.0,3982,128,-971,-58,981,2026-08-06-00-05-001.csv
259203,678275,-16,24289,31.24,1,1,0.0,0.0,3982,129,-971,-59,981,2026-08-06-00-05-001.csv
259494,678566,-16,24289,31.25,1,1,0.0,0.0,3982,129,-969,-60,979,2026-08-06-00-05-001.csv
259785,678857,-17,24289,31.26,1,1,0.0,0.0,3982,129,-970,-62,980,2026-08-06-00-05-001.csv
260082,679154,-17,24289,31.26,1,1,0.0,0.0,3982,130,-969,-63,980,2026-08-06-00-05-001.csv
260363,679435,-5,24289,31.27,1,1,0.0,0.0,3982,134,-972,-55,983,2026-08-06-00-05-001.csv
260658,679730,-21,24289,31.26,1,1,0.0,0.0,3982,129,-970,-59,981,2026-08-06-00-05-001.csv
260956,680028,-19,24289,31.26,1,1,0.0,0.0,3982,130,-969,-59,979,2026-08-06-00-05-001.csv
261254,680326,-20,24289,31.26,1,1,0.0,0.0,3982,136,-966,-72,978,2026-08-06-00-05-001.csv
261550,680622,-18,24289,31.24,1,1,0.0,0.0,3982,142,-967,-61,979,2026-08-06-00-05-001.csv
261844,680916,-15,24289,31.25,1,1,0.0,0.0,3982,121,-970,-61,979,2026-08-06-00-05-001.csv
262146,681218,-13,24289,31.26,1,1,0.0,0.0,3982,121,-972,-65,981,2026-08-06-00-05-001.csv
262449,681521,-10,24289,31.26,1,1,0.0,0.0,3982,136,-966,-60,978,2026-08-06-00-05-001.csv
262745,681817,-13,24289,31.25,1,1,0.0,0.0,3982,128,-969,-61,980,2026-08-06-00-05-001.csv
263116,682188,-16,24289,31.22,1,1,0.0,0.0,3982,130,-970,-60,981,2026-08-06-00-05-001.csv
263408,682480,-3,24289,31.25,1,1,0.0,0.0,3982,130,-969,-59,980,2026-08-06-00-05-001.csv
263703,682775,-10,24289,31.22,1,1,0.0,0.0,3982,129,-969,-59,979,2026-08-06-00-05-001.csv
264010,683082,-17,24289,31.24,1,1,0.0,0.0,3982,130,-970,-60,981,2026-08-06-00-05-001.csv
264291,683363,-11,24289,31.25,1,1,0.0,0.0,3982,128,-970,-62,980,2026-08-06-00-05-001.csv
264593,683665,-19,24289,31.25,1,1,0.0,0.0,3982,129,-970,-59,980,2026-08-06-00-05-001.csv
264895,683967,-20,24289,31.25,1,1,0.0,0.0,3982,131,-971,-60,981,2026-08-06-00-05-001.csv
265204,684276,-15,24289,31.23,1,1,0.0,0.0,3982,129,-970,-61,981,2026-08-06-00-05-001.csv
265500,684572,-16,24289,31.26,1,1,0.0,0.0,3982,123,-965,-56,974,2026-08-06-00-05-001.csv
265799,684871,-15,24289,31.24,1,1,0.0,0.0,3982,131,-970,-60,981,2026-08-06-00-05-001.csv
266102,685174,-18,24289,31.24,1,1,0.0,0.0,3982,126,-967,-55,977,2026-08-06-00-05-001.csv
266394,685466,-10,24289,31.24,1,1,0.0,0.0,3982,128,-965,-77,977,2026-08-06-00-05-001.csv
266704,685776,-20,24289,31.22,1,1,0.0,0.0,3982,122,-967,-83,978,2026-08-06-00-05-001.csv
267009,686081,-18,24289,31.23,1,1,0.0,0.0,3982,136,-970,-55,981,2026-08-06-00-05-001.csv
267304,686376,-14,24289,31.24,1,1,0.0,0.0,3982,133,-969,-57,980,2026-08-06-00-05-001.csv
267610,686682,-19,24289,31.23,1,1,0.0,0.0,3982,132,-969,-62,980,2026-08-06-00-05-001.csv
267978,687050,-20,24289,31.22,1,1,0.0,0.0,3982,128,-972,-60,983,2026-08-06-00-05-001.csv
268276,687348,-9,24289,31.24,1,1,0.0,0.0,3982,119,-973,-69,983,2026-08-06-00-05-001.csv
268582,687654,-13,24289,31.22,1,1,0.0,0.0,3982,145,-964,-55,977,2026-08-06-00-05-001.csv
268890,687962,-16,24289,31.22,1,1,0.0,0.0,3982,110,-970,-47,977,2026-08-06-00-05-001.csv
269197,688269,-22,24289,31.23,1,1,0.0,0.0,3982,138,-969,-64,981,2026-08-06-00-05-001.csv
269497,688569,-18,24289,31.22,1,1,0.0,0.0,3982,126,-971,-56,981,2026-08-06-00-05-001.csv
269802,688874,-14,24289,31.22,1,1,0.0,0.0,3982,130,-968,-64,979,2026-08-06-00-05-001.csv
270113,689185,-21,24289,31.23,1,1,0.0,0.0,3982,135,-967,-63,979,2026-08-06-00-05-001.csv
270423,689495,-14,24289,31.22,1,1,0.0,0.0,3982,134,-968,-66,980,2026-08-06-00-05-001.csv
270734,689806,-18,24289,31.21,1,1,0.0,0.0,3982,132,-970,-64,981,2026-08-06-00-05-001.csv
271048,690120,-16,24289,31.2,1,1,0.0,0.0,3982,132,-971,-61,982,2026-08-06-00-05-001.csv
271329,690401,1,24289,31.21,1,1,0.0,0.0,3982,131,-969,-60,979,2026-08-06-00-05-001.csv
271636,690708,-20,24289,31.2,1,1,0.0,0.0,3982,130,-971,-58,981,2026-08-06-00-05-001.csv
271944,691016,-15,24289,31.21,1,1,0.0,0.0,3982,133,-969,-60,980,2026-08-06-00-05-001.csv
272257,691329,-14,24289,31.23,1,1,0.0,0.0,3982,127,-970,-63,980,2026-08-06-00-05-001.csv
272576,691648,-17,24289,31.2,1,1,0.0,0.0,3982,130,-971,-59,982,2026-08-06-00-05-001.csv
272997,692069,-18,24289,31.2,1,1,0.0,0.0,3982,130,-971,-53,981,2026-08-06-00-05-001.csv
273281,692353,-12,24289,31.21,1,1,0.0,0.0,3982,129,-970,-59,980,2026-08-06-00-05-001.csv
273565,692637,-14,24289,31.2,1,1,0.0,0.0,3982,130,-971,-59,982,2026-08-06-00-05-001.csv
273854,692926,-18,24289,31.19,1,1,0.0,0.0,3982,131,-970,-64,981,2026-08-06-00-05-001.csv
274142,693214,-17,24289,31.18,1,1,0.0,0.0,3982,128,-971,-61,982,2026-08-06-00-05-001.csv
274431,693503,-12,24289,31.19,1,1,0.0,0.0,3982,128,-970,-60,980,2026-08-06-00-05-001.csv
274725,693797,-15,24289,31.18,1,1,0.0,0.0,3982,130,-970,-62,980,2026-08-06-00-05-001.csv
275014,694086,-15,24289,31.18,1,1,0.0,0.0,3982,130,-969,-60,979,2026-08-06-00-05-001.csv
275295,694367,-5,24289,31.2,1,1,0.0,0.0,3982,126,-970,-57,980,2026-08-06-00-05-001.csv
275584,694656,-18,24289,31.19,1,1,0.0,0.0,3982,130,-970,-61,981,2026-08-06-00-05-001.csv
275875,694947,-20,24289,31.19,1,1,0.0,0.0,3982,131,-966,-62,976,2026-08-06-00-05-001.csv
276163,695235,-16,24289,31.19,1,1,0.0,0.0,3982,127,-970,-54,979,2026-08-06-00-05-001.csv
276453,695525,-13,24289,31.2,1,1,0.0,0.0,3982,132,-970,-64,981,2026-08-06-00-05-001.csv
276753,695825,-18,24289,31.17,1,1,0.0,0.0,3982,136,-969,-65,980,2026-08-06-00-05-001.csv
277048,696120,-18,24289,31.17,1,1,0.0,0.0,3982,125,-971,-57,980,2026-08-06-00-05-001.csv
277328,696400,-9,24289,31.18,1,1,0.0,0.0,3982,127,-970,-54,980,2026-08-06-00-05-001.csv
277682,696754,-13,24289,31.17,1,1,0.0,0.0,3982,124,-971,-64,981,2026-08-06-00-05-001.csv
277975,697047,-15,24289,31.17,1,1,0.0,0.0,3982,130,-963,-69,974,2026-08-06-00-05-001.csv
278268,697340,-13,24289,31.18,1,1,0.0,0.0,3982,120,-972,-60,981,2026-08-06-00-05-001.csv
278562,697634,-15,24289,31.18,1,1,0.0,0.0,3982,117,-966,-63,975,2026-08-06-00-05-001.csv
278858,697930,-15,24289,31.18,1,1,0.0,0.0,3982,112,-968,-57,976,2026-08-06-00-05-001.csv
279149,698221,-11,24289,31.16,1,1,0.0,0.0,3983,123,-975,-57,985,2026-08-06-00-05-001.csv
279450,698522,-15,24289,31.16,1,1,0.0,0.0,3983,122,-966,-62,976,2026-08-06-00-05-001.csv
279742,698814,-37,24289,31.16,1,1,0.62,6.4,3984,114,-983,-60,991,2026-08-06-00-05-001.csv
280035,699107,-12,24289,31.18,1,1,0.62,6.4,3984,120,-984,-61,993,2026-08-06-00-05-001.csv
280305,699377,677,24289,31.19,1,1,0.84,8.7,3985,115,-978,-67,987,2026-08-06-00-05-001.csv
280606,699678,2796,24289,31.19,1,1,0.84,8.7,3985,100,-960,-61,967,2026-08-06-00-05-001.csv
280906,699978,6378,24289,31.19,1,1,1.07,11.2,3986,101,-979,-81,987,2026-08-06-00-05-001.csv
281201,700273,10646,24289,31.14,1,1,1.47,15.3,3987,100,-953,-84,962,2026-08-06-00-05-001.csv
281501,700573,16267,24289,31.11,1,1,1.85,19.3,3988,72,-968,-44,972,2026-08-06-00-05-001.csv
281800,700872,22140,24289,31.17,1,1,2.22,23.2,3990,65,-966,-71,971,2026-08-06-00-05-001.csv
282105,701177,24354,24289,31.19,1,1,3.18,33.2,3992,95,-977,-75,984,2026-08-06-00-05-001.csv
282464,701536,19364,24289,31.14,1,1,3.97,41.4,3995,87,-980,-74,986,2026-08-06-00-05-001.csv
282759,701831,18660,24289,31.17,1,1,4.87,50.8,3998,70,-1006,-81,1012,2026-08-06-00-05-001.csv
283055,702127,15821,24289,31.1,1,1,3.98,41.6,4001,97,-976,-80,984,2026-08-06-00-05-001.csv
283337,702409,15577,24289,31.16,1,1,5.84,61.0,4004,112,-991,-125,1005,2026-08-06-00-05-001.csv
283640,702712,16530,24289,31.11,1,1,4.71,49.2,4007,72,-937,-40,941,2026-08-06-00-05-001.csv
283934,703006,22170,24289,31.14,1,1,6.74,70.4,4011,63,-886,-21,889,2026-08-06-00-05-001.csv
284230,703302,22328,24289,31.13,1,1,7.39,77.2,4016,114,-952,-135,969,2026-08-06-00-05-001.csv
284531,703603,23231,24289,31.11,1,1,7.95,83.1,4021,132,-954,-159,976,2026-08-06-00-05-001.csv
284828,703900,21211,24289,31.17,1,1,6.84,71.4,4025,139,-951,-122,969,2026-08-06-00-05-001.csv
285133,704205,21573,24289,31.14,1,1,7.58,79.1,4030,91,-947,-77,955,2026-08-06-00-05-001.csv
285429,704501,22568,24289,31.17,1,1,9.7,101.4,4036,98,-946,-161,965,2026-08-06-00-05-001.csv
285739,704811,20632,24289,31.15,1,1,8.73,91.2,4042,42,-1089,-144,1099,2026-08-06-00-05-001.csv
286043,705115,20372,24289,31.16,1,1,8.9,92.9,4047,100,-955,-78,963,2026-08-06-00-05-001.csv
286341,705413,19288,24289,31.16,1,1,9.77,102.0,4054,117,-901,-32,909,2026-08-06-00-05-001.csv
286643,705715,20524,24289,31.13,1,1,10.08,105.3,4060,45,-1000,-70,1003,2026-08-06-00-05-001.csv
286950,706022,19173,24289,31.14,1,1,10.71,111.8,4067,213,-885,-125,919,2026-08-06-00-05-001.csv
287305,706377,19846,24289,31.12,1,1,9.89,103.2,4074,187,-783,-46,806,2026-08-06-00-05-001.csv
287601,706673,22255,24289,31.18,1,1,11.56,120.7,4081,45,-1123,-93,1128,2026-08-06-00-05-001.csv
287907,706979,24371,24289,31.16,1,1,12.12,126.6,4089,20,-1108,-159,1120,2026-08-06-00-05-001.csv
288208,707280,24520,24289,31.13,1,1,12.56,131.1,4097,97,-928,-71,936,2026-08-06-00-05-001.csv
288516,707588,24494,24289,31.15,1,1,13.07,136.5,4105,114,-858,-108,872,2026-08-06-00-05-001.csv
288817,707889,24226,24289,31.15,1,1,13.72,143.3,4114,119,-1010,-143,1027,2026-08-06-00-05-001.csv
289118,708190,-327,24289,31.13,1,1,14.13,147.5,4123,178,-903,-164,935,2026-08-06-00-05-001.csv
289425,708497,-324,24289,31.16,1,1,14.17,148.0,4132,193,-980,44,1000,2026-08-06-00-05-001.csv
289728,708800,-136,24289,31.15,1,1,14.22,148.5,4141,-20,-1075,-75,1078,2026-08-06-00-05-001.csv
290040,709112,128,24289,31.15,1,1,14.13,147.5,4150,396,-490,34,631,2026-08-06-00-05-001.csv
290343,709415,878,24289,31.17,1,1,12.52,130.7,4158,141,-956,-20,966,2026-08-06-00-05-001.csv
290651,709723,2107,24289,31.16,1,1,12.6,131.6,4166,172,-928,-138,954,2026-08-06-00-05-001.csv
290958,710030,4535,24289,31.16,1,1,14.22,148.5,4175,186,-789,-158,826,2026-08-06-00-05-001.csv
291264,710336,8659,24289,31.19,1,1,14.46,151.1,4185,104,-1217,-151,1231,2026-08-06-00-05-001.csv
291576,710648,14434,24289,31.2,1,1,14.46,151.0,4194,91,-915,-135,929,2026-08-06-00-05-001.csv
291886,710958,19580,24289,31.2,1,1,12.9,134.7,4202,119,-933,-111,947,2026-08-06-00-05-001.csv
292263,711335,20716,24289,31.23,1,1,12.53,130.9,4212,25,-961,79,965,2026-08-06-00-05-001.csv
292573,711645,20357,24289,31.2,1,1,15.01,156.7,4222,129,-847,38,857,2026-08-06-00-05-001.csv
292874,711946,21165,24289,31.24,1,1,15.01,156.8,4231,89,-991,4,995,2026-08-06-00-05-001.csv
293182,712254,19656,24289,31.21,1,1,15.3,159.7,4241,148,-970,-188,999,2026-08-06-00-05-001.csv
293489,712561,19409,24289,31.22,1,1,15.49,161.8,4251,79,-975,-107,984,2026-08-06-00-05-001.csv
293800,712872,17425,24289,31.22,1,1,15.65,163.4,4261,248,-721,-176,783,2026-08-06-00-05-001.csv
294114,713186,16690,24289,31.24,1,1,14.38,150.2,4271,106,-985,-234,1018,2026-08-06-00-05-001.csv
294428,713500,17281,24289,31.28,1,1,15.75,164.5,4281,64,-1150,-37,1153,2026-08-06-00-05-001.csv
294774,713846,16618,24289,31.29,1,1,13.41,140.1,4291,38,-929,150,942,2026-08-06-00-05-001.csv
295070,714142,-241,24289,31.29,1,1,15.67,163.6,4300,200,-565,27,600,2026-08-06-00-05-001.csv
295352,714424,-240,24289,31.29,1,1,14.04,146.6,4309,81,-990,83,997,2026-08-06-00-05-001.csv
295637,714709,-235,24289,31.31,1,1,13.83,144.4,4317,132,-968,-169,992,2026-08-06-00-05-001.csv
295932,715004,-231,24289,31.32,1,1,15.33,160.1,4326,236,-838,62,873,2026-08-06-00-05-001.csv
296228,715300,-211,24289,31.35,1,1,14.04,146.6,4335,134,-1092,-130,1108,2026-08-06-00-05-001.csv
296522,715594,-195,24289,31.35,1,1,15.33,160.1,4344,169,-1028,-121,1048,2026-08-06-00-05-001.csv
296813,715885,-159,24289,31.37,1,1,13.9,145.2,4353,114,-1018,-58,1026,2026-08-06-00-05-001.csv
297166,716238,-149,24289,31.39,1,1,12.67,132.4,4362,158,-996,-262,1042,2026-08-06-00-05-001.csv
297453,716525,-159,24289,31.41,1,1,15.12,157.9,4371,184,-876,-111,903,2026-08-06-00-05-001.csv
297745,716817,-158,24289,31.44,1,1,15.35,160.3,4381,122,-1002,-147,1020,2026-08-06-00-05-001.csv
298038,717110,-152,24289,31.45,1,1,13.49,140.8,4389,112,-812,17,820,2026-08-06-00-05-001.csv
298326,717398,-130,24289,31.46,1,1,15.23,159.0,4398,182,-805,15,825,2026-08-06-00-05-001.csv
298626,717698,-111,24289,31.5,1,1,15.35,160.3,4408,176,-835,-80,857,2026-08-06-00-05-001.csv
298916,717988,-120,24289,31.51,1,1,13.44,140.4,4416,70,-1143,-60,1147,2026-08-06-00-05-001.csv
299206,718278,23,24289,31.53,1,1,13.35,139.4,4424,65,-880,-116,890,2026-08-06-00-05-001.csv
299503,718575,159,24289,31.54,1,1,14.96,156.3,4433,122,-975,-95,987,2026-08-06-00-05-001.csv
299796,718868,404,24289,31.56,1,1,14.81,154.6,4442,125,-1012,-59,1021,2026-08-06-00-05-001.csv
300095,719167,1979,24289,31.57,1,1,15.01,156.7,4452,102,-909,-20,915,2026-08-06-00-05-001.csv
300379,719451,5232,24289,31.6,1,1,14.66,153.1,4461,8,-1057,12,1057,2026-08-06-00-05-001.csv
300680,719752,9107,24289,31.59,1,1,14.4,150.4,4469,95,-957,75,964,2026-08-06-00-05-001.csv
300977,720049,15505,24289,31.6,1,1,14.78,154.3,4479,149,-1003,37,1014,2026-08-06-00-05-001.csv
301272,720344,14116,24289,31.68,1,1,14.61,152.5,4488,189,-896,-216,941,2026-08-06-00-05-001.csv
301572,720644,18844,24289,31.66,1,1,14.61,152.5,4497,152,-886,-44,900,2026-08-06-00-05-001.csv
301929,721001,18890,24289,31.68,1,1,13.3,138.9,4507,110,-1066,-221,1095,2026-08-06-00-05-001.csv
302223,721295,19472,24289,31.68,1,1,14.03,146.5,4515,132,-1093,-297,1141,2026-08-06-00-05-001.csv
302516,721588,19296,24289,31.76,1,1,14.17,148.0,4524,48,-899,78,904,2026-08-06-00-05-001.csv
302818,721890,19329,24289,31.73,1,1,13.99,146.1,4533,123,-893,-28,901,2026-08-06-00-05-001.csv
303114,722186,23543,24289,31.77,1,1,13.68,142.9,4541,62,-956,-67,961,2026-08-06-00-05-001.csv
303407,722479,24086,24289,31.79,1,1,12.32,128.6,4549,47,-939,-211,964,2026-08-06-00-05-001.csv
303714,722786,24520,24289,31.8,1,1,13.86,144.7,4558,151,-894,-114,914,2026-08-06-00-05-001.csv
304017,723089,24066,24289,31.86,1,1,13.73,143.4,4566,85,-866,-182,889,2026-08-06-00-05-001.csv
304312,723384,20905,24289,31.86,1,1,14.22,148.5,4575,10,-1025,-43,1026,2026-08-06-00-05-001.csv
304608,723680,8087,24289,31.85,1,1,14.41,150.5,4584,69,-1161,-218,1183,2026-08-06-00-05-001.csv
304915,723987,-290,24289,31.88,1,1,12.73,132.9,4592,164,-984,-61,1000,2026-08-06-00-05-001.csv
305211,724283,-293,24289,31.89,1,1,14.13,147.5,4601,135,-972,-174,996,2026-08-06-00-05-001.csv
305509,724581,-283,24289,31.9,1,1,13.95,145.6,4610,141,-1005,-121,1022,2026-08-06-00-05-001.csv
305809,724881,-278,24289,31.95,1,1,13.53,141.3,4618,47,-1121,-179,1136,2026-08-06-00-05-001.csv
306108,725180,-257,24289,31.93,1,1,13.39,139.9,4626,137,-973,-17,983,2026-08-06-00-05-001.csv
306407,725479,-230,24289,31.96,1,1,13.3,138.9,4635,76,-1042,-69,1047,2026-08-06-00-05-001.csv
306770,725842,-222,24289,31.97,1,1,10.58,110.5,4643,145,-807,-121,828,2026-08-06-00-05-001.csv
307072,726144,-46,24289,32.02,1,1,12.68,132.5,4651,95,-1031,-10,1035,2026-08-06-00-05-001.csv
307352,726424,78,24289,32.05,1,1,12.28,128.2,4658,93,-861,-54,868,2026-08-06-00-05-001.csv
307658,726730,507,24289,32.0,1,1,12.24,127.8,4666,174,-905,-93,927,2026-08-06-00-05-001.csv
307962,727034,2978,24289,32.06,1,1,11.76,122.8,4673,163,-990,-221,1027,2026-08-06-00-05-001.csv
308265,727337,6531,24289,32.14,1,1,11.79,123.1,4681,120,-894,-139,913,2026-08-06-00-05-001.csv
308564,727636,12752,24289,32.07,1,1,11.52,120.3,4688,45,-1056,37,1057,2026-08-06-00-05-001.csv
308870,727942,16894,24289,32.14,1,1,11.48,119.9,4695,156,-901,-136,925,2026-08-06-00-05-001.csv
309174,728246,21276,24289,32.16,1,1,11.86,123.8,4703,138,-1001,-160,1024,2026-08-06-00-05-001.csv
309476,728548,24037,24289,32.18,1,1,11.72,122.4,4710,117,-1002,-136,1018,2026-08-06-00-05-001.csv
309777,728849,24520,24289,32.17,1,1,12.12,126.6,4718,62,-932,10,934,2026-08-06-00-05-001.csv
310089,729161,24520,24289,32.2,1,1,12.4,129.4,4726,93,-1081,-313,1129,2026-08-06-00-05-001.csv
310382,729454,24520,24289,32.2,1,1,12.68,132.5,4734,108,-1051,-183,1072,2026-08-06-00-05-001.csv
310693,729765,24434,24289,32.25,1,1,11.28,117.8,4741,150,-899,-116,918,2026-08-06-00-05-001.csv
311001,730073,24520,24289,32.28,1,1,13.16,137.5,4749,-3,-1016,33,1017,2026-08-06-00-05-001.csv
311298,730370,24514,24289,32.31,1,1,13.51,141.1,4758,52,-1018,129,1028,2026-08-06-00-05-001.csv
311672,730744,24471,24289,32.32,1,1,11.52,120.3,4767,210,-937,-46,961,2026-08-06-00-05-001.csv
311982,731054,22817,24289,32.33,1,1,14.13,147.5,4776,11,-915,-19,915,2026-08-06-00-05-001.csv
312278,731350,22657,24289,32.33,1,1,14.32,149.5,4785,120,-1105,-82,1115,2026-08-06-00-05-001.csv
312580,731652,23598,24289,32.39,1,1,14.46,151.0,4794,116,-758,-1,767,2026-08-06-00-05-001.csv
312883,731955,21437,24289,32.4,1,1,14.71,153.6,4803,43,-1167,-52,1169,2026-08-06-00-05-001.csv
313190,732262,22098,24289,32.39,1,1,15.01,156.7,4813,66,-1000,28,1002,2026-08-06-00-05-001.csv
313504,732576,-501,24289,32.44,1,1,15.06,157.2,4823,135,-827,5,838,2026-08-06-00-05-001.csv
313812,732884,-485,24289,32.47,1,1,13.03,136.1,4831,228,-805,-186,857,2026-08-06-00-05-001.csv
314125,733197,-462,24289,32.49,1,1,14.55,152.0,4841,114,-1048,9,1054,2026-08-06-00-05-001.csv
314429,733501,-419,24289,32.51,1,1,14.08,147.1,4850,151,-915,-53,929,2026-08-06-00-05-001.csv
314737,733809,-382,24289,32.54,1,1,13.81,144.2,4859,99,-871,-47,877,2026-08-06-00-05-001.csv
315049,734121,-362,24289,32.57,1,1,11.64,121.5,4866,127,-948,1,956,2026-08-06-00-05-001.csv
315349,734421,-323,24289,32.59,1,1,13.22,138.0,4875,136,-919,-91,933,2026-08-06-00-05-001.csv
315659,734731,-313,24289,32.61,1,1,12.81,133.8,4883,23,-1026,-15,1026,2026-08-06-00-05-001.csv
315973,735045,-299,24289,32.62,1,1,10.92,114.0,4890,148,-932,-84,947,2026-08-06-00-05-001.csv
316286,735358,-270,24289,32.7,1,1,12.2,127.4,4898,136,-986,-44,996,2026-08-06-00-05-001.csv
316703,735775,-245,24289,32.71,1,1,10.02,104.7,4907,101,-900,4,906,2026-08-06-00-05-001.csv
316988,736060,-234,24289,32.72,1,1,11.13,116.3,4913,122,-941,-48,950,2026-08-06-00-05-001.csv
317274,736346,-224,24289,32.76,1,1,11.17,116.7,4920,211,-941,-166,979,2026-08-06-00-05-001.csv
317562,736634,-208,24289,32.77,1,1,10.72,111.9,4926,101,-937,-5,942,2026-08-06-00-05-001.csv
317853,736925,-201,24289,32.77,1,1,10.78,112.5,4933,117,-907,-28,915,2026-08-06-00-05-001.csv
318141,737213,-86,24289,32.81,1,1,10.26,107.1,4939,152,-903,15,916,2026-08-06-00-05-001.csv
318431,737503,41,24289,32.83,1,1,10.19,106.4,4945,116,-1000,-100,1012,2026-08-06-00-05-001.csv
318720,737792,237,24289,32.85,1,1,9.94,103.8,4951,178,-1064,-191,1095,2026-08-06-00-05-001.csv
319014,738086,2371,24289,32.87,1,1,9.74,101.7,4957,86,-933,19,937,2026-08-06-00-05-001.csv
319293,738365,7915,24289,32.91,1,1,9.51,99.3,4963,107,-981,-101,991,2026-08-06-00-05-001.csv
319581,738653,13684,24289,32.94,1,1,9.21,96.2,4968,70,-1043,-178,1061,2026-08-06-00-05-001.csv
319874,738946,17930,24289,32.95,1,1,9.48,99.0,4974,55,-998,-30,999,2026-08-06-00-05-001.csv
320168,739240,21691,24289,33.0,1,1,9.64,100.7,4980,117,-906,-6,913,2026-08-06-00-05-001.csv
320467,739539,24378,24289,33.03,1,1,9.84,102.7,4986,92,-1000,-153,1016,2026-08-06-00-05-001.csv
320763,739835,24520,24289,33.02,1,1,10.34,108.0,4993,83,-1126,-166,1141,2026-08-06-00-05-001.csv
321061,740133,24520,24289,33.03,1,1,10.37,108.3,4999,54,-1017,-150,1029,2026-08-06-00-05-001.csv
321420,740492,24520,24289,33.07,1,1,10.08,105.3,5007,47,-1167,-156,1179,2026-08-06-00-05-001.csv
321715,740787,24520,24289,33.06,1,1,11.36,118.6,5014,55,-967,-114,975,2026-08-06-00-05-001.csv
322015,741087,24229,24289,33.11,1,1,11.6,121.1,5021,113,-849,-47,858,2026-08-06-00-05-001.csv
322286,741358,23429,24289,33.13,1,1,11.84,123.7,5028,74,-1057,-93,1064,2026-08-06-00-05-001.csv
322580,741652,22596,24289,33.16,1,1,12.14,126.8,5035,-25,-1002,122,1009,2026-08-06-00-05-001.csv
322873,741945,20881,24289,33.18,1,1,12.64,132.0,5043,46,-1072,-34,1074,2026-08-06-00-05-001.csv
323166,742238,21719,24289,33.19,1,1,12.98,135.6,5051,107,-934,-115,947,2026-08-06-00-05-001.csv
323476,742548,22221,24289,33.19,1,1,13.25,138.4,5059,31,-976,-50,978,2026-08-06-00-05-001.csv
323773,742845,21035,24289,33.22,1,1,13.77,143.8,5068,141,-1075,-258,1114,2026-08-06-00-05-001.csv
324071,743143,20409,24289,33.27,1,1,13.73,143.4,5076,157,-932,-203,966,2026-08-06-00-05-001.csv
324343,743415,18765,24289,33.31,1,1,14.17,148.0,5085,46,-1007,-80,1011,2026-08-06-00-05-001.csv
324641,743713,18770,24289,33.31,1,1,14.29,149.3,5093,106,-927,-84,937,2026-08-06-00-05-001.csv
324939,744011,17853,24289,33.3,1,1,14.73,153.8,5103,121,-914,-248,955,2026-08-06-00-05-001.csv
325240,744312,18582,24289,33.35,1,1,14.81,154.6,5112,165,-852,-109,875,2026-08-06-00-05-001.csv
325540,744612,18944,24289,33.4,1,1,15.12,157.9,5121,-28,-1045,78,1048,2026-08-06-00-05-001.csv
325842,744914,18292,24289,33.38,1,1,14.13,147.5,5130,124,-804,-25,814,2026-08-06-00-05-001.csv
326206,745278,19354,24289,33.49,1,1,12.57,131.2,5140,22,-1006,-36,1006,2026-08-06-00-05-001.csv
326497,745569,14360,24289,33.47,1,1,16.28,170.1,5150,168,-973,-32,988,2026-08-06-00-05-001.csv
326795,745867,14194,24289,33.52,1,1,16.51,172.4,5160,162,-962,-250,1007,2026-08-06-00-05-001.csv
327092,746164,1213,24289,33.55,1,1,16.57,173.0,5170,177,-769,69,792,2026-08-06-00-05-001.csv
327377,746449,-357,24289,33.56,1,1,14.66,153.1,5179,53,-954,-1,956,2026-08-06-00-05-001.csv
327679,746751,-351,24289,33.59,1,1,16.01,167.2,5189,180,-966,-146,994,2026-08-06-00-05-001.csv
327977,747049,-343,24289,33.61,1,1,15.75,164.5,5199,115,-1027,-102,1038,2026-08-06-00-05-001.csv
328272,747344,-324,24289,33.65,1,1,15.54,162.3,5209,138,-1000,-107,1015,2026-08-06-00-05-001.csv
328573,747645,-297,24289,33.66,1,1,15.12,157.9,5218,278,-807,-136,865,2026-08-06-00-05-001.csv
328873,747945,-305,24289,33.69,1,1,13.16,137.5,5226,107,-1027,-106,1038,2026-08-06-00-05-001.csv
329174,748246,-278,24289,33.73,1,1,14.61,152.5,5235,166,-939,-142,964,2026-08-06-00-05-001.csv
329476,748548,-276,24289,33.74,1,1,14.41,150.5,5244,135,-1035,-49,1045,2026-08-06-00-05-001.csv
329777,748849,-271,24289,33.75,1,1,14.08,147.1,5253,104,-932,-75,941,2026-08-06-00-05-001.csv
330082,749154,-244,24289,33.77,1,1,13.9,145.2,5262,104,-965,91,975,2026-08-06-00-05-001.csv
330383,749455,-219,24289,33.8,1,1,13.68,142.9,5271,212,-835,-217,889,2026-08-06-00-05-001.csv
330685,749757,-214,24289,33.82,1,1,13.3,138.9,5279,182,-973,-152,1002,2026-08-06-00-05-001.csv
331054,750126,-220,24289,33.85,1,1,12.14,126.8,5288,174,-1055,-182,1085,2026-08-06-00-05-001.csv
331334,750406,-192,24289,33.88,1,1,13.3,138.9,5297,215,-855,-71,884,2026-08-06-00-05-001.csv
331634,750706,-202,24289,33.9,1,1,12.84,134.1,5304,159,-1048,-116,1066,2026-08-06-00-05-001.csv
331938,751010,-202,24289,33.92,1,1,13.18,137.6,5313,120,-857,-151,878,2026-08-06-00-05-001.csv
332236,751308,-179,24289,33.94,1,1,12.9,134.7,5321,118,-1023,-117,1037,2026-08-06-00-05-001.csv
332546,751618,-182,24289,33.95,1,1,12.73,132.9,5329,112,-970,4,976,2026-08-06-00-05-001.csv
332849,751921,-167,24289,33.99,1,1,12.77,133.3,5337,108,-1094,-58,1100,2026-08-06-00-05-001.csv
333153,752225,-163,24289,34.0,1,1,12.81,133.8,5345,103,-1000,-67,1008,2026-08-06-00-05-001.csv
333458,752530,-156,24289,34.03,1,1,12.85,134.2,5353,88,-1035,40,1039,2026-08-06-00-05-001.csv
333767,752839,-158,24289,34.06,1,1,13.02,136.0,5362,138,-999,-203,1029,2026-08-06-00-05-001.csv
334071,753143,-149,24289,34.07,1,1,12.94,135.1,5370,45,-961,64,964,2026-08-06-00-05-001.csv
334356,753428,-145,24289,34.1,1,1,12.94,135.1,5378,144,-966,73,979,2026-08-06-00-05-001.csv
334666,753738,-167,24289,34.1,1,1,13.03,136.1,5386,141,-939,-38,950,2026-08-06-00-05-001.csv
334979,754051,-158,24289,34.16,1,1,13.22,138.0,5395,112,-1032,-74,1041,2026-08-06-00-05-001.csv
335274,754346,-137,24289,34.19,1,1,13.03,136.1,5403,69,-1025,73,1030,2026-08-06-00-05-001.csv
335586,754658,-147,24289,34.22,1,1,13.07,136.5,5411,156,-848,3,863,2026-08-06-00-05-001.csv
335955,755027,-154,24289,34.26,1,1,12.24,127.9,5421,43,-1020,34,1022,2026-08-06-00-05-001.csv
336251,755323,-161,24289,34.29,1,1,13.12,137.0,5429,159,-1044,-154,1067,2026-08-06-00-05-001.csv
336558,755630,-159,24289,34.31,1,1,13.07,136.5,5437,112,-865,28,872,2026-08-06-00-05-001.csv
336872,755944,-152,24289,34.34,1,1,13.26,138.5,5446,136,-1027,80,1039,2026-08-06-00-05-001.csv
337182,756254,-141,24289,34.38,1,1,13.16,137.5,5454,165,-1099,36,1112,2026-08-06-00-05-001.csv
337491,756563,-137,24289,34.41,1,1,13.38,139.8,5463,137,-989,-95,1003,2026-08-06-00-05-001.csv
337800,756872,-136,24289,34.43,1,1,13.34,139.3,5472,87,-919,-122,931,2026-08-06-00-05-001.csv
338111,757183,-135,24289,34.44,1,1,11.52,120.3,5479,73,-924,132,936,2026-08-06-00-05-001.csv
338456,757528,-132,24289,34.47,1,1,12.1,126.4,5488,158,-821,120,845,2026-08-06-00-05-001.csv
338753,757825,-133,24289,34.49,1,1,13.12,137.0,5496,160,-959,-165,987,2026-08-06-00-05-001.csv
339049,758121,-136,24289,34.51,1,1,13.21,137.9,5504,266,-697,-56,748,2026-08-06-00-05-001.csv
339307,758379,-131,24289,34.54,1,1,13.16,137.5,5512,124,-1006,-46,1015,2026-08-06-00-05-001.csv
339601,758673,-128,24289,34.55,1,1,12.94,135.1,5519,195,-896,13,917,2026-08-06-00-05-001.csv
339892,758964,-133,24289,34.55,1,1,13.3,138.9,5527,108,-977,-45,984,2026-08-06-00-05-001.csv
340182,759254,-128,24289,34.6,1,1,13.21,137.9,5535,134,-975,-126,992,2026-08-06-00-05-001.csv
340473,759545,-127,24289,34.61,1,1,13.03,136.1,5543,114,-1115,-126,1128,2026-08-06-00-05-001.csv
340829,759901,-127,24289,34.63,1,1,11.9,124.3,5552,118,-886,7,893,2026-08-06-00-05-001.csv
341130,760202,-132,24289,34.66,1,1,12.77,133.3,5560,129,-1096,-145,1113,2026-08-06-00-05-001.csv
341419,760491,-123,24289,34.71,1,1,12.56,131.1,5568,140,-973,84,987,2026-08-06-00-05-001.csv
341707,760779,-113,24289,34.73,1,1,12.23,127.7,5575,74,-942,32,946,2026-08-06-00-05-001.csv
342001,761073,-111,24289,34.75,1,1,12.06,125.9,5582,124,-1033,10,1041,2026-08-06-00-05-001.csv
342273,761345,-122,24289,34.8,1,1,12.01,125.4,5590,127,-934,-31,943,2026-08-06-00-05-001.csv
342563,761635,-122,24289,34.79,1,1,11.35,118.6,5596,43,-1031,-49,1033,2026-08-06-00-05-001.csv
342854,761926,-11,24289,34.85,1,1,11.28,117.8,5603,95,-1029,-62,1036,2026-08-06-00-05-001.csv
343161,762233,143,24289,34.83,1,1,11.09,115.8,5610,151,-1080,-133,1099,2026-08-06-00-05-001.csv
343454,762526,304,24289,34.87,1,1,10.92,114.1,5617,157,-1023,-163,1048,2026-08-06-00-05-001.csv
343748,762820,1880,24289,34.9,1,1,10.45,109.1,5623,55,-991,59,994,2026-08-06-00-05-001.csv
344042,763114,5787,24289,34.92,1,1,10.51,109.7,5630,77,-860,-90,868,2026-08-06-00-05-001.csv
344320,763392,12976,24289,34.91,1,1,10.19,106.4,5636,59,-907,-78,912,2026-08-06-00-05-001.csv
344614,763686,18696,24289,34.96,1,1,10.37,108.3,5642,6,-1085,-45,1086,2026-08-06-00-05-001.csv
344910,763982,22515,24289,34.95,1,1,10.41,108.7,5648,96,-931,-110,943,2026-08-06-00-05-001.csv
345211,764283,20432,24289,35.0,1,1,10.85,113.3,5655,127,-1104,-115,1118,2026-08-06-00-05-001.csv
345566,764638,20168,24289,35.0,1,1,10.24,107.0,5663,143,-901,-63,914,2026-08-06-00-05-001.csv
345862,764934,18582,24289,34.98,1,1,11.48,119.9,5670,27,-1005,22,1005,2026-08-06-00-05-001.csv
346158,765230,17589,24289,35.02,1,1,11.68,122.0,5677,129,-1019,-116,1033,2026-08-06-00-05-001.csv
346452,765524,16265,24289,35.03,1,1,12.16,127.0,5685,76,-1140,-90,1146,2026-08-06-00-05-001.csv
346746,765818,16697,24289,35.07,1,1,12.06,125.9,5692,90,-925,-46,931,2026-08-06-00-05-001.csv
347047,766119,14633,24289,35.07,1,1,12.52,130.7,5700,76,-1190,-109,1198,2026-08-06-00-05-001.csv
347332,766404,15568,24289,35.06,1,1,11.1,115.9,5707,148,-932,-7,944,2026-08-06-00-05-001.csv
347624,766696,16846,24289,35.09,1,1,12.65,132.1,5714,12,-1030,-33,1031,2026-08-06-00-05-001.csv
347921,766993,16368,24289,35.1,1,1,13.03,136.1,5722,96,-988,-43,993,2026-08-06-00-05-001.csv
348221,767293,-256,24289,35.15,1,1,13.03,136.1,5730,124,-1040,-118,1054,2026-08-06-00-05-001.csv
348517,767589,-246,24289,35.18,1,1,12.9,134.7,5738,94,-1057,-54,1063,2026-08-06-00-05-001.csv
348814,767886,-226,24289,35.19,1,1,12.68,132.4,5746,140,-1111,-63,1121,2026-08-06-00-05-001.csv
349111,768183,-239,24289,35.21,1,1,12.4,129.5,5754,194,-924,-58,946,2026-08-06-00-05-001.csv
349414,768486,-225,24289,35.23,1,1,12.2,127.4,5762,135,-857,-13,868,2026-08-06-00-05-001.csv
349717,768789,-223,24289,35.24,1,1,11.76,122.8,5769,98,-917,80,925,2026-08-06-00-05-001.csv
350023,769095,-216,24289,35.24,1,1,11.56,120.7,5776,155,-989,-246,1031,2026-08-06-00-05-001.csv
350372,769444,-182,24289,35.25,1,1,10.32,107.8,5784,100,-1013,13,1018,2026-08-06-00-05-001.csv
350670,769742,-175,24289,35.28,1,1,11.02,115.1,5791,134,-975,-65,987,2026-08-06-00-05-001.csv
350973,770045,-175,24289,35.31,1,1,10.52,109.9,5797,84,-930,-7,934,2026-08-06-00-05-001.csv
351269,770341,-177,24289,35.35,1,1,10.47,109.4,5804,132,-927,-88,941,2026-08-06-00-05-001.csv
351571,770643,-178,24289,35.33,1,1,10.15,106.0,5810,94,-1002,22,1007,2026-08-06-00-05-001.csv
351872,770944,-151,24289,35.37,1,1,10.09,105.4,5817,123,-993,-64,1003,2026-08-06-00-05-001.csv
352176,771248,-153,24289,35.39,1,1,9.7,101.4,5823,145,-932,-40,944,2026-08-06-00-05-001.csv
352479,771551,-152,24289,35.42,1,1,9.54,99.7,5829,84,-1033,63,1038,2026-08-06-00-05-001.csv
352787,771859,-155,24289,35.42,1,1,9.33,97.4,5835,104,-998,-30,1004,2026-08-06-00-05-001.csv
353089,772161,-148,24289,35.44,1,1,8.83,92.3,5840,85,-1123,58,1128,2026-08-06-00-05-001.csv
353391,772463,-136,24289,35.47,1,1,8.89,92.9,5846,121,-980,-99,992,2026-08-06-00-05-001.csv
353697,772769,-135,24289,35.48,1,1,8.4,87.7,5851,133,-1089,-106,1103,2026-08-06-00-05-001.csv
354007,773079,-137,24289,35.5,1,1,8.47,88.5,5857,113,-911,-56,920,2026-08-06-00-05-001.csv
354287,773359,-126,24289,35.53,1,1,7.95,83.1,5862,119,-865,4,873,2026-08-06-00-05-001.csv
354602,773674,-133,24289,35.55,1,1,7.85,82.0,5867,135,-959,-46,970,2026-08-06-00-05-001.csv
354911,773983,-137,24289,35.55,1,1,7.31,76.3,5871,145,-1043,-133,1061,2026-08-06-00-05-001.csv
355263,774335,-129,24289,35.61,1,1,6.38,66.7,5876,148,-980,-67,994,2026-08-06-00-05-001.csv
355567,774639,-31,24289,35.59,1,1,7.25,75.8,5881,198,-896,-162,931,2026-08-06-00-05-001.csv
355880,774952,123,24289,35.6,1,1,8.52,89.0,5886,163,-952,-144,977,2026-08-06-00-05-001.csv
356180,775252,1292,24289,35.64,1,1,6.67,69.7,5890,159,-868,3,883,2026-08-06-00-05-001.csv
356485,775557,5143,24289,35.64,1,1,8.18,85.5,5896,94,-1000,-65,1006,2026-08-06-00-05-001.csv
356792,775864,11288,24289,35.66,1,1,8.23,85.9,5901,65,-1089,-78,1094,2026-08-06-00-05-001.csv
357098,776170,17541,24289,35.69,1,1,6.72,70.2,5905,98,-960,-48,966,2026-08-06-00-05-001.csv
357396,776468,21714,24289,35.74,1,1,8.73,91.2,5911,129,-844,-32,855,2026-08-06-00-05-001.csv
357705,776777,24520,24289,35.73,1,1,7.23,75.5,5915,46,-1016,-23,1017,2026-08-06-00-05-001.csv
358018,777090,24520,24289,35.74,1,1,8.18,85.5,5921,64,-970,-59,974,2026-08-06-00-05-001.csv
358306,777378,24520,24289,35.77,1,1,8.76,91.5,5927,76,-1015,-63,1019,2026-08-06-00-05-001.csv
358618,777690,24520,24289,35.8,1,1,9.1,95.1,5932,77,-1012,-109,1021,2026-08-06-00-05-001.csv
358930,778002,24520,24289,35.82,1,1,10.19,106.4,5939,38,-1031,-102,1037,2026-08-06-00-05-001.csv
359240,778312,24520,24289,35.86,1,1,10.88,113.6,5946,112,-947,-191,972,2026-08-06-00-05-001.csv
359559,778631,24520,24289,35.85,1,1,11.52,120.3,5953,117,-884,-77,895,2026-08-06-00-05-001.csv
359906,778978,24520,24289,35.88,1,1,11.37,118.7,5962,111,-918,-142,935,2026-08-06-00-05-001.csv
360257,779329,24520,24289,35.87,1,1,11.68,122.0,5970,32,-1026,-52,1027,2026-08-06-00-05-001.csv
360545,779617,24520,24289,35.88,1,1,13.53,141.3,5978,116,-1086,-133,1100,2026-08-06-00-05-001.csv
360834,779906,24520,24289,35.91,1,1,14.17,148.0,5987,44,-949,-56,952,2026-08-06-00-05-001.csv
361122,780194,24520,24289,35.96,1,1,13.12,137.0,5995,141,-1239,-319,1287,2026-08-06-00-05-001.csv
361401,780473,24520,24289,35.96,1,1,15.12,157.9,6004,108,-989,-193,1014,2026-08-06-00-05-001.csv
361690,780762,24520,24289,35.97,1,1,15.61,163.0,6013,86,-926,-90,934,2026-08-06-00-05-001.csv
361982,781054,24520,24289,36.02,1,1,14.66,153.1,6022,38,-961,35,963,2026-08-06-00-05-001.csv
362281,781353,24434,24289,35.96,1,1,15.39,160.8,6032,142,-940,-112,957,2026-08-06-00-05-001.csv
362573,781645,24520,24289,35.99,1,1,15.56,162.5,6041,82,-924,-99,933,2026-08-06-00-05-001.csv
362862,781934,8897,24289,36.01,1,1,16.34,170.6,6051,43,-1079,-160,1092,2026-08-06-00-05-001.csv
363160,782232,-812,24289,36.01,1,1,16.83,175.7,6062,41,-1171,-39,1173,2026-08-06-00-05-001.csv
363450,782522,-782,24289,36.0,1,1,16.51,172.4,6072,92,-1149,-37,1153,2026-08-06-00-05-001.csv
363741,782813,-733,24289,35.99,1,1,16.51,172.4,6082,247,-991,-254,1052,2026-08-06-00-05-001.csv
364033,783105,-703,24289,36.02,1,1,16.45,171.8,6092,-131,-933,36,943,2026-08-06-00-05-001.csv
364305,783377,-656,24289,36.03,1,1,18.16,189.7,6103,231,-880,-104,916,2026-08-06-00-05-001.csv
364603,783675,-627,24289,36.03,1,1,16.02,167.3,6112,191,-954,-157,985,2026-08-06-00-05-001.csv
364958,784030,-564,24289,36.06,1,1,15.31,159.9,6123,238,-677,-175,739,2026-08-06-00-05-001.csv
365242,784314,-523,24289,36.05,1,1,17.73,185.2,6134,25,-1049,25,1049,2026-08-06-00-05-001.csv
365531,784603,-485,24289,36.06,1,1,17.61,183.9,6145,196,-1004,-120,1030,2026-08-06-00-05-001.csv
365821,784893,-455,24289,36.08,1,1,17.35,181.2,6155,108,-1103,-77,1111,2026-08-06-00-05-001.csv
366117,785189,-423,24289,36.09,1,1,17.38,181.5,6166,131,-1038,-144,1056,2026-08-06-00-05-001.csv
366422,785494,-394,24289,36.12,1,1,15.85,165.6,6176,123,-1094,-97,1105,2026-08-06-00-05-001.csv
366715,785787,-371,24289,36.12,1,1,15.75,164.5,6186,199,-992,-227,1037,2026-08-06-00-05-001.csv
367010,786082,-366,24289,36.14,1,1,17.16,179.2,6196,181,-1065,-187,1097,2026-08-06-00-05-001.csv
367289,786361,-346,24289,36.14,1,1,17.32,180.9,6207,150,-706,-126,732,2026-08-06-00-05-001.csv
367586,786658,-319,24289,36.18,1,1,17.1,178.6,6217,64,-789,36,792,2026-08-06-00-05-001.csv
367880,786952,-313,24289,36.18,1,1,15.33,160.1,6226,-128,-1168,-242,1199,2026-08-06-00-05-001.csv
368180,787252,-300,24289,36.24,1,1,17.32,180.9,6237,56,-1031,-105,1037,2026-08-06-00-05-001.csv
368488,787560,-291,24289,36.27,1,1,15.7,163.9,6247,222,-994,-128,1026,2026-08-06-00-05-001.csv
368784,787856,-266,24289,36.26,1,1,17.21,179.7,6258,209,-916,-158,953,2026-08-06-00-05-001.csv
369089,788161,-262,24289,36.29,1,1,15.54,162.3,6268,89,-1045,29,1049,2026-08-06-00-05-001.csv
369370,788442,-240,24289,36.31,1,1,15.28,159.6,6277,93,-896,34,902,2026-08-06-00-05-001.csv
369737,788809,-238,24289,36.32,1,1,13.52,141.2,6287,180,-849,-23,868,2026-08-06-00-05-001.csv
370029,789101,-249,24289,36.35,1,1,17.38,181.5,6298,130,-881,-102,896,2026-08-06-00-05-001.csv
370301,789373,-247,24289,36.38,1,1,15.96,166.7,6308,180,-981,-125,1005,2026-08-06-00-05-001.csv
370607,789679,-231,24289,36.4,1,1,15.67,163.6,6317,166,-1008,-287,1061,2026-08-06-00-05-001.csv
370906,789978,-234,24289,36.41,1,1,17.61,183.9,6328,193,-1027,-168,1059,2026-08-06-00-05-001.csv
371202,790274,-214,24289,36.44,1,1,17.67,184.6,6339,66,-1024,-23,1026,2026-08-06-00-05-001.csv
371501,790573,-228,24289,36.45,1,1,17.79,185.8,6350,108,-925,0,931,2026-08-06-00-05-001.csv
371799,790871,-211,24289,36.49,1,1,17.67,184.6,6361,182,-923,-177,957,2026-08-06-00-05-001.csv
372103,791175,-205,24289,36.5,1,1,17.73,185.2,6372,132,-926,-111,942,2026-08-06-00-05-001.csv
372400,791472,-200,24289,36.5,1,1,16.51,172.4,6383,130,-1049,-24,1057,2026-08-06-00-05-001.csv
372714,791786,-217,24289,36.52,1,1,16.28,170.1,6393,131,-1135,-182,1156,2026-08-06-00-05-001.csv
373015,792087,-202,24289,36.53,1,1,17.97,187.7,6404,196,-967,-207,1008,2026-08-06-00-05-001.csv
373298,792370,-189,24289,36.54,1,1,16.67,174.1,6415,102,-980,-18,986,2026-08-06-00-05-001.csv
373602,792674,-192,24289,36.55,1,1,16.4,171.2,6425,99,-993,-91,1002,2026-08-06-00-05-001.csv
373904,792976,-196,24289,36.57,1,1,18.1,189.0,6436,144,-1046,-191,1073,2026-08-06-00-05-001.csv
374205,793277,-193,24289,36.58,1,1,16.88,176.3,6447,114,-958,-81,968,2026-08-06-00-05-001.csv
374570,793642,-198,24289,36.6,1,1,14.55,151.9,6458,69,-947,-63,951,2026-08-06-00-05-001.csv
374879,793951,-201,24289,36.61,1,1,16.93,176.8,6469,231,-991,-75,1020,2026-08-06-00-05-001.csv
375179,794251,-199,24289,36.62,1,1,18.35,191.6,6480,150,-1059,-340,1122,2026-08-06-00-05-001.csv
375479,794551,-202,24289,36.65,1,1,16.93,176.8,6491,100,-904,92,914,2026-08-06-00-05-001.csv
375783,794855,-197,24289,36.65,1,1,16.93,176.8,6502,207,-636,-96,676,2026-08-06-00-05-001.csv
376090,795162,-186,24289,36.66,1,1,16.8,175.4,6512,167,-795,-88,817,2026-08-06-00-05-001.csv
376372,795444,-155,24289,36.68,1,1,16.99,177.4,6523,127,-737,-25,748,2026-08-06-00-05-001.csv
376679,795751,-180,24289,36.7,1,1,16.8,175.4,6533,112,-953,110,966,2026-08-06-00-05-001.csv
376992,796064,-174,24289,36.71,1,1,17.1,178.6,6544,306,-988,-277,1071,2026-08-06-00-05-001.csv
377292,796364,-150,24289,36.71,1,1,17.1,178.6,6555,35,-1048,113,1055,2026-08-06-00-05-001.csv
377600,796672,-177,24289,36.72,1,1,17.16,179.2,6566,125,-1034,-154,1053,2026-08-06-00-05-001.csv
377903,796975,-179,24289,36.73,1,1,17.1,178.6,6577,120,-1152,-93,1162,2026-08-06-00-05-001.csv
378209,797281,-171,24289,36.73,1,1,18.53,193.5,6589,203,-850,-233,904,2026-08-06-00-05-001.csv
378516,797588,-176,24289,36.72,1,1,18.53,193.5,6601,132,-894,-86,907,2026-08-06-00-05-001.csv
378821,797893,-176,24289,36.74,1,1,18.35,191.6,6612,147,-999,-242,1038,2026-08-06-00-05-001.csv
379138,798210,-175,24289,36.76,1,1,17.1,178.6,6624,-17,-1140,48,1141,2026-08-06-00-05-001.csv
379506,798578,-181,24289,36.76,1,1,16.0,167.1,6636,90,-901,49,907,2026-08-06-00-05-001.csv
379816,798888,-172,24289,36.78,1,1,18.41,192.3,6648,145,-1028,-87,1042,2026-08-06-00-05-001.csv
380123,799195,-177,24289,36.78,1,1,18.24,190.5,6660,144,-1005,-283,1054,2026-08-06-00-05-001.csv
380424,799496,-170,24289,36.83,1,1,16.45,171.8,6670,95,-996,23,1001,2026-08-06-00-05-001.csv
380730,799802,-162,24289,36.81,1,1,17.91,187.1,6681,178,-848,-108,873,2026-08-06-00-05-001.csv
381043,800115,-167,24289,36.84,1,1,16.36,170.8,6692,229,-948,-160,988,2026-08-06-00-05-001.csv
381340,800412,-153,24289,36.83,1,1,17.38,181.5,6703,185,-692,79,720,2026-08-06-00-05-001.csv
381683,800755,-151,24289,36.89,1,1,14.42,150.6,6713,-6,-952,88,956,2026-08-06-00-05-001.csv
381971,801043,-164,24289,36.88,1,1,16.8,175.4,6723,415,-775,-338,942,2026-08-06-00-05-001.csv
382259,801331,-159,24289,36.88,1,1,16.62,173.6,6733,-17,-1004,135,1013,2026-08-06-00-05-001.csv
382550,801622,-163,24289,36.89,1,1,14.76,154.1,6742,213,-801,-215,856,2026-08-06-00-05-001.csv
382838,801910,-158,24289,36.89,1,1,14.51,151.5,6751,117,-732,178,762,2026-08-06-00-05-001.csv
383130,802202,-168,24289,36.91,1,1,15.96,166.7,6761,250,-998,-256,1061,2026-08-06-00-05-001.csv
383418,802490,-156,24289,36.91,1,1,15.5,161.9,6770,133,-804,-16,815,2026-08-06-00-05-001.csv
383713,802785,-149,24289,36.93,1,1,15.54,162.3,6780,71,-1063,-91,1069,2026-08-06-00-05-001.csv
384008,803080,-155,24289,36.95,1,1,13.63,142.3,6788,119,-864,6,873,2026-08-06-00-05-001.csv
384337,803409,-137,24289,36.97,1,1,14.43,150.7,6799,138,-1033,-130,1050,2026-08-06-00-05-001.csv
384622,803694,-146,24289,36.99,1,1,13.3,138.9,6806,111,-992,-191,1017,2026-08-06-00-05-001.csv
384911,803983,-146,24289,37.01,1,1,15.44,161.3,6815,205,-944,-185,984,2026-08-06-00-05-001.csv
385207,804279,-141,24289,37.02,1,1,14.04,146.6,6824,127,-888,-253,932,2026-08-06-00-05-001.csv
385503,804575,-144,24289,37.03,1,1,15.7,163.9,6834,88,-987,-20,991,2026-08-06-00-05-001.csv
385796,804868,-144,24289,37.05,1,1,14.02,146.4,6842,89,-1056,-97,1064,2026-08-06-00-05-001.csv
386092,805164,-144,24289,37.04,1,1,14.47,151.1,6851,150,-978,-40,991,2026-08-06-00-05-001.csv
386352,805424,-131,24289,37.01,1,1,16.01,167.2,6861,216,-900,-265,963,2026-08-06-00-05-001.csv
386642,805714,-167,24289,37.03,1,1,15.96,166.7,6870,-82,-972,-52,977,2026-08-06-00-05-001.csv
386939,806011,-155,24289,37.05,1,1,16.23,169.5,6880,75,-891,32,894,2026-08-06-00-05-001.csv
387238,806310,-156,24289,37.05,1,1,16.23,169.5,6890,152,-954,-16,966,2026-08-06-00-05-001.csv
387540,806612,-140,24289,37.06,1,1,16.28,170.1,6900,149,-1079,-110,1095,2026-08-06-00-05-001.csv
387836,806908,-135,24289,37.09,1,1,14.71,153.6,6909,166,-987,-108,1007,2026-08-06-00-05-001.csv
388130,807202,-148,24289,37.1,1,1,14.71,153.6,6918,73,-891,-82,898,2026-08-06-00-05-001.csv
388427,807499,-137,24289,37.09,1,1,14.76,154.1,6927,253,-860,-244,929,2026-08-06-00-05-001.csv
388729,807801,-135,24289,37.1,1,1,16.61,173.5,6938,221,-933,-161,972,2026-08-06-00-05-001.csv
389092,808164,-139,24289,37.11,1,1,14.35,149.9,6949,112,-1040,-223,1069,2026-08-06-00-05-001.csv
389373,808445,-124,24289,37.08,1,1,16.68,174.2,6959,225,-881,-245,942,2026-08-06-00-05-001.csv
389674,808746,-140,24289,37.09,1,1,16.68,174.2,6969,102,-1032,-67,1039,2026-08-06-00-05-001.csv
389969,809041,-145,24289,37.09,1,1,15.01,156.8,6978,101,-991,-67,999,2026-08-06-00-05-001.csv
390263,809335,-136,24289,37.1,1,1,16.93,176.8,6989,188,-848,-190,889,2026-08-06-00-05-001.csv
390561,809633,-139,24289,37.06,1,1,16.8,175.4,6999,29,-936,186,954,2026-08-06-00-05-001.csv
390856,809928,-144,24289,37.08,1,1,15.39,160.8,7009,177,-954,-36,971,2026-08-06-00-05-001.csv
391157,810229,-137,24289,37.1,1,1,16.92,176.7,7019,50,-1058,-26,1060,2026-08-06-00-05-001.csv
391454,810526,-137,24289,37.09,1,1,16.99,177.4,7030,122,-995,48,1003,2026-08-06-00-05-001.csv
391758,810830,-147,24289,37.09,1,1,16.86,176.1,7040,93,-988,71,995,2026-08-06-00-05-001.csv
392057,811129,-128,24289,37.09,1,1,16.93,176.8,7051,123,-982,-221,1014,2026-08-06-00-05-001.csv
392343,811415,-121,24289,37.09,1,1,15.39,160.8,7061,227,-762,-77,798,2026-08-06-00-05-001.csv
392641,811713,-136,24289,37.12,1,1,15.07,157.3,7070,2,-1253,60,1254,2026-08-06-00-05-001.csv
392946,812018,-133,24289,37.11,1,1,15.12,157.9,7079,202,-882,-108,911,2026-08-06-00-05-001.csv
393250,812322,-132,24289,37.12,1,1,16.93,176.8,7090,65,-1066,-261,1099,2026-08-06-00-05-001.csv
393556,812628,-120,24289,37.12,1,1,15.25,159.2,7100,165,-979,-126,1000,2026-08-06-00-05-001.csv
393928,813000,-124,24289,37.12,1,1,13.08,136.6,7110,155,-916,-106,935,2026-08-06-00-05-001.csv
394227,813299,-121,24289,37.1,1,1,16.51,172.4,7120,43,-972,-108,979,2026-08-06-00-05-001.csv
394526,813598,-131,24289,37.1,1,1,15.06,157.2,7130,419,-708,-350,893,2026-08-06-00-05-001.csv
394824,813896,-129,24289,37.12,1,1,16.34,170.6,7140,204,-953,-155,987,2026-08-06-00-05-001.csv
395129,814201,-124,24289,37.15,1,1,16.28,170.1,7150,197,-1058,-174,1090,2026-08-06-00-05-001.csv
395430,814502,-114,24289,37.16,1,1,14.61,152.5,7159,128,-848,-21,858,2026-08-06-00-05-001.csv
395733,814805,-118,24289,37.15,1,1,14.87,155.3,7169,207,-954,-148,988,2026-08-06-00-05-001.csv
396039,815111,-118,24289,37.16,1,1,16.28,170.1,7179,272,-748,-108,803,2026-08-06-00-05-001.csv
396330,815402,-114,24289,37.19,1,1,14.96,156.3,7189,180,-975,-291,1033,2026-08-06-00-05-001.csv
396633,815705,-119,24289,37.21,1,1,16.14,168.5,7198,16,-1121,92,1125,2026-08-06-00-05-001.csv
396939,816011,-120,24289,37.22,1,1,16.51,172.4,7209,69,-940,59,944,2026-08-06-00-05-001.csv
397250,816322,-128,24289,37.24,1,1,15.01,156.7,7219,290,-930,57,976,2026-08-06-00-05-001.csv
397566,816638,-119,24289,37.25,1,1,14.32,149.5,7228,528,-615,-205,836,2026-08-06-00-05-001.csv
397873,816945,-119,24289,37.25,1,1,14.96,156.3,7238,205,-1007,-2,1027,2026-08-06-00-05-001.csv
398184,817256,-124,24289,37.26,1,1,12.98,135.6,7246,253,-894,98,934,2026-08-06-00-05-001.csv
398491,817563,-128,24289,37.3,1,1,11.28,117.8,7253,311,-984,-85,1035,2026-08-06-00-05-001.csv
398865,817937,-128,24289,37.31,1,1,8.64,90.2,7260,219,-926,1,952,2026-08-06-00-05-001.csv
399168,818240,-117,24289,37.34,1,1,9.3,97.1,7266,209,-992,11,1014,2026-08-06-00-05-001.csv
399471,818543,-116,24289,37.35,1,1,7.85,82.0,7271,217,-931,10,956,2026-08-06-00-05-001.csv
399771,818843,-117,24289,37.37,1,1,5.09,53.2,7274,184,-942,29,960,2026-08-06-00-05-001.csv
400078,819150,-113,24289,37.38,1,1,5.84,61.0,7278,219,-996,26,1020,2026-08-06-00-05-001.csv
400372,819444,-105,24289,37.38,1,1,5.02,52.4,7281,236,-964,-36,993,2026-08-06-00-05-001.csv
400679,819751,-116,24289,37.41,1,1,3.94,41.2,7283,245,-947,-29,978,2026-08-06-00-05-001.csv
400989,820061,-116,24289,37.41,1,1,2.67,27.9,7285,187,-967,-27,985,2026-08-06-00-05-001.csv
401291,820363,-118,24289,37.44,1,1,1.5,15.6,7286,173,-972,-23,987,2026-08-06-00-05-001.csv
401603,820675,-102,24289,37.44,1,1,1.5,15.6,7286,123,-969,-73,979,2026-08-06-00-05-001.csv
401916,820988,-99,24289,37.48,1,1,1.5,15.6,7286,95,-967,-63,973,2026-08-06-00-05-001.csv
402223,821295,-105,24289,37.47,1,1,1.5,15.6,7286,113,-982,-58,990,2026-08-06-00-05-001.csv
402537,821609,-98,24289,37.51,1,1,0.46,4.8,7287,133,-966,-51,976,2026-08-06-00-05-001.csv
402848,821920,-95,24289,37.52,1,1,0.46,4.8,7287,165,-966,-36,981,2026-08-06-00-05-001.csv
403158,822230,-93,24289,37.53,1,1,0.46,4.8,7287,116,-963,-72,972,2026-08-06-00-05-001.csv
403510,822582,-94,24289,37.55,1,1,0.46,4.8,7287,108,-974,-64,982,2026-08-06-00-05-001.csv
403861,822933,-89,24289,37.56,1,1,0.46,4.8,7287,124,-965,-61,975,2026-08-06-00-05-001.csv
404156,823228,-88,24289,37.56,1,1,0.46,4.8,7287,138,-965,-52,976,2026-08-06-00-05-001.csv
404443,823515,-84,24289,37.59,1,1,0.0,0.0,7287,122,-969,-52,978,2026-08-06-00-05-001.csv
404735,823807,-86,24289,37.59,1,1,0.0,0.0,7287,123,-982,-51,991,2026-08-06-00-05-001.csv
405024,824096,-85,24289,37.6,1,1,0.0,0.0,7287,127,-977,-44,986,2026-08-06-00-05-001.csv
405298,824370,-77,24289,37.62,1,1,0.0,0.0,7287,113,-971,-16,977,2026-08-06-00-05-001.csv
405586,824658,-83,24289,37.63,1,1,0.0,0.0,7287,192,-964,-44,984,2026-08-06-00-05-001.csv
405875,824947,-78,24289,37.64,1,1,0.0,0.0,7287,134,-969,-72,981,2026-08-06-00-05-001.csv
406163,825235,-86,24289,37.62,1,1,0.0,0.0,7287,110,-959,-41,967,2026-08-06-00-05-001.csv
406451,825523,-79,24289,37.65,1,1,0.0,0.0,7287,75,-982,19,985,2026-08-06-00-05-001.csv
406749,825821,-81,24289,37.65,1,1,0.0,0.0,7287,244,-954,-65,986,2026-08-06-00-05-001.csv
407042,826114,-83,24289,37.68,1,1,0.0,0.0,7287,-67,-1002,-89,1008,2026-08-06-00-05-001.csv
407312,826384,-69,24289,37.69,1,1,0.0,0.0,7287,209,-941,-193,983,2026-08-06-00-05-001.csv
407601,826673,-91,24289,37.69,1,1,0.0,0.0,7287,146,-907,-235,948,2026-08-06-00-05-001.csv
407896,826968,-91,24289,37.69,1,1,0.0,0.0,7288,78,-1008,46,1013,2026-08-06-00-05-001.csv
408193,827265,-78,24289,37.69,1,1,0.0,0.0,7288,188,-982,-60,1002,2026-08-06-00-05-001.csv
408555,827627,-71,24289,37.71,1,1,0.0,0.0,7288,133,-957,-139,976,2026-08-06-00-05-001.csv
408848,827920,-70,24289,37.71,1,1,0.0,0.0,7288,126,-973,27,981,2026-08-06-00-05-001.csv
409140,828212,-76,24289,37.71,1,1,0.0,0.0,7288,169,-948,-106,969,2026-08-06-00-05-001.csv
409435,828507,-86,24289,37.71,1,1,0.27,2.9,7289,76,-972,-68,978,2026-08-06-00-05-001.csv
409729,828801,-89,24289,37.71,1,1,0.27,2.9,7289,128,-983,-52,992,2026-08-06-00-05-001.csv
410020,829092,-84,24289,37.73,1,1,0.27,2.9,7289,135,-969,-68,981,2026-08-06-00-05-001.csv
410296,829368,-77,24289,37.76,1,1,0.27,2.9,7289,117,-971,-37,978,2026-08-06-00-05-001.csv
410591,829663,-83,24289,37.75,1,1,0.27,2.9,7289,138,-981,-78,993,2026-08-06-00-05-001.csv
410896,829968,-82,24289,37.73,1,1,0.27,2.9,7289,109,-968,-40,975,2026-08-06-00-05-001.csv
411190,830262,-77,24289,37.77,1,1,0.27,2.9,7289,112,-968,-43,975,2026-08-06-00-05-001.csv
411489,830561,-71,24289,37.76,1,1,0.0,0.0,7289,128,-962,-71,973,2026-08-06-00-05-001.csv
411784,830856,-75,24289,37.79,1,1,0.0,0.0,7289,119,-971,-37,979,2026-08-06-00-05-001.csv
412088,831160,-69,24289,37.79,1,1,0.0,0.0,7289,124,-986,-58,996,2026-08-06-00-05-001.csv
412370,831442,-57,24289,37.78,1,1,0.0,0.0,7289,132,-984,-54,994,2026-08-06-00-05-001.csv
412666,831738,-65,24289,37.76,1,1,0.0,0.0,7289,117,-971,-44,979,2026-08-06-00-05-001.csv
412968,832040,-67,24289,37.74,1,1,0.0,0.0,7289,124,-965,-59,975,2026-08-06-00-05-001.csv
413316,832388,-60,24289,37.73,1,1,0.0,0.0,7289,135,-969,-54,980,2026-08-06-00-05-001.csv
413614,832686,-78,24289,37.7,1,1,0.0,0.0,7289,120,-974,-35,982,2026-08-06-00-05-001.csv
413911,832983,-80,24289,37.71,1,1,0.0,0.0,7289,121,-960,-56,969,2026-08-06-00-05-001.csv
414212,833284,-80,24289,37.69,1,1,0.0,0.0,7289,111,-978,-52,986,2026-08-06-00-05-001.csv
414510,833582,-77,24289,37.68,1,1,0.0,0.0,7289,129,-965,-72,976,2026-08-06-00-05-001.csv
414809,833881,-72,24289,37.67,1,1,0.0,0.0,7289,101,-976,-10,981,2026-08-06-00-05-001.csv
415115,834187,-79,24289,37.69,1,1,0.0,0.0,7289,114,-995,45,1003,2026-08-06-00-05-001.csv
415398,834470,-73,24289,37.69,1,1,0.0,0.0,7289,124,-1028,-19,1036,2026-08-06-00-05-001.csv
415696,834768,-77,24289,37.69,1,1,0.0,0.0,7289,186,-888,-29,908,2026-08-06-00-05-001.csv
415998,835070,-62,24289,37.69,1,1,0.0,0.0,7289,182,-1017,-57,1035,2026-08-06-00-05-001.csv
416295,835367,-46,24289,37.68,1,1,0.0,0.0,7289,172,-979,-53,996,2026-08-06-00-05-001.csv
416596,835668,-46,24289,37.68,1,1,0.0,0.0,7289,146,-963,-37,975,2026-08-06-00-05-001.csv
416895,835967,-45,24289,37.66,1,1,0.0,0.0,7289,114,-987,-36,994,2026-08-06-00-05-001.csv
417203,836275,-39,24289,37.64,1,1,0.0,0.0,7289,165,-892,-42,908,2026-08-06-00-05-001.csv
417510,836582,-43,24289,37.62,1,1,0.0,0.0,7289,160,-977,-89,994,2026-08-06-00-05-001.csv
417817,836889,-39,24289,37.63,1,1,0.0,0.0,7289,143,-954,33,966,2026-08-06-00-05-001.csv
418188,837260,-42,24289,37.61,1,1,0.0,0.0,7289,153,-964,3,976,2026-08-06-00-05-001.csv
418491,837563,-43,24289,37.6,1,1,0.0,0.0,7289,171,-941,-34,957,2026-08-06-00-05-001.csv
418795,837867,-40,24289,37.59,1,1,0.0,0.0,7289,204,-916,-165,953,2026-08-06-00-05-001.csv
419100,838172,-54,24289,37.59,1,1,0.0,0.0,7290,187,-990,-73,1010,2026-08-06-00-05-001.csv
419393,838465,-47,24289,37.58,1,1,0.0,0.0,7290,197,-947,-76,970,2026-08-06-00-05-001.csv
419695,838767,-44,24289,37.59,1,1,0.0,0.0,7290,179,-960,-33,977,2026-08-06-00-05-001.csv
420005,839077,-54,24289,37.56,1,1,0.0,0.0,7290,193,-979,11,998,2026-08-06-00-05-001.csv
420301,839373,-48,24289,37.59,1,1,0.0,0.0,7290,233,-918,-47,949,2026-08-06-00-05-001.csv
420609,839681,-49,24289,37.55,1,1,0.0,0.0,7290,197,-982,-20,1002,2026-08-06-00-05-001.csv
420918,839990,-45,24289,37.55,1,1,0.0,0.0,7290,179,-944,-3,961,2026-08-06-00-05-001.csv
421220,840292,-42,24289,37.56,1,1,0.0,0.0,7290,187,-1002,-43,1020,2026-08-06-00-05-001.csv
421535,840607,-37,24289,37.57,1,1,0.0,0.0,7290,211,-930,-59,955,2026-08-06-00-05-001.csv
421847,840919,-39,24289,37.57,1,1,0.0,0.0,7290,196,-1001,-73,1023,2026-08-06-00-05-001.csv
422154,841226,-46,24289,37.57,1,1,0.0,0.0,7290,199,-963,-19,983,2026-08-06-00-05-001.csv
422462,841534,-35,24289,37.55,1,1,0.0,0.0,7290,204,-951,14,973,2026-08-06-00-05-001.csv
422772,841844,-40,24289,37.55,1,1,0.0,0.0,7290,213,-986,-45,1010,2026-08-06-00-05-001.csv
423141,842213,-40,24289,37.56,1,1,0.0,0.0,7290,219,-917,17,943,2026-08-06-00-05-001.csv
423445,842517,-35,24289,37.54,1,1,0.0,0.0,7290,176,-954,9,970,2026-08-06-00-05-001.csv
423761,842833,-44,24289,37.56,1,1,0.0,0.0,7290,92,-1251,-91,1258,2026-08-06-00-05-001.csv
424067,843139,-60,24289,37.55,1,1,0.0,0.0,7290,94,-1085,-4,1089,2026-08-06-00-05-001.csv
424357,843429,-47,24289,37.57,1,1,0.0,0.0,7290,142,-1031,-93,1045,2026-08-06-00-05-001.csv
424668,843740,-50,24289,37.53,1,1,0.0,0.0,7290,121,-941,-23,949,2026-08-06-00-05-001.csv
424975,844047,-49,24289,37.54,1,1,0.0,0.0,7290,138,-935,-113,952,2026-08-06-00-05-001.csv
425301,844373,-27,24289,37.55,1,1,0.0,0.0,7290,111,-998,-12,1004,2026-08-06-00-05-001.csv
425593,844665,-25,24289,37.51,1,1,0.0,0.0,7290,185,-953,-71,973,2026-08-06-00-05-001.csv
425889,844961,-25,24289,37.51,1,1,0.0,0.0,7290,102,-960,-44,967,2026-08-06-00-05-001.csv
426179,845251,-30,24289,37.55,1,1,0.0,0.0,7290,109,-976,-69,984,2026-08-06-00-05-001.csv
426467,845539,-33,24289,37.5,1,1,0.0,0.0,7290,144,-979,-63,992,2026-08-06-00-05-001.csv
426763,845835,-31,24289,37.5,1,1,0.0,0.0,7290,120,-964,-56,973,2026-08-06-00-05-001.csv
427052,846124,-34,24289,37.49,1,1,0.0,0.0,7290,136,-966,-57,978,2026-08-06-00-05-001.csv
427318,846390,-27,24289,37.46,1,1,0.0,0.0,7290,126,-973,-51,983,2026-08-06-00-05-001.csv
427610,846682,-44,24289,37.42,1,1,0.0,0.0,7290,130,-969,-59,980,2026-08-06-00-05-001.csv
427983,847055,-41,24289,37.4,1,1,0.0,0.0,7290,123,-969,-61,979,2026-08-06-00-05-001.csv
428269,847341,-41,24289,37.37,1,1,0.0,0.0,7290,133,-969,-58,980,2026-08-06-00-05-001.csv
428561,847633,-43,24289,37.32,1,1,0.0,0.0,7290,134,-969,-54,980,2026-08-06-00-05-001.csv
428852,847924,-56,24289,37.3,1,1,0.0,0.0,7290,129,-969,-58,979,2026-08-06-00-05-001.csv
429144,848216,-41,24289,37.25,1,1,0.0,0.0,7290,130,-970,-60,980,2026-08-06-00-05-001.csv
429434,848506,-50,24289,37.26,1,1,0.0,0.0,7290,124,-973,-57,983,2026-08-06-00-05-001.csv
429723,848795,-53,24289,37.21,1,1,0.0,0.0,7290,134,-969,-56,980,2026-08-06-00-05-001.csv
430024,849096,-45,24289,37.23,1,1,0.0,0.0,7290,141,-967,-33,978,2026-08-06-00-05-001.csv
430308,849380,-40,24289,37.24,1,1,0.0,0.0,7290,131,-975,-65,986,2026-08-06-00-05-001.csv
430605,849677,-42,24289,37.2,1,1,0.0,0.0,7290,151,-970,-38,982,2026-08-06-00-05-001.csv
430900,849972,-41,24289,37.25,1,1,0.0,0.0,7290,150,-959,-71,973,2026-08-06-00-05-001.csv
431195,850267,-72,24289,37.22,1,1,0.0,0.0,7290,152,-982,-24,994,2026-08-06-00-05-001.csv
434470,853542,-66,24289,37.33,1,1,0.0,0.0,7290,116,-970,-44,978,2026-08-06-00-09.csv
434765,853837,-41,24289,37.33,1,1,0.0,0.0,7290,126,-972,-53,982,2026-08-06-00-09.csv
435065,854137,-46,24289,37.31,1,1,0.0,0.0,7290,117,-974,-62,983,2026-08-06-00-09.csv
435332,854404,-5,24289,37.34,1,1,0.0,0.0,7290,133,-972,-54,982,2026-08-06-00-09.csv
435689,854761,-31,24289,37.32,1,1,0.0,0.0,7290,124,-971,-56,981,2026-08-06-00-09.csv
435980,855052,-29,24289,37.41,1,1,0.0,0.0,7290,118,-970,-59,979,2026-08-06-00-09.csv
436276,855348,-26,24289,37.37,1,1,0.0,0.0,7290,132,-969,-54,980,2026-08-06-00-09.csv
436576,855648,-31,24289,37.36,1,1,0.0,0.0,7290,123,-972,-60,982,2026-08-06-00-09.csv
436877,855949,-31,24289,37.37,1,1,0.0,0.0,7290,124,-969,-58,979,2026-08-06-00-09.csv
437169,856241,-31,24289,37.38,1,1,0.0,0.0,7290,127,-971,-60,981,2026-08-06-00-09.csv
437461,856533,-19,24289,37.38,1,1,0.0,0.0,7290,125,-972,-60,982,2026-08-06-00-09.csv
437761,856833,-22,24289,37.37,1,1,0.0,0.0,7290,123,-972,-58,982,2026-08-06-00-09.csv
438055,857127,-35,24289,37.38,1,1,0.0,0.0,7290,128,-970,-60,980,2026-08-06-00-09.csv
438337,857409,-16,24289,37.4,1,1,0.0,0.0,7290,127,-971,-58,980,2026-08-06-00-09.csv
438633,857705,-17,24289,37.37,1,1,0.0,0.0,7290,126,-969,-57,979,2026-08-06-00-09.csv
438938,858010,-27,24289,37.4,1,1,0.0,0.0,7290,122,-971,-60,980,2026-08-06-00-09.csv
439239,858311,-26,24289,37.39,1,1,0.0,0.0,7290,123,-970,-59,979,2026-08-06-00-09.csv
439544,858616,-19,24289,37.37,1,1,0.0,0.0,7290,125,-970,-56,980,2026-08-06-00-09.csv
439844,858916,-11,24289,37.37,1,1,0.0,0.0,7290,127,-972,-59,982,2026-08-06-00-09.csv
440145,859217,-22,24289,37.38,1,1,0.0,0.0,7290,126,-969,-59,979,2026-08-06-00-09.csv
440515,859587,-20,24289,37.37,1,1,0.0,0.0,7290,124,-970,-57,980,2026-08-06-00-09.csv
440811,859883,-14,24289,37.24,1,1,0.0,0.0,7290,125,-972,-58,981,2026-08-06-00-09.csv
441111,860183,-16,24289,37.34,1,1,0.0,0.0,7290,131,-969,-57,980,2026-08-06-00-09.csv
441381,860453,-10,24289,37.31,1,1,0.0,0.0,7290,128,-971,-57,981,2026-08-06-00-09.csv
441682,860754,-20,24289,37.32,1,1,0.0,0.0,7290,126,-970,-59,979,2026-08-06-00-09.csv
441985,861057,-21,24289,37.31,1,1,0.0,0.0,7290,81,-906,-24,910,2026-08-06-00-09.csv
442287,861359,-15,24289,37.4,1,1,0.0,0.0,7290,134,-987,-53,997,2026-08-06-00-09.csv
442590,861662,-18,24289,37.31,1,1,0.0,0.0,7290,146,-951,-89,966,2026-08-06-00-09.csv
442894,861966,-16,24289,37.35,1,1,0.0,0.0,7290,100,-1003,-11,1008,2026-08-06-00-09.csv
443203,862275,-26,24289,37.36,1,1,0.0,0.0,7290,3,-954,21,955,2026-08-06-00-09.csv
443500,862572,-23,24289,37.33,1,1,0.0,0.0,7290,119,-972,-20,980,2026-08-06-00-09.csv
443803,862875,-19,24289,37.31,1,1,0.0,0.0,7290,178,-964,-38,981,2026-08-06-00-09.csv
444108,863180,-12,24289,37.35,1,1,0.0,0.0,7290,106,-976,-56,984,2026-08-06-00-09.csv
444398,863470,-13,24289,37.38,1,1,0.0,0.0,7290,136,-969,-57,980,2026-08-06-00-09.csv
444705,863777,-14,24289,37.37,1,1,0.0,0.0,7290,112,-977,-38,984,2026-08-06-00-09.csv
445009,864081,-23,24289,37.36,1,1,0.0,0.0,7290,115,-977,-43,985,2026-08-06-00-09.csv
445349,864421,-6,24289,37.44,1,1,0.0,0.0,7290,120,-971,-49,979,2026-08-06-00-09.csv
445652,864724,-21,24289,37.35,1,1,0.0,0.0,7290,108,-968,-50,975,2026-08-06-00-09.csv
445958,865030,-34,24289,37.36,1,1,0.0,0.0,7290,126,-965,-57,975,2026-08-06-00-09.csv
446259,865331,-31,24289,37.35,1,1,0.0,0.0,7290,124,-975,-46,984,2026-08-06-00-09.csv
446561,865633,-45,24289,37.37,1,1,0.0,0.0,7290,100,-973,-51,979,2026-08-06-00-09.csv
446871,865943,-50,24289,37.38,1,1,0.0,0.0,7290,150,-968,-64,981,2026-08-06-00-09.csv
447184,866256,-45,24289,37.35,1,1,0.0,0.0,7290,120,-975,-64,984,2026-08-06-00-09.csv
447487,866559,-46,24289,37.35,1,1,0.0,0.0,7290,117,-978,-65,987,2026-08-06-00-09.csv
447792,866864,-38,24289,37.33,1,1,0.0,0.0,7290,103,-974,-17,980,2026-08-06-00-09.csv
448104,867176,-42,24289,37.32,1,1,0.0,0.0,7290,169,-955,-81,973,2026-08-06-00-09.csv
448411,867483,-25,24289,37.34,1,1,0.0,0.0,7290,138,-968,-48,979,2026-08-06-00-09.csv
448723,867795,-35,24289,37.33,1,1,0.0,0.0,7290,127,-976,-49,986,2026-08-06-00-09.csv
449034,868106,-32,24289,37.3,1,1,0.0,0.0,7290,139,-975,-42,985,2026-08-06-00-09.csv
449324,868396,-31,24289,37.34,1,1,0.0,0.0,7290,133,-971,-55,982,2026-08-06-00-09.csv
449672,868744,-39,24289,37.32,1,1,0.0,0.0,7290,103,-968,-68,976,2026-08-06-00-09.csv
449963,869035,-46,24289,37.33,1,1,0.0,0.0,7290,119,-1012,40,1020,2026-08-06-00-09.csv
450303,869375,-30,24289,37.32,1,1,0.0,0.0,7290,175,-988,1,1004,2026-08-06-00-09.csv
450593,869665,-28,24289,37.3,1,1,0.0,0.0,7290,137,-955,-63,967,2026-08-06-00-09.csv
450876,869948,-28,24289,37.31,1,1,0.0,0.0,7290,132,-976,-44,985,2026-08-06-00-09.csv
451173,870245,-33,24289,37.3,1,1,0.0,0.0,7290,122,-967,-66,977,2026-08-06-00-09.csv
451458,870530,-19,24289,37.3,1,1,0.0,0.0,7290,112,-978,-48,986,2026-08-06-00-09.csv
451742,870814,-33,24289,37.3,1,1,0.0,0.0,7290,138,-968,-58,979,2026-08-06-00-09.csv
452036,871108,-18,24289,37.31,1,1,0.0,0.0,7290,126,-973,-55,983,2026-08-06-00-09.csv
452311,871383,-9,24289,37.25,1,1,0.0,0.0,7290,135,-970,-51,981,2026-08-06-00-09.csv
452599,871671,-22,24289,37.3,1,1,0.0,0.0,7290,114,-969,-51,977,2026-08-06-00-09.csv
452891,871963,-22,24289,37.32,1,1,0.0,0.0,7290,129,-971,-57,981,2026-08-06-00-09.csv
453185,872257,-24,24289,37.26,1,1,0.0,0.0,7290,128,-973,-50,983,2026-08-06-00-09.csv
453476,872548,-32,24289,37.26,1,1,0.0,0.0,7290,132,-971,-60,982,2026-08-06-00-09.csv
453777,872849,-25,24289,37.28,1,1,0.0,0.0,7290,132,-982,-59,992,2026-08-06-00-09.csv
454073,873145,-33,24289,37.28,1,1,0.0,0.0,7290,115,-955,-79,965,2026-08-06-00-09.csv
454346,873418,-18,24289,37.29,1,1,0.0,0.0,7290,123,-955,-43,964,2026-08-06-00-09.csv
454638,873710,-23,24289,37.24,1,1,0.0,0.0,7290,128,-990,-33,999,2026-08-06-00-09.csv
455011,874083,-22,24289,37.29,1,1,0.0,0.0,7290,117,-972,-39,979,2026-08-06-00-09.csv
455296,874368,-15,24289,37.29,1,1,0.0,0.0,7290,139,-978,-38,989,2026-08-06-00-09.csv
455584,874656,-23,24289,37.22,1,1,0.0,0.0,7290,165,-969,-39,984,2026-08-06-00-09.csv
455875,874947,-20,24289,37.24,1,1,0.0,0.0,7290,116,-972,-66,981,2026-08-06-00-09.csv
456170,875242,-22,24289,37.24,1,1,0.0,0.0,7290,127,-972,-46,981,2026-08-06-00-09.csv
456458,875530,-17,24289,37.3,1,1,0.0,0.0,7290,119,-971,-48,979,2026-08-06-00-09.csv
456750,875822,-18,24289,37.3,1,1,0.0,0.0,7290,132,-969,-54,980,2026-08-06-00-09.csv
457045,876117,-24,24289,37.26,1,1,0.0,0.0,7290,126,-973,-54,982,2026-08-06-00-09.csv
457330,876402,-12,24289,37.27,1,1,0.0,0.0,7290,132,-969,-50,979,2026-08-06-00-09.csv
457636,876708,-24,24289,37.26,1,1,0.0,0.0,7290,127,-971,-52,980,2026-08-06-00-09.csv
457933,877005,-16,24289,37.22,1,1,0.0,0.0,7290,129,-972,-54,982,2026-08-06-00-09.csv
458227,877299,-20,24289,37.24,1,1,0.0,0.0,7290,128,-972,-51,981,2026-08-06-00-09.csv
458529,877601,-22,24289,37.27,1,1,0.0,0.0,7290,128,-970,-53,980,2026-08-06-00-09.csv
458824,877896,-19,24289,37.21,1,1,0.0,0.0,7290,128,-972,-53,982,2026-08-06-00-09.csv
459121,878193,-24,24289,37.24,1,1,0.0,0.0,7290,127,-972,-49,981,2026-08-06-00-09.csv
459421,878493,-11,24289,37.25,1,1,0.0,0.0,7290,127,-971,-51,981,2026-08-06-00-09.csv
459788,878860,-19,24289,37.26,1,1,0.0,0.0,7290,128,-971,-51,981,2026-08-06-00-09.csv
460083,879155,-29,24289,37.26,1,1,0.0,0.0,7290,126,-966,-53,976,2026-08-06-00-09.csv
460352,879424,-18,24289,37.23,1,1,0.0,0.0,7290,126,-974,-51,983,2026-08-06-00-09.csv
460646,879718,-29,24289,37.24,1,1,0.0,0.0,7290,128,-970,-55,980,2026-08-06-00-09.csv
460941,880013,-33,24289,37.25,1,1,0.0,0.0,7290,131,-967,-56,978,2026-08-06-00-09.csv
461239,880311,-30,24289,37.22,1,1,0.0,0.0,7290,130,-970,-55,980,2026-08-06-00-09.csv
461546,880618,-33,24289,37.24,1,1,0.0,0.0,7290,128,-968,-52,977,2026-08-06-00-09.csv
461853,880925,-28,24289,37.23,1,1,0.0,0.0,7290,129,-970,-53,980,2026-08-06-00-09.csv
462152,881224,-19,24289,37.21,1,1,0.0,0.0,7290,127,-971,-55,981,2026-08-06-00-09.csv
462448,881520,-30,24289,37.22,1,1,0.0,0.0,7290,126,-971,-54,981,2026-08-06-00-09.csv
462750,881822,-37,24289,37.21,1,1,0.0,0.0,7290,124,-969,-50,979,2026-08-06-00-09.csv
463053,882125,-35,24289,37.23,1,1,0.0,0.0,7290,124,-972,-48,981,2026-08-06-00-09.csv
463330,882402,-17,24289,37.25,1,1,0.0,0.0,7290,123,-970,-49,979,2026-08-06-00-09.csv
463640,882712,-26,24289,37.23,1,1,0.0,0.0,7290,126,-973,-41,982,2026-08-06-00-09.csv
463948,883020,-25,24289,37.25,1,1,0.0,0.0,7290,129,-970,-51,980,2026-08-06-00-09.csv
464253,883325,-27,24289,37.23,1,1,0.0,0.0,7290,119,-970,-48,979,2026-08-06-00-09.csv
464620,883692,-21,24289,37.25,1,1,0.0,0.0,7290,125,-974,-56,983,2026-08-06-00-09.csv
464914,883986,-24,24289,37.24,1,1,0.0,0.0,7290,124,-971,-53,980,2026-08-06-00-09.csv
465211,884283,-20,24289,37.24,1,1,0.0,0.0,7290,133,-969,-51,979,2026-08-06-00-09.csv
465513,884585,-21,24289,37.22,1,1,0.0,0.0,7290,127,-970,-48,980,2026-08-06-00-09.csv
465821,884893,-21,24289,37.24,1,1,0.0,0.0,7290,125,-970,-49,979,2026-08-06-00-09.csv
466128,885200,-21,24289,37.26,1,1,0.0,0.0,7290,130,-974,-50,983,2026-08-06-00-09.csv
466418,885490,-20,24289,37.23,1,1,0.0,0.0,7290,129,-969,-52,979,2026-08-06-00-09.csv
466719,885791,-23,24289,37.24,1,1,0.0,0.0,7290,131,-972,-48,982,2026-08-06-00-09.csv
467022,886094,-19,24289,37.23,1,1,0.0,0.0,7290,128,-970,-51,980,2026-08-06-00-09.csv
467313,886385,-8,24289,37.22,1,1,0.0,0.0,7290,127,-970,-53,979,2026-08-06-00-09.csv
467620,886692,-21,24289,37.26,1,1,0.0,0.0,7290,129,-971,-50,981,2026-08-06-00-09.csv
467930,887002,-19,24289,37.24,1,1,0.0,0.0,7290,127,-970,-57,980,2026-08-06-00-09.csv
468243,887315,-21,24289,37.26,1,1,0.0,0.0,7290,125,-971,-52,980,2026-08-06-00-09.csv
468545,887617,-16,24289,37.23,1,1,0.0,0.0,7290,128,-972,-51,982,2026-08-06-00-09.csv
468854,887926,-15,24289,37.23,1,1,0.0,0.0,7290,127,-972,-50,981,2026-08-06-00-09.csv
469160,888232,-15,24289,37.26,1,1,0.0,0.0,7290,128,-970,-51,980,2026-08-06-00-09.csv
469529,888601,-23,24289,37.23,1,1,0.0,0.0,7290,128,-971,-52,981,2026-08-06-00-09.csv
469831,888903,-16,24289,37.21,1,1,0.0,0.0,7290,132,-970,-62,981,2026-08-06-00-09.csv
470145,889217,-17,24289,37.22,1,1,0.0,0.0,7290,128,-970,-46,979,2026-08-06-00-09.csv
470452,889524,-18,24289,37.22,1,1,0.0,0.0,7290,133,-973,-46,983,2026-08-06-00-09.csv
470759,889831,-12,24289,37.19,1,1,0.0,0.0,7290,122,-970,-50,979,2026-08-06-00-09.csv
471066,890138,-17,24289,37.22,1,1,0.0,0.0,7290,133,-972,-51,982,2026-08-06-00-09.csv
471408,890480,-10,24289,37.22,1,1,0.0,0.0,7290,127,-970,-58,979,2026-08-06-00-09.csv
471693,890765,-13,24289,37.22,1,1,0.0,0.0,7290,126,-973,-57,983,2026-08-06-00-09.csv
471982,891054,-17,24289,37.21,1,1,0.0,0.0,7290,126,-970,-51,979,2026-08-06-00-09.csv
472278,891350,-10,24289,37.21,1,1,0.0,0.0,7290,130,-971,-57,981,2026-08-06-00-09.csv
472565,891637,-14,24289,37.18,1,1,0.0,0.0,7290,126,-969,-54,979,2026-08-06-00-09.csv
472855,891927,-15,24289,37.17,1,1,0.0,0.0,7290,128,-971,-53,981,2026-08-06-00-09.csv
473141,892213,-16,24289,37.18,1,1,0.0,0.0,7290,126,-973,-57,982,2026-08-06-00-09.csv
473429,892501,-19,24289,37.17,1,1,0.0,0.0,7290,131,-970,-56,980,2026-08-06-00-09.csv
473717,892789,-19,24289,37.2,1,1,0.0,0.0,7290,129,-971,-55,981,2026-08-06-00-09.csv
474006,893078,-15,24289,37.19,1,1,0.0,0.0,7290,128,-970,-52,979,2026-08-06-00-09.csv
474334,893406,-3,24289,37.19,1,1,0.0,0.0,7290,129,-972,-55,982,2026-08-06-00-09.csv
474617,893689,-18,24289,37.17,1,1,0.0,0.0,7290,125,-972,-48,982,2026-08-06-00-09.csv
474907,893979,-13,24289,37.19,1,1,0.0,0.0,7290,125,-970,-51,980,2026-08-06-00-09.csv
475197,894269,-16,24289,37.15,1,1,0.0,0.0,7290,131,-970,-52,980,2026-08-06-00-09.csv
475482,894554,-22,24289,37.15,1,1,0.0,0.0,7290,131,-970,-54,980,2026-08-06-00-09.csv
475770,894842,-25,24289,37.15,1,1,0.0,0.0,7290,128,-971,-55,980,2026-08-06-00-09.csv
476068,895140,-21,24289,37.16,1,1,0.0,0.0,7290,133,-972,-54,983,2026-08-06-00-09.csv
476351,895423,-9,24289,37.17,1,1,0.0,0.0,7290,130,-970,-54,980,2026-08-06-00-09.csv
476645,895717,-2,24289,37.16,1,1,0.0,0.0,7290,118,-966,-49,974,2026-08-06-00-09.csv
476939,896011,-3,24289,37.13,1,1,0.0,0.0,7290,123,-972,-45,981,2026-08-06-00-09.csv
477233,896305,-4,24289,37.11,1,1,0.0,0.0,7290,130,-966,-51,977,2026-08-06-00-09.csv
477528,896600,-10,24289,37.11,1,1,0.0,0.0,7290,123,-969,-51,978,2026-08-06-00-09.csv
477821,896893,-7,24289,37.06,1,1,0.0,0.0,7290,129,-970,-52,980,2026-08-06-00-09.csv
478116,897188,-10,24289,37.07,1,1,0.0,0.0,7290,131,-970,-53,980,2026-08-06-00-09.csv
478406,897478,-1,24289,37.07,1,1,0.0,0.0,7290,124,-972,-55,981,2026-08-06-00-09.csv
478709,897781,-12,24289,37.06,1,1,0.0,0.0,7290,131,-971,-56,982,2026-08-06-00-09.csv
479073,898145,-10,24289,37.04,1,1,0.0,0.0,7290,129,-967,-51,977,2026-08-06-00-09.csv
479347,898419,5,24289,37.05,1,1,0.0,0.0,7290,122,-972,-53,981,2026-08-06-00-09.csv
479636,898708,-12,24289,37.03,1,1,0.0,0.0,7290,141,-973,-49,984,2026-08-06-00-09.csv
479930,899002,-8,24289,37.01,1,1,0.0,0.0,7290,128,-970,-51,979,2026-08-06-00-09.csv
480232,899304,-17,24289,36.99,1,1,0.0,0.0,7290,122,-974,-48,983,2026-08-06-00-09.csv
480530,899602,-9,24289,36.99,1,1,0.0,0.0,7290,133,-970,-55,981,2026-08-06-00-09.csv
480827,899899,-13,24289,36.98,1,1,0.0,0.0,7290,129,-971,-54,981,2026-08-06-00-09.csv
481128,900200,-13,24289,36.98,1,1,0.0,0.0,7290,126,-970,-55,979,2026-08-06-00-09.csv
481424,900496,-10,24289,36.97,1,1,0.0,0.0,7290,128,-970,-52,980,2026-08-06-00-09.csv
481722,900794,-14,24289,36.94,1,1,0.0,0.0,7290,123,-969,-57,978,2026-08-06-00-09.csv
482022,901094,-12,24289,36.95,1,1,0.0,0.0,7290,131,-972,-52,982,2026-08-06-00-09.csv
482324,901396,-3,24289,36.95,1,1,0.0,0.0,7290,133,-971,-56,981,2026-08-06-00-09.csv
482626,901698,-11,24289,36.91,1,1,0.0,0.0,7290,118,-971,-57,980,2026-08-06-00-09.csv
482933,902005,-7,24289,36.95,1,1,0.0,0.0,7290,134,-969,-51,979,2026-08-06-00-09.csv
483234,902306,-10,24289,36.9,1,1,0.0,0.0,7290,129,-970,-53,980,2026-08-06-00-09.csv
483537,902609,-11,24289,36.89,1,1,0.0,0.0,7290,125,-970,-57,980,2026-08-06-00-09.csv
483900,902972,-17,24289,36.92,1,1,0.0,0.0,7290,129,-972,-48,982,2026-08-06-00-09.csv
484194,903266,-14,24289,36.92,1,1,0.0,0.0,7290,120,-971,-51,980,2026-08-06-00-09.csv
484497,903569,-9,24289,36.94,1,1,0.0,0.0,7290,130,-969,-56,980,2026-08-06-00-09.csv
484800,903872,-11,24289,36.88,1,1,0.0,0.0,7290,134,-969,-55,980,2026-08-06-00-09.csv
485103,904175,-13,24289,36.85,1,1,0.0,0.0,7290,124,-971,-57,980,2026-08-06-00-09.csv
485405,904477,-4,24289,36.89,1,1,0.0,0.0,7290,130,-971,-55,981,2026-08-06-00-09.csv
485711,904783,-11,24289,36.81,1,1,0.0,0.0,7290,130,-969,-54,979,2026-08-06-00-09.csv
486014,905086,-14,24289,36.82,1,1,0.0,0.0,7290,124,-971,-56,980,2026-08-06-00-09.csv
486320,905392,-5,24289,36.86,1,1,0.0,0.0,7290,133,-968,-62,979,2026-08-06-00-09.csv
486627,905699,-14,24289,36.82,1,1,0.0,0.0,7290,128,-970,-54,980,2026-08-06-00-09.csv
486931,906003,-14,24289,36.79,1,1,0.0,0.0,7290,128,-969,-61,980,2026-08-06-00-09.csv
487240,906312,-18,24289,36.83,1,1,0.0,0.0,7290,128,-972,-50,981,2026-08-06-00-09.csv
487546,906618,-11,24289,36.78,1,1,0.0,0.0,7290,129,-970,-53,980,2026-08-06-00-09.csv
487849,906921,-19,24289,36.79,1,1,0.0,0.0,7290,127,-972,-50,982,2026-08-06-00-09.csv
488160,907232,-20,24289,36.79,1,1,0.0,0.0,7290,128,-971,-53,981,2026-08-06-00-09.csv
488467,907539,-16,24289,36.8,1,1,0.0,0.0,7290,129,-971,-56,981,2026-08-06-00-09.csv
488838,907910,-20,24289,36.81,1,1,0.0,0.0,7290,128,-970,-56,980,2026-08-06-00-09.csv
489143,908215,-20,24289,36.79,1,1,0.0,0.0,7290,130,-970,-52,980,2026-08-06-00-09.csv
489450,908522,-14,24289,36.78,1,1,0.0,0.0,7290,128,-972,-53,982,2026-08-06-00-09.csv
489754,908826,-18,24289,36.79,1,1,0.0,0.0,7290,127,-970,-56,980,2026-08-06-00-09.csv
490059,909131,-11,24289,36.83,1,1,0.0,0.0,7290,125,-970,-55,979,2026-08-06-00-09.csv
490362,909434,0,24289,36.79,1,1,0.0,0.0,7290,130,-970,-53,980,2026-08-06-00-09.csv
490670,909742,-8,24289,36.79,1,1,0.0,0.0,7290,128,-971,-50,981,2026-08-06-00-09.csv
490976,910048,-18,24289,36.81,1,1,0.0,0.0,7290,128,-970,-54,980,2026-08-06-00-09.csv
491280,910352,-14,24289,36.83,1,1,0.0,0.0,7290,126,-971,-52,981,2026-08-06-00-09.csv
491595,910667,-7,24289,36.82,1,1,0.0,0.0,7290,129,-971,-50,980,2026-08-06-00-09.csv
491903,910975,-14,24289,36.86,1,1,0.0,0.0,7290,126,-970,-56,980,2026-08-06-00-09.csv
492216,911288,-2,24289,36.84,1,1,0.0,0.0,7290,136,-971,-51,981,2026-08-06-00-09.csv
492531,911603,0,24289,36.89,1,1,0.0,0.0,7290,130,-970,-52,980,2026-08-06-00-09.csv
492848,911920,-6,24289,36.85,1,1,0.0,0.0,7290,132,-972,-52,983,2026-08-06-00-09.csv
493198,912270,-5,24289,36.87,1,1,0.0,0.0,7290,131,-973,-42,983,2026-08-06-00-09.csv
493489,912561,-14,24289,36.87,1,1,0.0,0.0,7290,124,-970,-54,979,2026-08-06-00-09.csv
493845,912917,-16,24289,36.85,1,1,0.0,0.0,7290,127,-970,-55,980,2026-08-06-00-09.csv
494129,913201,-13,24289,36.85,1,1,0.0,0.0,7290,130,-969,-60,980,2026-08-06-00-09.csv
494412,913484,-6,24289,36.88,1,1,0.0,0.0,7290,125,-969,-56,979,2026-08-06-00-09.csv
494698,913770,-11,24289,36.87,1,1,0.0,0.0,7290,128,-969,-54,979,2026-08-06-00-09.csv
494988,914060,-20,24289,36.88,1,1,0.0,0.0,7290,129,-970,-51,980,2026-08-06-00-09.csv
495275,914347,-16,24289,36.9,1,1,0.0,0.0,7290,123,-976,-30,984,2026-08-06-00-09.csv
495561,914633,-10,24289,36.89,1,1,0.0,0.0,7290,131,-969,-50,979,2026-08-06-00-09.csv
495855,914927,-14,24289,36.9,1,1,0.0,0.0,7290,123,-973,-39,982,2026-08-06-00-09.csv
496153,915225,-17,24289,36.9,1,1,0.0,0.0,7290,129,-971,-55,981,2026-08-06-00-09.csv
496443,915515,-11,24289,36.89,1,1,0.0,0.0,7290,134,-971,-49,981,2026-08-06-00-09.csv
496740,915812,-15,24289,36.87,1,1,0.0,0.0,7290,119,-970,-60,979,2026-08-06-00-09.csv
497032,916104,-18,24289,36.91,1,1,0.0,0.0,7290,134,-968,-55,979,2026-08-06-00-09.csv
497324,916396,-7,24289,36.89,1,1,0.0,0.0,7290,122,-971,-57,981,2026-08-06-00-09.csv
497614,916686,-6,24289,36.9,1,1,0.0,0.0,7290,130,-966,-65,977,2026-08-06-00-09.csv
497911,916983,1,24289,36.85,1,1,0.0,0.0,7290,123,-972,-49,981,2026-08-06-00-09.csv
498205,917277,0,24289,36.87,1,1,0.0,0.0,7290,123,-970,-53,979,2026-08-06-00-09.csv
498563,917635,-7,24289,36.88,1,1,0.0,0.0,7290,117,-971,-59,980,2026-08-06-00-09.csv
498858,917930,-7,24289,36.9,1,1,0.0,0.0,7290,134,-968,-68,979,2026-08-06-00-09.csv
499148,918220,-9,24289,36.88,1,1,0.0,0.0,7290,133,-966,-63,977,2026-08-06-00-09.csv
499433,918505,-2,24289,36.88,1,1,0.0,0.0,7290,127,-973,-45,982,2026-08-06-00-09.csv
499726,918798,-3,24289,36.88,1,1,0.0,0.0,7290,121,-970,-44,978,2026-08-06-00-09.csv
500032,919104,-5,24289,36.87,1,1,0.0,0.0,7290,128,-973,-52,983,2026-08-06-00-09.csv
500321,919393,0,24289,36.85,1,1,0.0,0.0,7290,131,-971,-52,981,2026-08-06-00-09.csv
500613,919685,4,24289,36.84,1,1,0.0,0.0,7290,117,-979,-42,987,2026-08-06-00-09.csv
500906,919978,-2,24289,36.84,1,1,0.0,0.0,7290,127,-979,-43,988,2026-08-06-00-09.csv
501201,920273,-2,24289,36.83,1,1,0.0,0.0,7290,134,-963,-81,976,2026-08-06-00-09.csv
501500,920572,1,24289,36.83,1,1,0.0,0.0,7290,118,-975,-35,982,2026-08-06-00-09.csv
501795,920867,-2,24289,36.87,1,1,0.0,0.0,7290,124,-974,-45,983,2026-08-06-00-09.csv
502101,921173,-6,24289,36.85,1,1,0.0,0.0,7290,129,-975,-45,984,2026-08-06-00-09.csv
502386,921458,9,24289,36.85,1,1,0.0,0.0,7290,137,-969,-53,980,2026-08-06-00-09.csv
502686,921758,2,24289,36.87,1,1,0.0,0.0,7290,126,-970,-54,980,2026-08-06-00-09.csv
502987,922059,-4,24289,36.86,1,1,0.0,0.0,7290,121,-972,-50,980,2026-08-06-00-09.csv
503342,922414,4,24289,36.88,1,1,0.0,0.0,7290,122,-973,-50,982,2026-08-06-00-09.csv
503634,922706,5,24289,36.86,1,1,0.0,0.0,7290,130,-974,-42,984,2026-08-06-00-09.csv
503927,922999,7,24289,36.88,1,1,0.0,0.0,7290,126,-971,-55,981,2026-08-06-00-09.csv
504229,923301,-2,24289,36.85,1,1,0.0,0.0,7290,131,-970,-58,981,2026-08-06-00-09.csv
504530,923602,3,24289,36.85,1,1,0.0,0.0,7290,126,-969,-69,980,2026-08-06-00-09.csv
504826,923898,0,24289,36.89,1,1,0.0,0.0,7290,124,-969,-54,978,2026-08-06-00-09.csv
505125,924197,0,24289,36.87,1,1,0.0,0.0,7290,113,-965,-59,974,2026-08-06-00-09.csv
505418,924490,3,24289,36.88,1,1,0.0,0.0,7290,126,-972,-26,981,2026-08-06-00-09.csv
505721,924793,-2,24289,36.87,1,1,0.0,0.0,7290,135,-969,-48,980,2026-08-06-00-09.csv
506018,925090,-2,24289,36.83,1,1,0.0,0.0,7290,120,-976,-64,985,2026-08-06-00-09.csv
506327,925399,-2,24289,36.82,1,1,0.0,0.0,7290,139,-963,-49,974,2026-08-06-00-09.csv
506629,925701,-1,24289,36.82,1,1,0.0,0.0,7290,130,-964,-57,975,2026-08-06-00-09.csv
506933,926005,4,24289,36.8,1,1,0.0,0.0,7290,135,-974,-56,985,2026-08-06-00-09.csv
507240,926312,6,24289,36.82,1,1,0.0,0.0,7290,126,-976,-50,985,2026-08-06-00-09.csv
507544,926616,-9,24289,36.78,1,1,0.0,0.0,7290,142,-962,-67,975,2026-08-06-00-09.csv
507845,926917,-11,24289,36.76,1,1,0.0,0.0,7290,123,-977,-45,985,2026-08-06-00-09.csv
508217,927289,-12,24289,36.76,1,1,0.0,0.0,7290,130,-975,-59,986,2026-08-06-00-09.csv
508522,927594,-12,24289,36.75,1,1,0.0,0.0,7290,127,-974,-59,984,2026-08-06-00-09.csv
508825,927897,-14,24289,36.73,1,1,0.0,0.0,7290,131,-969,-54,980,2026-08-06-00-09.csv
509130,928202,-9,24289,36.75,1,1,0.0,0.0,7290,129,-970,-55,980,2026-08-06-00-09.csv
509430,928502,-3,24289,36.76,1,1,0.0,0.0,7290,126,-971,-52,981,2026-08-06-00-09.csv
509732,928804,-14,24289,36.72,1,1,0.0,0.0,7290,131,-973,-50,983,2026-08-06-00-09.csv
510037,929109,-10,24289,36.74,1,1,0.0,0.0,7290,129,-969,-52,979,2026-08-06-00-09.csv
510335,929407,-3,24289,36.8,1,1,0.0,0.0,7290,127,-969,-52,979,2026-08-06-00-09.csv
510643,929715,0,24289,36.76,1,1,0.0,0.0,7290,128,-969,-53,979,2026-08-06-00-09.csv
510951,930023,2,24289,36.79,1,1,0.0,0.0,7290,124,-972,-46,980,2026-08-06-00-09.csv
511258,930330,6,24289,36.76,1,1,0.0,0.0,7290,126,-971,-47,980,2026-08-06-00-09.csv
511562,930634,3,24289,36.76,1,1,0.0,0.0,7290,127,-969,-56,979,2026-08-06-00-09.csv
511868,930940,5,24289,36.78,1,1,0.0,0.0,7290,130,-974,-64,985,2026-08-06-00-09.csv
512175,931247,-2,24289,36.79,1,1,0.0,0.0,7290,130,-970,-53,980,2026-08-06-00-09.csv
512485,931557,-4,24289,36.79,1,1,0.0,0.0,7290,131,-971,-55,982,2026-08-06-00-09.csv
512799,931871,-4,24289,36.79,1,1,0.0,0.0,7290,127,-970,-59,980,2026-08-06-00-09.csv
513171,932243,-1,24289,36.79,1,1,0.0,0.0,7290,132,-972,-57,982,2026-08-06-00-09.csv
513480,932552,-3,24289,36.83,1,1,0.0,0.0,7290,130,-972,-54,982,2026-08-06-00-09.csv
513788,932860,1,24289,36.81,1,1,0.0,0.0,7290,127,-972,-55,982,2026-08-06-00-09.csv
514098,933170,-1,24289,36.8,1,1,0.0,0.0,7290,127,-971,-50,980,2026-08-06-00-09.csv
514396,933468,4,24289,36.8,1,1,0.0,0.0,7290,136,-971,-55,982,2026-08-06-00-09.csv
514702,933774,-2,24289,36.8,1,1,0.0,0.0,7290,125,-969,-61,979,2026-08-06-00-09.csv
515060,934132,-4,24289,36.78,1,1,0.0,0.0,7290,130,-968,-55,979,2026-08-06-00-09.csv
515346,934418,9,24289,36.77,1,1,0.0,0.0,7290,129,-970,-56,980,2026-08-06-00-09.csv
515637,934709,-3,24289,36.79,1,1,0.0,0.0,7290,124,-976,-52,985,2026-08-06-00-09.csv
515923,934995,-8,24289,36.79,1,1,0.0,0.0,7290,134,-964,-56,975,2026-08-06-00-09.csv
516216,935288,-3,24289,36.81,1,1,0.0,0.0,7290,127,-971,-58,981,2026-08-06-00-09.csv
516508,935580,1,24289,36.81,1,1,0.0,0.0,7290,128,-974,-49,983,2026-08-06-00-09.csv
516799,935871,1,24289,36.79,1,1,0.0,0.0,7290,131,-971,-53,981,2026-08-06-00-09.csv
517094,936166,-6,24289,36.83,1,1,0.0,0.0,7290,132,-970,-61,981,2026-08-06-00-09.csv
517381,936453,4,24289,36.78,1,1,0.0,0.0,7290,126,-970,-59,980,2026-08-06-00-09.csv
517674,936746,-7,24289,36.79,1,1,0.0,0.0,7290,121,-973,-54,982,2026-08-06-00-09.csv
518030,937102,5,24289,36.78,1,1,0.0,0.0,7290,132,-969,-61,980,2026-08-06-00-09.csv
518318,937390,-2,24289,36.81,1,1,0.0,0.0,7290,135,-973,-46,984,2026-08-06-00-09.csv
518603,937675,-8,24289,36.79,1,1,0.0,0.0,7290,129,-969,-55,979,2026-08-06-00-09.csv
518907,937979,-2,24289,36.73,1,1,0.0,0.0,7290,124,-972,-50,981,2026-08-06-00-09.csv
519203,938275,-1,24289,36.79,1,1,0.0,0.0,7290,115,-985,-23,992,2026-08-06-00-09.csv
519495,938567,0,24289,36.81,1,1,0.0,0.0,7290,126,-967,-39,976,2026-08-06-00-09.csv
519782,938854,-4,24289,36.81,1,1,0.0,0.0,7290,126,-968,-58,978,2026-08-06-00-09.csv
520075,939147,4,24289,36.79,1,1,0.0,0.0,7290,127,-961,-51,971,2026-08-06-00-09.csv
520367,939439,13,24289,36.76,1,1,0.0,0.0,7290,128,-970,-63,980,2026-08-06-00-09.csv
520657,939729,5,24289,36.76,1,1,0.0,0.0,7290,149,-957,-105,974,2026-08-06-00-09.csv
520949,940021,5,24289,36.71,1,1,0.0,0.0,7290,120,-960,-16,968,2026-08-06-00-09.csv
521250,940322,5,24289,36.68,1,1,0.0,0.0,7290,123,-968,-43,977,2026-08-06-00-09.csv
521544,940616,6,24289,36.65,1,1,0.0,0.0,7290,129,-971,-53,981,2026-08-06-00-09.csv
521839,940911,0,24289,36.59,1,1,0.0,0.0,7290,137,-967,-81,980,2026-08-06-00-09.csv
522133,941205,4,24289,36.58,1,1,0.0,0.0,7290,121,-975,-50,984,2026-08-06-00-09.csv
522432,941504,1,24289,36.56,1,1,0.0,0.0,7290,126,-964,-53,974,2026-08-06-00-09.csv
522790,941862,-13,24289,36.55,1,1,0.0,0.0,7290,132,-967,-62,978,2026-08-06-00-09.csv
523086,942158,-14,24289,36.54,1,1,0.0,0.0,7290,124,-965,-76,976,2026-08-06-00-09.csv
523386,942458,4,24289,36.51,1,1,0.0,0.0,7290,133,-966,-62,977,2026-08-06-00-09.csv
523679,942751,-8,24289,36.52,1,1,0.0,0.0,7290,122,-967,-41,975,2026-08-06-00-09.csv
523975,943047,-10,24289,36.51,1,1,0.0,0.0,7290,132,-973,-44,983,2026-08-06-00-09.csv
524275,943347,-6,24289,36.53,1,1,0.0,0.0,7290,122,-964,-75,974,2026-08-06-00-09.csv
524574,943646,-6,24289,36.52,1,1,0.0,0.0,7290,135,-959,-47,970,2026-08-06-00-09.csv
524874,943946,-9,24289,36.51,1,1,0.0,0.0,7290,125,-971,-47,980,2026-08-06-00-09.csv
525173,944245,-7,24289,36.52,1,1,0.0,0.0,7290,105,-977,-79,985,2026-08-06-00-09.csv
525482,944554,-7,24289,36.51,1,1,0.0,0.0,7290,125,-973,-46,982,2026-08-06-00-09.csv
525782,944854,-10,24289,36.52,1,1,0.0,0.0,7290,125,-965,-59,975,2026-08-06-00-09.csv
526090,945162,-8,24289,36.52,1,1,0.0,0.0,7290,238,-977,-41,1006,2026-08-06-00-09.csv
526394,945466,4,24289,36.54,1,1,0.0,0.0,7290,136,-983,-72,995,2026-08-06-00-09.csv
526695,945767,-10,24289,36.55,1,1,0.0,0.0,7290,138,-963,-66,975,2026-08-06-00-09.csv
527003,946075,-5,24289,36.56,1,1,0.0,0.0,7290,131,-966,-56,977,2026-08-06-00-09.csv
527303,946375,0,24289,36.58,1,1,0.0,0.0,7290,128,-973,-44,982,2026-08-06-00-09.csv
527672,946744,-3,24289,36.6,1,1,0.0,0.0,7290,140,-967,-56,978,2026-08-06-00-09.csv
527973,947045,-2,24289,36.61,1,1,0.0,0.0,7290,147,-976,-57,988,2026-08-06-00-09.csv
528281,947353,6,24289,36.61,1,1,0.0,0.0,7290,139,-962,-66,974,2026-08-06-00-09.csv
528590,947662,-4,24289,36.6,1,1,0.0,0.0,7290,133,-974,-41,984,2026-08-06-00-09.csv
528889,947961,-3,24289,36.63,1,1,0.0,0.0,7290,101,-966,-84,975,2026-08-06-00-09.csv
529188,948260,-6,24289,36.63,1,1,0.0,0.0,7290,96,-979,-56,985,2026-08-06-00-09.csv
529488,948560,-8,24289,36.63,1,1,0.0,0.0,7290,123,-953,-48,962,2026-08-06-00-09.csv
529797,948869,-2,24289,36.63,1,1,0.0,0.0,7291,126,-984,-80,995,2026-08-06-00-09.csv
530098,949170,-5,24289,36.64,1,1,0.0,0.0,7291,84,-995,49,1000,2026-08-06-00-09.csv
530392,949464,5,24289,36.65,1,1,0.0,0.0,7291,159,-957,-109,976,2026-08-06-00-09.csv
530702,949774,-21,24289,36.67,1,1,0.44,4.6,7292,89,-996,-20,1000,2026-08-06-00-09.csv
531015,950087,-16,24289,36.67,1,1,0.44,4.6,7292,137,-960,-71,972,2026-08-06-00-09.csv
531314,950386,-13,24289,36.7,1,1,0.44,4.6,7292,123,-964,-38,973,2026-08-06-00-09.csv
531620,950692,-23,24289,36.69,1,1,0.44,4.6,7292,142,-970,-63,982,2026-08-06-00-09.csv
531931,951003,-14,24289,36.69,1,1,0.44,4.6,7292,139,-961,-40,971,2026-08-06-00-09.csv
532240,951312,-19,24289,36.71,1,1,0.44,4.6,7292,143,-954,-114,972,2026-08-06-00-09.csv
532605,951677,-22,24289,36.72,1,1,0.44,4.6,7292,143,-968,-54,980,2026-08-06-00-09.csv
532909,951981,-14,24289,36.74,1,1,0.0,0.0,7292,132,-970,-53,981,2026-08-06-00-09.csv
533209,952281,-15,24289,36.73,1,1,0.0,0.0,7292,116,-961,-52,970,2026-08-06-00-09.csv
533515,952587,-16,24289,36.75,1,1,0.0,0.0,7292,125,-977,-52,987,2026-08-06-00-09.csv
533824,952896,-18,24289,36.76,1,1,0.0,0.0,7292,139,-974,-55,985,2026-08-06-00-09.csv
534135,953207,-18,24289,36.77,1,1,0.0,0.0,7292,137,-961,-58,972,2026-08-06-00-09.csv
534441,953513,-12,24289,36.75,1,1,0.0,0.0,7292,150,-956,-90,972,2026-08-06-00-09.csv
534755,953827,-13,24289,36.76,1,1,0.0,0.0,7292,123,-975,-34,983,2026-08-06-00-09.csv
535066,954138,-23,24289,36.78,1,1,0.0,0.0,7292,131,-969,-52,979,2026-08-06-00-09.csv
535371,954443,-6,24289,36.77,1,1,0.0,0.0,7292,135,-964,-54,974,2026-08-06-00-09.csv
535680,954752,-18,24289,36.78,1,1,0.0,0.0,7292,127,-973,-57,983,2026-08-06-00-09.csv
535989,955061,-20,24289,36.79,1,1,0.0,0.0,7292,127,-971,-51,981,2026-08-06-00-09.csv
536304,955376,-9,24289,36.79,1,1,0.0,0.0,7292,135,-969,-61,981,2026-08-06-00-09.csv
536652,955724,-13,24289,36.79,1,1,0.0,0.0,7292,128,-972,-56,982,2026-08-06-00-09.csv
536940,956012,-22,24289,36.78,1,1,0.0,0.0,7292,131,-971,-56,982,2026-08-06-00-09.csv
537229,956301,-23,24289,36.79,1,1,0.0,0.0,7292,133,-968,-55,979,2026-08-06-00-09.csv
537586,956658,-22,24289,36.82,1,1,0.0,0.0,7292,124,-972,-57,981,2026-08-06-00-09.csv
537874,956946,-23,24289,36.81,1,1,0.0,0.0,7292,120,-972,-60,981,2026-08-06-00-09.csv
538158,957230,-18,24289,36.81,1,1,0.0,0.0,7292,125,-971,-57,981,2026-08-06-00-09.csv
538453,957525,0,24289,36.79,1,1,0.0,0.0,7292,124,-970,-57,980,2026-08-06-00-09.csv
538748,957820,2,24289,36.81,1,1,0.0,0.0,7292,123,-973,-61,983,2026-08-06-00-09.csv
539036,958108,-4,24289,36.81,1,1,0.0,0.0,7292,117,-974,-48,982,2026-08-06-00-09.csv
539323,958395,-7,24289,36.8,1,1,0.0,0.0,7293,131,-976,-65,987,2026-08-06-00-09.csv
539616,958688,-2,24289,36.81,1,1,0.0,0.0,7293,119,-966,-53,975,2026-08-06-00-09.csv
539909,958981,-1,24289,36.82,1,1,0.0,0.0,7293,126,-975,-69,986,2026-08-06-00-09.csv
540205,959277,-4,24289,36.83,1,1,0.64,6.7,7294,121,-969,-70,979,2026-08-06-00-09.csv
540503,959575,-9,24289,36.82,1,1,0.64,6.7,7294,131,-971,-55,982,2026-08-06-00-09.csv
540799,959871,-2,24289,36.82,1,1,0.81,8.4,7295,132,-965,-63,976,2026-08-06-00-09.csv
541092,960164,-11,24289,36.83,1,1,0.81,8.4,7295,128,-976,-59,986,2026-08-06-00-09.csv
541386,960458,9,24289,36.83,1,1,0.9,9.4,7296,127,-972,-47,982,2026-08-06-00-09.csv
541682,960754,77,24289,36.83,1,1,0.92,9.7,7297,135,-961,-68,973,2026-08-06-00-09.csv
541979,961051,1534,24289,36.81,1,1,0.92,9.7,7297,116,-972,-67,981,2026-08-06-00-09.csv
542332,961404,4798,24289,36.86,1,1,0.97,10.2,7298,114,-962,-78,971,2026-08-06-00-09.csv
542629,961701,-5,24289,36.83,1,1,1.15,12.0,7299,135,-976,-74,988,2026-08-06-00-09.csv
542920,961992,-16,24289,36.84,1,1,1.52,15.9,7300,127,-978,-48,987,2026-08-06-00-09.csv
543212,962284,-15,24289,36.84,1,1,1.52,15.9,7300,139,-963,-61,974,2026-08-06-00-09.csv
543509,962581,46,24289,36.83,1,1,1.34,14.0,7301,127,-1002,-61,1012,2026-08-06-00-09.csv
543806,962878,552,24289,36.81,1,1,1.32,13.8,7302,120,-955,-67,964,2026-08-06-00-09.csv
544099,963171,846,24289,36.84,1,1,1.41,14.7,7303,124,-978,-72,988,2026-08-06-00-09.csv
544400,963472,2728,24289,36.81,1,1,1.59,16.6,7304,99,-977,-66,985,2026-08-06-00-09.csv
544697,963769,4408,24289,36.83,1,1,1.77,18.5,7305,106,-971,-86,980,2026-08-06-00-09.csv
544997,964069,4689,24289,36.81,1,1,2.14,22.3,7307,129,-977,-97,990,2026-08-06-00-09.csv
545303,964375,4726,24289,36.85,1,1,2.51,26.2,7308,103,-970,-90,980,2026-08-06-00-09.csv
545604,964676,4663,24289,36.82,1,1,2.75,28.7,7310,112,-961,-66,970,2026-08-06-00-09.csv
545900,964972,5107,24289,36.83,1,1,2.81,29.4,7312,130,-979,-75,991,2026-08-06-00-09.csv
546198,965270,8326,24289,36.83,1,1,3.92,40.9,7314,90,-1005,-64,1011,2026-08-06-00-09.csv
546507,965579,12277,24289,36.85,1,1,3.8,39.7,7317,123,-985,-100,998,2026-08-06-00-09.csv
546814,965886,17820,24289,36.83,1,1,4.37,45.6,7320,120,-953,-133,970,2026-08-06-00-09.csv
547175,966247,22432,24289,36.79,1,1,3.79,39.6,7323,97,-965,-160,983,2026-08-06-00-09.csv
547473,966545,24439,24289,36.84,1,1,5.76,60.2,7326,49,-964,-52,966,2026-08-06-00-09.csv
547770,966842,24520,24289,36.81,1,1,6.48,67.7,7330,142,-935,-185,964,2026-08-06-00-09.csv
548068,967140,24520,24289,36.78,1,1,5.84,60.9,7334,99,-995,-71,1002,2026-08-06-00-09.csv
548362,967434,24520,24289,36.82,1,1,6.49,67.8,7338,149,-1008,-149,1030,2026-08-06-00-09.csv
548665,967737,24444,24289,36.81,1,1,8.84,92.3,7344,87,-895,-183,917,2026-08-06-00-09.csv
548973,968045,24314,24289,36.8,1,1,8.06,84.2,7349,74,-1023,-129,1033,2026-08-06-00-09.csv
549283,968355,24348,24289,36.83,1,1,8.84,92.3,7355,124,-990,-158,1010,2026-08-06-00-09.csv
549590,968662,23926,24289,36.81,1,1,9.42,98.4,7361,36,-1032,-20,1033,2026-08-06-00-09.csv
549890,968962,21477,24289,36.79,1,1,9.94,103.8,7367,126,-714,-81,729,2026-08-06-00-09.csv
550197,969269,20549,24289,36.82,1,1,10.71,111.8,7374,46,-1008,-128,1017,2026-08-06-00-09.csv
550497,969569,20497,24289,36.81,1,1,11.1,115.9,7381,108,-1057,-52,1064,2026-08-06-00-09.csv
550801,969873,19733,24289,36.8,1,1,11.56,120.7,7388,65,-836,-122,848,2026-08-06-00-09.csv
551113,970185,16251,24289,36.81,1,1,12.2,127.4,7396,98,-909,-174,930,2026-08-06-00-09.csv
551413,970485,15444,24289,36.79,1,1,12.56,131.1,7404,113,-976,-89,987,2026-08-06-00-09.csv
551719,970791,14337,24289,36.76,1,1,12.9,134.7,7412,119,-989,-288,1037,2026-08-06-00-09.csv
552087,971159,13693,24289,36.79,1,1,12.4,129.5,7422,194,-826,-156,862,2026-08-06-00-09.csv
552385,971457,13777,24289,36.79,1,1,13.44,140.3,7430,114,-940,-209,970,2026-08-06-00-09.csv
552686,971758,13405,24289,36.79,1,1,13.9,145.2,7439,68,-1020,-113,1028,2026-08-06-00-09.csv
552989,972061,9856,24289,36.79,1,1,14.08,147.1,7448,91,-966,-3,970,2026-08-06-00-09.csv
553301,972373,10116,24289,36.84,1,1,14.36,150.0,7457,195,-1033,-61,1053,2026-08-06-00-09.csv
553614,972686,2790,24289,36.78,1,1,14.78,154.3,7467,96,-1001,-314,1054,2026-08-06-00-09.csv
553918,972990,5590,24289,36.77,1,1,13.07,136.5,7475,271,-887,-137,937,2026-08-06-00-09.csv
554222,973294,9766,24289,36.79,1,1,14.96,156.3,7485,116,-1116,-94,1126,2026-08-06-00-09.csv
554526,973598,10241,24289,36.78,1,1,13.35,139.4,7493,43,-859,-12,860,2026-08-06-00-09.csv
554836,973908,9992,24289,36.75,1,1,15.44,161.3,7503,151,-774,53,791,2026-08-06-00-09.csv
555143,974215,8098,24289,36.75,1,1,15.65,163.4,7513,191,-983,-153,1013,2026-08-06-00-09.csv
555459,974531,5844,24289,36.78,1,1,14.42,150.6,7523,161,-964,-244,1007,2026-08-06-00-09.csv
555774,974846,9697,24289,36.79,1,1,15.6,162.9,7533,116,-862,-112,876,2026-08-06-00-09.csv
556085,975157,14157,24289,36.79,1,1,15.65,163.4,7543,133,-904,-229,942,2026-08-06-00-09.csv
556388,975460,10472,24289,36.79,1,1,14.04,146.6,7552,160,-820,-149,849,2026-08-06-00-09.csv
556696,975768,5346,24289,36.8,1,1,15.7,163.9,7562,113,-994,-18,1001,2026-08-06-00-09.csv
557072,976144,92,24289,36.8,1,1,14.58,152.3,7574,64,-937,-37,940,2026-08-06-00-09.csv
557368,976440,4,24289,36.82,1,1,14.76,154.1,7583,286,-895,-383,1014,2026-08-06-00-09.csv
557683,976755,9,24289,36.82,1,1,14.51,151.5,7592,86,-1033,-136,1045,2026-08-06-00-09.csv
557995,977067,61,24289,36.85,1,1,14.29,149.3,7602,96,-951,-29,956,2026-08-06-00-09.csv
558298,977370,176,24289,36.87,1,1,13.73,143.4,7610,176,-731,-130,763,2026-08-06-00-09.csv
558647,977719,165,24289,36.86,1,1,12.38,129.3,7619,144,-864,-108,883,2026-08-06-00-09.csv
558932,978004,0,24289,36.87,1,1,13.16,137.5,7627,63,-1090,-214,1112,2026-08-06-00-09.csv
559221,978293,-88,24289,36.86,1,1,12.9,134.7,7635,167,-706,40,727,2026-08-06-00-09.csv
559510,978582,-58,24289,36.86,1,1,12.81,133.8,7643,135,-1062,-122,1077,2026-08-06-00-09.csv
559812,978884,-87,24289,36.85,1,1,12.73,132.9,7651,210,-1004,-126,1034,2026-08-06-00-09.csv
560101,979173,-79,24289,36.87,1,1,12.46,130.1,7658,149,-862,-81,878,2026-08-06-00-09.csv
560380,979452,269,24289,36.9,1,1,12.6,131.6,7666,166,-852,-109,875,2026-08-06-00-09.csv
560668,979740,341,24289,36.87,1,1,12.32,128.7,7673,222,-1012,-238,1063,2026-08-06-00-09.csv
560962,980034,1224,24289,36.87,1,1,12.52,130.7,7681,125,-1077,-46,1085,2026-08-06-00-09.csv
561251,980323,2415,24289,36.88,1,1,12.28,128.2,7688,124,-990,-8,998,2026-08-06-00-09.csv
561547,980619,5364,24289,36.88,1,1,12.56,131.1,7696,181,-950,-141,977,2026-08-06-00-09.csv
561912,980984,11724,24289,36.87,1,1,10.32,107.8,7704,97,-1013,-12,1018,2026-08-06-00-09.csv
562198,981270,16803,24289,36.88,1,1,12.65,132.1,7711,63,-973,-104,981,2026-08-06-00-09.csv
562489,981561,19625,24289,36.87,1,1,13.3,138.9,7719,-33,-1150,42,1151,2026-08-06-00-09.csv
562779,981851,22295,24289,36.87,1,1,12.32,128.6,7727,96,-833,-96,844,2026-08-06-00-09.csv
563069,982141,22141,24289,36.88,1,1,14.13,147.6,7735,23,-1088,-74,1091,2026-08-06-00-09.csv
563351,982423,21187,24289,36.9,1,1,14.66,153.1,7744,150,-807,-127,830,2026-08-06-00-09.csv
563646,982718,23459,24289,36.92,1,1,13.3,138.9,7752,-7,-772,-127,782,2026-08-06-00-09.csv
563942,983014,24520,24289,36.93,1,1,15.54,162.3,7762,59,-669,-8,672,2026-08-06-00-09.csv
564236,983308,24520,24289,36.94,1,1,16.07,167.8,7772,93,-947,162,965,2026-08-06-00-09.csv
564527,983599,24520,24289,36.9,1,1,16.45,171.8,7782,76,-1035,-136,1046,2026-08-06-00-09.csv
564821,983893,24520,24289,36.9,1,1,16.8,175.4,7792,-1,-1128,-130,1135,2026-08-06-00-09.csv
565115,984187,24520,24289,36.9,1,1,15.28,159.6,7801,112,-911,-69,920,2026-08-06-00-09.csv
565398,984470,24520,24289,36.88,1,1,17.61,183.9,7812,164,-1154,-537,1283,2026-08-06-00-09.csv
565698,984770,24520,24289,36.91,1,1,17.73,185.2,7823,-51,-1031,27,1032,2026-08-06-00-09.csv
565999,985071,24520,24289,36.96,1,1,17.91,187.1,7834,212,-904,-353,993,2026-08-06-00-09.csv
566294,985366,24520,24289,36.95,1,1,17.79,185.8,7845,110,-962,-67,970,2026-08-06-00-09.csv
566658,985730,24520,24289,36.94,1,1,14.2,148.2,7856,-11,-1310,20,1310,2026-08-06-00-09.csv
566947,986019,24508,24289,36.97,1,1,17.73,185.2,7867,241,-909,-89,945,2026-08-06-00-09.csv
567242,986314,24520,24289,36.97,1,1,16.12,168.4,7877,-40,-977,-47,979,2026-08-06-00-09.csv
567540,986612,24520,24289,37.0,1,1,16.12,168.4,7887,239,-792,-45,829,2026-08-06-00-09.csv
567834,986906,24520,24289,36.99,1,1,15.84,165.4,7896,136,-769,-134,792,2026-08-06-00-09.csv
568135,987207,24520,24289,36.97,1,1,16.72,174.6,7907,92,-899,-158,917,2026-08-06-00-09.csv
568429,987501,24520,24289,36.99,1,1,18.29,191.0,7918,109,-842,-122,858,2026-08-06-00-09.csv
568727,987799,24513,24289,37.03,1,1,17.1,178.6,7929,143,-946,-268,993,2026-08-06-00-09.csv
569025,988097,24493,24289,37.04,1,1,18.74,195.7,7940,41,-1115,-257,1145,2026-08-06-00-09.csv
569307,988379,24084,24289,37.05,1,1,19.15,200.0,7952,-23,-1096,-75,1099,2026-08-06-00-09.csv
569609,988681,24065,24289,37.07,1,1,17.67,184.6,7963,242,-898,-217,955,2026-08-06-00-09.csv
569903,988975,20213,24289,37.07,1,1,17.91,187.1,7974,34,-1199,-99,1203,2026-08-06-00-09.csv
570212,989284,7963,24289,37.05,1,1,18.24,190.5,7986,149,-1068,-135,1086,2026-08-06-00-09.csv
570516,989588,1329,24289,37.05,1,1,17.91,187.1,7997,270,-958,-204,1016,2026-08-06-00-09.csv
570814,989886,-495,24289,37.08,1,1,17.56,183.3,8008,231,-928,-105,962,2026-08-06-00-09.csv
571116,990188,-467,24289,37.12,1,1,17.27,180.3,8019,134,-1088,-202,1114,2026-08-06-00-09.csv
571479,990551,-431,24289,37.13,1,1,16.0,167.1,8031,182,-717,-122,750,2026-08-06-00-09.csv
571783,990855,-401,24289,37.15,1,1,16.72,174.6,8042,42,-1028,74,1032,2026-08-06-00-09.csv
572084,991156,-359,24289,37.19,1,1,16.12,168.4,8052,305,-893,68,946,2026-08-06-00-09.csv
572373,991445,-323,24289,37.21,1,1,15.91,166.1,8062,33,-1215,-62,1217,2026-08-06-00-09.csv
572679,991751,-320,24289,37.24,1,1,16.98,177.3,8072,165,-1070,-129,1090,2026-08-06-00-09.csv
572978,992050,-283,24289,37.25,1,1,15.35,160.3,8082,88,-865,36,871,2026-08-06-00-09.csv
573281,992353,-257,24289,37.3,1,1,16.45,171.8,8092,34,-987,-75,990,2026-08-06-00-09.csv
573586,992658,-231,24289,37.34,1,1,14.61,152.5,8101,99,-1079,-103,1089,2026-08-06-00-09.csv
573891,992963,-229,24289,37.33,1,1,14.64,152.9,8111,163,-678,45,699,2026-08-06-00-09.csv
574200,993272,-206,24289,37.34,1,1,15.7,163.9,8121,37,-1280,-37,1281,2026-08-06-00-09.csv
574509,993581,-201,24289,37.39,1,1,15.44,161.3,8131,98,-908,107,920,2026-08-06-00-09.csv
574814,993886,-180,24289,37.44,1,1,14.91,155.7,8140,221,-975,-129,1008,2026-08-06-00-09.csv
575121,994193,-175,24289,37.47,1,1,14.82,154.8,8150,160,-1031,-180,1059,2026-08-06-00-09.csv
575430,994502,-163,24289,37.5,1,1,14.36,150.0,8159,113,-934,-152,953,2026-08-06-00-09.csv
575733,994805,-170,24289,37.54,1,1,14.04,146.6,8168,217,-882,-140,919,2026-08-06-00-09.csv
576044,995116,-160,24289,37.55,1,1,13.77,143.8,8177,227,-877,-133,916,2026-08-06-00-09.csv
576415,995487,-141,24289,37.6,1,1,12.44,129.9,8187,92,-1082,-86,1089,2026-08-06-00-09.csv
576723,995795,-150,24289,37.63,1,1,12.9,134.7,8195,187,-877,-195,918,2026-08-06-00-09.csv
577029,996101,-140,24289,37.65,1,1,12.68,132.5,8203,109,-932,-25,939,2026-08-06-00-09.csv
577336,996408,-129,24289,37.67,1,1,12.36,129.0,8211,196,-859,-111,889,2026-08-06-00-09.csv
577640,996712,-136,24289,37.7,1,1,11.97,125.0,8218,46,-1152,83,1156,2026-08-06-00-09.csv
577951,997023,-130,24289,37.74,1,1,11.9,124.2,8226,154,-1029,-59,1042,2026-08-06-00-09.csv
578261,997333,-46,24289,37.75,1,1,11.4,119.0,8233,140,-1002,-59,1013,2026-08-06-00-09.csv
578569,997641,93,24289,37.75,1,1,11.27,117.6,8241,116,-1122,-139,1137,2026-08-06-00-09.csv
578885,997957,281,24289,37.8,1,1,10.85,113.3,8248,96,-876,-77,884,2026-08-06-00-09.csv
579198,998270,1259,24289,37.84,1,1,10.57,110.4,8255,141,-977,-144,997,2026-08-06-00-09.csv
579509,998581,3441,24289,37.85,1,1,10.19,106.4,8261,94,-945,31,951,2026-08-06-00-09.csv
579823,998895,6702,24289,37.87,1,1,10.28,107.4,8268,105,-1055,-136,1068,2026-08-06-00-09.csv
580133,999205,14022,24289,37.91,1,1,10.25,107.0,8275,67,-952,40,955,2026-08-06-00-09.csv
580488,999560,19418,24289,37.93,1,1,8.87,92.6,8281,97,-1079,-176,1098,2026-08-06-00-09.csv
580780,999852,22361,24289,38.0,1,1,10.54,110.1,8288,68,-936,15,939,2026-08-06-00-09.csv
581075,1000147,24149,24289,38.01,1,1,10.48,109.5,8294,53,-912,-253,948,2026-08-06-00-09.csv
581420,1000492,23540,24289,38.05,1,1,10.05,105.0,8302,47,-992,-47,994,2026-08-06-00-09.csv
581709,1000781,22732,24289,38.08,1,1,11.09,115.8,8308,68,-1007,-166,1023,2026-08-06-00-09.csv
582001,1001073,21366,24289,38.1,1,1,11.52,120.3,8315,70,-1010,109,1018,2026-08-06-00-09.csv
582290,1001362,22359,24289,38.12,1,1,11.72,122.4,8322,91,-1014,-135,1027,2026-08-06-00-09.csv
582579,1001651,21424,24289,38.14,1,1,12.2,127.4,8330,149,-940,-34,952,2026-08-06-00-09.csv
582870,1001942,12043,24289,38.17,1,1,12.23,127.7,8337,111,-1049,-152,1066,2026-08-06-00-09.csv
583166,1002238,263,24289,38.16,1,1,12.44,129.9,8345,172,-909,-93,930,2026-08-06-00-09.csv
583456,1002528,-89,24289,38.22,1,1,12.06,125.9,8352,153,-982,-92,998,2026-08-06-00-09.csv
583757,1002829,-126,24289,38.23,1,1,12.04,125.8,8360,144,-883,-137,905,2026-08-06-00-09.csv
584057,1003129,-245,24289,38.26,1,1,11.64,121.5,8367,106,-1012,-88,1021,2026-08-06-00-09.csv
584333,1003405,-228,24289,38.28,1,1,11.48,119.9,8374,159,-938,-17,951,2026-08-06-00-09.csv
584626,1003698,-227,24289,38.3,1,1,11.4,119.0,8381,148,-963,-129,983,2026-08-06-00-09.csv
584919,1003991,-217,24289,38.32,1,1,11.05,115.4,8387,165,-946,-23,960,2026-08-06-00-09.csv
585218,1004290,-194,24289,38.36,1,1,11.17,116.7,8394,98,-966,6,971,2026-08-06-00-09.csv
585513,1004585,-184,24289,38.37,1,1,11.02,115.1,8401,190,-853,-178,892,2026-08-06-00-09.csv
585806,1004878,-173,24289,38.44,1,1,10.81,112.9,8408,141,-876,-104,893,2026-08-06-00-09.csv
586168,1005240,-161,24289,38.46,1,1,9.47,98.9,8415,172,-941,-120,964,2026-08-06-00-09.csv
586462,1005534,-154,24289,38.46,1,1,10.22,106.8,8421,118,-1025,-134,1040,2026-08-06-00-09.csv
586751,1005823,-144,24289,38.53,1,1,10.04,104.9,8427,138,-973,-66,985,2026-08-06-00-09.csv
587045,1006117,-134,24289,38.58,1,1,9.91,103.4,8433,65,-968,-25,971,2026-08-06-00-09.csv
587329,1006401,-114,24289,38.57,1,1,9.94,103.9,8440,165,-852,-27,868,2026-08-06-00-09.csv
587627,1006699,-121,24289,38.62,1,1,9.39,98.0,8445,141,-928,27,939,2026-08-06-00-09.csv
587923,1006995,-116,24289,38.64,1,1,9.64,100.7,8451,93,-1008,-27,1012,2026-08-06-00-09.csv
588215,1007287,-113,24289,38.68,1,1,11.25,117.5,8458,106,-940,97,951,2026-08-06-00-09.csv
588512,1007584,-108,24289,38.72,1,1,9.7,101.4,8464,157,-840,-74,857,2026-08-06-00-09.csv
588808,1007880,-103,24289,38.71,1,1,9.64,100.7,8470,133,-915,-94,929,2026-08-06-00-09.csv
589104,1008176,-107,24289,38.76,1,1,9.74,101.7,8476,169,-948,-143,974,2026-08-06-00-09.csv
589397,1008469,-93,24289,38.79,1,1,9.7,101.4,8482,142,-1051,-111,1067,2026-08-06-00-09.csv
589694,1008766,-90,24289,38.82,1,1,9.7,101.4,8488,229,-1015,-164,1054,2026-08-06-00-09.csv
590000,1009072,-87,24289,38.83,1,1,9.67,101.0,8494,106,-1081,-15,1087,2026-08-06-00-09.csv
590302,1009374,-89,24289,38.89,1,1,9.54,99.7,8500,102,-1044,-96,1053,2026-08-06-00-09.csv
590603,1009675,-89,24289,38.91,1,1,9.42,98.4,8506,147,-918,33,930,2026-08-06-00-09.csv
590965,1010037,-79,24289,38.91,1,1,8.05,84.0,8512,133,-980,-115,996,2026-08-06-00-09.csv
591267,1010339,-82,24289,38.95,1,1,9.01,94.0,8518,132,-1071,-83,1082,2026-08-06-00-09.csv
591567,1010639,-68,24289,38.95,1,1,10.26,107.1,8524,163,-1062,-119,1081,2026-08-06-00-09.csv
591865,1010937,-78,24289,38.98,1,1,8.46,88.3,8529,130,-952,21,961,2026-08-06-00-09.csv
592160,1011232,-80,24289,39.0,1,1,8.52,89.0,8535,76,-942,2,945,2026-08-06-00-09.csv
592461,1011533,-94,24289,39.01,1,1,8.12,84.7,8540,130,-918,-70,930,2026-08-06-00-09.csv
592765,1011837,-96,24289,39.04,1,1,7.98,83.3,8545,138,-973,-83,986,2026-08-06-00-09.csv
593068,1012140,-86,24289,39.07,1,1,7.8,81.4,8550,106,-1042,20,1047,2026-08-06-00-09.csv
593367,1012439,-77,24289,39.09,1,1,7.37,76.9,8554,112,-967,-59,976,2026-08-06-00-09.csv
593672,1012744,-67,24289,39.11,1,1,8.95,93.5,8560,123,-1015,10,1023,2026-08-06-00-09.csv
593977,1013049,-66,24289,39.13,1,1,8.76,91.5,8566,174,-973,-110,994,2026-08-06-00-09.csv
594282,1013354,-68,24289,39.17,1,1,6.89,71.9,8570,193,-905,-115,933,2026-08-06-00-09.csv
594583,1013655,-74,24289,39.18,1,1,6.7,69.9,8574,109,-981,-63,989,2026-08-06-00-09.csv
594885,1013957,-89,24289,39.21,1,1,8.21,85.7,8580,164,-942,-123,964,2026-08-06-00-09.csv
595192,1014264,-92,24289,39.23,1,1,7.95,83.1,8585,145,-1068,-143,1088,2026-08-06-00-09.csv
595497,1014569,-96,24289,39.24,1,1,7.8,81.4,8590,119,-970,-64,979,2026-08-06-00-09.csv
595878,1014950,-96,24289,39.28,1,1,7.52,78.5,8596,151,-947,-128,968,2026-08-06-00-09.csv
596177,1015249,-89,24289,39.28,1,1,5.5,57.5,8599,119,-1023,-72,1032,2026-08-06-00-09.csv
596479,1015551,-91,24289,39.28,1,1,7.17,74.9,8604,153,-936,-141,959,2026-08-06-00-09.csv
596781,1015853,-87,24289,39.31,1,1,5.22,54.5,8607,193,-962,-132,990,2026-08-06-00-09.csv
597085,1016157,-78,24289,39.33,1,1,6.84,71.4,8611,119,-1030,-101,1041,2026-08-06-00-09.csv
597377,1016449,-52,24289,39.34,1,1,6.69,69.9,8616,110,-961,-34,968,2026-08-06-00-09.csv
597685,1016757,-64,24289,39.36,1,1,6.49,67.8,8620,126,-978,-98,991,2026-08-06-00-09.csv
597997,1017069,-69,24289,39.36,1,1,6.41,66.9,8624,134,-991,-30,1001,2026-08-06-00-09.csv
598306,1017378,-72,24289,39.4,1,1,4.68,48.9,8627,100,-976,3,981,2026-08-06-00-09.csv
598618,1017690,-82,24289,39.4,1,1,4.59,47.9,8630,153,-972,-87,988,2026-08-06-00-09.csv
598927,1017999,-81,24289,39.42,1,1,4.53,47.3,8633,121,-987,-66,996,2026-08-06-00-09.csv
599233,1018305,-80,24289,39.43,1,1,5.89,61.5,8636,151,-949,-56,962,2026-08-06-00-09.csv
599538,1018610,-73,24289,39.46,1,1,5.77,60.2,8640,145,-965,-113,983,2026-08-06-00-09.csv
599850,1018922,-80,24289,39.47,1,1,4.21,44.0,8643,107,-1008,-82,1017,2026-08-06-00-09.csv
600163,1019235,-79,24289,39.49,1,1,5.48,57.3,8646,119,-956,-29,964,2026-08-06-00-09.csv
600477,1019549,-75,24289,39.5,1,1,4.05,42.3,8649,138,-994,-51,1005,2026-08-06-00-09.csv
600850,1019922,-70,24289,39.53,1,1,5.31,55.4,8653,131,-952,-55,963,2026-08-06-00-09.csv
601153,1020225,-68,24289,39.55,1,1,5.17,54.0,8656,113,-1001,-33,1008,2026-08-06-00-09.csv
601463,1020535,-71,24289,39.57,1,1,5.14,53.7,8660,211,-922,-199,966,2026-08-06-00-09.csv
601778,1020850,-65,24289,39.56,1,1,5.02,52.4,8663,173,-964,-111,986,2026-08-06-00-09.csv
602088,1021160,-58,24289,39.6,1,1,4.9,51.2,8666,108,-998,-10,1004,2026-08-06-00-09.csv
602441,1021513,74,24289,39.62,1,1,4.73,49.4,8670,127,-953,-76,965,2026-08-06-00-09.csv
602729,1021801,1247,24289,39.63,1,1,4.14,43.3,8672,117,-878,-58,888,2026-08-06-00-09.csv
603017,1022089,4604,24289,39.67,1,1,4.87,50.9,8675,107,-943,-109,955,2026-08-06-00-09.csv
603305,1022377,9846,24289,39.63,1,1,4.6,48.1,8678,111,-958,-67,966,2026-08-06-00-09.csv
603592,1022664,16047,24289,39.68,1,1,4.84,50.5,8681,80,-991,-93,999,2026-08-06-00-09.csv
603883,1022955,15904,24289,39.67,1,1,5.24,54.7,8684,66,-985,-60,989,2026-08-06-00-09.csv
604176,1023248,15027,24289,39.7,1,1,5.38,56.2,8687,94,-980,-54,986,2026-08-06-00-09.csv
604476,1023548,13931,24289,39.7,1,1,6.36,66.4,8691,135,-914,-104,929,2026-08-06-00-09.csv
604769,1023841,13954,24289,39.69,1,1,6.53,68.2,8695,98,-917,-87,926,2026-08-06-00-09.csv
605063,1024135,14154,24289,39.73,1,1,5.86,61.2,8699,83,-1045,-32,1049,2026-08-06-00-09.csv
605346,1024418,12870,24289,39.72,1,1,6.2,64.7,8703,112,-936,-112,949,2026-08-06-00-09.csv
605706,1024778,13627,24289,39.74,1,1,6.86,71.6,8708,95,-939,-74,947,2026-08-06-00-09.csv
605999,1025071,15860,24289,39.76,1,1,7.02,73.3,8712,94,-994,-127,1006,2026-08-06-00-09.csv
606286,1025358,16556,24289,39.79,1,1,9.24,96.5,8718,187,-1005,-129,1030,2026-08-06-00-09.csv
606586,1025658,16727,24289,39.79,1,1,8.11,84.7,8723,71,-860,47,864,2026-08-06-00-09.csv
606877,1025949,18539,24289,39.81,1,1,8.49,88.7,8728,98,-880,-177,903,2026-08-06-00-09.csv
607173,1026245,9733,24289,39.8,1,1,9.18,95.8,8734,14,-963,75,966,2026-08-06-00-09.csv
607465,1026537,9038,24289,39.84,1,1,9.17,95.8,8739,101,-856,-13,862,2026-08-06-00-09.csv
607758,1026830,10299,24289,39.82,1,1,9.7,101.4,8745,95,-913,-21,919,2026-08-06-00-09.csv
608052,1027124,16699,24289,39.86,1,1,9.94,103.8,8751,100,-962,-255,1000,2026-08-06-00-09.csv
608341,1027413,18238,24289,39.8,1,1,10.51,109.7,8758,19,-932,7,932,2026-08-06-00-09.csv
608638,1027710,21816,24289,39.87,1,1,10.68,111.5,8764,108,-982,-158,1001,2026-08-06-00-09.csv
608933,1028005,23663,24289,39.82,1,1,11.36,118.6,8771,-3,-1190,80,1193,2026-08-06-00-09.csv
609231,1028303,23002,24289,39.84,1,1,12.01,125.4,8779,161,-917,-141,942,2026-08-06-00-09.csv
609533,1028605,23751,24289,39.84,1,1,12.56,131.1,8787,101,-855,-161,876,2026-08-06-00-09.csv
609835,1028907,1528,24289,39.85,1,1,12.98,135.6,8795,153,-1103,-175,1127,2026-08-06-00-09.csv
610136,1029208,-214,24289,39.86,1,1,13.3,138.9,8803,125,-1114,-106,1126,2026-08-06-00-09.csv
610497,1029569,-216,24289,39.86,1,1,11.19,116.9,8812,159,-954,-101,973,2026-08-06-00-09.csv
610794,1029866,-211,24289,39.87,1,1,13.25,138.4,8820,206,-882,-159,920,2026-08-06-00-09.csv
611090,1030162,-198,24289,39.88,1,1,13.3,138.9,8828,179,-792,-204,837,2026-08-06-00-09.csv
611380,1030452,-185,24289,39.88,1,1,13.25,138.4,8836,104,-1186,-66,1192,2026-08-06-00-09.csv
611671,1030743,-180,24289,39.87,1,1,13.21,137.9,8844,155,-1137,-68,1149,2026-08-06-00-09.csv
611969,1031041,-178,24289,39.86,1,1,13.47,140.6,8853,121,-1277,-85,1286,2026-08-06-00-09.csv
612267,1031339,-162,24289,39.87,1,1,11.64,121.5,8860,140,-880,34,891,2026-08-06-00-09.csv
612562,1031634,-159,24289,39.88,1,1,13.39,139.9,8868,172,-937,13,953,2026-08-06-00-09.csv
612862,1031934,-156,24289,39.89,1,1,13.55,141.5,8877,79,-999,-31,1003,2026-08-06-00-09.csv
613162,1032234,-143,24289,39.88,1,1,13.3,138.9,8885,183,-990,-107,1012,2026-08-06-00-09.csv
613468,1032540,-123,24289,39.9,1,1,13.21,137.9,8893,109,-838,15,845,2026-08-06-00-09.csv
613769,1032841,-128,24289,39.88,1,1,13.22,138.0,8902,168,-879,10,895,2026-08-06-00-09.csv
614073,1033145,-129,24289,39.87,1,1,12.94,135.1,8910,171,-1043,-133,1065,2026-08-06-00-09.csv
614361,1033433,-98,24289,39.86,1,1,12.73,132.9,8918,127,-1112,104,1124,2026-08-06-00-09.csv
614661,1033733,-115,24289,39.89,1,1,12.41,129.6,8925,104,-1054,-70,1061,2026-08-06-00-09.csv
614971,1034043,-109,24289,39.92,1,1,12.44,129.9,8933,124,-951,60,961,2026-08-06-00-09.csv
615331,1034403,-104,24289,39.92,1,1,11.16,116.6,8942,128,-839,-72,852,2026-08-06-00-09.csv
615634,1034706,-104,24289,39.93,1,1,11.68,122.0,8949,160,-1088,-8,1100,2026-08-06-00-09.csv
615941,1035013,-110,24289,39.93,1,1,11.61,121.2,8957,75,-1038,37,1042,2026-08-06-00-09.csv
616241,1035313,-101,24289,39.93,1,1,11.21,117.1,8964,144,-788,-24,801,2026-08-06-00-09.csv
616543,1035615,-96,24289,39.96,1,1,10.76,112.4,8970,71,-952,-121,963,2026-08-06-00-09.csv
616846,1035918,-99,24289,39.95,1,1,10.74,112.2,8977,86,-1012,2,1016,2026-08-06-00-09.csv
617159,1036231,-95,24289,39.99,1,1,10.54,110.1,8984,203,-1008,-65,1031,2026-08-06-00-09.csv
617459,1036531,-102,24289,40.0,1,1,10.38,108.4,8991,34,-992,2,993,2026-08-06-00-09.csv
617760,1036832,-102,24289,40.0,1,1,9.87,103.1,8997,221,-952,-169,991,2026-08-06-00-09.csv
618065,1037137,-96,24289,40.03,1,1,9.7,101.4,9003,179,-884,-86,906,2026-08-06-00-09.csv
618355,1037427,-87,24289,40.06,1,1,9.58,100.0,9009,119,-1030,-55,1038,2026-08-06-00-09.csv
618658,1037730,-87,24289,40.07,1,1,9.42,98.4,9015,96,-1011,-59,1017,2026-08-06-00-09.csv
618967,1038039,-96,24289,40.09,1,1,9.27,96.8,9021,142,-988,-104,1004,2026-08-06-00-09.csv
619285,1038357,-94,24289,40.09,1,1,9.18,95.8,9027,63,-1013,-54,1016,2026-08-06-00-09.csv
619601,1038673,-87,24289,40.1,1,1,9.01,94.0,9033,108,-909,-42,916,2026-08-06-00-09.csv
619910,1038982,-90,24289,40.14,1,1,8.58,89.6,9038,128,-991,-96,1004,2026-08-06-00-09.csv
620274,1039346,-91,24289,40.14,1,1,8.96,93.6,9045,91,-932,23,937,2026-08-06-00-09.csv
620576,1039648,-91,24289,40.16,1,1,8.34,87.1,9050,101,-989,38,994,2026-08-06-00-09.csv
620882,1039954,-83,24289,40.17,1,1,8.5,88.8,9056,179,-956,-62,975,2026-08-06-00-09.csv
621186,1040258,-79,24289,40.19,1,1,9.77,102.0,9062,74,-1098,69,1103,2026-08-06-00-09.csv
621498,1040570,-87,24289,40.2,1,1,8.01,83.6,9067,139,-977,-78,990,2026-08-06-00-09.csv
621814,1040886,-86,24289,40.2,1,1,7.82,81.7,9072,126,-1034,-39,1042,2026-08-06-00-09.csv
622122,1041194,-92,24289,40.22,1,1,7.62,79.6,9077,127,-1008,-25,1016,2026-08-06-00-09.csv
622434,1041506,-80,24289,40.23,1,1,7.41,77.4,9082,118,-955,-43,963,2026-08-06-00-09.csv
622741,1041813,-85,24289,40.26,1,1,7.21,75.3,9087,121,-939,-58,949,2026-08-06-00-09.csv
623051,1042123,-75,24289,40.25,1,1,8.31,86.8,9092,131,-992,-137,1009,2026-08-06-00-09.csv
623345,1042417,-66,24289,40.29,1,1,6.47,67.6,9096,85,-1101,83,1107,2026-08-06-00-09.csv
623661,1042733,-82,24289,40.28,1,1,7.77,81.2,9101,99,-1031,3,1035,2026-08-06-00-09.csv
624008,1043080,-75,24289,40.31,1,1,7.53,78.6,9106,87,-1002,-1,1006,2026-08-06-00-09.csv
624298,1043370,-75,24289,40.32,1,1,5.77,60.2,9110,140,-926,-60,939,2026-08-06-00-09.csv
624590,1043662,-75,24289,40.33,1,1,6.96,72.7,9114,132,-1029,-56,1039,2026-08-06-00-09.csv
624883,1043955,-83,24289,40.35,1,1,6.74,70.4,9118,142,-905,-90,920,2026-08-06-00-09.csv
625235,1044307,-81,24289,40.38,1,1,5.15,53.8,9122,147,-993,-101,1009,2026-08-06-00-09.csv
625527,1044599,-79,24289,40.36,1,1,4.6,48.1,9125,102,-984,-25,989,2026-08-06-00-09.csv
625822,1044894,-80,24289,40.38,1,1,5.91,61.7,9128,134,-957,-83,970,2026-08-06-00-09.csv
626108,1045180,-77,24289,40.39,1,1,4.27,44.6,9131,111,-971,-68,980,2026-08-06-00-09.csv
626384,1045456,-63,24289,40.4,1,1,5.38,56.2,9134,108,-985,-2,991,2026-08-06-00-09.csv
626674,1045746,-68,24289,40.43,1,1,5.13,53.6,9137,117,-914,-99,927,2026-08-06-00-09.csv
626962,1046034,-67,24289,40.44,1,1,4.92,51.4,9140,73,-967,-4,970,2026-08-06-00-09.csv
627248,1046320,-57,24289,40.48,1,1,4.69,49.0,9142,109,-981,-37,988,2026-08-06-00-09.csv
627540,1046612,-59,24289,40.46,1,1,4.34,45.3,9145,116,-961,-7,968,2026-08-06-00-09.csv
627839,1046911,-62,24289,40.46,1,1,4.22,44.1,9148,119,-969,-50,977,2026-08-06-00-09.csv
628133,1047205,-62,24289,40.49,1,1,3.76,39.2,9150,116,-963,-50,971,2026-08-06-00-09.csv
628413,1047485,5,24289,40.48,1,1,3.86,40.3,9151,120,-965,-46,973,2026-08-06-00-09.csv
628708,1047780,602,24289,40.51,1,1,2.15,22.5,9153,120,-970,-68,980,2026-08-06-00-09.csv
629003,1048075,3238,24289,40.54,1,1,4.4,46.0,9154,102,-978,-68,986,2026-08-06-00-09.csv
629293,1048365,8096,24289,40.56,1,1,1.59,16.6,9155,86,-992,-16,996,2026-08-06-00-09.csv
629590,1048662,13205,24289,40.54,1,1,2.01,21.0,9157,91,-955,-68,962,2026-08-06-00-09.csv
629948,1049020,17250,24289,40.56,1,1,3.6,37.6,9160,91,-961,-81,968,2026-08-06-00-09.csv
630240,1049312,16967,24289,40.54,1,1,3.7,38.6,9162,66,-964,-80,970,2026-08-06-00-09.csv
630535,1049607,16216,24289,40.56,1,1,3.97,41.5,9164,43,-977,-9,978,2026-08-06-00-09.csv
630832,1049904,18563,24289,40.55,1,1,4.21,44.0,9167,67,-979,-73,984,2026-08-06-00-09.csv
631124,1050196,17814,24289,40.58,1,1,4.69,49.0,9170,48,-996,-12,997,2026-08-06-00-09.csv
631416,1050488,19060,24289,40.57,1,1,4.97,51.9,9173,67,-969,-38,972,2026-08-06-00-09.csv
631712,1050784,20210,24289,40.58,1,1,5.04,52.6,9176,51,-987,-52,990,2026-08-06-00-09.csv
632014,1051086,21502,24289,40.58,1,1,5.87,61.3,9180,39,-918,-89,923,2026-08-06-00-09.csv
632297,1051369,23635,24289,40.57,1,1,4.57,47.8,9183,48,-988,-81,992,2026-08-06-00-09.csv
632598,1051670,22832,24289,40.61,1,1,4.9,51.2,9186,109,-959,-86,969,2026-08-06-00-09.csv
632895,1051967,22978,24289,40.62,1,1,5.15,53.8,9189,39,-987,-59,990,2026-08-06-00-09.csv
633197,1052269,22299,24289,40.63,1,1,7.25,75.8,9194,7,-981,8,981,2026-08-06-00-09.csv
633497,1052569,22874,24289,40.61,1,1,7.6,79.4,9198,121,-917,-85,929,2026-08-06-00-09.csv
633794,1052866,23864,24289,40.64,1,1,7.95,83.1,9203,38,-1045,-51,1047,2026-08-06-00-09.csv
634106,1053178,22913,24289,40.68,1,1,6.98,72.9,9208,58,-910,-90,917,2026-08-06-00-09.csv
634394,1053466,23786,24289,40.66,1,1,7.02,73.3,9212,24,-963,-50,964,2026-08-06-00-09.csv
634756,1053828,19088,24289,40.68,1,1,7.83,81.7,9218,117,-1137,-113,1149,2026-08-06-00-09.csv
635054,1054126,22345,24289,40.68,1,1,9.45,98.7,9224,104,-943,-94,953,2026-08-06-00-09.csv
635333,1054405,24480,24289,40.69,1,1,9.8,102.4,9230,27,-938,-89,942,2026-08-06-00-09.csv
635634,1054706,24520,24289,40.68,1,1,8.43,88.0,9235,11,-960,-37,960,2026-08-06-00-09.csv
635941,1055013,24520,24289,40.67,1,1,9.21,96.2,9241,47,-970,-59,973,2026-08-06-00-09.csv
636247,1055319,24520,24289,40.67,1,1,9.54,99.7,9247,72,-987,-90,994,2026-08-06-00-09.csv
636550,1055622,24520,24289,40.7,1,1,10.25,107.0,9254,59,-998,-234,1026,2026-08-06-00-09.csv
636848,1055920,24520,24289,40.66,1,1,10.52,109.9,9260,102,-893,-39,899,2026-08-06-00-09.csv
637158,1056230,24520,24289,40.69,1,1,11.4,119.0,9268,76,-1068,-66,1073,2026-08-06-00-09.csv
637458,1056530,24520,24289,40.67,1,1,11.72,122.4,9275,-9,-1049,39,1050,2026-08-06-00-09.csv
637759,1056831,24520,24289,40.71,1,1,12.4,129.4,9283,3,-965,40,966,2026-08-06-00-09.csv
638064,1057136,24520,24289,40.7,1,1,11.32,118.2,9290,114,-822,-68,833,2026-08-06-00-09.csv
638363,1057435,21278,24289,40.74,1,1,13.72,143.3,9299,63,-1056,-167,1071,2026-08-06-00-09.csv
638664,1057736,15834,24289,40.71,1,1,14.03,146.5,9307,96,-951,-159,969,2026-08-06-00-09.csv
638969,1058041,19420,24289,40.75,1,1,14.64,152.9,9317,163,-935,-39,950,2026-08-06-00-09.csv
639276,1058348,22821,24289,40.7,1,1,13.3,138.9,9325,102,-957,-82,966,2026-08-06-00-09.csv
639637,1058709,24498,24289,40.74,1,1,14.47,151.1,9336,62,-926,-80,932,2026-08-06-00-09.csv
639948,1059020,24458,24289,40.74,1,1,14.73,153.8,9346,35,-1095,-71,1098,2026-08-06-00-09.csv
640255,1059327,24511,24289,40.77,1,1,16.72,174.6,9357,122,-1078,-143,1094,2026-08-06-00-09.csv
640561,1059633,24520,24289,40.77,1,1,17.21,179.7,9368,56,-974,23,976,2026-08-06-00-09.csv
640871,1059943,24520,24289,40.79,1,1,16.12,168.4,9378,92,-921,-45,927,2026-08-06-00-09.csv
641172,1060244,18716,24289,40.85,1,1,18.3,191.1,9390,89,-1068,49,1073,2026-08-06-00-09.csv
641477,1060549,16440,24289,40.83,1,1,18.78,196.1,9402,49,-958,-27,960,2026-08-06-00-09.csv
641785,1060857,16052,24289,40.84,1,1,17.5,182.7,9413,110,-944,121,958,2026-08-06-00-09.csv
642096,1061168,15612,24289,40.88,1,1,18.12,189.3,9425,140,-929,-269,978,2026-08-06-00-09.csv
642403,1061475,14695,24289,40.84,1,1,18.1,189.0,9436,138,-909,-112,926,2026-08-06-00-09.csv
642719,1061791,14977,24289,40.88,1,1,18.8,196.4,9449,178,-912,-270,968,2026-08-06-00-09.csv
643026,1062098,13552,24289,40.93,1,1,18.84,196.7,9461,98,-1024,25,1029,2026-08-06-00-09.csv
643329,1062401,5921,24289,40.91,1,1,20.61,215.2,9474,140,-1086,-164,1107,2026-08-06-00-09.csv
643638,1062710,-497,24289,40.94,1,1,18.96,198.0,9486,232,-1063,-237,1114,2026-08-06-00-09.csv
643949,1063021,-470,24289,40.96,1,1,18.84,196.7,9498,123,-923,23,931,2026-08-06-00-09.csv
644270,1063342,-443,24289,40.98,1,1,18.98,198.2,9511,177,-877,-142,906,2026-08-06-00-09.csv
644646,1063718,-406,24289,41.0,1,1,16.6,173.3,9524,139,-1012,-122,1029,2026-08-06-00-09.csv
644954,1064026,-382,24289,41.02,1,1,20.14,210.4,9537,146,-1004,-49,1016,2026-08-06-00-09.csv
645258,1064330,-370,24289,41.05,1,1,18.53,193.5,9549,68,-947,28,950,2026-08-06-00-09.csv
645569,1064641,-347,24289,41.04,1,1,18.53,193.5,9561,126,-993,-145,1011,2026-08-06-00-09.csv
645918,1064990,-328,24289,41.09,1,1,15.77,164.7,9572,79,-1134,-51,1138,2026-08-06-00-09.csv
646211,1065283,-314,24289,41.07,1,1,18.47,192.9,9584,58,-1324,-181,1338,2026-08-06-00-09.csv
646498,1065570,-292,24289,41.1,1,1,18.22,190.3,9595,244,-573,87,629,2026-08-06-00-09.csv
646790,1065862,-273,24289,41.11,1,1,18.22,190.3,9606,82,-948,-316,1002,2026-08-06-00-09.csv
647083,1066155,-261,24289,41.13,1,1,18.22,190.3,9617,239,-785,-175,839,2026-08-06-00-09.csv
647359,1066431,-247,24289,41.15,1,1,18.1,189.0,9628,183,-676,-341,779,2026-08-06-00-09.csv
647646,1066718,-244,24289,41.18,1,1,19.72,206.0,9639,218,-845,118,881,2026-08-06-00-09.csv
647941,1067013,-238,24289,41.19,1,1,18.22,190.3,9650,216,-1040,-179,1077,2026-08-06-00-09.csv
648238,1067310,-242,24289,41.19,1,1,18.71,195.4,9662,145,-1091,-100,1105,2026-08-06-00-09.csv
648533,1067605,-228,24289,41.23,1,1,18.41,192.3,9673,339,-804,-280,917,2026-08-06-00-09.csv
648823,1067895,-225,24289,41.22,1,1,18.71,195.4,9685,199,-804,-95,834,2026-08-06-00-09.csv
649125,1068197,-215,24289,41.24,1,1,18.54,193.7,9696,68,-1121,-178,1137,2026-08-06-00-09.csv
649479,1068551,-225,24289,41.25,1,1,16.78,175.2,9709,287,-817,-19,866,2026-08-06-00-09.csv
649766,1068838,-223,24289,41.28,1,1,18.54,193.7,9720,137,-955,-147,976,2026-08-06-00-09.csv
650062,1069134,-216,24289,41.29,1,1,18.54,193.7,9731,-49,-1089,14,1091,2026-08-06-00-09.csv
650334,1069406,-202,24289,41.31,1,1,18.9,197.4,9743,254,-1012,-71,1046,2026-08-06-00-09.csv
650627,1069699,-209,24289,41.32,1,1,18.41,192.3,9753,172,-876,-149,905,2026-08-06-00-09.csv
650915,1069987,-205,24289,41.31,1,1,18.96,198.0,9765,111,-1165,-77,1172,2026-08-06-00-09.csv
651211,1070283,-195,24289,41.36,1,1,18.81,196.4,9776,156,-980,-156,1004,2026-08-06-00-09.csv
651503,1070575,-187,24289,41.38,1,1,19.02,198.7,9788,158,-1040,-68,1054,2026-08-06-00-09.csv
651798,1070870,-196,24289,41.42,1,1,19.15,200.0,9800,254,-1145,-192,1188,2026-08-06-00-09.csv
652094,1071166,-185,24289,41.43,1,1,18.74,195.7,9811,97,-804,-63,813,2026-08-06-00-09.csv
652379,1071451,-184,24289,41.4,1,1,18.78,196.1,9823,135,-967,-187,994,2026-08-06-00-09.csv
652676,1071748,-198,24289,41.48,1,1,18.68,195.0,9834,2,-1020,48,1021,2026-08-06-00-09.csv
652974,1072046,-184,24289,41.5,1,1,18.78,196.1,9846,42,-732,-53,735,2026-08-06-00-09.csv
653274,1072346,-174,24289,41.53,1,1,18.61,194.3,9857,80,-681,72,690,2026-08-06-00-09.csv
653573,1072645,-191,24289,41.57,1,1,18.9,197.4,9869,61,-885,18,888,2026-08-06-00-09.csv
653870,1072942,-185,24289,41.61,1,1,18.84,196.7,9881,59,-1119,-65,1122,2026-08-06-00-09.csv
654234,1073306,-182,24289,41.63,1,1,16.87,176.2,9894,200,-1030,-302,1092,2026-08-06-00-09.csv
654529,1073601,-177,24289,41.65,1,1,18.68,195.0,9905,350,-636,-251,768,2026-08-06-00-09.csv
654820,1073892,-177,24289,41.68,1,1,20.47,213.8,9918,195,-1024,45,1043,2026-08-06-00-09.csv
655114,1074186,-182,24289,41.69,1,1,18.54,193.7,9929,36,-974,104,980,2026-08-06-00-09.csv
655407,1074479,-165,24289,41.72,1,1,18.84,196.7,9941,107,-946,78,955,2026-08-06-00-09.csv
655701,1074773,-178,24289,41.74,1,1,18.48,193.0,9952,197,-933,-190,972,2026-08-06-00-09.csv
656000,1075072,-181,24289,41.78,1,1,18.41,192.3,9963,114,-1112,-218,1139,2026-08-06-00-09.csv
656294,1075366,-164,24289,41.79,1,1,18.65,194.8,9975,173,-858,-59,877,2026-08-06-00-09.csv
656591,1075663,-175,24289,41.83,1,1,18.35,191.6,9986,239,-1015,-104,1048,2026-08-06-00-09.csv
656892,1075964,-171,24289,41.82,1,1,18.53,193.5,9998,-29,-1259,87,1262,2026-08-06-00-09.csv
657189,1076261,-161,24289,41.87,1,1,19.88,207.6,10010,86,-1044,-369,1110,2026-08-06-00-09.csv
657494,1076566,-169,24289,41.87,1,1,18.53,193.5,10022,-24,-1070,140,1079,2026-08-06-00-09.csv
657801,1076873,-174,24289,41.91,1,1,18.3,191.1,10034,58,-837,-67,841,2026-08-06-00-09.csv
658100,1077172,-165,24289,41.92,1,1,17.85,186.4,10045,75,-690,53,696,2026-08-06-00-09.csv
658394,1077466,-159,24289,41.97,1,1,17.67,184.6,10056,127,-1045,-161,1065,2026-08-06-00-09.csv
658697,1077769,-163,24289,41.96,1,1,17.44,182.1,10067,145,-971,-22,982,2026-08-06-00-09.csv
659067,1078139,-157,24289,42.0,1,1,16.28,170.0,10079,72,-982,45,986,2026-08-06-00-09.csv
659355,1078427,-148,24289,42.03,1,1,17.04,178.0,10090,101,-835,94,846,2026-08-06-00-09.csv
659661,1078733,-154,24289,42.06,1,1,18.22,190.3,10101,145,-901,151,925,2026-08-06-00-09.csv
659964,1079036,-154,24289,42.1,1,1,16.77,175.2,10112,211,-1022,-191,1061,2026-08-06-00-09.csv
660263,1079335,-165,24289,42.12,1,1,17.85,186.4,10123,37,-1088,-12,1089,2026-08-06-00-09.csv
660568,1079640,-155,24289,42.14,1,1,17.73,185.1,10134,191,-840,-103,868,2026-08-06-00-09.csv
660872,1079944,-154,24289,42.16,1,1,17.5,182.8,10145,28,-1163,-4,1164,2026-08-06-00-09.csv
661178,1080250,-155,24289,42.16,1,1,16.2,169.2,10156,118,-907,-129,924,2026-08-06-00-09.csv
661479,1080551,-140,24289,42.2,1,1,15.91,166.1,10166,170,-823,-183,860,2026-08-06-00-09.csv
661786,1080858,-158,24289,42.2,1,1,16.01,167.2,10176,14,-1096,1,1096,2026-08-06-00-09.csv
662096,1081168,-152,24289,42.22,1,1,16.31,170.3,10187,98,-918,-108,930,2026-08-06-00-09.csv
662396,1081468,-127,24289,42.23,1,1,16.17,168.9,10197,90,-981,-128,993,2026-08-06-00-09.csv
662703,1081775,-141,24289,42.24,1,1,17.91,187.1,10208,110,-978,-239,1013,2026-08-06-00-09.csv
663015,1082087,-136,24289,42.24,1,1,16.56,173.0,10219,150,-960,-73,975,2026-08-06-00-09.csv
663314,1082386,-135,24289,42.25,1,1,18.18,189.9,10231,225,-849,-194,899,2026-08-06-00-09.csv
663620,1082692,-142,24289,42.28,1,1,16.45,171.8,10241,82,-1106,67,1111,2026-08-06-00-09.csv
664002,1083074,-136,24289,42.31,1,1,14.88,155.4,10253,-6,-927,102,932,2026-08-06-00-09.csv
664302,1083374,-128,24289,42.3,1,1,18.41,192.3,10265,158,-889,-118,911,2026-08-06-00-09.csv
664611,1083683,-136,24289,42.33,1,1,16.57,173.0,10275,103,-967,-221,997,2026-08-06-00-09.csv
664917,1083989,-133,24289,42.33,1,1,16.88,176.3,10286,176,-929,-155,958,2026-08-06-00-09.csv
665222,1084294,-124,24289,42.37,1,1,18.53,193.5,10298,174,-924,-75,943,2026-08-06-00-09.csv
665533,1084605,-123,24289,42.38,1,1,17.04,178.0,10309,214,-878,-177,921,2026-08-06-00-09.csv
665839,1084911,-128,24289,42.38,1,1,18.65,194.8,10321,145,-917,-117,936,2026-08-06-00-09.csv
666148,1085220,-122,24289,42.38,1,1,18.71,195.4,10333,180,-1082,-193,1113,2026-08-06-00-09.csv
666455,1085527,-122,24289,42.4,1,1,17.21,179.7,10344,50,-1031,-150,1044,2026-08-06-00-09.csv
666769,1085841,-122,24289,42.4,1,1,17.21,179.7,10355,191,-682,-179,731,2026-08-06-00-09.csv
667077,1086149,-113,24289,42.42,1,1,17.32,180.9,10366,76,-1097,-106,1105,2026-08-06-00-09.csv
667365,1086437,-104,24289,42.43,1,1,17.27,180.3,10377,185,-883,-118,910,2026-08-06-00-09.csv
667722,1086794,-124,24289,42.45,1,1,16.37,170.9,10389,119,-1108,-25,1115,2026-08-06-00-09.csv
668018,1087090,-126,24289,42.42,1,1,17.1,178.6,10399,134,-876,-72,889,2026-08-06-00-09.csv
668310,1087382,-115,24289,42.45,1,1,17.32,180.9,10410,-14,-998,11,998,2026-08-06-00-09.csv
668600,1087672,-112,24289,42.42,1,1,17.1,178.6,10420,136,-775,-76,791,2026-08-06-00-09.csv
668951,1088023,-121,24289,42.41,1,1,16.42,171.4,10432,41,-1282,47,1283,2026-08-06-00-09.csv
669241,1088313,-123,24289,42.44,1,1,17.32,180.9,10443,121,-1148,72,1157,2026-08-06-00-09.csv
669527,1088599,-119,24289,42.43,1,1,18.81,196.4,10454,116,-988,-288,1035,2026-08-06-00-09.csv
669820,1088892,-125,24289,42.43,1,1,17.27,180.3,10465,271,-891,-3,932,2026-08-06-00-09.csv
670112,1089184,-113,24289,42.43,1,1,17.04,177.9,10475,57,-1051,-29,1053,2026-08-06-00-09.csv
670397,1089469,-107,24289,42.46,1,1,17.21,179.7,10486,192,-963,22,982,2026-08-06-00-09.csv
670686,1089758,-112,24289,42.45,1,1,16.57,173.1,10495,27,-1031,192,1049,2026-08-06-00-09.csv
670980,1090052,-102,24289,42.45,1,1,17.15,179.2,10506,220,-1053,-167,1089,2026-08-06-00-09.csv
671271,1090343,-111,24289,42.45,1,1,18.48,193.0,10517,35,-1023,16,1024,2026-08-06-00-09.csv
671570,1090642,-111,24289,42.45,1,1,16.99,177.4,10528,75,-719,303,783,2026-08-06-00-09.csv
671863,1090935,-110,24289,42.45,1,1,18.41,192.3,10539,45,-1173,44,1175,2026-08-06-00-09.csv
672157,1091229,-115,24289,42.44,1,1,16.68,174.2,10549,24,-914,185,933,2026-08-06-00-09.csv
672454,1091526,-116,24289,42.45,1,1,17.04,178.0,10560,46,-933,202,955,2026-08-06-00-09.csv
672754,1091826,-121,24289,42.47,1,1,16.62,173.6,10570,99,-935,-152,953,2026-08-06-00-09.csv
673050,1092122,-115,24289,42.46,1,1,16.57,173.0,10580,231,-1097,-78,1124,2026-08-06-00-09.csv
673339,1092411,-109,24289,42.48,1,1,16.51,172.4,10591,283,-932,-60,976,2026-08-06-00-09.csv
673705,1092777,-115,24289,42.49,1,1,12.67,132.4,10600,299,-769,-106,832,2026-08-06-00-09.csv
674011,1093083,-108,24289,42.49,1,1,13.99,146.1,10609,335,-883,17,944,2026-08-06-00-09.csv
674297,1093369,-116,24289,42.49,1,1,14.13,147.5,10618,352,-1114,-225,1190,2026-08-06-00-09.csv
674597,1093669,-113,24289,42.5,1,1,12.19,127.3,10625,244,-933,59,967,2026-08-06-00-09.csv
674889,1093961,-111,24289,42.53,1,1,10.37,108.3,10631,319,-1003,-67,1055,2026-08-06-00-09.csv
675183,1094255,-109,24289,42.56,1,1,8.73,91.2,10637,233,-1009,13,1036,2026-08-06-00-09.csv
675476,1094548,-109,24289,42.58,1,1,7.02,73.3,10641,267,-961,-55,999,2026-08-06-00-09.csv
675769,1094841,-108,24289,42.59,1,1,7.48,78.1,10645,-29,-1103,261,1133,2026-08-06-00-09.csv
676064,1095136,-101,24289,42.59,1,1,6.26,65.4,10649,305,-968,-155,1027,2026-08-06-00-09.csv
676344,1095416,-89,24289,42.58,1,1,5.73,59.9,10651,262,-932,92,972,2026-08-06-00-09.csv
676646,1095718,-104,24289,42.62,1,1,3.31,34.6,10654,246,-956,-58,988,2026-08-06-00-09.csv
676941,1096013,-102,24289,42.61,1,1,3.01,31.4,10655,132,-1005,-49,1014,2026-08-06-00-09.csv
677243,1096315,-99,24289,42.64,1,1,2.38,24.8,10657,133,-934,-59,945,2026-08-06-00-09.csv
677543,1096615,-100,24289,42.65,1,1,2.31,24.2,10658,105,-911,-33,918,2026-08-06-00-09.csv
677846,1096918,-87,24289,42.66,1,1,2.31,24.1,10660,166,-1008,-50,1023,2026-08-06-00-09.csv
678147,1097219,-91,24289,42.69,1,1,2.38,24.9,10661,165,-942,-11,957,2026-08-06-00-09.csv
678509,1097581,-92,24289,42.72,1,1,2.04,21.3,10662,149,-952,-115,971,2026-08-06-00-09.csv
678807,1097879,-83,24289,42.73,1,1,1.53,16.0,10663,105,-961,-2,967,2026-08-06-00-09.csv
679108,1098180,-83,24289,42.77,1,1,1.1,11.5,10664,140,-954,-34,965,2026-08-06-00-09.csv
679397,1098469,-81,24289,42.78,1,1,1.1,11.5,10664,133,-963,-63,974,2026-08-06-00-09.csv
679698,1098770,-81,24289,42.81,1,1,1.05,10.9,10665,130,-985,-45,995,2026-08-06-00-09.csv
680006,1099078,-83,24289,42.83,1,1,0.97,10.1,10666,131,-966,-46,976,2026-08-06-00-09.csv
680303,1099375,-79,24289,42.86,1,1,0.97,10.1,10666,145,-979,-51,991,2026-08-06-00-09.csv
680604,1099676,-78,24289,42.89,1,1,0.97,10.1,10667,141,-960,-71,973,2026-08-06-00-09.csv
680913,1099985,-83,24289,42.9,1,1,0.97,10.1,10667,147,-974,-28,985,2026-08-06-00-09.csv
681219,1100291,-84,24289,42.91,1,1,0.8,8.3,10668,186,-961,-51,980,2026-08-06-00-09.csv
681516,1100588,-79,24289,42.9,1,1,0.8,8.3,10668,99,-969,-48,975,2026-08-06-00-09.csv
681821,1100893,-76,24289,42.96,1,1,0.8,8.3,10668,121,-969,-45,978,2026-08-06-00-09.csv
682123,1101195,-76,24289,42.98,1,1,0.8,8.3,10668,130,-965,-69,976,2026-08-06-00-09.csv
682426,1101498,-74,24289,42.99,1,1,0.8,8.3,10668,127,-971,-55,981,2026-08-06-00-09.csv
682732,1101804,-80,24289,43.01,1,1,0.8,8.3,10668,135,-971,-58,982,2026-08-06-00-09.csv
683053,1102125,-74,24289,43.05,1,1,0.0,0.0,10668,128,-969,-60,979,2026-08-06-00-09.csv
683420,1102492,-66,24289,43.04,1,1,0.0,0.0,10668,131,-972,-59,982,2026-08-06-00-09.csv
683720,1102792,-70,24289,43.04,1,1,0.0,0.0,10668,132,-968,-56,979,2026-08-06-00-09.csv
684025,1103097,-71,24289,43.04,1,1,0.0,0.0,10668,128,-970,-53,980,2026-08-06-00-09.csv
684322,1103394,-58,24289,43.09,1,1,0.0,0.0,10668,131,-970,-55,980,2026-08-06-00-09.csv
684625,1103697,-67,24289,43.07,1,1,0.0,0.0,10668,129,-968,-53,978,2026-08-06-00-09.csv
684926,1103998,-68,24289,43.11,1,1,0.0,0.0,10668,129,-970,-55,980,2026-08-06-00-09.csv
685240,1104312,-66,24289,43.15,1,1,0.0,0.0,10668,130,-969,-60,980,2026-08-06-00-09.csv
685547,1104619,-70,24289,43.15,1,1,0.0,0.0,10668,129,-971,-59,981,2026-08-06-00-09.csv
685858,1104930,-61,24289,43.16,1,1,0.0,0.0,10668,130,-970,-56,981,2026-08-06-00-09.csv
686162,1105234,-63,24289,43.18,1,1,0.0,0.0,10668,134,-978,-60,989,2026-08-06-00-09.csv
686468,1105540,-63,24289,43.18,1,1,0.0,0.0,10668,138,-967,-51,978,2026-08-06-00-09.csv
686775,1105847,-61,24289,43.22,1,1,0.0,0.0,10668,127,-963,-39,972,2026-08-06-00-09.csv
687085,1106157,-64,24289,43.22,1,1,0.0,0.0,10668,129,-967,-60,978,2026-08-06-00-09.csv
687380,1106452,-53,24289,43.25,1,1,0.0,0.0,10668,122,-962,-60,972,2026-08-06-00-09.csv
687689,1106761,-61,24289,43.25,1,1,0.0,0.0,10668,134,-968,-57,979,2026-08-06-00-09.csv
687998,1107070,-52,24289,43.27,1,1,0.0,0.0,10668,135,-985,-62,996,2026-08-06-00-09.csv
688345,1107417,-47,24289,43.29,1,1,0.0,0.0,10668,102,-980,-71,988,2026-08-06-00-09.csv
688653,1107725,-61,24289,43.29,1,1,0.0,0.0,10669,111,-952,-55,960,2026-08-06-00-09.csv
688962,1108034,-60,24289,43.27,1,1,0.0,0.0,10669,128,-951,-47,961,2026-08-06-00-09.csv
689294,1108366,-55,24289,43.29,1,1,0.0,0.0,10669,139,-975,-43,986,2026-08-06-00-09.csv
689588,1108660,-57,24289,43.32,1,1,0.0,0.0,10669,138,-964,-61,975,2026-08-06-00-09.csv
689881,1108953,-62,24289,43.31,1,1,0.0,0.0,10669,125,-965,-53,974,2026-08-06-00-09.csv
690175,1109247,-52,24289,43.32,1,1,0.0,0.0,10669,119,-970,-49,978,2026-08-06-00-09.csv
690467,1109539,-55,24289,43.34,1,1,0.0,0.0,10669,143,-940,-80,954,2026-08-06-00-09.csv
690756,1109828,-55,24289,43.34,1,1,0.0,0.0,10669,142,-946,-37,957,2026-08-06-00-09.csv
691050,1110122,-55,24289,43.36,1,1,0.0,0.0,10669,142,-976,-41,987,2026-08-06-00-09.csv
691324,1110396,-47,24289,43.35,1,1,0.0,0.0,10669,120,-963,-51,972,2026-08-06-00-09.csv
691622,1110694,-53,24289,43.39,1,1,0.0,0.0,10669,138,-976,-66,988,2026-08-06-00-09.csv
691915,1110987,-62,24289,43.39,1,1,0.0,0.0,10669,126,-975,-29,983,2026-08-06-00-09.csv
692207,1111279,-56,24289,43.4,1,1,0.0,0.0,10669,102,-961,-75,970,2026-08-06-00-09.csv
692500,1111572,-51,24289,43.41,1,1,0.0,0.0,10669,135,-970,-48,980,2026-08-06-00-09.csv
692792,1111864,-53,24289,43.41,1,1,0.0,0.0,10669,131,-974,-64,984,2026-08-06-00-09.csv
693148,1112220,-57,24289,43.42,1,1,0.0,0.0,10669,163,-978,-58,994,2026-08-06-00-09.csv
693437,1112509,-50,24289,43.43,1,1,0.0,0.0,10669,95,-985,-62,992,2026-08-06-00-09.csv
693736,1112808,-50,24289,43.43,1,1,0.0,0.0,10669,116,-953,-44,961,2026-08-06-00-09.csv
694028,1113100,-48,24289,43.44,1,1,0.0,0.0,10669,98,-976,-93,986,2026-08-06-00-09.csv
694311,1113383,-47,24289,43.45,1,1,0.0,0.0,10669,139,-974,-46,985,2026-08-06-00-09.csv
694607,1113679,-47,24289,43.45,1,1,0.0,0.0,10669,129,-949,-61,960,2026-08-06-00-09.csv
694900,1113972,-43,24289,43.45,1,1,0.0,0.0,10669,133,-970,-63,981,2026-08-06-00-09.csv
695193,1114265,-50,24289,43.47,1,1,0.0,0.0,10669,139,-977,-49,988,2026-08-06-00-09.csv
695488,1114560,-50,24289,43.48,1,1,0.0,0.0,10669,129,-971,-61,981,2026-08-06-00-09.csv
695785,1114857,-48,24289,43.47,1,1,0.0,0.0,10669,132,-975,-48,985,2026-08-06-00-09.csv
696086,1115158,-50,24289,43.46,1,1,0.0,0.0,10669,119,-964,-62,973,2026-08-06-00-09.csv
696363,1115435,-36,24289,43.47,1,1,0.0,0.0,10669,136,-962,-49,973,2026-08-06-00-09.csv
696660,1115732,-48,24289,43.49,1,1,0.0,0.0,10669,133,-963,-53,973,2026-08-06-00-09.csv
696961,1116033,-50,24289,43.49,1,1,0.0,0.0,10669,117,-964,-51,972,2026-08-06-00-09.csv
697261,1116333,-56,24289,43.48,1,1,0.0,0.0,10669,122,-969,-72,979,2026-08-06-00-09.csv
697558,1116630,-49,24289,43.48,1,1,0.0,0.0,10669,143,-963,-71,977,2026-08-06-00-09.csv
697924,1116996,-51,24289,43.49,1,1,0.0,0.0,10669,127,-962,-47,971,2026-08-06-00-09.csv
698215,1117287,-47,24289,43.49,1,1,0.0,0.0,10669,122,-968,-51,977,2026-08-06-00-09.csv
698509,1117581,-44,24289,43.48,1,1,0.0,0.0,10669,118,-969,-51,978,2026-08-06-00-09.csv
698809,1117881,-46,24289,43.49,1,1,0.0,0.0,10669,127,-971,-54,980,2026-08-06-00-09.csv
699101,1118173,-49,24289,43.47,1,1,0.0,0.0,10669,127,-969,-48,979,2026-08-06-00-09.csv
699386,1118458,-41,24289,43.49,1,1,0.0,0.0,10669,145,-973,-65,986,2026-08-06-00-09.csv
699686,1118758,-49,24289,43.48,1,1,0.0,0.0,10669,106,-971,-65,979,2026-08-06-00-09.csv
699993,1119065,-49,24289,43.49,1,1,0.0,0.0,10669,138,-964,-38,975,2026-08-06-00-09.csv
700287,1119359,-44,24289,43.49,1,1,0.0,0.0,10669,123,-964,-61,974,2026-08-06-00-09.csv
700587,1119659,-50,24289,43.48,1,1,0.0,0.0,10669,131,-972,-43,982,2026-08-06-00-09.csv
700888,1119960,-49,24289,43.5,1,1,0.0,0.0,10669,126,-970,-50,980,2026-08-06-00-09.csv
701185,1120257,-46,24289,43.49,1,1,0.0,0.0,10669,131,-970,-52,980,2026-08-06-00-09.csv
701482,1120554,-48,24289,43.5,1,1,0.0,0.0,10669,117,-973,-68,982,2026-08-06-00-09.csv
701785,1120857,-44,24289,43.49,1,1,0.0,0.0,10669,145,-972,-33,983,2026-08-06-00-09.csv
702093,1121165,-50,24289,43.5,1,1,0.0,0.0,10669,105,-978,-59,985,2026-08-06-00-09.csv
702387,1121459,-35,24289,43.49,1,1,0.0,0.0,10669,131,-968,-71,980,2026-08-06-00-09.csv
702759,1121831,-45,24289,43.49,1,1,0.0,0.0,10669,119,-970,-54,978,2026-08-06-00-09.csv
703065,1122137,-43,24289,43.47,1,1,0.0,0.0,10669,135,-970,-52,980,2026-08-06-00-09.csv
703336,1122408,-37,24289,43.5,1,1,0.0,0.0,10669,129,-971,-52,981,2026-08-06-00-09.csv
703640,1122712,-46,24289,43.5,1,1,0.0,0.0,10669,128,-970,-54,980,2026-08-06-00-09.csv
703944,1123016,-49,24289,43.5,1,1,0.0,0.0,10669,129,-970,-46,979,2026-08-06-00-09.csv
704250,1123322,-45,24289,43.49,1,1,0.0,0.0,10669,127,-969,-58,979,2026-08-06-00-09.csv
704553,1123625,-39,24289,43.48,1,1,0.0,0.0,10669,132,-970,-59,981,2026-08-06-00-09.csv
704855,1123927,-43,24289,43.49,1,1,0.0,0.0,10669,125,-971,-55,981,2026-08-06-00-09.csv
705165,1124237,-46,24289,43.49,1,1,0.0,0.0,10669,129,-969,-53,979,2026-08-06-00-09.csv
705473,1124545,-43,24289,43.47,1,1,0.0,0.0,10669,128,-970,-55,980,2026-08-06-00-09.csv
705779,1124851,-46,24289,43.47,1,1,0.0,0.0,10669,127,-970,-56,980,2026-08-06-00-09.csv
706086,1125158,-48,24289,43.48,1,1,0.0,0.0,10669,129,-971,-58,981,2026-08-06-00-09.csv
706377,1125449,-31,24289,43.47,1,1,0.0,0.0,10669,125,-970,-54,979,2026-08-06-00-09.csv
706692,1125764,-45,24289,43.47,1,1,0.0,0.0,10669,127,-972,-51,981,2026-08-06-00-09.csv
706997,1126069,-48,24289,43.48,1,1,0.0,0.0,10669,125,-969,-63,979,2026-08-06-00-09.csv
707301,1126373,-43,24289,43.47,1,1,0.0,0.0,10669,167,-963,-60,979,2026-08-06-00-09.csv
707671,1126743,-47,24289,43.47,1,1,0.0,0.0,10669,85,-986,-40,990,2026-08-06-00-09.csv
707978,1127050,-52,24289,43.47,1,1,0.0,0.0,10669,92,-964,-61,971,2026-08-06-00-09.csv
708281,1127353,-45,24289,43.49,1,1,0.0,0.0,10669,161,-966,-85,983,2026-08-06-00-09.csv
708590,1127662,-45,24289,43.47,1,1,0.0,0.0,10669,105,-979,-28,985,2026-08-06-00-09.csv
708901,1127973,-45,24289,43.46,1,1,0.0,0.0,10669,139,-983,-48,993,2026-08-06-00-09.csv
709218,1128290,-46,24289,43.43,1,1,0.0,0.0,10669,121,-990,-120,1005,2026-08-06-00-09.csv
709525,1128597,-46,24289,43.45,1,1,0.0,0.0,10669,107,-984,-31,990,2026-08-06-00-09.csv
709831,1128903,-45,24289,43.45,1,1,0.0,0.0,10669,132,-963,-74,975,2026-08-06-00-09.csv
710140,1129212,-45,24289,43.45,1,1,0.0,0.0,10669,129,-971,-53,981,2026-08-06-00-09.csv
710449,1129521,-59,24289,43.44,1,1,0.0,0.0,10670,95,-974,-54,981,2026-08-06-00-09.csv
710762,1129834,-50,24289,43.44,1,1,0.0,0.0,10670,124,-974,-64,984,2026-08-06-00-09.csv
711119,1130191,-40,24289,43.43,1,1,0.0,0.0,10670,118,-971,-33,979,2026-08-06-00-09.csv
711397,1130469,-43,24289,43.42,1,1,0.0,0.0,10670,124,-969,-53,979,2026-08-06-00-09.csv
711689,1130761,-53,24289,43.42,1,1,0.38,4.0,10671,134,-970,-60,981,2026-08-06-00-09.csv
711982,1131054,-43,24289,43.41,1,1,0.38,4.0,10671,107,-972,-62,980,2026-08-06-00-09.csv
712275,1131347,-44,24289,43.4,1,1,0.38,4.0,10671,192,-964,-23,983,2026-08-06-00-09.csv
712625,1131697,-43,24289,43.37,1,1,0.38,4.0,10671,132,-971,-55,982,2026-08-06-00-09.csv
712916,1131988,-46,24289,43.37,1,1,0.38,4.0,10671,119,-972,-52,981,2026-08-06-00-09.csv
713203,1132275,-43,24289,43.35,1,1,0.38,4.0,10671,125,-970,-55,979,2026-08-06-00-09.csv
713491,1132563,-44,24289,43.36,1,1,0.38,4.0,10671,123,-970,-52,980,2026-08-06-00-09.csv
713781,1132853,-47,24289,43.36,1,1,0.0,0.0,10671,122,-972,-53,981,2026-08-06-00-09.csv
714073,1133145,-46,24289,43.36,1,1,0.0,0.0,10671,128,-972,-52,981,2026-08-06-00-09.csv
714338,1133410,-30,24289,43.35,1,1,0.0,0.0,10671,132,-968,-48,979,2026-08-06-00-09.csv
714638,1133710,-39,24289,43.36,1,1,0.0,0.0,10671,131,-969,-45,979,2026-08-06-00-09.csv
714937,1134009,-44,24289,43.38,1,1,0.0,0.0,10671,110,-971,-55,979,2026-08-06-00-09.csv
715228,1134300,-42,24289,43.4,1,1,0.0,0.0,10671,110,-973,-62,981,2026-08-06-00-09.csv
715520,1134592,-44,24289,43.38,1,1,0.0,0.0,10671,103,-970,-67,978,2026-08-06-00-09.csv
715812,1134884,-41,24289,43.39,1,1,0.0,0.0,10671,122,-972,-55,982,2026-08-06-00-09.csv
716102,1135174,-53,24289,43.38,1,1,0.0,0.0,10671,110,-965,-54,973,2026-08-06-00-09.csv
716372,1135444,-44,24289,43.38,1,1,0.0,0.0,10672,114,-971,-46,979,2026-08-06-00-09.csv
716665,1135737,-41,24289,43.39,1,1,0.0,0.0,10672,120,-981,-35,989,2026-08-06-00-09.csv
716970,1136042,-43,24289,43.37,1,1,0.0,0.0,10672,98,-965,-87,974,2026-08-06-00-09.csv
717312,1136384,-37,24289,43.36,1,1,0.0,0.0,10672,123,-975,-27,983,2026-08-06-00-09.csv
717600,1136672,-41,24289,43.36,1,1,0.0,0.0,10672,134,-967,-69,978,2026-08-06-00-09.csv
717891,1136963,-40,24289,43.36,1,1,0.0,0.0,10672,137,-971,-59,983,2026-08-06-00-09.csv
718187,1137259,-37,24289,43.36,1,1,0.0,0.0,10672,136,-974,-43,984,2026-08-06-00-09.csv
718486,1137558,-39,24289,43.37,1,1,0.0,0.0,10672,95,-953,-41,959,2026-08-06-00-09.csv
718782,1137854,-42,24289,43.36,1,1,0.0,0.0,10672,138,-964,-29,975,2026-08-06-00-09.csv
719079,1138151,-40,24289,43.36,1,1,0.0,0.0,10672,270,-1017,-4,1052,2026-08-06-00-09.csv
719355,1138427,-31,24289,43.36,1,1,0.0,0.0,10672,106,-968,-67,976,2026-08-06-00-09.csv
719656,1138728,-44,24289,43.36,1,1,0.0,0.0,10672,105,-977,-54,984,2026-08-06-00-09.csv
719958,1139030,-39,24289,43.37,1,1,0.0,0.0,10672,131,-969,-68,981,2026-08-06-00-09.csv
720254,1139326,-42,24289,43.38,1,1,0.0,0.0,10672,117,-957,-38,965,2026-08-06-00-09.csv
720557,1139629,-41,24289,43.35,1,1,0.0,0.0,10672,88,-949,-30,954,2026-08-06-00-09.csv
720857,1139929,-33,24289,43.38,1,1,0.0,0.0,10672,123,-966,-48,975,2026-08-06-00-09.csv
721161,1140233,-42,24289,43.39,1,1,0.0,0.0,10672,133,-965,-41,975,2026-08-06-00-09.csv
721462,1140534,-31,24289,43.39,1,1,0.0,0.0,10672,135,-1020,-67,1032,2026-08-06-00-09.csv
721762,1140834,-42,24289,43.39,1,1,0.0,0.0,10672,117,-1010,-70,1019,2026-08-06-00-09.csv
722128,1141200,-38,24289,43.4,1,1,0.0,0.0,10672,133,-969,-66,980,2026-08-06-00-09.csv
722419,1141491,-33,24289,43.4,1,1,0.0,0.0,10672,177,-965,-30,981,2026-08-06-00-09.csv
722717,1141789,-37,24289,43.39,1,1,0.0,0.0,10672,142,-967,-44,979,2026-08-06-00-09.csv
723015,1142087,-41,24289,43.38,1,1,0.0,0.0,10672,130,-968,-58,978,2026-08-06-00-09.csv
723311,1142383,-31,24289,43.38,1,1,0.0,0.0,10672,124,-973,-48,982,2026-08-06-00-09.csv
723614,1142686,-36,24289,43.39,1,1,0.0,0.0,10672,118,-970,-56,979,2026-08-06-00-09.csv
723911,1142983,-38,24289,43.39,1,1,0.0,0.0,10672,117,-973,-53,982,2026-08-06-00-09.csv
724212,1143284,-34,24289,43.39,1,1,0.0,0.0,10672,118,-973,-54,982,2026-08-06-00-09.csv
724514,1143586,-35,24289,43.37,1,1,0.0,0.0,10672,124,-971,-51,980,2026-08-06-00-09.csv
724819,1143891,-40,24289,43.38,1,1,0.0,0.0,10672,124,-970,-48,979,2026-08-06-00-09.csv
725129,1144201,-39,24289,43.39,1,1,0.0,0.0,10672,124,-970,-50,979,2026-08-06-00-09.csv
725436,1144508,-33,24289,43.4,1,1,0.0,0.0,10672,126,-971,-53,980,2026-08-06-00-09.csv
725739,1144811,-38,24289,43.38,1,1,0.0,0.0,10672,125,-971,-47,980,2026-08-06-00-09.csv
726046,1145118,-37,24289,43.39,1,1,0.0,0.0,10672,126,-972,-49,982,2026-08-06-00-09.csv
726342,1145414,-30,24289,43.38,1,1,0.0,0.0,10672,127,-969,-51,979,2026-08-06-00-09.csv
726648,1145720,-36,24289,43.39,1,1,0.0,0.0,10672,124,-968,-51,977,2026-08-06-00-09.csv
727011,1146083,-36,24289,43.37,1,1,0.0,0.0,10672,134,-968,-45,978,2026-08-06-00-09.csv
727309,1146381,-30,24289,43.4,1,1,0.0,0.0,10672,131,-965,-55,976,2026-08-06-00-09.csv
727621,1146693,-42,24289,43.41,1,1,0.0,0.0,10672,120,-973,-54,982,2026-08-06-00-09.csv
727922,1146994,-39,24289,43.38,1,1,0.0,0.0,10672,122,-971,-60,981,2026-08-06-00-09.csv
728225,1147297,-41,24289,43.4,1,1,0.0,0.0,10672,124,-971,-55,981,2026-08-06-00-09.csv
728529,1147601,-37,24289,43.39,1,1,0.0,0.0,10672,121,-973,-47,981,2026-08-06-00-09.csv
728838,1147910,-37,24289,43.37,1,1,0.0,0.0,10672,124,-970,-49,979,2026-08-06-00-09.csv
729155,1148227,-36,24289,43.38,1,1,0.0,0.0,10672,133,-972,-41,982,2026-08-06-00-09.csv
729462,1148534,-31,24289,43.37,1,1,0.0,0.0,10672,136,-968,-44,978,2026-08-06-00-09.csv
729772,1148844,-37,24289,43.37,1,1,0.0,0.0,10672,135,-971,-60,982,2026-08-06-00-09.csv
730087,1149159,-40,24289,43.4,1,1,0.0,0.0,10672,119,-971,-45,979,2026-08-06-00-09.csv
730384,1149456,-26,24289,43.36,1,1,0.0,0.0,10672,127,-970,-68,980,2026-08-06-00-09.csv
730691,1149763,-36,24289,43.36,1,1,0.0,0.0,10672,127,-972,-48,981,2026-08-06-00-09.csv
731004,1150076,-38,24289,43.37,1,1,0.0,0.0,10672,125,-971,-45,980,2026-08-06-00-09.csv
731314,1150386,-25,24289,43.36,1,1,0.0,0.0,10672,132,-978,-40,987,2026-08-06-00-09.csv
731628,1150700,-32,24289,43.39,1,1,0.0,0.0,10672,133,-964,-67,976,2026-08-06-00-09.csv
732013,1151085,-36,24289,43.37,1,1,0.0,0.0,10672,148,-961,-44,974,2026-08-06-00-09.csv
732315,1151387,-31,24289,43.39,1,1,0.0,0.0,10672,127,-968,-39,977,2026-08-06-00-09.csv
732617,1151689,-31,24289,43.35,1,1,0.0,0.0,10672,123,-969,-50,978,2026-08-06-00-09.csv
732967,1152039,-33,24289,43.35,1,1,0.0,0.0,10672,127,-970,-60,980,2026-08-06-00-09.csv
733263,1152335,-36,24289,43.37,1,1,0.0,0.0,10672,124,-971,-53,980,2026-08-06-00-09.csv
733555,1152627,-36,24289,43.36,1,1,0.0,0.0,10672,124,-971,-48,981,2026-08-06-00-09.csv
733841,1152913,-33,24289,43.35,1,1,0.0,0.0,10672,127,-971,-54,981,2026-08-06-00-09.csv
734135,1153207,-36,24289,43.35,1,1,0.0,0.0,10672,128,-970,-48,979,2026-08-06-00-09.csv
734416,1153488,-25,24289,43.36,1,1,0.0,0.0,10672,127,-971,-53,980,2026-08-06-00-09.csv
734710,1153782,-33,24289,43.34,1,1,0.0,0.0,10672,125,-971,-47,980,2026-08-06-00-09.csv
735008,1154080,-39,24289,43.34,1,1,0.0,0.0,10672,125,-971,-50,980,2026-08-06-00-09.csv
735297,1154369,-28,24289,43.38,1,1,0.0,0.0,10672,125,-970,-53,980,2026-08-06-00-09.csv
735590,1154662,-37,24289,43.34,1,1,0.0,0.0,10672,119,-968,-53,977,2026-08-06-00-09.csv
735878,1154950,-39,24289,43.34,1,1,0.0,0.0,10672,118,-970,-50,978,2026-08-06-00-09.csv
736174,1155246,-30,24289,43.34,1,1,0.0,0.0,10672,124,-971,-51,980,2026-08-06-00-09.csv
736465,1155537,-37,24289,43.34,1,1,0.0,0.0,10672,124,-971,-53,980,2026-08-06-00-09.csv
736823,1155895,-36,24289,43.32,1,1,0.0,0.0,10672,125,-970,-51,979,2026-08-06-00-09.csv
737116,1156188,-39,24289,43.32,1,1,0.0,0.0,10672,124,-971,-50,980,2026-08-06-00-09.csv
737388,1156460,-30,24289,43.32,1,1,0.0,0.0,10672,122,-970,-51,979,2026-08-06-00-09.csv
737674,1156746,-40,24289,43.31,1,1,0.0,0.0,10672,123,-971,-53,980,2026-08-06-00-09.csv
737971,1157043,-41,24289,43.31,1,1,0.0,0.0,10672,120,-971,-47,979,2026-08-06-00-09.csv
738266,1157338,-36,24289,43.3,1,1,0.0,0.0,10672,114,-972,-55,980,2026-08-06-00-09.csv
738562,1157634,-31,24289,43.27,1,1,0.0,0.0,10672,116,-971,-52,979,2026-08-06-00-09.csv
738860,1157932,-34,24289,43.27,1,1,0.0,0.0,10672,119,-970,-53,979,2026-08-06-00-09.csv
739155,1158227,-39,24289,43.25,1,1,0.0,0.0,10672,115,-974,-52,982,2026-08-06-00-09.csv
739455,1158527,-32,24289,43.24,1,1,0.0,0.0,10672,117,-974,-52,982,2026-08-06-00-09.csv
739748,1158820,-37,24289,43.21,1,1,0.0,0.0,10672,120,-970,-57,979,2026-08-06-00-09.csv
740041,1159113,-37,24289,43.22,1,1,0.0,0.0,10672,114,-981,-38,988,2026-08-06-00-09.csv
740333,1159405,-28,24289,43.19,1,1,0.0,0.0,10672,128,-972,-56,982,2026-08-06-00-09.csv
740637,1159709,-41,24289,43.17,1,1,0.0,0.0,10672,112,-969,-41,977,2026-08-06-00-09.csv
740936,1160008,-41,24289,43.15,1,1,0.0,0.0,10672,126,-969,-46,979,2026-08-06-00-09.csv
741232,1160304,-37,24289,43.14,1,1,0.0,0.0,10672,120,-979,-36,987,2026-08-06-00-09.csv
741590,1160662,-36,24289,43.15,1,1,0.0,0.0,10672,132,-951,-54,961,2026-08-06-00-09.csv
741886,1160958,-38,24289,43.16,1,1,0.0,0.0,10672,114,-976,-13,982,2026-08-06-00-09.csv
742179,1161251,-36,24289,43.13,1,1,0.0,0.0,10672,129,-959,-81,971,2026-08-06-00-09.csv
742480,1161552,-36,24289,43.13,1,1,0.0,0.0,10672,127,-973,-41,982,2026-08-06-00-09.csv
742776,1161848,-31,24289,43.13,1,1,0.0,0.0,10672,127,-968,-52,978,2026-08-06-00-09.csv
743072,1162144,-37,24289,43.11,1,1,0.0,0.0,10672,120,-970,-54,979,2026-08-06-00-09.csv
743371,1162443,-23,24289,43.11,1,1,0.0,0.0,10672,124,-971,-46,980,2026-08-06-00-09.csv
743667,1162739,-36,24289,43.12,1,1,0.0,0.0,10672,124,-972,-49,981,2026-08-06-00-09.csv
743964,1163036,-41,24289,43.11,1,1,0.0,0.0,10672,127,-970,-55,980,2026-08-06-00-09.csv
744259,1163331,-39,24289,43.11,1,1,0.0,0.0,10672,124,-971,-49,980,2026-08-06-00-09.csv
744561,1163633,-35,24289,43.1,1,1,0.0,0.0,10672,123,-972,-51,981,2026-08-06-00-09.csv
744864,1163936,-36,24289,43.09,1,1,0.0,0.0,10672,130,-970,-55,980,2026-08-06-00-09.csv
745162,1164234,-33,24289,43.09,1,1,0.0,0.0,10672,122,-973,-69,983,2026-08-06-00-09.csv
745467,1164539,-36,24289,43.11,1,1,0.0,0.0,10672,128,-970,-48,980,2026-08-06-00-09.csv
745774,1164846,-36,24289,43.09,1,1,0.0,0.0,10672,130,-968,-65,979,2026-08-06-00-09.csv
746075,1165147,-29,24289,43.09,1,1,0.0,0.0,10672,120,-972,-41,981,2026-08-06-00-09.csv
746430,1165502,-27,24289,43.09,1,1,0.0,0.0,10672,126,-971,-59,980,2026-08-06-00-09.csv
746737,1165809,-39,24289,43.08,1,1,0.0,0.0,10672,126,-973,-46,982,2026-08-06-00-09.csv
747034,1166106,-40,24289,43.08,1,1,0.0,0.0,10672,117,-969,-54,978,2026-08-06-00-09.csv
747331,1166403,-23,24289,43.06,1,1,0.0,0.0,10672,119,-974,-55,983,2026-08-06-00-09.csv
747630,1166702,-33,24289,43.08,1,1,0.0,0.0,10672,124,-972,-50,981,2026-08-06-00-09.csv
747933,1167005,-37,24289,43.06,1,1,0.0,0.0,10672,126,-971,-48,980,2026-08-06-00-09.csv
748234,1167306,-37,24289,43.05,1,1,0.0,0.0,10672,125,-972,-49,982,2026-08-06-00-09.csv
748536,1167608,-31,24289,43.05,1,1,0.0,0.0,10672,124,-972,-52,981,2026-08-06-00-09.csv
748846,1167918,-34,24289,43.04,1,1,0.0,0.0,10672,126,-974,-49,983,2026-08-06-00-09.csv
749148,1168220,-34,24289,43.05,1,1,0.0,0.0,10672,123,-970,-49,979,2026-08-06-00-09.csv
749456,1168528,-27,24289,43.04,1,1,0.0,0.0,10672,124,-974,-52,983,2026-08-06-00-09.csv
749763,1168835,-37,24289,43.04,1,1,0.0,0.0,10672,125,-972,-55,982,2026-08-06-00-09.csv
750075,1169147,-33,24289,43.04,1,1,0.0,0.0,10672,128,-972,-52,981,2026-08-06-00-09.csv
750375,1169447,-31,24289,43.04,1,1,0.0,0.0,10672,123,-985,-49,993,2026-08-06-00-09.csv
750680,1169752,-34,24289,43.05,1,1,0.0,0.0,10672,139,-962,-74,975,2026-08-06-00-09.csv
751001,1170073,-34,24289,43.02,1,1,0.0,0.0,10672,144,-972,-66,985,2026-08-06-00-09.csv
751371,1170443,-17,24289,42.99,1,1,0.0,0.0,10672,132,-973,-56,983,2026-08-06-00-09.csv
751675,1170747,-33,24289,42.97,1,1,0.0,0.0,10672,114,-974,-38,981,2026-08-06-00-09.csv
751982,1171054,-32,24289,42.97,1,1,0.0,0.0,10672,164,-961,-48,976,2026-08-06-00-09.csv
752285,1171357,-32,24289,42.99,1,1,0.0,0.0,10672,104,-975,-73,983,2026-08-06-00-09.csv
752594,1171666,-36,24289,42.97,1,1,0.0,0.0,10672,133,-968,-42,978,2026-08-06-00-09.csv
752905,1171977,-28,24289,42.97,1,1,0.0,0.0,10672,110,-968,-48,976,2026-08-06-00-09.csv
753218,1172290,-30,24289,42.97,1,1,0.0,0.0,10672,83,-1008,-40,1012,2026-08-06-00-09.csv
753530,1172602,-30,24289,42.96,1,1,0.0,0.0,10672,147,-967,-64,980,2026-08-06-00-09.csv
753843,1172915,-31,24289,42.99,1,1,0.0,0.0,10672,122,-966,-64,976,2026-08-06-00-09.csv
754153,1173225,-36,24289,42.98,1,1,0.0,0.0,10672,95,-962,-50,968,2026-08-06-00-09.csv
754506,1173578,-27,24289,42.98,1,1,0.0,0.0,10672,111,-1028,-38,1034,2026-08-06-00-09.csv
754790,1173862,-34,24289,42.97,1,1,0.0,0.0,10672,151,-951,-63,965,2026-08-06-00-09.csv
755081,1174153,-32,24289,42.97,1,1,0.0,0.0,10672,135,-965,-84,978,2026-08-06-00-09.csv
755376,1174448,-24,24289,42.95,1,1,0.0,0.0,10672,131,-962,-59,973,2026-08-06-00-09.csv
755666,1174738,-31,24289,42.98,1,1,0.0,0.0,10672,141,-951,7,962,2026-08-06-00-09.csv
755958,1175030,-31,24289,42.97,1,1,0.0,0.0,10672,150,-958,-63,971,2026-08-06-00-09.csv
756307,1175379,-28,24289,43.0,1,1,0.0,0.0,10672,114,-973,-49,981,2026-08-06-00-09.csv
756599,1175671,-29,24289,43.0,1,1,0.0,0.0,10672,116,-990,-83,1001,2026-08-06-00-09.csv
756891,1175963,-30,24289,43.01,1,1,0.0,0.0,10672,101,-982,-38,988,2026-08-06-00-09.csv
757179,1176251,-28,24289,42.99,1,1,0.0,0.0,10672,129,-965,-66,976,2026-08-06-00-09.csv
757476,1176548,-30,24289,43.01,1,1,0.0,0.0,10672,119,-975,-53,983,2026-08-06-00-09.csv
757770,1176842,-27,24289,43.0,1,1,0.0,0.0,10672,119,-969,-60,978,2026-08-06-00-09.csv
758061,1177133,-31,24289,43.0,1,1,0.0,0.0,10672,125,-970,-55,980,2026-08-06-00-09.csv
758349,1177421,-22,24289,42.99,1,1,0.0,0.0,10672,128,-969,-51,979,2026-08-06-00-09.csv
758640,1177712,-28,24289,43.01,1,1,0.0,0.0,10672,135,-969,-47,980,2026-08-06-00-09.csv
758936,1178008,-28,24289,43.01,1,1,0.0,0.0,10672,125,-970,-51,980,2026-08-06-00-09.csv
759231,1178303,-31,24289,43.02,1,1,0.0,0.0,10672,125,-970,-51,979,2026-08-06-00-09.csv
759531,1178603,-31,24289,43.01,1,1,0.0,0.0,10672,130,-970,-56,980,2026-08-06-00-09.csv
759826,1178898,-29,24289,43.0,1,1,0.0,0.0,10672,125,-971,-51,980,2026-08-06-00-09.csv
760125,1179197,-26,24289,42.99,1,1,0.0,0.0,10672,127,-973,-51,982,2026-08-06-00-09.csv
760416,1179488,-28,24289,43.01,1,1,0.0,0.0,10672,122,-970,-47,979,2026-08-06-00-09.csv
760713,1179785,-28,24289,43.0,1,1,0.0,0.0,10672,125,-969,-51,978,2026-08-06-00-09.csv
761067,1180139,-28,24289,43.0,1,1,0.0,0.0,10672,125,-971,-51,981,2026-08-06-00-09.csv
761360,1180432,-21,24289,43.04,1,1,0.0,0.0,10672,124,-970,-54,979,2026-08-06-00-09.csv
761662,1180734,-32,24289,42.99,1,1,0.0,0.0,10672,125,-970,-52,979,2026-08-06-00-09.csv
761956,1181028,-30,24289,43.0,1,1,0.0,0.0,10672,124,-969,-56,979,2026-08-06-00-09.csv
762257,1181329,-31,24289,42.99,1,1,0.0,0.0,10672,112,-973,-44,980,2026-08-06-00-09.csv
762558,1181630,-28,24289,43.0,1,1,0.0,0.0,10672,120,-983,-49,991,2026-08-06-00-09.csv
762850,1181922,-32,24289,42.97,1,1,0.0,0.0,10672,132,-971,-56,982,2026-08-06-00-09.csv
763148,1182220,-30,24289,43.03,1,1,0.0,0.0,10672,116,-992,-50,1000,2026-08-06-00-09.csv
763445,1182517,-27,24289,43.0,1,1,0.0,0.0,10672,132,-967,-61,978,2026-08-06-00-09.csv
763746,1182818,-29,24289,42.99,1,1,0.0,0.0,10672,133,-967,-43,977,2026-08-06-00-09.csv
764042,1183114,-27,24289,42.99,1,1,0.0,0.0,10672,130,-974,-58,985,2026-08-06-00-09.csv
764335,1183407,-22,24289,42.99,1,1,0.0,0.0,10672,133,-974,-45,984,2026-08-06-00-09.csv
764634,1183706,-35,24289,42.99,1,1,0.0,0.0,10672,132,-953,-65,964,2026-08-06-00-09.csv
764932,1184004,-28,24289,42.98,1,1,0.0,0.0,10672,128,-982,-49,992,2026-08-06-00-09.csv
765231,1184303,-31,24289,42.99,1,1,0.0,0.0,10672,130,-971,-36,981,2026-08-06-00-09.csv
765534,1184606,-29,24289,42.98,1,1,0.0,0.0,10672,137,-973,-49,984,2026-08-06-00-09.csv
765907,1184979,-27,24289,42.97,1,1,0.0,0.0,10672,128,-964,-65,974,2026-08-06-00-09.csv
766207,1185279,-27,24289,42.96,1,1,0.0,0.0,10672,120,-974,-47,982,2026-08-06-00-09.csv
766506,1185578,-31,24289,42.93,1,1,0.0,0.0,10672,121,-964,-65,974,2026-08-06-00-09.csv
766802,1185874,-37,24289,42.91,1,1,0.0,0.0,10672,115,-975,-52,983,2026-08-06-00-09.csv
767113,1186185,-47,24289,42.91,1,1,0.0,0.0,10673,122,-972,-57,981,2026-08-06-00-09.csv
767397,1186469,-35,24289,42.89,1,1,0.0,0.0,10673,121,-970,-58,980,2026-08-06-00-09.csv
767697,1186769,-43,24289,42.86,1,1,0.0,0.0,10673,117,-974,-49,982,2026-08-06-00-09.csv
768007,1187079,-47,24289,42.83,1,1,0.0,0.0,10673,142,-971,-56,983,2026-08-06-00-09.csv
768302,1187374,-42,24289,42.86,1,1,0.0,0.0,10673,135,-970,-49,981,2026-08-06-00-09.csv
768611,1187683,-42,24289,42.83,1,1,0.0,0.0,10673,107,-973,-51,980,2026-08-06-00-09.csv
768913,1187985,-27,24289,42.83,1,1,0.0,0.0,10673,120,-967,-65,977,2026-08-06-00-09.csv
769220,1188292,-27,24289,42.84,1,1,0.0,0.0,10673,162,-966,-31,980,2026-08-06-00-09.csv
769526,1188598,-31,24289,42.83,1,1,0.0,0.0,10673,117,-968,-57,977,2026-08-06-00-09.csv
769833,1188905,-32,24289,42.83,1,1,0.0,0.0,10673,122,-971,-57,980,2026-08-06-00-09.csv
770140,1189212,-32,24289,42.83,1,1,0.0,0.0,10673,122,-970,-53,979,2026-08-06-00-09.csv
770446,1189518,-30,24289,42.83,1,1,0.0,0.0,10673,125,-970,-54,980,2026-08-06-00-09.csv
770812,1189884,-32,24289,42.8,1,1,0.0,0.0,10673,131,-970,-59,981,2026-08-06-00-09.csv
771116,1190188,-25,24289,42.81,1,1,0.0,0.0,10673,126,-969,-47,978,2026-08-06-00-09.csv
771412,1190484,-16,24289,42.81,1,1,0.0,0.0,10673,121,-967,-64,976,2026-08-06-00-09.csv
771718,1190790,-28,24289,42.83,1,1,0.0,0.0,10673,121,-966,-60,976,2026-08-06-00-09.csv
772026,1191098,-29,24289,42.83,1,1,0.0,0.0,10673,117,-969,-63,978,2026-08-06-00-09.csv
772324,1191396,-19,24289,42.81,1,1,0.0,0.0,10673,126,-971,-52,980,2026-08-06-00-09.csv
772626,1191698,-27,24289,42.81,1,1,0.0,0.0,10673,131,-969,-68,980,2026-08-06-00-09.csv
772934,1192006,-26,24289,42.82,1,1,0.0,0.0,10673,118,-977,-44,985,2026-08-06-00-09.csv
773242,1192314,-30,24289,42.81,1,1,0.0,0.0,10673,122,-969,-50,978,2026-08-06-00-09.csv
773550,1192622,-27,24289,42.82,1,1,0.0,0.0,10673,127,-971,-63,981,2026-08-06-00-09.csv
773861,1192933,-33,24289,42.81,1,1,0.0,0.0,10673,122,-968,-55,977,2026-08-06-00-09.csv
774169,1193241,-30,24289,42.82,1,1,0.0,0.0,10673,116,-971,-52,979,2026-08-06-00-09.csv
774486,1193558,-27,24289,42.81,1,1,0.0,0.0,10673,130,-981,-47,990,2026-08-06-00-09.csv
774794,1193866,-28,24289,42.8,1,1,0.0,0.0,10673,131,-965,-64,976,2026-08-06-00-09.csv
775102,1194174,-25,24289,42.8,1,1,0.0,0.0,10673,123,-973,-45,981,2026-08-06-00-09.csv
775402,1194474,-15,24289,42.81,1,1,0.0,0.0,10673,127,-972,-59,982,2026-08-06-00-09.csv
775774,1194846,-34,24289,42.81,1,1,0.0,0.0,10673,121,-973,-58,982,2026-08-06-00-09.csv
776080,1195152,-32,24289,42.79,1,1,0.0,0.0,10673,128,-971,-50,981,2026-08-06-00-09.csv
776427,1195499,-22,24289,42.81,1,1,0.0,0.0,10673,126,-973,-53,982,2026-08-06-00-09.csv
776720,1195792,-26,24289,42.81,1,1,0.0,0.0,10673,127,-970,-60,980,2026-08-06-00-09.csv
777011,1196083,-28,24289,42.8,1,1,0.0,0.0,10673,124,-971,-47,980,2026-08-06-00-09.csv
777296,1196368,-24,24289,42.79,1,1,0.0,0.0,10673,128,-970,-56,980,2026-08-06-00-09.csv
777588,1196660,-24,24289,42.81,1,1,0.0,0.0,10673,115,-975,-56,984,2026-08-06-00-09.csv
777878,1196950,-24,24289,42.81,1,1,0.0,0.0,10673,114,-970,-57,979,2026-08-06-00-09.csv
778170,1197242,-27,24289,42.81,1,1,0.0,0.0,10673,127,-969,-64,979,2026-08-06-00-09.csv
778465,1197537,-24,24289,42.79,1,1,0.0,0.0,10673,123,-969,-44,978,2026-08-06-00-09.csv
778763,1197835,-20,24289,42.8,1,1,0.0,0.0,10673,131,-972,-62,983,2026-08-06-00-09.csv
779053,1198125,-27,24289,42.8,1,1,0.0,0.0,10673,135,-965,-48,976,2026-08-06-00-09.csv
779334,1198406,-13,24289,42.79,1,1,0.0,0.0,10673,121,-968,-48,976,2026-08-06-00-09.csv
779625,1198697,-27,24289,42.82,1,1,0.0,0.0,10673,128,-969,-56,979,2026-08-06-00-09.csv
779919,1198991,-27,24289,42.79,1,1,0.0,0.0,10673,127,-969,-53,979,2026-08-06-00-09.csv
780214,1199286,-29,24289,42.81,1,1,0.0,0.0,10673,125,-972,-43,981,2026-08-06-00-09.csv
780569,1199641,-29,24289,42.79,1,1,0.0,0.0,10673,110,-973,-42,980,2026-08-06-00-09.csv
780861,1199933,-27,24289,42.78,1,1,0.0,0.0,10673,134,-966,-61,977,2026-08-06-00-09.csv
781148,1200220,-26,24289,42.77,1,1,0.0,0.0,10673,126,-965,-60,975,2026-08-06-00-09.csv
781434,1200506,-22,24289,42.79,1,1,0.0,0.0,10673,126,-972,-48,982,2026-08-06-00-09.csv
781728,1200800,-23,24289,42.78,1,1,0.0,0.0,10673,128,-968,-57,978,2026-08-06-00-09.csv
782022,1201094,-31,24289,42.78,1,1,0.0,0.0,10673,125,-974,-44,983,2026-08-06-00-09.csv
782316,1201388,-20,24289,42.78,1,1,0.0,0.0,10673,127,-969,-55,979,2026-08-06-00-09.csv
782612,1201684,-29,24289,42.79,1,1,0.0,0.0,10673,115,-972,-54,981,2026-08-06-00-09.csv
782913,1201985,-27,24289,42.74,1,1,0.0,0.0,10673,155,-962,-38,975,2026-08-06-00-09.csv
783207,1202279,-26,24289,42.77,1,1,0.0,0.0,10673,133,-969,-50,980,2026-08-06-00-09.csv
783500,1202572,-27,24289,42.77,1,1,0.0,0.0,10673,128,-969,-50,979,2026-08-06-00-09.csv
783799,1202871,-28,24289,42.77,1,1,0.0,0.0,10673,128,-970,-51,980,2026-08-06-00-09.csv
784093,1203165,-23,24289,42.75,1,1,0.0,0.0,10673,126,-972,-51,982,2026-08-06-00-09.csv
784383,1203455,-15,24289,42.76,1,1,0.0,0.0,10673,128,-966,-56,976,2026-08-06-00-09.csv
784680,1203752,-21,24289,42.73,1,1,0.0,0.0,10673,125,-969,-58,978,2026-08-06-00-09.csv
784986,1204058,-28,24289,42.72,1,1,0.0,0.0,10673,128,-970,-55,980,2026-08-06-00-09.csv
785339,1204411,-21,24289,42.74,1,1,0.0,0.0,10673,117,-973,-55,982,2026-08-06-00-09.csv
785631,1204703,-27,24289,42.72,1,1,0.0,0.0,10673,119,-973,-56,982,2026-08-06-00-09.csv
785925,1204997,-26,24289,42.7,1,1,0.0,0.0,10673,125,-973,-52,982,2026-08-06-00-09.csv
786219,1205291,-34,24289,42.72,1,1,0.0,0.0,10673,132,-967,-54,977,2026-08-06-00-09.csv
786519,1205591,-27,24289,42.73,1,1,0.0,0.0,10673,121,-973,-52,981,2026-08-06-00-09.csv
786815,1205887,-28,24289,42.7,1,1,0.0,0.0,10673,140,-974,-48,985,2026-08-06-00-09.csv
787120,1206192,-31,24289,42.7,1,1,0.0,0.0,10673,120,-966,-59,976,2026-08-06-00-09.csv
787406,1206478,-21,24289,42.69,1,1,0.0,0.0,10673,123,-971,-54,980,2026-08-06-00-09.csv
787711,1206783,-24,24289,42.7,1,1,0.0,0.0,10673,126,-970,-45,979,2026-08-06-00-09.csv
788015,1207087,-26,24289,42.7,1,1,0.0,0.0,10673,128,-969,-60,979,2026-08-06-00-09.csv
788316,1207388,-20,24289,42.72,1,1,0.0,0.0,10673,122,-972,-53,981,2026-08-06-00-09.csv
788617,1207689,-30,24289,42.69,1,1,0.0,0.0,10673,127,-970,-60,981,2026-08-06-00-09.csv
788918,1207990,-24,24289,42.7,1,1,0.0,0.0,10673,120,-970,-57,979,2026-08-06-00-09.csv
789230,1208302,-27,24289,42.7,1,1,0.0,0.0,10673,126,-967,-46,977,2026-08-06-00-09.csv
789529,1208601,-26,24289,42.68,1,1,0.0,0.0,10673,134,-972,-65,983,2026-08-06-00-09.csv
789832,1208904,-29,24289,42.67,1,1,0.0,0.0,10673,124,-975,-46,984,2026-08-06-00-09.csv
790198,1209270,-26,24289,42.69,1,1,0.0,0.0,10673,129,-972,-49,982,2026-08-06-00-09.csv
790503,1209575,-32,24289,42.68,1,1,0.0,0.0,10673,128,-973,-53,983,2026-08-06-00-09.csv
790800,1209872,-32,24289,42.67,1,1,0.0,0.0,10673,123,-963,-50,972,2026-08-06-00-09.csv
791104,1210176,-22,24289,42.66,1,1,0.0,0.0,10673,112,-966,-65,975,2026-08-06-00-09.csv
791410,1210482,-18,24289,42.68,1,1,0.0,0.0,10673,96,-978,-64,984,2026-08-06-00-09.csv
791715,1210787,-28,24289,42.68,1,1,0.0,0.0,10673,118,-964,-57,973,2026-08-06-00-09.csv
792021,1211093,-39,24289,42.67,1,1,0.0,0.0,10674,154,-972,-48,986,2026-08-06-00-09.csv
792326,1211398,-25,24289,42.68,1,1,0.0,0.0,10674,112,-971,-52,979,2026-08-06-00-09.csv
792628,1211700,-26,24289,42.66,1,1,0.0,0.0,10674,124,-973,-56,983,2026-08-06-00-09.csv
792934,1212006,-25,24289,42.68,1,1,0.0,0.0,10674,124,-971,-56,980,2026-08-06-00-09.csv
793242,1212314,-23,24289,42.65,1,1,0.0,0.0,10674,126,-967,-51,977,2026-08-06-00-09.csv
793559,1212631,-32,24289,42.67,1,1,0.0,0.0,10674,126,-970,-51,979,2026-08-06-00-09.csv
793869,1212941,-30,24289,42.69,1,1,0.0,0.0,10674,124,-971,-54,980,2026-08-06-00-09.csv
794180,1213252,-28,24289,42.65,1,1,0.0,0.0,10674,125,-968,-55,978,2026-08-06-00-09.csv
794488,1213560,-25,24289,42.67,1,1,0.0,0.0,10674,123,-969,-53,978,2026-08-06-00-09.csv
794795,1213867,-27,24289,42.67,1,1,0.0,0.0,10674,123,-970,-50,979,2026-08-06-00-09.csv
795171,1214243,-22,24289,42.66,1,1,0.0,0.0,10674,126,-969,-50,979,2026-08-06-00-09.csv
795473,1214545,-26,24289,42.63,1,1,0.0,0.0,10674,127,-971,-52,981,2026-08-06-00-09.csv
795789,1214861,-29,24289,42.65,1,1,0.0,0.0,10674,126,-971,-53,981,2026-08-06-00-09.csv
796098,1215170,-30,24289,42.63,1,1,0.0,0.0,10674,116,-972,-48,980,2026-08-06-00-09.csv
796391,1215463,-18,24289,42.64,1,1,0.0,0.0,10674,125,-973,-54,982,2026-08-06-00-09.csv
796696,1215768,-28,24289,42.63,1,1,0.0,0.0,10674,127,-978,-41,987,2026-08-06-00-09.csv
797005,1216077,-27,24289,42.62,1,1,0.0,0.0,10674,125,-969,-57,979,2026-08-06-00-09.csv
797310,1216382,-20,24289,42.63,1,1,0.0,0.0,10674,129,-971,-59,981,2026-08-06-00-09.csv
797625,1216697,-32,24289,42.61,1,1,0.0,0.0,10674,122,-969,-43,977,2026-08-06-00-09.csv
797941,1217013,-28,24289,42.61,1,1,0.0,0.0,10674,123,-972,-51,981,2026-08-06-00-09.csv
798291,1217363,-26,24289,42.59,1,1,0.0,0.0,10674,124,-969,-56,979,2026-08-06-00-09.csv
798579,1217651,-28,24289,42.61,1,1,0.0,0.0,10674,120,-970,-51,979,2026-08-06-00-09.csv
798867,1217939,-32,24289,42.6,1,1,0.0,0.0,10674,140,-974,-48,985,2026-08-06-00-09.csv
799164,1218236,-24,24289,42.61,1,1,0.0,0.0,10674,128,-971,-52,980,2026-08-06-00-09.csv
799455,1218527,-23,24289,42.6,1,1,0.0,0.0,10674,109,-975,-59,983,2026-08-06-00-09.csv
799752,1218824,-22,24289,42.61,1,1,0.0,0.0,10674,118,-973,-55,981,2026-08-06-00-09.csv
800104,1219176,-28,24289,42.59,1,1,0.0,0.0,10674,98,-971,-50,977,2026-08-06-00-09.csv
800380,1219452,-9,24289,42.59,1,1,0.0,0.0,10674,107,-983,-56,990,2026-08-06-00-09.csv
800667,1219739,-38,24289,42.58,1,1,0.0,0.0,10675,115,-968,-61,977,2026-08-06-00-09.csv
800958,1220030,-29,24289,42.59,1,1,0.0,0.0,10675,120,-965,-46,974,2026-08-06-00-09.csv
801245,1220317,-31,24289,42.58,1,1,0.0,0.0,10675,110,-944,-67,952,2026-08-06-00-09.csv
801538,1220610,-21,24289,42.57,1,1,0.63,6.6,10676,145,-966,-63,979,2026-08-06-00-09.csv
801830,1220902,-25,24289,42.59,1,1,0.63,6.6,10676,115,-1012,-41,1019,2026-08-06-00-09.csv
802127,1221199,-42,24289,42.56,1,1,0.61,6.4,10677,123,-960,-52,969,2026-08-06-00-09.csv
802402,1221474,-14,24289,42.56,1,1,0.61,6.4,10677,119,-968,-36,976,2026-08-06-00-09.csv
802701,1221773,-36,24289,42.58,1,1,0.61,6.4,10677,122,-965,-55,974,2026-08-06-00-09.csv
802997,1222069,-27,24289,42.58,1,1,0.77,8.0,10678,115,-972,-54,980,2026-08-06-00-09.csv
803288,1222360,-30,24289,42.59,1,1,0.92,9.7,10679,116,-964,-52,972,2026-08-06-00-09.csv
803582,1222654,-29,24289,42.56,1,1,0.92,9.7,10679,122,-974,-63,983,2026-08-06-00-09.csv
803875,1222947,-27,24289,42.57,1,1,1.1,11.5,10680,119,-974,-44,982,2026-08-06-00-09.csv
804173,1223245,-23,24289,42.55,1,1,1.29,13.4,10681,136,-967,-46,978,2026-08-06-00-09.csv
804468,1223540,-28,24289,42.57,1,1,1.29,13.5,10682,144,-957,-61,970,2026-08-06-00-09.csv
804821,1223893,-30,24289,42.54,1,1,1.37,14.3,10683,166,-950,-56,966,2026-08-06-00-09.csv
805113,1224185,-34,24289,42.56,1,1,1.37,14.3,10683,133,-961,-39,971,2026-08-06-00-09.csv
805397,1224469,-22,24289,42.53,1,1,1.16,12.1,10684,154,-971,-72,986,2026-08-06-00-09.csv
805690,1224762,-35,24289,42.56,1,1,1.16,12.1,10684,147,-972,-55,985,2026-08-06-00-09.csv
805987,1225059,-23,24289,42.54,1,1,0.86,9.0,10685,135,-968,-66,979,2026-08-06-00-09.csv
806287,1225359,-23,24289,42.54,1,1,0.86,9.0,10685,138,-966,-50,977,2026-08-06-00-09.csv
806589,1225661,-20,24289,42.54,1,1,0.7,7.3,10686,122,-972,-47,981,2026-08-06-00-09.csv
806886,1225958,-22,24289,42.53,1,1,0.7,7.3,10686,124,-966,-67,977,2026-08-06-00-09.csv
807180,1226252,-24,24289,42.55,1,1,0.72,7.6,10687,115,-971,-42,979,2026-08-06-00-09.csv
807482,1226554,-24,24289,42.53,1,1,0.72,7.6,10687,117,-975,-57,984,2026-08-06-00-09.csv
807778,1226850,-25,24289,42.51,1,1,0.94,9.9,10688,112,-982,-56,989,2026-08-06-00-09.csv
808081,1227153,-23,24289,42.52,1,1,1.08,11.3,10689,123,-965,-41,973,2026-08-06-00-09.csv
808357,1227429,-22,24289,42.52,1,1,1.48,15.4,10690,167,-975,-26,990,2026-08-06-00-09.csv
808663,1227735,-35,24289,42.51,1,1,1.48,15.4,10690,172,-961,-44,977,2026-08-06-00-09.csv
808965,1228037,-25,24289,42.52,1,1,1.33,13.9,10691,152,-960,-46,973,2026-08-06-00-09.csv
809266,1228338,-24,24289,42.49,1,1,1.33,13.9,10691,146,-969,-53,981,2026-08-06-00-09.csv
809630,1228702,-28,24289,42.5,1,1,0.55,5.8,10692,146,-965,-43,977,2026-08-06-00-09.csv
809930,1229002,-41,24289,42.51,1,1,0.55,5.8,10692,137,-966,-36,976,2026-08-06-00-09.csv
810229,1229301,-36,24289,42.49,1,1,0.55,5.8,10692,135,-966,-46,977,2026-08-06-00-09.csv
810535,1229607,-27,24289,42.49,1,1,0.55,5.8,10692,129,-965,-53,975,2026-08-06-00-09.csv
810837,1229909,-31,24289,42.49,1,1,0.55,5.8,10692,126,-971,-49,980,2026-08-06-00-09.csv
811136,1230208,-29,24289,42.48,1,1,0.55,5.8,10692,128,-973,-49,982,2026-08-06-00-09.csv
811444,1230516,-19,24289,42.5,1,1,0.55,5.8,10692,126,-969,-49,978,2026-08-06-00-09.csv
811747,1230819,-21,24289,42.47,1,1,0.0,0.0,10692,119,-971,-61,981,2026-08-06-00-09.csv
812045,1231117,-23,24289,42.48,1,1,0.0,0.0,10692,139,-969,-40,979,2026-08-06-00-09.csv
812333,1231405,-10,24289,42.49,1,1,0.0,0.0,10692,138,-969,-40,980,2026-08-06-00-09.csv
812641,1231713,-22,24289,42.47,1,1,0.0,0.0,10692,130,-968,-47,978,2026-08-06-00-09.csv
812945,1232017,164,24289,42.48,1,1,0.0,0.0,10693,120,-971,-55,980,2026-08-06-00-09.csv
813257,1232329,1784,24289,42.45,1,1,0.0,0.0,10693,94,-970,-60,977,2026-08-06-00-09.csv
813562,1232634,6706,24289,42.48,1,1,0.0,0.0,10693,90,-970,-49,975,2026-08-06-00-09.csv
813869,1232941,7313,24289,42.47,1,1,0.45,4.7,10694,87,-973,-98,982,2026-08-06-00-09.csv
814172,1233244,1958,24289,42.45,1,1,0.45,4.7,10694,115,-996,-75,1006,2026-08-06-00-09.csv
814550,1233622,-21,24289,42.46,1,1,1.49,15.6,10696,125,-967,-55,976,2026-08-06-00-09.csv
814855,1233927,-20,24289,42.42,1,1,1.73,18.1,10697,127,-962,-61,972,2026-08-06-00-09.csv
815155,1234227,-18,24289,42.45,1,1,1.9,19.8,10698,121,-987,-58,996,2026-08-06-00-09.csv
815462,1234534,-26,24289,42.44,1,1,1.92,20.1,10699,115,-969,-58,978,2026-08-06-00-09.csv
815768,1234840,-22,24289,42.43,1,1,2.04,21.3,10701,127,-969,-93,982,2026-08-06-00-09.csv
816074,1235146,-13,24289,42.4,1,1,1.9,19.8,10702,117,-960,-49,968,2026-08-06-00-09.csv
816365,1235437,-19,24289,42.43,1,1,2.66,27.8,10703,128,-960,-58,970,2026-08-06-00-09.csv
816673,1235745,-19,24289,42.43,1,1,2.29,23.9,10705,139,-947,-74,960,2026-08-06-00-09.csv
816987,1236059,-18,24289,42.43,1,1,2.67,27.9,10707,183,-978,-23,995,2026-08-06-00-09.csv
817295,1236367,-18,24289,42.43,1,1,2.55,26.6,10708,184,-957,-33,975,2026-08-06-00-09.csv
817605,1236677,-21,24289,42.42,1,1,2.07,21.6,10709,169,-955,-35,970,2026-08-06-00-09.csv
817913,1236985,-16,24289,42.42,1,1,1.48,15.4,10710,167,-957,-48,973,2026-08-06-00-09.csv
818229,1237301,-24,24289,42.39,1,1,1.48,15.4,10710,168,-963,-53,979,2026-08-06-00-09.csv
818535,1237607,-27,24289,42.38,1,1,0.81,8.5,10711,160,-965,-56,980,2026-08-06-00-09.csv
818844,1237916,-40,24289,42.39,1,1,0.81,8.5,10711,130,-970,-62,981,2026-08-06-00-09.csv
819163,1238235,-31,24289,42.39,1,1,0.81,8.5,10711,135,-967,-63,978,2026-08-06-00-09.csv
819542,1238614,-28,24289,42.4,1,1,0.81,8.5,10711,141,-966,-57,978,2026-08-06-00-09.csv
819851,1238923,-32,24289,42.4,1,1,0.81,8.5,10711,133,-971,-62,982,2026-08-06-00-09.csv
820199,1239271,-33,24289,42.39,1,1,0.81,8.5,10711,137,-968,-65,980,2026-08-06-00-09.csv
820482,1239554,-36,24289,42.38,1,1,0.0,0.0,10711,137,-966,-62,978,2026-08-06-00-09.csv
820772,1239844,-37,24289,42.38,1,1,0.0,0.0,10711,139,-971,-52,982,2026-08-06-00-09.csv
821069,1240141,-35,24289,42.36,1,1,0.0,0.0,10711,139,-966,-74,979,2026-08-06-00-09.csv
821350,1240422,-15,24289,42.38,1,1,0.0,0.0,10711,138,-970,-53,982,2026-08-06-00-09.csv
821635,1240707,-17,24289,42.37,1,1,0.0,0.0,10711,136,-970,-63,981,2026-08-06-00-09.csv
821922,1240994,-19,24289,42.37,1,1,0.0,0.0,10711,133,-968,-61,979,2026-08-06-00-09.csv
822214,1241286,-22,24289,42.39,1,1,0.0,0.0,10711,139,-967,-54,979,2026-08-06-00-09.csv
822506,1241578,-21,24289,42.37,1,1,0.0,0.0,10711,134,-964,-77,977,2026-08-06-00-09.csv
822803,1241875,-21,24289,42.36,1,1,0.0,0.0,10711,138,-962,-74,975,2026-08-06-00-09.csv
823093,1242165,-18,24289,42.36,1,1,0.0,0.0,10711,138,-966,-61,977,2026-08-06-00-09.csv
823372,1242444,-7,24289,42.38,1,1,0.0,0.0,10711,122,-968,-64,977,2026-08-06-00-09.csv
823662,1242734,-17,24289,42.37,1,1,0.0,0.0,10711,137,-968,-67,980,2026-08-06-00-09.csv
823956,1243028,-14,24289,42.36,1,1,0.0,0.0,10711,145,-970,-64,983,2026-08-06-00-09.csv
824293,1243365,-9,24289,42.4,1,1,0.0,0.0,10711,135,-967,-59,978,2026-08-06-00-09.csv
824584,1243656,-18,24289,42.36,1,1,0.0,0.0,10711,137,-973,-41,984,2026-08-06-00-09.csv
824878,1243950,-20,24289,42.38,1,1,0.0,0.0,10711,145,-968,-71,981,2026-08-06-00-09.csv
825167,1244239,-16,24289,42.37,1,1,0.0,0.0,10711,139,-963,-68,976,2026-08-06-00-09.csv
825459,1244531,-17,24289,42.35,1,1,0.0,0.0,10711,155,-966,-42,979,2026-08-06-00-09.csv
825753,1244825,-18,24289,42.35,1,1,0.0,0.0,10711,131,-967,-61,978,2026-08-06-00-09.csv
826047,1245119,-19,24289,42.36,1,1,0.0,0.0,10711,132,-968,-66,979,2026-08-06-00-09.csv
826319,1245391,-9,24289,42.4,1,1,0.0,0.0,10711,130,-967,-68,978,2026-08-06-00-09.csv
826618,1245690,-31,24289,42.36,1,1,0.0,0.0,10712,129,-970,-66,980,2026-08-06-00-09.csv
826915,1245987,-23,24289,42.35,1,1,0.0,0.0,10712,129,-966,-63,977,2026-08-06-00-09.csv
827212,1246284,-16,24289,42.36,1,1,0.0,0.0,10712,177,-963,-45,980,2026-08-06-00-09.csv
827510,1246582,-16,24289,42.34,1,1,0.0,0.0,10712,125,-972,-68,982,2026-08-06-00-09.csv
827805,1246877,-16,24289,42.34,1,1,0.0,0.0,10712,128,-968,-64,978,2026-08-06-00-09.csv
828101,1247173,-19,24289,42.35,1,1,0.0,0.0,10712,127,-971,-71,981,2026-08-06-00-09.csv
828388,1247460,-8,24289,42.35,1,1,0.0,0.0,10712,183,-964,-33,981,2026-08-06-00-09.csv
828685,1247757,-17,24289,42.36,1,1,7.48,78.1,10714,121,-968,-70,978,2026-08-06-00-09.csv
829041,1248113,-37,24289,42.36,1,1,1.66,17.3,10715,126,-966,-74,977,2026-08-06-00-09.csv
829328,1248400,-25,24289,42.38,1,1,1.66,17.3,10715,126,-969,-69,979,2026-08-06-00-09.csv
829629,1248701,-22,24289,42.36,1,1,1.66,17.3,10715,130,-970,-69,981,2026-08-06-00-09.csv
829923,1248995,-15,24289,42.35,1,1,1.66,17.3,10715,126,-974,-72,984,2026-08-06-00-09.csv
830221,1249293,-18,24289,42.36,1,1,0.44,4.6,10716,128,-973,-56,983,2026-08-06-00-09.csv
830520,1249592,-18,24289,42.35,1,1,0.44,4.6,10716,139,-966,-77,979,2026-08-06-00-09.csv
830817,1249889,-20,24289,42.36,1,1,0.82,8.5,10717,129,-963,-58,973,2026-08-06-00-09.csv
831116,1250188,-34,24289,42.33,1,1,0.82,8.5,10717,135,-967,-50,978,2026-08-06-00-09.csv
831398,1250470,-12,24289,42.33,1,1,0.97,10.1,10718,184,-963,-46,981,2026-08-06-00-09.csv
831702,1250774,-27,24289,42.34,1,1,0.97,10.1,10718,169,-964,-55,980,2026-08-06-00-09.csv
832005,1251077,-40,24289,42.35,1,1,0.74,7.8,10719,122,-968,-91,980,2026-08-06-00-09.csv
832305,1251377,-33,24289,42.35,1,1,0.74,7.8,10719,127,-974,-55,984,2026-08-06-00-09.csv
832610,1251682,-38,24289,42.35,1,1,0.74,7.8,10719,136,-957,-43,968,2026-08-06-00-09.csv
832910,1251982,-36,24289,42.33,1,1,0.74,7.8,10719,152,-964,-45,977,2026-08-06-00-09.csv
833217,1252289,-37,24289,42.33,1,1,0.74,7.8,10719,139,-968,-81,981,2026-08-06-00-09.csv
833525,1252597,-39,24289,42.33,1,1,0.74,7.8,10719,178,-966,-34,982,2026-08-06-00-09.csv
833891,1252963,-33,24289,42.34,1,1,0.0,0.0,10719,157,-954,-58,968,2026-08-06-00-09.csv
834188,1253260,-34,24289,42.33,1,1,0.0,0.0,10719,161,-966,-58,981,2026-08-06-00-09.csv
834494,1253566,-32,24289,42.31,1,1,0.0,0.0,10719,145,-964,-56,976,2026-08-06-00-09.csv
834794,1253866,-34,24289,42.33,1,1,0.0,0.0,10719,123,-965,-73,976,2026-08-06-00-09.csv
835093,1254165,-41,24289,42.31,1,1,0.0,0.0,10719,132,-972,-63,983,2026-08-06-00-09.csv
835381,1254453,-26,24289,42.33,1,1,0.0,0.0,10719,138,-967,-68,979,2026-08-06-00-09.csv
835687,1254759,-36,24289,42.32,1,1,0.0,0.0,10719,137,-969,-67,981,2026-08-06-00-09.csv
835999,1255071,-32,24289,42.32,1,1,0.0,0.0,10719,135,-967,-67,979,2026-08-06-00-09.csv
836301,1255373,787,24289,42.3,1,1,0.0,0.0,10719,122,-969,-73,979,2026-08-06-00-09.csv
836608,1255680,2041,24289,42.29,1,1,0.0,0.0,10719,116,-961,-75,971,2026-08-06-00-09.csv
836909,1255981,2301,24289,42.33,1,1,0.0,0.0,10719,136,-968,-64,980,2026-08-06-00-09.csv
837218,1256290,-22,24289,42.31,1,1,0.0,0.0,10719,138,-965,-68,978,2026-08-06-00-09.csv
837530,1256602,1303,24289,42.28,1,1,0.0,0.0,10720,109,-969,-69,978,2026-08-06-00-09.csv
837840,1256912,2609,24289,42.31,1,1,0.0,0.0,10720,104,-974,-80,982,2026-08-06-00-09.csv
838148,1257220,3325,24289,42.33,1,1,0.64,6.6,10721,104,-967,-63,975,2026-08-06-00-09.csv
838454,1257526,3656,24289,42.33,1,1,0.64,6.6,10721,112,-976,-75,985,2026-08-06-00-09.csv
838834,1257906,8090,24289,42.31,1,1,1.42,14.8,10723,140,-968,-82,982,2026-08-06-00-09.csv
839138,1258210,-17,24289,42.29,1,1,1.97,20.5,10724,130,-949,-92,962,2026-08-06-00-09.csv
839442,1258514,131,24289,42.31,1,1,2.25,23.5,10725,113,-978,-59,987,2026-08-06-00-09.csv
839749,1258821,-8,24289,42.29,1,1,2.32,24.2,10727,120,-989,-71,999,2026-08-06-00-09.csv
840055,1259127,631,24289,42.29,1,1,2.47,25.8,10728,130,-962,-36,972,2026-08-06-00-09.csv
840351,1259423,2896,24289,42.32,1,1,2.38,24.9,10730,99,-997,-75,1005,2026-08-06-00-09.csv
840662,1259734,6613,24289,42.3,1,1,2.99,31.2,10732,120,-955,-55,964,2026-08-06-00-09.csv
840975,1260047,8027,24289,42.29,1,1,3.03,31.7,10734,93,-977,-92,986,2026-08-06-00-09.csv
841290,1260362,8661,24289,42.29,1,1,3.3,34.5,10736,123,-993,-50,1002,2026-08-06-00-09.csv
841640,1260712,7352,24289,42.28,1,1,3.88,40.5,10739,120,-977,-152,996,2026-08-06-00-09.csv
841929,1261001,6107,24289,42.27,1,1,4.27,44.6,10742,105,-949,-70,957,2026-08-06-00-09.csv
842215,1261287,7067,24289,42.26,1,1,4.56,47.6,10743,105,-926,-51,933,2026-08-06-00-09.csv
842507,1261579,6652,24289,42.29,1,1,3.14,32.8,10745,93,-985,-50,990,2026-08-06-00-09.csv
842804,1261876,5348,24289,42.26,1,1,3.05,31.8,10748,133,-940,-100,954,2026-08-06-00-09.csv
843093,1262165,6262,24289,42.26,1,1,5.46,57.0,10751,114,-929,-85,940,2026-08-06-00-09.csv
843374,1262446,5838,24289,42.2,1,1,5.42,56.6,10754,135,-1001,-97,1014,2026-08-06-00-09.csv
843723,1262795,9979,24289,42.22,1,1,4.96,51.8,10758,88,-939,-16,944,2026-08-06-00-09.csv
844015,1263087,15485,24289,42.21,1,1,6.38,66.7,10762,111,-1031,-169,1051,2026-08-06-00-09.csv
844299,1263371,16794,24289,42.26,1,1,5.13,53.6,10765,86,-928,-25,932,2026-08-06-00-09.csv
844592,1263664,8731,24289,42.23,1,1,5.52,57.7,10768,57,-988,-110,996,2026-08-06-00-09.csv
844882,1263954,11456,24289,42.24,1,1,6.18,64.5,10772,179,-849,-85,872,2026-08-06-00-09.csv
845179,1264251,17507,24289,42.21,1,1,6.51,68.0,10776,117,-973,-131,989,2026-08-06-00-09.csv
845470,1264542,20324,24289,42.24,1,1,6.86,71.7,10780,98,-846,-172,869,2026-08-06-00-09.csv
845764,1264836,24031,24289,42.19,1,1,7.6,79.4,10785,53,-1022,-81,1026,2026-08-06-00-09.csv
846058,1265130,24491,24289,42.18,1,1,8.14,85.0,10790,96,-857,-64,865,2026-08-06-00-09.csv
846345,1265417,24520,24289,42.22,1,1,8.61,89.9,10795,119,-1075,-164,1094,2026-08-06-00-09.csv
846644,1265716,24520,24289,42.22,1,1,9.51,99.3,10801,102,-982,-148,998,2026-08-06-00-09.csv
846939,1266011,24520,24289,42.2,1,1,10.08,105.3,10807,-21,-1184,-64,1186,2026-08-06-00-09.csv
847234,1266306,24520,24289,42.2,1,1,10.71,111.8,10814,123,-913,-156,934,2026-08-06-00-09.csv
847533,1266605,24520,24289,42.2,1,1,11.48,119.9,10821,20,-922,19,923,2026-08-06-00-09.csv
847828,1266900,24520,24289,42.21,1,1,11.88,124.1,10828,34,-979,-76,983,2026-08-06-00-09.csv
848125,1267197,24520,24289,42.23,1,1,12.56,131.1,10836,59,-1044,-117,1052,2026-08-06-00-09.csv
848482,1267554,24520,24289,42.19,1,1,12.17,127.1,10845,108,-926,-88,937,2026-08-06-00-09.csv
848782,1267854,24520,24289,42.2,1,1,12.48,130.3,10853,133,-1032,-10,1040,2026-08-06-00-09.csv
849077,1268149,24520,24289,42.19,1,1,14.56,152.0,10862,-28,-1129,48,1131,2026-08-06-00-09.csv
849356,1268428,24520,24289,42.2,1,1,15.35,160.3,10872,52,-1137,-48,1139,2026-08-06-00-09.csv
849656,1268728,24520,24289,42.19,1,1,15.61,163.0,10881,90,-1069,-181,1088,2026-08-06-00-09.csv
849974,1269046,82,24289,42.18,1,1,14.87,155.3,10891,150,-855,-59,870,2026-08-06-00-09.csv
850268,1269340,-649,24289,42.19,1,1,16.34,170.6,10901,133,-1226,-243,1257,2026-08-06-00-09.csv
850566,1269638,-609,24289,42.17,1,1,16.4,171.2,10911,116,-911,0,919,2026-08-06-00-09.csv
850868,1269940,-574,24289,42.16,1,1,16.12,168.4,10921,67,-1017,-54,1021,2026-08-06-00-09.csv
851165,1270237,-490,24289,42.16,1,1,15.96,166.7,10931,217,-965,-266,1024,2026-08-06-00-09.csv
851464,1270536,-149,24289,42.16,1,1,15.75,164.5,10941,54,-1070,32,1071,2026-08-06-00-09.csv
851760,1270832,165,24289,42.12,1,1,15.33,160.1,10950,224,-706,-162,758,2026-08-06-00-09.csv
852060,1271132,1063,24289,42.13,1,1,15.25,159.2,10960,93,-926,-124,939,2026-08-06-00-09.csv
852347,1271419,-173,24289,42.13,1,1,14.91,155.7,10969,151,-931,33,944,2026-08-06-00-09.csv
852648,1271720,-338,24289,42.13,1,1,13.07,136.5,10977,223,-914,-119,949,2026-08-06-00-09.csv
852955,1272027,-301,24289,42.15,1,1,14.41,150.5,10986,110,-1103,1,1108,2026-08-06-00-09.csv
853311,1272383,-269,24289,42.16,1,1,13.05,136.2,10996,105,-1049,-8,1055,2026-08-06-00-09.csv
853609,1272681,-259,24289,42.15,1,1,13.81,144.2,11005,28,-1038,53,1040,2026-08-06-00-09.csv
853911,1272983,-233,24289,42.2,1,1,11.76,122.8,11012,200,-747,-31,774,2026-08-06-00-09.csv
854211,1273283,-213,24289,42.2,1,1,13.12,137.0,11020,-53,-1053,149,1065,2026-08-06-00-09.csv
854513,1273585,-199,24289,42.19,1,1,12.94,135.1,11028,182,-904,-243,954,2026-08-06-00-09.csv
854811,1273883,-206,24289,42.15,1,1,12.73,132.9,11036,118,-1106,-43,1113,2026-08-06-00-09.csv
855118,1274190,-178,24289,42.15,1,1,12.68,132.5,11044,46,-903,5,904,2026-08-06-00-09.csv
855416,1274488,-167,24289,42.16,1,1,12.56,131.1,11052,114,-914,-78,924,2026-08-06-00-09.csv
855722,1274794,-162,24289,42.16,1,1,12.48,130.3,11060,113,-1164,-141,1178,2026-08-06-00-09.csv
856030,1275102,-166,24289,42.15,1,1,12.36,129.0,11068,146,-868,-148,893,2026-08-06-00-09.csv
856326,1275398,-147,24289,42.13,1,1,12.28,128.2,11076,162,-864,-18,879,2026-08-06-00-09.csv
856629,1275701,-126,24289,42.13,1,1,12.1,126.4,11083,19,-1122,-106,1127,2026-08-06-00-09.csv
856936,1276008,-121,24289,42.15,1,1,12.2,127.4,11091,104,-960,-102,971,2026-08-06-00-09.csv
857250,1276322,-122,24289,42.13,1,1,12.16,127.0,11099,121,-921,-25,929,2026-08-06-00-09.csv
857558,1276630,-133,24289,42.15,1,1,12.16,127.0,11107,83,-1113,-55,1117,2026-08-06-00-09.csv
857864,1276936,-134,24289,42.16,1,1,12.24,127.8,11115,27,-1170,111,1176,2026-08-06-00-09.csv
858229,1277301,-130,24289,42.16,1,1,11.01,114.9,11123,167,-872,62,890,2026-08-06-00-09.csv
858531,1277603,-114,24289,42.16,1,1,12.2,127.4,11131,133,-1067,-181,1090,2026-08-06-00-09.csv
858838,1277910,-107,24289,42.21,1,1,12.24,127.8,11139,159,-812,-14,828,2026-08-06-00-09.csv
859143,1278215,-119,24289,42.19,1,1,11.88,124.1,11146,140,-1003,-91,1017,2026-08-06-00-09.csv
859452,1278524,-119,24289,42.23,1,1,11.97,125.0,11154,132,-876,-132,896,2026-08-06-00-09.csv
859757,1278829,-110,24289,42.23,1,1,11.82,123.5,11162,171,-862,-73,882,2026-08-06-00-09.csv
860068,1279140,-102,24289,42.26,1,1,11.64,121.5,11169,48,-1207,16,1208,2026-08-06-00-09.csv
860358,1279430,-91,24289,42.26,1,1,11.64,121.6,11177,183,-948,-149,977,2026-08-06-00-09.csv
860665,1279737,-86,24289,42.23,1,1,11.13,116.3,11183,-14,-1112,42,1112,2026-08-06-00-09.csv
860973,1280045,-88,24289,42.26,1,1,11.37,118.7,11191,114,-932,3,938,2026-08-06-00-09.csv
861283,1280355,-95,24289,42.28,1,1,11.02,115.1,11198,228,-848,-160,893,2026-08-06-00-09.csv
861598,1280670,50,24289,42.26,1,1,10.71,111.8,11205,0,-1160,91,1164,2026-08-06-00-09.csv
861911,1280983,288,24289,42.26,1,1,10.47,109.4,11212,153,-995,-30,1007,2026-08-06-00-09.csv
862222,1281294,1388,24289,42.24,1,1,9.97,104.2,11218,141,-1013,-23,1023,2026-08-06-00-09.csv
862531,1281603,4518,24289,42.27,1,1,9.92,103.6,11225,131,-924,-150,945,2026-08-06-00-09.csv
862843,1281915,9514,24289,42.25,1,1,9.58,100.0,11231,121,-892,-128,909,2026-08-06-00-09.csv
863215,1282287,16341,24289,42.24,1,1,8.3,86.7,11237,75,-1044,-79,1049,2026-08-06-00-09.csv
863559,1282631,20884,24289,42.23,1,1,8.18,85.5,11243,47,-1048,-85,1053,2026-08-06-00-09.csv
863854,1282926,24218,24289,42.26,1,1,9.3,97.1,11249,80,-1096,-160,1111,2026-08-06-00-09.csv
864147,1283219,23762,24289,42.29,1,1,9.33,97.4,11255,97,-971,-152,988,2026-08-06-00-09.csv
864431,1283503,24226,24289,42.28,1,1,9.14,95.4,11260,49,-960,11,961,2026-08-06-00-09.csv
864716,1283788,24520,24289,42.31,1,1,9.51,99.3,11266,96,-982,-187,1004,2026-08-06-00-09.csv
865008,1284080,24520,24289,42.28,1,1,9.74,101.7,11272,73,-910,-128,922,2026-08-06-00-09.csv
865303,1284375,24520,24289,42.31,1,1,9.97,104.2,11278,59,-1023,-55,1027,2026-08-06-00-09.csv
865594,1284666,24520,24289,42.32,1,1,10.19,106.4,11284,-55,-1091,-56,1094,2026-08-06-00-09.csv
865891,1284963,24520,24289,42.3,1,1,10.78,112.5,11291,120,-616,-93,635,2026-08-06-00-09.csv
866184,1285256,24520,24289,42.31,1,1,10.8,112.8,11297,115,-777,-138,798,2026-08-06-00-09.csv
866480,1285552,24520,24289,42.31,1,1,11.61,121.2,11305,44,-1074,-63,1077,2026-08-06-00-09.csv
866772,1285844,24520,24289,42.36,1,1,11.84,123.7,11312,152,-911,-163,938,2026-08-06-00-09.csv
867067,1286139,24520,24289,42.39,1,1,12.14,126.8,11319,136,-911,-35,921,2026-08-06-00-09.csv
867351,1286423,24520,24289,42.38,1,1,12.72,132.9,11327,109,-893,-7,900,2026-08-06-00-09.csv
867647,1286719,24520,24289,42.4,1,1,13.16,137.5,11335,-14,-836,-149,849,2026-08-06-00-09.csv
868007,1287079,24520,24289,42.4,1,1,12.38,129.3,11344,17,-1204,-76,1207,2026-08-06-00-09.csv
868295,1287367,24520,24289,42.42,1,1,14.08,147.1,11353,82,-908,11,912,2026-08-06-00-09.csv
868581,1287653,24520,24289,42.39,1,1,14.19,148.1,11361,23,-1115,-77,1118,2026-08-06-00-09.csv
868876,1287948,24520,24289,42.4,1,1,14.87,155.3,11371,-54,-878,251,915,2026-08-06-00-09.csv
869170,1288242,24520,24289,42.46,1,1,15.01,156.8,11380,11,-1250,-335,1294,2026-08-06-00-09.csv
869465,1288537,24520,24289,42.45,1,1,13.63,142.3,11388,113,-884,-53,893,2026-08-06-00-09.csv
869759,1288831,24510,24289,42.49,1,1,15.75,164.5,11398,-10,-1119,138,1127,2026-08-06-00-09.csv
870062,1289134,24520,24289,42.49,1,1,15.91,166.1,11408,172,-988,-100,1008,2026-08-06-00-09.csv
870342,1289414,24483,24289,42.54,1,1,16.17,168.9,11418,76,-927,-26,931,2026-08-06-00-09.csv
870636,1289708,24520,24289,42.51,1,1,16.45,171.8,11428,124,-918,-128,935,2026-08-06-00-09.csv
870930,1290002,24492,24289,42.55,1,1,16.57,173.0,11438,120,-992,-179,1015,2026-08-06-00-09.csv
871230,1290302,24501,24289,42.61,1,1,15.01,156.8,11447,28,-1067,41,1068,2026-08-06-00-09.csv
871531,1290603,24520,24289,42.63,1,1,17.15,179.2,11458,45,-930,-98,936,2026-08-06-00-09.csv
871828,1290900,24467,24289,42.64,1,1,15.6,162.9,11468,62,-1258,-146,1268,2026-08-06-00-09.csv
872130,1291202,24497,24289,42.69,1,1,15.8,165.0,11478,74,-990,11,993,2026-08-06-00-09.csv
872431,1291503,24516,24289,42.72,1,1,15.91,166.1,11488,136,-1177,-360,1238,2026-08-06-00-09.csv
872792,1291864,24435,24289,42.78,1,1,15.22,159.0,11499,206,-941,72,966,2026-08-06-00-09.csv
873084,1292156,24520,24289,42.79,1,1,17.91,187.1,11510,258,-772,-235,847,2026-08-06-00-09.csv
873360,1292432,24489,24289,42.78,1,1,18.22,190.3,11521,44,-899,-47,901,2026-08-06-00-09.csv
873656,1292728,24212,24289,42.82,1,1,16.68,174.2,11531,241,-705,-210,774,2026-08-06-00-09.csv
873955,1293027,24224,24289,42.85,1,1,17.15,179.2,11542,142,-801,-144,826,2026-08-06-00-09.csv
874261,1293333,24238,24289,42.86,1,1,17.32,180.9,11553,61,-1134,-97,1140,2026-08-06-00-09.csv
874555,1293627,24222,24289,42.89,1,1,18.94,197.8,11564,124,-982,-103,995,2026-08-06-00-09.csv
874859,1293931,23917,24289,42.91,1,1,17.9,186.9,11576,197,-700,-47,729,2026-08-06-00-09.csv
875165,1294237,21810,24289,42.98,1,1,17.73,185.2,11587,137,-1110,-143,1128,2026-08-06-00-09.csv
875464,1294536,-775,24289,42.96,1,1,17.73,185.2,11598,71,-1146,66,1150,2026-08-06-00-09.csv
875763,1294835,-754,24289,42.99,1,1,17.56,183.3,11609,180,-1164,-120,1184,2026-08-06-00-09.csv
876066,1295138,-722,24289,43.04,1,1,17.21,179.7,11620,220,-782,-202,837,2026-08-06-00-09.csv
876360,1295432,-663,24289,43.07,1,1,16.99,177.4,11631,137,-867,-164,893,2026-08-06-00-09.csv
876659,1295731,-638,24289,43.09,1,1,16.4,171.2,11641,164,-828,-81,848,2026-08-06-00-09.csv
876962,1296034,-581,24289,43.12,1,1,16.17,168.9,11651,141,-769,-28,783,2026-08-06-00-09.csv
877268,1296340,-542,24289,43.18,1,1,17.5,182.7,11662,207,-848,-30,873,2026-08-06-00-09.csv
877636,1296708,-490,24289,43.2,1,1,14.79,154.5,11673,152,-851,-121,873,2026-08-06-00-09.csv
877935,1297007,-453,24289,43.23,1,1,16.99,177.4,11684,78,-878,-55,883,2026-08-06-00-09.csv
878235,1297307,-438,24289,43.27,1,1,15.25,159.2,11694,207,-1098,-302,1157,2026-08-06-00-09.csv
878545,1297617,-416,24289,43.28,1,1,16.28,170.1,11704,265,-885,-68,927,2026-08-06-00-09.csv
878849,1297921,-379,24289,43.33,1,1,16.07,167.8,11714,193,-1060,-221,1100,2026-08-06-00-09.csv
879155,1298227,-351,24289,43.33,1,1,14.17,148.0,11723,143,-782,-62,797,2026-08-06-00-09.csv
879461,1298533,-331,24289,43.38,1,1,14.08,147.1,11732,101,-1028,-128,1041,2026-08-06-00-09.csv
879762,1298834,-321,24289,43.41,1,1,15.35,160.3,11742,88,-1046,-18,1050,2026-08-06-00-09.csv
880071,1299143,-296,24289,43.46,1,1,15.1,157.7,11752,156,-827,-107,848,2026-08-06-00-09.csv
880360,1299432,-275,24289,43.5,1,1,14.66,153.1,11761,54,-950,-77,955,2026-08-06-00-09.csv
880677,1299749,-278,24289,43.53,1,1,14.51,151.5,11770,114,-876,-37,884,2026-08-06-00-09.csv
880988,1300060,-287,24289,43.58,1,1,14.27,149.0,11779,62,-1043,27,1046,2026-08-06-00-09.csv
881298,1300370,-276,24289,43.64,1,1,14.33,149.7,11789,163,-847,-84,867,2026-08-06-00-09.csv
881605,1300677,-256,24289,43.66,1,1,14.04,146.6,11798,162,-955,-55,970,2026-08-06-00-09.csv
881915,1300987,-239,24289,43.72,1,1,13.95,145.6,11807,199,-973,-115,1000,2026-08-06-00-09.csv
882230,1301302,-234,24289,43.76,1,1,13.81,144.2,11816,222,-975,-115,1006,2026-08-06-00-09.csv
882601,1301673,-231,24289,43.8,1,1,12.57,131.2,11826,122,-875,33,885,2026-08-06-00-09.csv
882911,1301983,-221,24289,43.81,1,1,13.16,137.5,11834,167,-703,-19,723,2026-08-06-00-09.csv
883220,1302292,-205,24289,43.86,1,1,12.94,135.1,11842,178,-932,-76,952,2026-08-06-00-09.csv
883524,1302596,-206,24289,43.9,1,1,13.02,136.0,11851,266,-895,-146,945,2026-08-06-00-09.csv
883831,1302903,-209,24289,43.95,1,1,12.81,133.8,11859,90,-1256,-161,1269,2026-08-06-00-09.csv
884140,1303212,-198,24289,43.97,1,1,12.85,134.2,11867,240,-914,-314,996,2026-08-06-00-09.csv
884454,1303526,-186,24289,44.01,1,1,13.02,136.0,11876,8,-1077,3,1077,2026-08-06-00-09.csv
884768,1303840,-188,24289,44.01,1,1,11.25,117.4,11883,141,-873,-157,898,2026-08-06-00-09.csv
885081,1304153,-176,24289,44.05,1,1,13.02,136.0,11892,33,-1055,-29,1056,2026-08-06-00-09.csv
885424,1304496,-179,24289,44.08,1,1,11.43,119.4,11900,66,-1059,-32,1062,2026-08-06-00-09.csv
885715,1304787,-184,24289,44.13,1,1,12.68,132.5,11908,144,-907,-152,931,2026-08-06-00-09.csv
886014,1305086,-174,24289,44.17,1,1,12.19,127.3,11915,133,-814,97,831,2026-08-06-00-09.csv
886306,1305378,-157,24289,44.2,1,1,12.32,128.6,11923,98,-846,-207,876,2026-08-06-00-09.csv
886602,1305674,-159,24289,44.25,1,1,11.8,123.2,11930,236,-958,-237,1015,2026-08-06-00-09.csv
886889,1305961,-169,24289,44.31,1,1,11.68,122.0,11937,121,-862,-73,874,2026-08-06-00-09.csv
887187,1306259,-188,24289,44.33,1,1,11.48,119.9,11944,160,-963,-94,981,2026-08-06-00-09.csv
887541,1306613,-184,24289,44.4,1,1,10.32,107.8,11952,172,-1087,-269,1133,2026-08-06-00-09.csv
887829,1306901,-177,24289,44.44,1,1,10.84,113.2,11958,75,-906,160,923,2026-08-06-00-09.csv
888115,1307187,-176,24289,44.48,1,1,10.85,113.3,11965,153,-949,-120,969,2026-08-06-00-09.csv
888390,1307462,-170,24289,44.53,1,1,10.45,109.1,11971,40,-959,57,961,2026-08-06-00-09.csv
888683,1307755,-162,24289,44.57,1,1,10.3,107.5,11977,137,-1023,-116,1038,2026-08-06-00-09.csv
888979,1308051,-170,24289,44.62,1,1,10.12,105.6,11983,151,-1048,-90,1063,2026-08-06-00-09.csv
889272,1308344,-174,24289,44.64,1,1,9.91,103.4,11989,179,-938,-61,957,2026-08-06-00-09.csv
889570,1308642,-168,24289,44.68,1,1,9.7,101.4,11995,101,-1044,-47,1050,2026-08-06-00-09.csv
889863,1308935,-177,24289,44.71,1,1,9.54,99.7,12001,136,-967,-127,985,2026-08-06-00-09.csv
890156,1309228,-161,24289,44.74,1,1,9.3,97.1,12007,151,-883,-111,902,2026-08-06-00-09.csv
890446,1309518,-147,24289,44.76,1,1,8.9,92.9,12012,110,-1023,-99,1034,2026-08-06-00-09.csv
890739,1309811,-152,24289,44.79,1,1,9.03,94.3,12018,60,-1020,53,1023,2026-08-06-00-09.csv
891031,1310103,-151,24289,44.8,1,1,8.71,90.9,12023,130,-989,-135,1007,2026-08-06-00-09.csv
891315,1310387,-149,24289,44.83,1,1,8.84,92.3,12029,152,-1009,-74,1023,2026-08-06-00-09.csv
891608,1310680,-160,24289,44.82,1,1,8.18,85.5,12033,172,-961,-173,991,2026-08-06-00-09.csv
891906,1310978,-150,24289,44.87,1,1,10.13,105.7,12040,152,-864,-34,878,2026-08-06-00-09.csv
892266,1311338,-151,24289,44.91,1,1,8.6,89.8,12046,138,-933,-13,943,2026-08-06-00-09.csv
892558,1311630,-139,24289,44.93,1,1,8.28,86.5,12051,191,-993,-65,1013,2026-08-06-00-09.csv
892851,1311923,-138,24289,44.98,1,1,8.2,85.6,12056,115,-995,46,1002,2026-08-06-00-09.csv
893146,1312218,-133,24289,44.98,1,1,8.17,85.3,12061,153,-1065,-151,1086,2026-08-06-00-09.csv
893446,1312518,-139,24289,45.02,1,1,8.03,83.9,12066,161,-910,40,925,2026-08-06-00-09.csv
893742,1312814,-145,24289,45.06,1,1,7.93,82.8,12071,109,-943,-59,952,2026-08-06-00-09.csv
894037,1313109,-128,24289,45.11,1,1,7.9,82.5,12076,139,-957,-125,975,2026-08-06-00-09.csv
894326,1313398,-119,24289,45.16,1,1,7.93,82.8,12081,114,-908,18,916,2026-08-06-00-09.csv
894625,1313697,-121,24289,45.18,1,1,7.98,83.3,12086,154,-1023,-138,1044,2026-08-06-00-09.csv
894927,1313999,-124,24289,45.19,1,1,9.74,101.7,12092,91,-1014,-13,1018,2026-08-06-00-09.csv
895229,1314301,-129,24289,45.22,1,1,8.14,85.0,12097,158,-928,-99,947,2026-08-06-00-09.csv
895538,1314610,-131,24289,45.24,1,1,8.45,88.2,12103,167,-976,-118,998,2026-08-06-00-09.csv
895839,1314911,-124,24289,45.27,1,1,9.91,103.4,12109,109,-1041,-64,1049,2026-08-06-00-09.csv
896137,1315209,-122,24289,45.29,1,1,8.31,86.8,12114,88,-1046,-45,1051,2026-08-06-00-09.csv
896440,1315512,-125,24289,45.35,1,1,8.34,87.1,12119,87,-1041,-39,1045,2026-08-06-00-09.csv
896743,1315815,-129,24289,45.38,1,1,8.63,90.1,12125,152,-867,-69,883,2026-08-06-00-09.csv
897107,1316179,-135,24289,45.4,1,1,7.23,75.5,12130,189,-817,-151,852,2026-08-06-00-09.csv
897402,1316474,-111,24289,45.43,1,1,8.71,90.9,12136,186,-977,-201,1015,2026-08-06-00-09.csv
897707,1316779,-112,24289,45.46,1,1,8.49,88.7,12141,68,-955,69,960,2026-08-06-00-09.csv
898005,1317077,-108,24289,45.48,1,1,8.84,92.3,12147,161,-848,-80,867,2026-08-06-00-09.csv
898308,1317380,-118,24289,45.52,1,1,8.58,89.6,12152,96,-1120,-31,1125,2026-08-06-00-09.csv
898610,1317682,-123,24289,45.55,1,1,8.81,92.0,12158,86,-1001,20,1004,2026-08-06-00-09.csv
898910,1317982,-124,24289,45.57,1,1,8.61,89.9,12163,120,-1038,-118,1051,2026-08-06-00-09.csv
899214,1318286,-125,24289,45.61,1,1,8.92,93.2,12169,167,-899,9,914,2026-08-06-00-09.csv
899516,1318588,-121,24289,45.59,1,1,10.37,108.3,12175,151,-903,5,916,2026-08-06-00-09.csv
899824,1318896,-116,24289,45.64,1,1,8.98,93.8,12181,109,-879,-41,886,2026-08-06-00-09.csv
900135,1319207,-119,24289,45.64,1,1,9.03,94.3,12187,71,-997,67,1001,2026-08-06-00-09.csv
900433,1319505,-116,24289,45.67,1,1,9.09,94.9,12193,160,-1002,-121,1022,2026-08-06-00-09.csv
900734,1319806,-119,24289,45.65,1,1,8.9,92.9,12198,110,-1123,-203,1147,2026-08-06-00-09.csv
901039,1320111,-114,24289,45.7,1,1,9.15,95.5,12204,88,-971,25,975,2026-08-06-00-09.csv
901350,1320422,-107,24289,45.7,1,1,9.12,95.2,12210,162,-927,-123,949,2026-08-06-00-09.csv
901659,1320731,-113,24289,45.71,1,1,9.21,96.2,12216,180,-1066,-83,1084,2026-08-06-00-09.csv
902027,1321099,-111,24289,45.72,1,1,8.02,83.8,12222,200,-800,-156,839,2026-08-06-00-09.csv
902325,1321397,-102,24289,45.79,1,1,9.18,95.8,12228,100,-1021,101,1030,2026-08-06-00-09.csv
902627,1321699,-110,24289,45.78,1,1,8.9,92.9,12233,108,-985,-12,991,2026-08-06-00-09.csv
902931,1322003,-107,24289,45.77,1,1,9.21,96.2,12239,134,-974,-58,985,2026-08-06-00-09.csv
903234,1322306,-111,24289,45.8,1,1,9.24,96.5,12245,83,-995,49,1000,2026-08-06-00-09.csv
903538,1322610,-116,24289,45.8,1,1,9.39,98.0,12251,110,-897,-36,904,2026-08-06-00-09.csv
903846,1322918,-109,24289,45.84,1,1,9.39,98.0,12257,172,-894,-140,921,2026-08-06-00-09.csv
904173,1323245,-119,24289,45.79,1,1,9.33,97.4,12263,109,-1030,8,1036,2026-08-06-00-09.csv
904482,1323554,-117,24289,45.79,1,1,9.27,96.8,12269,104,-1005,-64,1012,2026-08-06-00-09.csv
904788,1323860,-121,24289,45.83,1,1,9.15,95.5,12275,142,-950,-94,965,2026-08-06-00-09.csv
905101,1324173,-109,24289,45.85,1,1,9.06,94.6,12281,103,-1007,63,1014,2026-08-06-00-09.csv
905394,1324466,-100,24289,45.84,1,1,8.95,93.5,12287,170,-987,-144,1012,2026-08-06-00-09.csv
905702,1324774,-119,24289,45.83,1,1,8.58,89.6,12292,165,-879,-71,897,2026-08-06-00-09.csv
906015,1325087,-119,24289,45.81,1,1,8.68,90.6,12298,85,-1077,-52,1081,2026-08-06-00-09.csv
906325,1325397,-104,24289,45.8,1,1,8.2,85.6,12303,104,-949,-12,954,2026-08-06-00-09.csv
906639,1325711,-108,24289,45.76,1,1,8.11,84.7,12308,126,-1027,-68,1037,2026-08-06-00-09.csv
907015,1326087,-105,24289,45.76,1,1,7.11,74.3,12314,68,-1050,-34,1053,2026-08-06-00-09.csv
907353,1326425,-88,24289,45.76,1,1,7.89,82.4,12320,114,-1061,-51,1068,2026-08-06-00-09.csv
907649,1326721,-99,24289,45.78,1,1,7.15,74.6,12324,143,-977,-25,988,2026-08-06-00-09.csv
907938,1327010,-104,24289,45.79,1,1,7.04,73.5,12328,115,-986,-71,995,2026-08-06-00-09.csv
908226,1327298,-105,24289,45.8,1,1,8.52,89.0,12333,50,-947,73,951,2026-08-06-00-09.csv
908515,1327587,-110,24289,45.81,1,1,8.31,86.8,12338,182,-970,-172,1001,2026-08-06-00-09.csv
908807,1327879,-104,24289,45.84,1,1,8.03,83.9,12343,89,-981,70,987,2026-08-06-00-09.csv
909100,1328172,-106,24289,45.84,1,1,6.26,65.4,12347,152,-1008,-77,1022,2026-08-06-00-09.csv
909392,1328464,-94,24289,45.86,1,1,7.6,79.4,12352,157,-934,-14,947,2026-08-06-00-09.csv
909683,1328755,-104,24289,45.91,1,1,7.34,76.6,12356,91,-991,-15,995,2026-08-06-00-09.csv
909974,1329046,-98,24289,45.91,1,1,7.17,74.9,12360,126,-943,-58,954,2026-08-06-00-09.csv
910262,1329334,-98,24289,45.85,1,1,5.62,58.7,12364,103,-1155,-57,1160,2026-08-06-00-09.csv
910560,1329632,-95,24289,45.9,1,1,5.06,52.8,12367,162,-958,-111,978,2026-08-06-00-09.csv
910851,1329923,-93,24289,45.87,1,1,4.92,51.4,12370,93,-1012,12,1016,2026-08-06-00-09.csv
911142,1330214,-93,24289,45.9,1,1,4.74,49.5,12373,98,-975,-69,982,2026-08-06-00-09.csv
911441,1330513,-95,24289,45.91,1,1,5.82,60.7,12376,126,-942,-20,950,2026-08-06-00-09.csv
911795,1330867,-92,24289,45.94,1,1,4.82,50.4,12380,80,-987,91,994,2026-08-06-00-09.csv
912082,1331154,-86,24289,45.95,1,1,5.68,59.3,12383,180,-932,-99,955,2026-08-06-00-09.csv
912370,1331442,-79,24289,45.99,1,1,5.13,53.6,12386,103,-1009,22,1015,2026-08-06-00-09.csv
912665,1331737,-95,24289,45.97,1,1,4.12,43.0,12389,109,-983,4,989,2026-08-06-00-09.csv
912959,1332031,-94,24289,46.02,1,1,4.99,52.1,12392,146,-954,-135,974,2026-08-06-00-09.csv
913260,1332332,-88,24289,46.05,1,1,4.89,51.0,12395,120,-965,-30,972,2026-08-06-00-09.csv
913553,1332625,-96,24289,46.04,1,1,4.74,49.5,12398,113,-982,-3,988,2026-08-06-00-09.csv
913848,1332920,-96,24289,46.07,1,1,4.65,48.5,12399,114,-972,-44,980,2026-08-06-00-09.csv
914141,1333213,-95,24289,46.08,1,1,3.29,34.4,12402,121,-976,-57,986,2026-08-06-00-09.csv
914436,1333508,-91,24289,46.1,1,1,4.2,43.9,12405,116,-939,-39,947,2026-08-06-00-09.csv
914737,1333809,-61,24289,46.1,1,1,3.96,41.3,12407,113,-986,-23,993,2026-08-06-00-09.csv
915037,1334109,1405,24289,46.13,1,1,3.91,40.8,12409,108,-978,-25,984,2026-08-06-00-09.csv
915323,1334395,1409,24289,46.16,1,1,3.74,39.1,12412,111,-988,-57,996,2026-08-06-00-09.csv
915619,1334691,-81,24289,46.17,1,1,3.63,37.9,12414,104,-984,-22,990,2026-08-06-00-09.csv
915918,1334990,839,24289,46.17,1,1,3.27,34.1,12416,114,-951,-20,958,2026-08-06-00-09.csv
916215,1335287,3228,24289,46.19,1,1,3.23,33.8,12418,93,-951,-63,957,2026-08-06-00-09.csv
916576,1335648,8006,24289,46.2,1,1,2.38,24.8,12420,97,-965,-40,971,2026-08-06-00-09.csv
916876,1335948,13009,24289,46.21,1,1,3.51,36.6,12422,84,-980,-54,985,2026-08-06-00-09.csv
917173,1336245,17350,24289,46.23,1,1,3.43,35.8,12424,66,-997,-51,1001,2026-08-06-00-09.csv
917467,1336539,22547,24289,46.24,1,1,4.37,45.6,12427,71,-1008,-8,1011,2026-08-06-00-09.csv
917764,1336836,24520,24289,46.26,1,1,4.59,47.9,12430,53,-976,-41,978,2026-08-06-00-09.csv
918058,1337130,24520,24289,46.25,1,1,5.13,53.6,12433,71,-963,-114,972,2026-08-06-00-09.csv
918349,1337421,24520,24289,46.28,1,1,5.52,57.6,12436,12,-997,-9,997,2026-08-06-00-09.csv
918645,1337717,24520,24289,46.28,1,1,6.35,66.3,12440,79,-970,-113,980,2026-08-06-00-09.csv
918946,1338018,24520,24289,46.28,1,1,7.04,73.5,12445,35,-976,-4,976,2026-08-06-00-09.csv
919252,1338324,24520,24289,46.29,1,1,7.77,81.2,12450,23,-938,78,942,2026-08-06-00-09.csv
919551,1338623,24520,24289,46.3,1,1,6.7,69.9,12454,33,-1000,-135,1010,2026-08-06-00-09.csv
919853,1338925,24520,24289,46.32,1,1,9.01,94.0,12460,128,-942,-229,978,2026-08-06-00-09.csv
920159,1339231,24520,24289,46.29,1,1,9.54,99.7,12466,41,-938,-7,939,2026-08-06-00-09.csv
920461,1339533,24520,24289,46.27,1,1,10.08,105.3,12472,69,-907,-34,910,2026-08-06-00-09.csv
920765,1339837,24520,24289,46.24,1,1,9.06,94.6,12478,76,-1069,-53,1073,2026-08-06-00-09.csv
921079,1340151,24520,24289,46.25,1,1,9.42,98.4,12484,102,-904,-197,931,2026-08-06-00-09.csv
921440,1340512,24520,24289,46.19,1,1,8.99,93.8,12491,21,-1062,-45,1063,2026-08-06-00-09.csv
921737,1340809,24520,24289,46.16,1,1,10.3,107.5,12497,22,-1063,35,1064,2026-08-06-00-09.csv
922039,1341111,24520,24289,46.16,1,1,10.92,114.0,12504,84,-806,-141,823,2026-08-06-00-09.csv
922332,1341404,24520,24289,46.15,1,1,11.25,117.4,12511,39,-1034,-101,1039,2026-08-06-00-09.csv
922634,1341706,24520,24289,46.15,1,1,11.79,123.1,12519,124,-945,-304,1000,2026-08-06-00-09.csv
922937,1342009,24520,24289,46.15,1,1,11.93,124.6,12526,49,-960,-127,969,2026-08-06-00-09.csv
923250,1342322,24520,24289,46.12,1,1,12.52,130.7,12534,175,-575,30,602,2026-08-06-00-09.csv
923550,1342622,24520,24289,46.15,1,1,13.02,136.0,12543,89,-935,-155,952,2026-08-06-00-09.csv
923857,1342929,24520,24289,46.16,1,1,11.56,120.7,12550,85,-996,-45,1001,2026-08-06-00-09.csv
924168,1343240,24520,24289,46.19,1,1,13.72,143.3,12559,121,-852,-80,865,2026-08-06-00-09.csv
924477,1343549,24520,24289,46.15,1,1,14.13,147.5,12568,158,-932,-83,949,2026-08-06-00-09.csv
924781,1343853,24520,24289,46.16,1,1,14.46,151.0,12577,-58,-1142,64,1146,2026-08-06-00-09.csv
925087,1344159,24520,24289,46.18,1,1,14.82,154.8,12587,69,-612,176,640,2026-08-06-00-09.csv
925401,1344473,24520,24289,46.19,1,1,13.72,143.3,12596,160,-836,-132,862,2026-08-06-00-09.csv
925709,1344781,24479,24289,46.21,1,1,15.49,161.8,12606,76,-862,-64,868,2026-08-06-00-09.csv
926019,1345091,24461,24289,46.24,1,1,15.8,165.0,12616,15,-1088,111,1094,2026-08-06-00-09.csv
926392,1345464,24460,24289,46.26,1,1,13.97,145.9,12627,142,-837,-144,861,2026-08-06-00-09.csv
926695,1345767,24426,24289,46.32,1,1,16.51,172.4,12637,121,-962,-169,984,2026-08-06-00-09.csv
927004,1346076,24362,24289,46.33,1,1,16.93,176.8,12648,51,-993,108,1000,2026-08-06-00-09.csv
927316,1346388,24352,24289,46.34,1,1,17.36,181.3,12660,54,-1213,-111,1219,2026-08-06-00-09.csv
927629,1346701,24425,24289,46.34,1,1,16.07,167.8,12670,95,-840,-82,850,2026-08-06-00-09.csv
927943,1347015,24052,24289,46.34,1,1,16.67,174.1,12681,-99,-1200,17,1204,2026-08-06-00-09.csv
928251,1347323,23986,24289,46.38,1,1,17.21,179.7,12692,142,-943,-181,970,2026-08-06-00-09.csv
928562,1347634,23653,24289,46.43,1,1,17.9,186.9,12704,44,-863,56,866,2026-08-06-00-09.csv
928907,1347979,4591,24289,46.43,1,1,15.58,162.7,12715,156,-779,54,797,2026-08-06-00-09.csv
929201,1348273,-975,24289,46.44,1,1,18.1,189.0,12726,123,-971,-10,978,2026-08-06-00-09.csv
929489,1348561,-920,24289,46.47,1,1,18.1,189.0,12737,115,-913,36,921,2026-08-06-00-09.csv
929787,1348859,-877,24289,46.46,1,1,17.91,187.1,12748,229,-1111,-454,1222,2026-08-06-00-09.csv
930075,1349147,-817,24289,46.5,1,1,19.54,204.1,12760,74,-946,-51,950,2026-08-06-00-09.csv
930369,1349441,-759,24289,46.54,1,1,17.91,187.1,12771,128,-911,-55,921,2026-08-06-00-09.csv
930663,1349735,-720,24289,46.56,1,1,17.85,186.4,12782,169,-1054,-37,1068,2026-08-06-00-09.csv
930968,1350040,-689,24289,46.6,1,1,17.79,185.8,12793,183,-1175,-368,1245,2026-08-06-00-09.csv
931320,1350392,-633,24289,46.58,1,1,17.01,177.6,12806,137,-1166,-177,1187,2026-08-06-00-09.csv
931610,1350682,-599,24289,46.6,1,1,17.41,181.8,12816,149,-962,-196,993,2026-08-06-00-09.csv
931903,1350975,-571,24289,46.64,1,1,19.22,200.7,12828,-55,-1035,-86,1040,2026-08-06-00-09.csv
932198,1351270,-534,24289,46.66,1,1,17.56,183.3,12839,273,-619,-115,686,2026-08-06-00-09.csv
932491,1351563,-516,24289,46.66,1,1,17.22,179.9,12849,123,-835,-176,862,2026-08-06-00-09.csv
932784,1351856,-489,24289,46.69,1,1,17.32,180.9,12860,157,-1104,-214,1135,2026-08-06-00-09.csv
933075,1352147,-459,24289,46.73,1,1,16.98,177.3,12870,121,-1105,23,1112,2026-08-06-00-09.csv
933367,1352439,-443,24289,46.75,1,1,17.1,178.6,12881,5,-945,43,946,2026-08-06-00-09.csv
933657,1352729,-450,24289,46.77,1,1,18.41,192.3,12892,162,-900,-152,927,2026-08-06-00-09.csv
933959,1353031,-440,24289,46.79,1,1,16.88,176.3,12903,62,-939,60,943,2026-08-06-00-09.csv
934255,1353327,-413,24289,46.83,1,1,16.62,173.6,12913,62,-1140,46,1143,2026-08-06-00-09.csv
934552,1353624,-416,24289,46.88,1,1,18.22,190.3,12924,110,-995,17,1001,2026-08-06-00-09.csv
934844,1353916,-403,24289,46.92,1,1,16.51,172.4,12934,134,-1080,-168,1101,2026-08-06-00-09.csv
935142,1354214,-392,24289,46.95,1,1,16.67,174.1,12945,165,-1085,1,1098,2026-08-06-00-09.csv
935439,1354511,-365,24289,46.99,1,1,16.45,171.8,12955,61,-1003,-62,1006,2026-08-06-00-09.csv
935739,1354811,-363,24289,47.03,1,1,18.1,189.0,12966,237,-865,85,901,2026-08-06-00-09.csv
936114,1355186,-350,24289,47.07,1,1,16.08,168.0,12979,81,-1054,26,1057,2026-08-06-00-09.csv
936413,1355485,-329,24289,47.08,1,1,16.4,171.2,12989,190,-914,-75,937,2026-08-06-00-09.csv
936703,1355775,-327,24289,47.11,1,1,18.04,188.4,13000,276,-677,-140,745,2026-08-06-00-09.csv
936998,1356070,-312,24289,47.11,1,1,18.04,188.4,13011,156,-766,-97,788,2026-08-06-00-09.csv
937295,1356367,-316,24289,47.15,1,1,18.1,189.0,13022,189,-1003,67,1023,2026-08-06-00-09.csv
937592,1356664,-316,24289,47.17,1,1,16.88,176.3,13033,211,-1080,-321,1146,2026-08-06-00-09.csv
937887,1356959,-312,24289,47.21,1,1,18.41,192.3,13044,-14,-1163,39,1164,2026-08-06-00-09.csv
938186,1357258,-301,24289,47.24,1,1,18.35,191.6,13055,324,-757,-264,865,2026-08-06-00-09.csv
938485,1357557,-304,24289,47.24,1,1,16.93,176.8,13066,95,-1023,-125,1035,2026-08-06-00-09.csv
938784,1357856,-300,24289,47.29,1,1,17.04,178.0,13077,234,-658,-350,782,2026-08-06-00-09.csv
939080,1358152,-300,24289,47.29,1,1,18.48,193.0,13088,205,-817,-79,846,2026-08-06-00-09.csv
939378,1358450,-277,24289,47.34,1,1,16.99,177.4,13099,163,-970,-242,1013,2026-08-06-00-09.csv
939684,1358756,-282,24289,47.37,1,1,16.8,175.4,13109,149,-1040,-187,1067,2026-08-06-00-09.csv
939989,1359061,-276,24289,47.36,1,1,17.1,178.6,13120,163,-995,-42,1009,2026-08-06-00-09.csv
940296,1359368,-275,24289,47.4,1,1,17.1,178.6,13131,137,-882,-82,896,2026-08-06-00-09.csv
940599,1359671,-272,24289,47.42,1,1,17.27,180.3,13142,116,-1019,77,1028,2026-08-06-00-09.csv
940963,1360035,-279,24289,47.47,1,1,15.32,160.0,13154,170,-745,-110,772,2026-08-06-00-09.csv
941257,1360329,-283,24289,47.51,1,1,18.74,195.7,13165,116,-688,122,709,2026-08-06-00-09.csv
941555,1360627,-281,24289,47.53,1,1,17.5,182.7,13176,126,-790,-105,807,2026-08-06-00-09.csv
941858,1360930,-268,24289,47.54,1,1,17.44,182.1,13187,27,-971,34,972,2026-08-06-00-09.csv
942164,1361236,-266,24289,47.6,1,1,17.44,182.1,13198,159,-900,-42,915,2026-08-06-00-09.csv
942476,1361548,-264,24289,47.64,1,1,17.73,185.2,13210,132,-931,-94,945,2026-08-06-00-09.csv
942777,1361849,-258,24289,47.69,1,1,17.56,183.3,13221,115,-1016,-75,1026,2026-08-06-00-09.csv
943080,1362152,-254,24289,47.71,1,1,17.5,182.7,13232,38,-1137,-19,1138,2026-08-06-00-09.csv
943372,1362444,-250,24289,47.77,1,1,17.61,183.9,13243,121,-1108,-145,1124,2026-08-06-00-09.csv
943679,1362751,-245,24289,47.77,1,1,17.56,183.3,13254,190,-940,162,973,2026-08-06-00-09.csv
943982,1363054,-246,24289,47.84,1,1,17.67,184.6,13265,63,-1183,-207,1202,2026-08-06-00-09.csv
944285,1363357,-252,24289,47.86,1,1,17.61,183.9,13276,39,-953,-17,954,2026-08-06-00-09.csv
944594,1363666,-244,24289,47.91,1,1,19.39,202.5,13289,220,-907,-271,971,2026-08-06-00-09.csv
944901,1363973,-252,24289,47.93,1,1,17.73,185.2,13300,76,-675,-213,712,2026-08-06-00-09.csv
945211,1364283,-259,24289,47.98,1,1,17.9,186.9,13312,167,-607,-20,630,2026-08-06-00-09.csv
945518,1364590,-250,24289,47.99,1,1,17.67,184.6,13323,27,-1125,-244,1152,2026-08-06-00-09.csv
945896,1364968,-245,24289,48.03,1,1,15.92,166.2,13336,209,-666,3,699,2026-08-06-00-09.csv
946198,1365270,-247,24289,48.04,1,1,17.56,183.3,13347,90,-958,-11,962,2026-08-06-00-09.csv
946501,1365573,-256,24289,48.05,1,1,19.15,200.0,13359,2,-986,115,993,2026-08-06-00-09.csv
946811,1365883,-247,24289,48.07,1,1,17.5,182.7,13370,256,-985,-209,1039,2026-08-06-00-09.csv
947119,1366191,-236,24289,48.08,1,1,17.44,182.1,13381,59,-1185,-11,1187,2026-08-06-00-09.csv
947408,1366480,-236,24289,48.13,1,1,18.9,197.4,13393,131,-1195,-135,1209,2026-08-06-00-09.csv
947715,1366787,-252,24289,48.15,1,1,17.27,180.3,13404,114,-1008,49,1015,2026-08-06-00-09.csv
948022,1367094,-238,24289,48.18,1,1,18.65,194.8,13416,116,-991,-94,1002,2026-08-06-00-09.csv
948323,1367395,-225,24289,48.17,1,1,18.47,192.9,13428,260,-874,-204,934,2026-08-06-00-09.csv
948630,1367702,-238,24289,48.17,1,1,16.34,170.6,13438,66,-1085,-56,1088,2026-08-06-00-09.csv
948943,1368015,-236,24289,48.19,1,1,17.84,186.3,13450,259,-815,-27,855,2026-08-06-00-09.csv
949252,1368324,-235,24289,48.17,1,1,15.91,166.1,13460,187,-1035,-257,1082,2026-08-06-00-09.csv
949563,1368635,-231,24289,48.17,1,1,17.32,180.9,13471,281,-1272,-231,1323,2026-08-06-00-09.csv
949873,1368945,-223,24289,48.2,1,1,17.27,180.3,13482,164,-1081,-201,1112,2026-08-06-00-09.csv
950187,1369259,-233,24289,48.21,1,1,17.05,178.0,13494,216,-800,-180,848,2026-08-06-00-09.csv
950503,1369575,-248,24289,48.22,1,1,16.67,174.1,13505,67,-1038,6,1040,2026-08-06-00-09.csv
950909,1369981,-227,24289,48.27,1,1,14.36,150.0,13517,172,-967,25,983,2026-08-06-00-09.csv
951199,1370271,-228,24289,48.29,1,1,16.23,169.5,13527,130,-891,95,905,2026-08-06-00-09.csv
951489,1370561,-215,24289,48.3,1,1,16.08,167.9,13536,106,-1136,-215,1161,2026-08-06-00-09.csv
951779,1370851,-209,24289,48.31,1,1,14.71,153.6,13545,90,-990,220,1018,2026-08-06-00-09.csv
952071,1371143,-207,24289,48.35,1,1,14.71,153.6,13554,174,-1238,-156,1259,2026-08-06-00-09.csv
952345,1371417,-191,24289,48.37,1,1,14.81,154.6,13563,201,-639,108,678,2026-08-06-00-09.csv
952636,1371708,-207,24289,48.38,1,1,16.62,173.6,13573,147,-1103,-218,1134,2026-08-06-00-09.csv
952924,1371996,-214,24289,48.38,1,1,16.74,174.8,13583,142,-1104,-158,1124,2026-08-06-00-09.csv
953223,1372295,-208,24289,48.37,1,1,15.12,157.9,13592,166,-841,28,858,2026-08-06-00-09.csv
953516,1372588,-214,24289,48.41,1,1,17.04,178.0,13603,131,-1080,-184,1104,2026-08-06-00-09.csv
953807,1372879,-207,24289,48.38,1,1,15.28,159.6,13612,345,-958,-137,1027,2026-08-06-00-09.csv
954102,1373174,-205,24289,48.39,1,1,17.21,179.7,13623,167,-902,-222,944,2026-08-06-00-09.csv
954380,1373452,-193,24289,48.41,1,1,17.1,178.6,13633,42,-1026,167,1040,2026-08-06-00-09.csv
954673,1373745,-198,24289,48.4,1,1,17.16,179.2,13643,11,-1302,-91,1306,2026-08-06-00-09.csv
954968,1374040,-208,24289,48.41,1,1,17.32,180.9,13654,120,-1056,-95,1067,2026-08-06-00-09.csv
955269,1374341,-205,24289,48.43,1,1,15.8,165.0,13664,-3,-1210,100,1214,2026-08-06-00-09.csv
955630,1374702,-202,24289,48.43,1,1,13.6,142.0,13674,143,-894,28,906,2026-08-06-00-09.csv
955926,1374998,-200,24289,48.44,1,1,17.56,183.3,13685,123,-860,-98,875,2026-08-06-00-09.csv
956221,1375293,-203,24289,48.49,1,1,16.01,167.2,13695,201,-801,-27,826,2026-08-06-00-09.csv
956515,1375587,-209,24289,48.49,1,1,16.01,167.2,13705,166,-733,-67,755,2026-08-06-00-09.csv
956805,1375877,-208,24289,48.5,1,1,17.47,182.5,13715,64,-974,28,976,2026-08-06-00-09.csv
957104,1376176,-206,24289,48.51,1,1,17.67,184.6,13726,189,-839,-123,869,2026-08-06-00-09.csv
957395,1376467,-190,24289,48.49,1,1,17.67,184.6,13737,226,-845,-161,890,2026-08-06-00-09.csv
957692,1376764,-195,24289,48.48,1,1,17.67,184.6,13748,172,-942,-90,962,2026-08-06-00-09.csv
957985,1377057,-193,24289,48.49,1,1,17.67,184.6,13759,134,-1095,-183,1118,2026-08-06-00-09.csv
958284,1377356,-194,24289,48.51,1,1,16.07,167.8,13769,94,-869,4,874,2026-08-06-00-09.csv
958583,1377655,-192,24289,48.51,1,1,17.67,184.6,13780,28,-1004,30,1004,2026-08-06-00-09.csv
958880,1377952,-185,24289,48.53,1,1,16.07,167.8,13790,137,-839,78,853,2026-08-06-00-09.csv
959175,1378247,-191,24289,48.55,1,1,16.01,167.2,13800,61,-1073,-261,1106,2026-08-06-00-09.csv
959476,1378548,-193,24289,48.55,1,1,15.96,166.7,13810,182,-697,66,723,2026-08-06-00-09.csv
959776,1378848,-188,24289,48.53,1,1,15.96,166.7,13820,93,-1168,-226,1193,2026-08-06-00-09.csv
960076,1379148,-176,24289,48.51,1,1,15.91,166.1,13830,101,-1077,-84,1085,2026-08-06-00-09.csv
960436,1379508,-178,24289,48.51,1,1,14.92,155.8,13841,160,-1111,-248,1150,2026-08-06-00-09.csv
960729,1379801,-173,24289,48.53,1,1,15.44,161.3,13850,127,-885,257,930,2026-08-06-00-09.csv
961033,1380105,-171,24289,48.54,1,1,17.27,180.3,13861,150,-1058,-41,1069,2026-08-06-00-09.csv
961321,1380393,-183,24289,48.59,1,1,16.77,175.2,13872,134,-1123,160,1142,2026-08-06-00-09.csv
961621,1380693,-176,24289,48.56,1,1,15.33,160.1,13881,303,-853,66,907,2026-08-06-00-09.csv
961917,1380989,-186,24289,48.57,1,1,14.13,147.5,13890,189,-1076,80,1096,2026-08-06-00-09.csv
962220,1381292,-179,24289,48.58,1,1,12.23,127.7,13897,201,-855,133,888,2026-08-06-00-09.csv
962518,1381590,-174,24289,48.62,1,1,10.99,114.8,13904,239,-990,-156,1030,2026-08-06-00-09.csv
962814,1381886,-168,24289,48.62,1,1,9.51,99.3,13910,157,-957,-52,971,2026-08-06-00-09.csv
963114,1382186,-168,24289,48.63,1,1,8.74,91.2,13915,214,-873,-140,910,2026-08-06-00-09.csv
963412,1382484,-157,24289,48.65,1,1,8.89,92.9,13921,155,-1023,-123,1042,2026-08-06-00-09.csv
963719,1382791,-169,24289,48.67,1,1,8.89,92.9,13927,94,-1026,-83,1033,2026-08-06-00-09.csv
964020,1383092,-165,24289,48.68,1,1,10.41,108.7,13933,237,-873,-201,927,2026-08-06-00-09.csv
964318,1383390,-164,24289,48.68,1,1,8.92,93.2,13939,102,-1038,-71,1045,2026-08-06-00-09.csv
964627,1383699,-176,24289,48.73,1,1,8.8,91.9,13944,64,-981,36,984,2026-08-06-00-09.csv
964933,1384005,-171,24289,48.76,1,1,9.06,94.6,13950,135,-1011,-155,1032,2026-08-06-00-09.csv
965301,1384373,-170,24289,48.78,1,1,7.98,83.3,13956,192,-857,-108,885,2026-08-06-00-09.csv
965604,1384676,-160,24289,48.82,1,1,9.15,95.5,13962,71,-1085,-60,1089,2026-08-06-00-09.csv
965909,1384981,-154,24289,48.85,1,1,9.15,95.5,13968,37,-1080,37,1082,2026-08-06-00-09.csv
966213,1385285,-153,24289,48.87,1,1,9.15,95.5,13974,206,-846,-94,876,2026-08-06-00-09.csv
966519,1385591,-152,24289,48.89,1,1,9.18,95.8,13980,84,-1001,-22,1004,2026-08-06-00-09.csv
966827,1385899,-152,24289,48.92,1,1,8.93,93.3,13985,142,-957,-129,976,2026-08-06-00-09.csv
967135,1386207,-153,24289,48.94,1,1,9.18,95.8,13991,134,-948,44,958,2026-08-06-00-09.csv
967438,1386510,-154,24289,48.97,1,1,9.18,95.8,13997,61,-990,84,996,2026-08-06-00-09.csv
967745,1386817,-151,24289,48.98,1,1,9.21,96.2,14003,111,-998,-89,1008,2026-08-06-00-09.csv
968057,1387129,-140,24289,49.03,1,1,9.27,96.8,14009,144,-947,-76,961,2026-08-06-00-09.csv
968356,1387428,-129,24289,49.02,1,1,9.27,96.8,14015,190,-853,-126,883,2026-08-06-00-09.csv
968666,1387738,-140,24289,49.03,1,1,9.24,96.5,14021,170,-902,-99,923,2026-08-06-00-09.csv
968972,1388044,-139,24289,49.05,1,1,9.27,96.8,14027,172,-925,98,946,2026-08-06-00-09.csv
969280,1388352,200,24289,49.08,1,1,9.24,96.5,14033,165,-824,-24,840,2026-08-06-00-09.csv
969584,1388656,721,24289,49.07,1,1,9.27,96.8,14039,161,-960,-159,986,2026-08-06-00-09.csv
969894,1388966,2000,24289,49.08,1,1,9.36,97.7,14045,126,-1157,-122,1171,2026-08-06-00-09.csv
970267,1389339,6631,24289,49.14,1,1,8.33,87.0,14051,162,-767,-155,799,2026-08-06-00-09.csv
970579,1389651,575,24289,49.08,1,1,9.86,102.9,14058,96,-1020,-135,1033,2026-08-06-00-09.csv
970889,1389961,972,24289,49.13,1,1,9.77,102.0,14064,76,-1044,23,1047,2026-08-06-00-09.csv
971201,1390273,2584,24289,49.13,1,1,10.13,105.7,14071,142,-994,-127,1012,2026-08-06-00-09.csv
971509,1390581,6235,24289,49.13,1,1,10.04,104.9,14077,160,-1009,-82,1025,2026-08-06-00-09.csv
971816,1390888,11823,24289,49.16,1,1,10.51,109.7,14084,63,-1100,-178,1116,2026-08-06-00-09.csv
972133,1391205,16879,24289,49.17,1,1,10.85,113.3,14091,108,-899,-127,914,2026-08-06-00-09.csv
972491,1391563,20840,24289,49.15,1,1,10.32,107.8,14099,50,-1007,-2,1009,2026-08-06-00-09.csv
972775,1391847,23783,24289,49.14,1,1,11.8,123.2,14106,117,-926,-223,960,2026-08-06-00-09.csv
973063,1392135,24520,24289,49.17,1,1,12.28,128.2,14113,77,-910,-138,924,2026-08-06-00-09.csv
973338,1392410,24520,24289,49.17,1,1,12.94,135.1,14121,128,-937,-399,1026,2026-08-06-00-09.csv
973629,1392701,24520,24289,49.13,1,1,13.53,141.3,14129,202,-941,-23,963,2026-08-06-00-09.csv
973917,1392989,24520,24289,49.19,1,1,14.03,146.5,14137,62,-980,-129,990,2026-08-06-00-09.csv
974209,1393281,23758,24289,49.14,1,1,14.76,154.1,14146,67,-882,14,885,2026-08-06-00-09.csv
974509,1393581,15373,24289,49.17,1,1,13.86,144.7,14155,101,-852,-22,858,2026-08-06-00-09.csv
974805,1393877,14801,24289,49.2,1,1,15.75,164.5,14165,80,-1241,-111,1248,2026-08-06-00-09.csv
975159,1394231,2793,24289,49.2,1,1,14.92,155.8,14176,204,-923,-97,950,2026-08-06-00-09.csv
975453,1394525,1705,24289,49.2,1,1,16.01,167.2,14186,79,-989,-167,1006,2026-08-06-00-09.csv
975744,1394816,1494,24289,49.22,1,1,14.03,146.5,14194,128,-1093,-115,1107,2026-08-06-00-09.csv
976036,1395108,2324,24289,49.26,1,1,15.91,166.1,14204,99,-1030,-96,1039,2026-08-06-00-09.csv
976326,1395398,4092,24289,49.26,1,1,15.61,163.0,14213,139,-818,-175,848,2026-08-06-00-09.csv
976622,1395694,7829,24289,49.25,1,1,15.75,164.5,14223,58,-945,41,948,2026-08-06-00-09.csv
976913,1395985,12541,24289,49.27,1,1,15.96,166.7,14233,-22,-1032,66,1034,2026-08-06-00-09.csv
977211,1396283,17645,24289,49.26,1,1,16.23,169.5,14243,155,-890,-128,913,2026-08-06-00-09.csv
977501,1396573,21892,24289,49.28,1,1,16.51,172.4,14253,80,-1207,-218,1229,2026-08-06-00-09.csv
977797,1396869,24435,24289,49.28,1,1,15.07,157.3,14262,153,-945,-132,966,2026-08-06-00-09.csv
978093,1397165,24519,24289,49.27,1,1,17.44,182.1,14273,43,-1179,-119,1186,2026-08-06-00-09.csv
978388,1397460,24487,24289,49.3,1,1,17.91,187.1,14284,113,-915,-159,936,2026-08-06-00-09.csv
978687,1397759,24520,24289,49.29,1,1,18.41,192.3,14296,131,-1115,-240,1148,2026-08-06-00-09.csv
978988,1398060,24509,24289,49.28,1,1,16.8,175.4,14306,118,-930,-91,942,2026-08-06-00-09.csv
979291,1398363,24478,24289,49.27,1,1,17.27,180.3,14317,163,-955,-138,979,2026-08-06-00-09.csv
979590,1398662,24441,24289,49.27,1,1,17.44,182.1,14328,149,-912,-262,960,2026-08-06-00-09.csv
979953,1399025,24268,24289,49.25,1,1,15.66,163.5,14340,144,-874,-74,889,2026-08-06-00-09.csv
980247,1399319,387,24289,49.25,1,1,17.79,185.8,14351,142,-1059,-124,1075,2026-08-06-00-09.csv
980539,1399611,-455,24289,49.23,1,1,19.01,198.6,14362,138,-844,22,856,2026-08-06-00-09.csv
980843,1399915,-465,24289,49.2,1,1,17.32,180.9,14373,129,-1011,-199,1039,2026-08-06-00-09.csv
981138,1400210,-457,24289,49.18,1,1,17.04,178.0,14384,108,-856,11,863,2026-08-06-00-09.csv
981436,1400508,-437,24289,49.2,1,1,16.51,172.4,14394,88,-969,157,985,2026-08-06-00-09.csv
981734,1400806,-431,24289,49.18,1,1,16.4,171.2,14404,42,-1271,-123,1277,2026-08-06-00-09.csv
982031,1401103,-394,24289,49.19,1,1,16.61,173.5,14415,59,-1065,89,1071,2026-08-06-00-09.csv
982316,1401388,-365,24289,49.22,1,1,16.29,170.1,14425,58,-843,-26,845,2026-08-06-00-09.csv
982616,1401688,-333,24289,49.22,1,1,15.96,166.7,14434,226,-1149,-373,1229,2026-08-06-00-09.csv
982919,1401991,-297,24289,49.23,1,1,16.41,171.3,14445,196,-565,117,609,2026-08-06-00-09.csv
983219,1402291,-272,24289,49.21,1,1,16.12,168.4,14455,131,-969,-112,984,2026-08-06-00-09.csv
983519,1402591,-278,24289,49.21,1,1,17.67,184.6,14466,152,-971,-134,992,2026-08-06-00-09.csv
983815,1402887,-269,24289,49.2,1,1,17.61,183.9,14477,63,-1140,15,1142,2026-08-06-00-09.csv
984121,1403193,13,24289,49.23,1,1,16.01,167.2,14487,68,-853,-19,856,2026-08-06-00-09.csv
984414,1403486,222,24289,49.21,1,1,17.61,183.9,14498,225,-750,-46,785,2026-08-06-00-09.csv
984779,1403851,429,24289,49.21,1,1,15.44,161.3,14510,47,-1087,-15,1088,2026-08-06-00-09.csv
985085,1404157,1577,24289,49.2,1,1,15.91,166.1,14520,340,-815,-250,917,2026-08-06-00-09.csv
985363,1404435,3212,24289,49.17,1,1,15.85,165.6,14530,27,-1059,-59,1061,2026-08-06-00-09.csv
985666,1404738,6124,24289,49.15,1,1,15.56,162.5,14539,174,-961,-47,978,2026-08-06-00-09.csv
985977,1405049,10916,24289,49.14,1,1,15.85,165.6,14549,122,-1040,-273,1082,2026-08-06-00-09.csv
986278,1405350,16529,24289,49.15,1,1,17.5,182.7,14560,166,-930,-123,953,2026-08-06-00-09.csv
986578,1405650,21240,24289,49.15,1,1,17.56,183.3,14571,-15,-1109,-27,1109,2026-08-06-00-09.csv
986878,1405950,24312,24289,49.15,1,1,17.67,184.6,14582,154,-840,-113,861,2026-08-06-00-09.csv
987197,1406269,24520,24289,49.19,1,1,16.46,171.9,14593,5,-890,-125,899,2026-08-06-00-09.csv
987500,1406572,24506,24289,49.15,1,1,17.85,186.4,14604,13,-1066,61,1067,2026-08-06-00-09.csv
987803,1406875,24520,24289,49.19,1,1,16.46,171.9,14615,84,-1085,-417,1165,2026-08-06-00-09.csv
988110,1407182,24520,24289,49.19,1,1,17.67,184.6,14626,-6,-961,-16,961,2026-08-06-00-09.csv
988412,1407484,24520,24289,49.17,1,1,17.84,186.3,14638,141,-1085,-28,1095,2026-08-06-00-09.csv
988714,1407786,24502,24289,49.16,1,1,17.73,185.2,14649,-15,-1017,73,1019,2026-08-06-00-09.csv
989019,1408091,24520,24289,49.24,1,1,16.17,168.9,14659,106,-649,-140,672,2026-08-06-00-09.csv
989326,1408398,24443,24289,49.2,1,1,18.07,188.7,14671,-20,-1283,-75,1285,2026-08-06-00-09.csv
989698,1408770,24520,24289,49.23,1,1,15.87,165.7,14683,146,-897,-65,911,2026-08-06-00-09.csv
990015,1409087,13066,24289,49.27,1,1,16.99,177.4,14694,242,-940,-203,991,2026-08-06-00-09.csv
990319,1409391,-533,24289,49.32,1,1,17.04,178.0,14705,131,-820,21,830,2026-08-06-00-09.csv
990622,1409694,-523,24289,49.31,1,1,18.3,191.1,14717,210,-770,-232,831,2026-08-06-00-09.csv
990936,1410008,-504,24289,49.33,1,1,16.34,170.6,14727,162,-948,-102,967,2026-08-06-00-09.csv
991240,1410312,-468,24289,49.36,1,1,17.84,186.3,14739,138,-1016,-152,1037,2026-08-06-00-09.csv
991551,1410623,-443,24289,49.37,1,1,15.85,165.6,14749,127,-1036,-108,1050,2026-08-06-00-09.csv
991858,1410930,-415,24289,49.38,1,1,15.6,162.9,14759,184,-1125,-114,1146,2026-08-06-00-09.csv
992171,1411243,-387,24289,49.41,1,1,15.39,160.8,14769,225,-986,-322,1061,2026-08-06-00-09.csv
992485,1411557,-369,24289,49.43,1,1,15.2,158.7,14779,23,-1037,62,1039,2026-08-06-00-09.csv
992791,1411863,-356,24289,49.48,1,1,16.28,170.1,14789,85,-1040,-87,1047,2026-08-06-00-09.csv
993101,1412173,-319,24289,49.44,1,1,16.2,169.2,14800,67,-973,-134,985,2026-08-06-00-09.csv
993406,1412478,-298,24289,49.48,1,1,15.65,163.4,14810,77,-1024,137,1036,2026-08-06-00-09.csv
993725,1412797,-277,24289,49.48,1,1,15.44,161.3,14820,261,-880,-242,949,2026-08-06-00-09.csv
994037,1413109,-254,24289,49.51,1,1,15.01,156.7,14830,90,-987,-129,1000,2026-08-06-00-09.csv
994374,1413446,-229,24289,49.53,1,1,12.1,126.4,14839,43,-852,-65,855,2026-08-06-00-09.csv
994726,1413798,-241,24289,49.56,1,1,11.47,119.8,14847,125,-1095,-101,1107,2026-08-06-00-09.csv
995019,1414091,-227,24289,49.56,1,1,13.73,143.4,14855,157,-1021,-70,1035,2026-08-06-00-09.csv
995304,1414376,-199,24289,49.6,1,1,13.44,140.4,14863,80,-1032,-54,1036,2026-08-06-00-09.csv
995589,1414661,-201,24289,49.63,1,1,13.12,137.0,14871,217,-857,-117,891,2026-08-06-00-09.csv
995880,1414952,-189,24289,49.63,1,1,13.07,136.5,14879,124,-1047,-21,1055,2026-08-06-00-09.csv
996167,1415239,-187,24289,49.68,1,1,12.85,134.2,14887,94,-1022,-21,1027,2026-08-06-00-09.csv
996455,1415527,-187,24289,49.71,1,1,12.41,129.6,14894,97,-882,-72,890,2026-08-06-00-09.csv
996745,1415817,-188,24289,49.73,1,1,12.44,129.9,14902,86,-1015,35,1019,2026-08-06-00-09.csv
997038,1416110,-184,24289,49.74,1,1,12.01,125.4,14909,114,-1024,-111,1036,2026-08-06-00-09.csv
997321,1416393,-177,24289,49.79,1,1,11.88,124.1,14916,131,-1006,-25,1015,2026-08-06-00-09.csv
997612,1416684,165,24289,49.76,1,1,11.6,121.1,14923,124,-933,-105,947,2026-08-06-00-09.csv
997909,1416981,458,24289,49.79,1,1,11.52,120.3,14930,164,-963,-162,990,2026-08-06-00-09.csv
998202,1417274,945,24289,49.8,1,1,11.21,117.1,14937,118,-979,-69,988,2026-08-06-00-09.csv
998501,1417573,3697,24289,49.85,1,1,11.06,115.5,14944,168,-964,-114,985,2026-08-06-00-09.csv
998804,1417876,7986,24289,49.87,1,1,10.99,114.8,14951,101,-1019,-160,1036,2026-08-06-00-09.csv
999099,1418171,13041,24289,49.85,1,1,10.85,113.3,14958,140,-992,-236,1030,2026-08-06-00-09.csv
999455,1418527,18438,24289,49.86,1,1,9.71,101.4,14965,139,-982,-147,1003,2026-08-06-00-09.csv
999745,1418817,22583,24289,49.91,1,1,11.1,115.9,14972,154,-892,-91,909,2026-08-06-00-09.csv
1000039,1419111,24410,24289,49.87,1,1,11.05,115.4,14978,137,-1010,-118,1026,2026-08-06-00-09.csv
1000321,1419393,24520,24289,49.89,1,1,11.75,122.7,14986,22,-1096,-12,1096,2026-08-06-00-09.csv
1000618,1419690,24520,24289,49.93,1,1,11.93,124.6,14993,101,-1061,-183,1081,2026-08-06-00-09.csv
1000916,1419988,24520,24289,49.92,1,1,12.23,127.7,15000,-5,-957,-46,958,2026-08-06-00-09.csv
1001208,1420280,24520,24289,49.95,1,1,12.73,132.9,15008,105,-927,-28,933,2026-08-06-00-09.csv
1001503,1420575,24520,24289,49.94,1,1,12.98,135.6,15016,111,-956,-131,972,2026-08-06-00-09.csv
1001799,1420871,24520,24289,49.96,1,1,13.59,142.0,15025,52,-1279,-260,1306,2026-08-06-00-09.csv
1002101,1421173,24520,24289,50.02,1,1,13.68,142.9,15033,60,-1017,-106,1025,2026-08-06-00-09.csv
1002379,1421451,24520,24289,49.98,1,1,14.17,148.0,15042,25,-1068,-203,1088,2026-08-06-00-09.csv
1002678,1421750,24520,24289,50.02,1,1,14.29,149.3,15050,81,-1096,-26,1099,2026-08-06-00-09.csv
1002976,1422048,24520,24289,50.01,1,1,14.96,156.3,15060,-1,-997,-97,1001,2026-08-06-00-09.csv
1003277,1422349,24520,24289,50.07,1,1,13.39,139.9,15068,73,-762,-25,766,2026-08-06-00-09.csv
1003572,1422644,24520,24289,50.08,1,1,15.44,161.3,15078,31,-1010,-143,1020,2026-08-06-00-09.csv
1003868,1422940,24520,24289,50.08,1,1,15.56,162.5,15087,112,-1019,-95,1030,2026-08-06-00-09.csv
1004233,1423305,24520,24289,50.12,1,1,13.9,145.1,15098,95,-1078,-127,1089,2026-08-06-00-09.csv
1004527,1423599,24489,24289,50.14,1,1,16.34,170.6,15108,109,-1109,-88,1118,2026-08-06-00-09.csv
1004826,1423898,24520,24289,50.13,1,1,14.91,155.7,15117,43,-809,-32,811,2026-08-06-00-09.csv
1005118,1424190,24489,24289,50.17,1,1,17.04,178.0,15128,108,-966,-150,983,2026-08-06-00-09.csv
1005401,1424473,24411,24289,50.2,1,1,15.33,160.1,15137,139,-755,-87,773,2026-08-06-00-09.csv
1005703,1424775,24462,24289,50.22,1,1,15.91,166.1,15147,93,-1248,-231,1273,2026-08-06-00-09.csv
1006000,1425072,24446,24289,50.22,1,1,17.85,186.4,15158,155,-811,-161,841,2026-08-06-00-09.csv
1006301,1425373,24332,24289,50.22,1,1,18.3,191.1,15170,15,-1197,-63,1198,2026-08-06-00-09.csv
1006606,1425678,24332,24289,50.26,1,1,16.86,176.1,15180,103,-891,-40,898,2026-08-06-00-09.csv
1006907,1425979,24136,24289,50.22,1,1,17.21,179.7,15191,-59,-870,-205,896,2026-08-06-00-09.csv
1007208,1426280,23843,24289,50.22,1,1,17.5,182.7,15202,205,-394,-49,446,2026-08-06-00-09.csv
1007510,1426582,21081,24289,50.21,1,1,17.73,185.2,15213,-10,-1147,-167,1159,2026-08-06-00-09.csv
1007815,1426887,5984,24289,50.25,1,1,18.07,188.7,15225,163,-790,-508,953,2026-08-06-00-09.csv
1008120,1427192,7581,24289,50.23,1,1,17.91,187.1,15236,241,-965,-65,997,2026-08-06-00-09.csv
1008426,1427498,11828,24289,50.3,1,1,19.82,207.0,15249,9,-1049,31,1050,2026-08-06-00-09.csv
1008732,1427804,17712,24289,50.26,1,1,18.59,194.2,15261,154,-637,-53,658,2026-08-06-00-09.csv
1009096,1428168,32,24289,50.28,1,1,17.83,186.2,15274,228,-933,-114,967,2026-08-06-00-09.csv
1009390,1428462,-604,24289,50.34,1,1,18.71,195.4,15286,295,-453,-190,573,2026-08-06-00-09.csv
1009700,1428772,-552,24289,50.36,1,1,18.53,193.5,15298,57,-800,106,809,2026-08-06-00-09.csv
1010002,1429074,-535,24289,50.35,1,1,18.16,189.7,15309,182,-949,-341,1025,2026-08-06-00-09.csv
1010301,1429373,-527,24289,50.39,1,1,19.63,205.0,15322,37,-1101,-56,1103,2026-08-06-00-09.csv
1010608,1429680,-485,24289,50.36,1,1,19.28,201.3,15334,72,-1188,-114,1195,2026-08-06-00-09.csv
1010931,1430003,-450,24289,50.35,1,1,17.73,185.2,15346,151,-1167,-178,1190,2026-08-06-00-09.csv
1011239,1430311,-431,24289,50.37,1,1,17.21,179.7,15357,186,-823,-91,848,2026-08-06-00-09.csv
1011542,1430614,-411,24289,50.36,1,1,18.59,194.2,15369,116,-995,-169,1016,2026-08-06-00-09.csv
1011853,1430925,-380,24289,50.37,1,1,16.77,175.2,15380,208,-1061,-272,1114,2026-08-06-00-09.csv
1012160,1431232,-360,24289,50.37,1,1,16.28,170.1,15390,222,-931,-222,983,2026-08-06-00-09.csv
1012467,1431539,-357,24289,50.39,1,1,17.95,187.5,15402,150,-1093,-112,1109,2026-08-06-00-09.csv
1012781,1431853,-352,24289,50.39,1,1,16.07,167.8,15412,151,-1313,-299,1355,2026-08-06-00-09.csv
1013092,1432164,-337,24289,50.42,1,1,17.68,184.6,15424,212,-854,-181,898,2026-08-06-00-09.csv
1013399,1432471,-303,24289,50.38,1,1,15.85,165.6,15434,124,-891,-366,971,2026-08-06-00-09.csv
1013708,1432780,-314,24289,50.4,1,1,15.75,164.5,15444,66,-924,-178,943,2026-08-06-00-09.csv
1014083,1433155,-294,24289,50.42,1,1,14.92,155.8,15456,260,-962,-313,1045,2026-08-06-00-09.csv
1014373,1433445,-277,24289,50.43,1,1,15.6,162.9,15466,166,-1106,-218,1140,2026-08-06-00-09.csv
1014686,1433758,-289,24289,50.43,1,1,15.39,160.7,15475,181,-971,-148,999,2026-08-06-00-09.csv
1014997,1434069,-273,24289,50.43,1,1,17.21,179.7,15486,48,-992,199,1013,2026-08-06-00-09.csv
1015305,1434377,-276,24289,50.47,1,1,17.41,181.8,15498,52,-1232,15,1233,2026-08-06-00-09.csv
1015611,1434683,-263,24289,50.55,1,1,17.27,180.3,15509,75,-1139,-125,1148,2026-08-06-00-09.csv
1015926,1434998,-251,24289,50.56,1,1,15.7,163.9,15519,213,-684,-95,723,2026-08-06-00-09.csv
1016277,1435349,-245,24289,50.58,1,1,16.18,169.0,15531,107,-1035,59,1042,2026-08-06-00-09.csv
1016567,1435639,-250,24289,50.6,1,1,15.5,161.9,15540,15,-1143,205,1161,2026-08-06-00-09.csv
1016857,1435929,-248,24289,50.65,1,1,17.27,180.3,15551,162,-922,-280,977,2026-08-06-00-09.csv
1017152,1436224,-236,24289,50.64,1,1,15.44,161.3,15560,186,-926,-280,985,2026-08-06-00-09.csv
1017443,1436515,-230,24289,50.67,1,1,15.8,165.0,15570,6,-958,136,968,2026-08-06-00-09.csv
1017736,1436808,-230,24289,50.69,1,1,15.8,165.0,15580,26,-1217,-75,1220,2026-08-06-00-09.csv
1018031,1437103,-224,24289,50.72,1,1,15.5,161.9,15589,132,-1140,-314,1190,2026-08-06-00-09.csv
1018322,1437394,-207,24289,50.73,1,1,17.32,180.9,15600,268,-633,-363,777,2026-08-06-00-09.csv
1018614,1437686,-208,24289,50.76,1,1,15.39,160.7,15609,194,-866,-212,913,2026-08-06-00-09.csv
1018964,1438036,-204,24289,50.79,1,1,16.18,169.0,15621,62,-1087,100,1093,2026-08-06-00-09.csv
1019260,1438332,-210,24289,50.82,1,1,15.85,165.6,15631,61,-1107,-185,1124,2026-08-06-00-09.csv
1019554,1438626,-213,24289,50.83,1,1,15.44,161.3,15640,153,-973,-221,1010,2026-08-06-00-09.csv
1019846,1438918,-215,24289,50.85,1,1,17.21,179.7,15651,31,-1101,22,1101,2026-08-06-00-09.csv
1020135,1439207,-212,24289,50.89,1,1,15.28,159.6,15660,229,-906,-234,964,2026-08-06-00-09.csv
1020417,1439489,-219,24289,50.88,1,1,15.12,157.9,15669,13,-1076,18,1076,2026-08-06-00-09.csv
1020710,1439782,-213,24289,50.9,1,1,14.96,156.3,15678,54,-1101,-93,1106,2026-08-06-00-09.csv
1021008,1440080,-211,24289,50.92,1,1,14.81,154.6,15687,133,-1018,-109,1032,2026-08-06-00-09.csv
1021312,1440384,-204,24289,50.96,1,1,16.41,171.3,15698,46,-1200,20,1201,2026-08-06-00-09.csv
1021613,1440685,-213,24289,50.97,1,1,16.07,167.8,15708,5,-1087,86,1090,2026-08-06-00-09.csv
1021905,1440977,-215,24289,50.98,1,1,15.61,163.0,15717,191,-703,-12,728,2026-08-06-00-09.csv
1022204,1441276,-217,24289,51.0,1,1,14.04,146.6,15726,17,-1130,60,1131,2026-08-06-00-09.csv
1022500,1441572,-206,24289,51.05,1,1,15.3,159.7,15736,81,-1061,117,1070,2026-08-06-00-09.csv
1022797,1441869,-204,24289,51.05,1,1,15.01,156.8,15745,46,-1065,41,1067,2026-08-06-00-09.csv
1023093,1442165,-193,24289,51.08,1,1,13.12,137.0,15753,97,-971,95,980,2026-08-06-00-09.csv
1023386,1442458,-186,24289,51.12,1,1,12.94,135.1,15761,66,-928,121,938,2026-08-06-00-09.csv
1023746,1442818,-185,24289,51.17,1,1,13.23,138.1,15771,148,-927,-58,941,2026-08-06-00-09.csv
1024041,1443113,-192,24289,51.19,1,1,13.88,144.9,15779,63,-783,75,789,2026-08-06-00-09.csv
1024329,1443401,-171,24289,51.2,1,1,13.9,145.2,15788,98,-1083,52,1088,2026-08-06-00-09.csv
1024626,1443698,-188,24289,51.26,1,1,13.44,140.4,15796,155,-1014,-24,1026,2026-08-06-00-09.csv
1024924,1443996,-190,24289,51.25,1,1,13.39,139.9,15804,75,-1057,-62,1062,2026-08-06-00-09.csv
1025223,1444295,-185,24289,51.24,1,1,13.38,139.8,15813,157,-916,-10,929,2026-08-06-00-09.csv
1025525,1444597,-187,24289,51.32,1,1,13.03,136.1,15821,179,-923,-211,963,2026-08-06-00-09.csv
1025822,1444894,-191,24289,51.33,1,1,12.85,134.2,15829,120,-952,49,961,2026-08-06-00-09.csv
1026117,1445189,-187,24289,51.37,1,1,12.6,131.6,15837,121,-937,-87,949,2026-08-06-00-09.csv
1026405,1445477,-179,24289,51.39,1,1,12.23,127.7,15844,159,-920,5,934,2026-08-06-00-09.csv
1026702,1445774,-179,24289,51.42,1,1,12.16,127.0,15852,183,-1035,-87,1055,2026-08-06-00-09.csv
1027006,1446078,-186,24289,51.45,1,1,11.76,122.8,15859,155,-961,-68,976,2026-08-06-00-09.csv
1027301,1446373,-176,24289,51.48,1,1,11.48,119.9,15866,43,-1129,-3,1130,2026-08-06-00-09.csv
1027611,1446683,-180,24289,51.53,1,1,11.5,120.1,15874,149,-902,-25,915,2026-08-06-00-09.csv
1027914,1446986,-178,24289,51.54,1,1,10.8,112.8,15880,92,-1008,-50,1014,2026-08-06-00-09.csv
1028222,1447294,-178,24289,51.59,1,1,10.85,113.3,15887,140,-939,-121,957,2026-08-06-00-09.csv
1028585,1447657,-169,24289,51.62,1,1,9.67,101.0,15895,130,-992,-4,1000,2026-08-06-00-09.csv
1028887,1447959,-173,24289,51.64,1,1,10.01,104.5,15901,152,-771,65,788,2026-08-06-00-09.csv
1029182,1448254,22,24289,51.69,1,1,11.52,120.3,15908,68,-1057,43,1060,2026-08-06-00-09.csv
1029482,1448554,263,24289,51.73,1,1,9.7,101.4,15914,164,-946,-82,963,2026-08-06-00-09.csv
1029783,1448855,900,24289,51.76,1,1,9.45,98.7,15920,105,-893,-37,900,2026-08-06-00-09.csv
1030086,1449158,1277,24289,51.74,1,1,9.3,97.1,15926,160,-1021,-126,1041,2026-08-06-00-09.csv
1030386,1449458,4221,24289,51.73,1,1,9.15,95.5,15932,90,-970,-128,983,2026-08-06-00-09.csv
1030689,1449761,8509,24289,51.76,1,1,8.87,92.6,15937,107,-976,-37,982,2026-08-06-00-09.csv
1030998,1450070,13160,24289,51.79,1,1,9.09,94.9,15943,135,-954,-119,971,2026-08-06-00-09.csv
1031299,1450371,17514,24289,51.84,1,1,9.21,96.2,15949,66,-1045,-119,1053,2026-08-06-00-09.csv
1031603,1450675,22526,24289,51.84,1,1,9.42,98.4,15955,145,-856,-95,873,2026-08-06-00-09.csv
1031913,1450985,24252,24289,51.89,1,1,9.67,101.0,15961,187,-843,19,864,2026-08-06-00-09.csv
1032221,1451293,24520,24289,51.91,1,1,10.28,107.4,15968,55,-909,-153,923,2026-08-06-00-09.csv
1032527,1451599,24520,24289,51.91,1,1,10.67,111.5,15975,-31,-1006,-81,1010,2026-08-06-00-09.csv
1032832,1451904,24520,24289,51.94,1,1,11.1,115.9,15982,49,-787,-101,795,2026-08-06-00-09.csv
1033141,1452213,24520,24289,51.97,1,1,11.64,121.5,15989,29,-990,-80,994,2026-08-06-00-09.csv
1033517,1452589,24520,24289,51.98,1,1,11.28,117.8,15998,50,-1231,-26,1233,2026-08-06-00-09.csv
1033817,1452889,-533,24289,52.02,1,1,12.68,132.5,16006,9,-991,155,1003,2026-08-06-00-09.csv
1034125,1453197,-518,24289,52.06,1,1,12.56,131.1,16014,88,-1021,57,1027,2026-08-06-00-09.csv
1034425,1453497,-514,24289,52.06,1,1,12.52,130.7,16022,157,-949,-9,962,2026-08-06-00-09.csv
1034733,1453805,-522,24289,52.09,1,1,12.36,129.0,16030,191,-909,-302,976,2026-08-06-00-09.csv
1035039,1454111,-493,24289,52.11,1,1,12.32,128.6,16038,76,-1260,-66,1264,2026-08-06-00-09.csv
1035346,1454418,-453,24289,52.09,1,1,12.28,128.2,16046,80,-976,48,981,2026-08-06-00-09.csv
1035656,1454728,-427,24289,52.1,1,1,12.4,129.4,16054,165,-992,-215,1028,2026-08-06-00-09.csv
1035969,1455041,-400,24289,52.12,1,1,12.4,129.4,16062,168,-899,-104,921,2026-08-06-00-09.csv
1036279,1455351,-384,24289,52.1,1,1,12.4,129.4,16070,146,-1096,57,1108,2026-08-06-00-09.csv
1036591,1455663,-346,24289,52.12,1,1,10.85,113.3,16077,58,-1038,13,1040,2026-08-06-00-09.csv
1036903,1455975,-334,24289,52.13,1,1,12.36,129.0,16085,196,-870,-130,901,2026-08-06-00-09.csv
1037217,1456289,-305,24289,52.16,1,1,12.4,129.4,16093,201,-917,-15,939,2026-08-06-00-09.csv
1037527,1456599,-283,24289,52.19,1,1,12.36,129.0,16101,67,-1010,-62,1014,2026-08-06-00-09.csv
1037840,1456912,-276,24289,52.22,1,1,12.24,127.8,16109,166,-946,-162,975,2026-08-06-00-09.csv
1038194,1457266,-265,24289,52.19,1,1,11.07,115.6,16117,107,-936,-48,943,2026-08-06-00-09.csv
1038549,1457621,-253,24289,52.25,1,1,11.34,118.4,16126,94,-1083,-64,1089,2026-08-06-00-09.csv
1038834,1457906,-251,24289,52.25,1,1,12.23,127.7,16133,179,-954,-250,1003,2026-08-06-00-09.csv
1039122,1458194,-240,24289,52.24,1,1,12.32,128.7,16140,143,-972,-142,992,2026-08-06-00-09.csv
1039403,1458475,-223,24289,52.24,1,1,12.56,131.1,16148,129,-941,9,950,2026-08-06-00-09.csv
1039692,1458764,-240,24289,52.26,1,1,12.37,129.2,16155,151,-979,37,991,2026-08-06-00-09.csv
1039985,1459057,-231,24289,52.28,1,1,12.68,132.5,16163,130,-1036,-103,1049,2026-08-06-00-09.csv
1040276,1459348,-226,24289,52.31,1,1,12.64,132.0,16171,111,-917,-160,937,2026-08-06-00-09.csv
1040574,1459646,-228,24289,52.31,1,1,12.68,132.4,16179,97,-961,74,969,2026-08-06-00-09.csv
1040868,1459940,-205,24289,52.33,1,1,12.41,129.6,16186,160,-923,-145,948,2026-08-06-00-09.csv
1041165,1460237,-200,24289,52.35,1,1,12.6,131.6,16194,164,-966,-32,981,2026-08-06-00-09.csv
1041461,1460533,-207,24289,52.34,1,1,12.64,132.0,16202,69,-898,130,910,2026-08-06-00-09.csv
1041751,1460823,-208,24289,52.37,1,1,12.28,128.2,16209,100,-1027,-80,1035,2026-08-06-00-09.csv
1042045,1461117,-202,24289,52.34,1,1,12.4,129.4,16217,106,-1078,-38,1084,2026-08-06-00-09.csv
1042339,1461411,-196,24289,52.36,1,1,12.06,125.9,16224,90,-923,1,928,2026-08-06-00-09.csv
1042640,1461712,-194,24289,52.4,1,1,12.12,126.6,16232,125,-980,-168,1002,2026-08-06-00-09.csv
1042930,1462002,-196,24289,52.4,1,1,11.76,122.8,16239,190,-871,-9,892,2026-08-06-00-09.csv
1043284,1462356,-190,24289,52.43,1,1,10.7,111.7,16247,243,-818,-51,855,2026-08-06-00-09.csv
1043580,1462652,-182,24289,52.44,1,1,11.52,120.3,16254,120,-934,-22,942,2026-08-06-00-09.csv
1043870,1462942,-185,24289,52.45,1,1,11.52,120.3,16261,137,-945,-82,959,2026-08-06-00-09.csv
1044161,1463233,-193,24289,52.48,1,1,11.4,119.0,16268,179,-971,-115,994,2026-08-06-00-09.csv
1044454,1463526,104,24289,52.5,1,1,11.4,119.0,16275,146,-898,-10,910,2026-08-06-00-09.csv
1044754,1463826,173,24289,52.5,1,1,11.4,119.0,16282,154,-962,-113,981,2026-08-06-00-09.csv
1045049,1464121,533,24289,52.49,1,1,11.36,118.6,16289,128,-897,-74,910,2026-08-06-00-09.csv
1045351,1464423,616,24289,52.5,1,1,11.32,118.2,16296,139,-920,-39,931,2026-08-06-00-09.csv
1045641,1464713,55,24289,52.49,1,1,11.36,118.6,16303,134,-972,-110,987,2026-08-06-00-09.csv
1045947,1465019,514,24289,52.48,1,1,11.4,119.0,16310,111,-1029,-13,1035,2026-08-06-00-09.csv
1046244,1465316,1678,24289,52.45,1,1,11.4,119.0,16317,102,-1038,-83,1047,2026-08-06-00-09.csv
1046540,1465612,3791,24289,52.47,1,1,11.68,122.0,16325,119,-905,-89,917,2026-08-06-00-09.csv
1046839,1465911,-162,24289,52.48,1,1,11.6,121.1,16332,212,-835,-204,885,2026-08-06-00-09.csv
1047140,1466212,-173,24289,52.49,1,1,11.68,122.0,16339,95,-1123,-104,1132,2026-08-06-00-09.csv
1047430,1466502,-168,24289,52.51,1,1,11.93,124.6,16347,238,-740,-179,798,2026-08-06-00-09.csv
1047726,1466798,-179,24289,52.52,1,1,11.72,122.4,16354,98,-1040,-43,1045,2026-08-06-00-09.csv
1048091,1467163,-170,24289,52.52,1,1,10.67,111.4,16362,152,-921,-60,936,2026-08-06-00-09.csv
1048384,1467456,-167,24289,52.52,1,1,11.72,122.4,16369,147,-992,40,1003,2026-08-06-00-09.csv
1048678,1467750,-174,24289,52.54,1,1,11.64,121.5,16376,62,-1054,41,1057,2026-08-06-00-09.csv
1048981,1468053,-179,24289,52.57,1,1,11.86,123.8,16384,169,-916,-164,946,2026-08-06-00-09.csv
1049279,1468351,-168,24289,52.59,1,1,11.72,122.4,16391,101,-1054,-97,1064,2026-08-06-00-09.csv
1049583,1468655,-170,24289,52.62,1,1,12.12,126.6,16399,82,-1038,-65,1043,2026-08-06-00-09.csv
1049882,1468954,-169,24289,52.6,1,1,11.93,124.6,16406,135,-952,-27,962,2026-08-06-00-09.csv
1050183,1469255,-162,24289,52.63,1,1,12.32,128.6,16414,124,-924,-67,935,2026-08-06-00-09.csv
1050485,1469557,-166,24289,52.63,1,1,12.36,129.0,16422,227,-916,-221,969,2026-08-06-00-09.csv
1050789,1469861,-177,24289,52.65,1,1,12.4,129.4,16430,142,-953,20,964,2026-08-06-00-09.csv
1051095,1470167,-169,24289,52.63,1,1,12.23,127.7,16437,206,-823,-56,851,2026-08-06-00-09.csv
1051390,1470462,-152,24289,52.63,1,1,12.52,130.7,16445,100,-1102,-119,1113,2026-08-06-00-09.csv
1051697,1470769,-164,24289,52.68,1,1,12.6,131.6,16453,167,-854,-86,875,2026-08-06-00-09.csv
1052006,1471078,-176,24289,52.66,1,1,12.6,131.6,16461,102,-1053,-127,1066,2026-08-06-00-09.csv
1052314,1471386,-161,24289,52.67,1,1,12.79,133.5,16470,119,-1009,-62,1018,2026-08-06-00-09.csv
1052620,1471692,-162,24289,52.71,1,1,12.68,132.5,16478,119,-1113,-141,1128,2026-08-06-00-09.csv
1052988,1472060,-168,24289,52.7,1,1,11.74,122.6,16487,149,-1015,-188,1043,2026-08-06-00-09.csv
1053297,1472369,-164,24289,52.73,1,1,12.81,133.8,16495,217,-886,-24,912,2026-08-06-00-09.csv
1053598,1472670,-150,24289,52.71,1,1,12.9,134.7,16503,118,-1092,-127,1105,2026-08-06-00-09.csv
1053901,1472973,-143,24289,52.73,1,1,12.98,135.6,16511,127,-942,-42,951,2026-08-06-00-09.csv
1054204,1473276,-143,24289,52.74,1,1,13.26,138.5,16520,103,-930,-102,941,2026-08-06-00-09.csv
1054509,1473581,-144,24289,52.77,1,1,13.12,137.0,16528,97,-944,-32,950,2026-08-06-00-09.csv
1054812,1473884,-150,24289,52.79,1,1,13.38,139.7,16537,102,-1105,-123,1117,2026-08-06-00-09.csv
1055116,1474188,-147,24289,52.79,1,1,13.3,138.9,16545,135,-904,-39,915,2026-08-06-00-09.csv
1055421,1474493,-142,24289,52.77,1,1,13.51,141.1,16554,154,-926,-77,942,2026-08-06-00-09.csv
1055733,1474805,-149,24289,52.78,1,1,13.44,140.4,16562,114,-759,-8,767,2026-08-06-00-09.csv
1056040,1475112,-142,24289,52.8,1,1,13.59,142.0,16571,270,-838,-186,900,2026-08-06-00-09.csv
1056340,1475412,-137,24289,52.79,1,1,13.72,143.3,16580,114,-1084,-41,1090,2026-08-06-00-09.csv
1056646,1475718,-147,24289,52.8,1,1,13.58,141.8,16588,95,-1103,-99,1111,2026-08-06-00-09.csv
1056964,1476036,-151,24289,52.81,1,1,13.96,145.8,16598,147,-929,-79,944,2026-08-06-00-09.csv
1057280,1476352,-148,24289,52.84,1,1,13.86,144.7,16607,166,-618,-86,646,2026-08-06-00-09.csv
1057590,1476662,-153,24289,52.8,1,1,13.86,144.7,16616,176,-1037,-79,1055,2026-08-06-00-09.csv
1057966,1477038,-147,24289,52.83,1,1,11.61,121.3,16625,152,-910,-13,923,2026-08-06-00-09.csv
1058272,1477344,-131,24289,52.81,1,1,13.99,146.1,16634,0,-1293,131,1300,2026-08-06-00-09.csv
1058578,1477650,-123,24289,52.81,1,1,13.99,146.1,16643,111,-1102,-129,1115,2026-08-06-00-09.csv
1058882,1477954,-139,24289,52.77,1,1,14.08,147.1,16652,133,-972,20,981,2026-08-06-00-09.csv
1059192,1478264,-143,24289,52.8,1,1,14.13,147.5,16661,247,-570,-4,621,2026-08-06-00-09.csv
1059503,1478575,-144,24289,52.78,1,1,14.13,147.5,16670,94,-1142,-48,1147,2026-08-06-00-09.csv
1059856,1478928,-145,24289,52.76,1,1,11.87,124.0,16679,88,-1050,2,1053,2026-08-06-00-09.csv
1060150,1479222,-160,24289,52.78,1,1,14.03,146.5,16687,198,-844,-93,872,2026-08-06-00-09.csv
1060438,1479510,-126,24289,52.8,1,1,14.13,147.5,16696,195,-736,-75,765,2026-08-06-00-09.csv
1060725,1479797,-136,24289,52.77,1,1,13.88,144.9,16704,127,-897,-8,906,2026-08-06-00-09.csv
1061015,1480087,-109,24289,52.81,1,1,14.08,147.1,16713,135,-966,-141,986,2026-08-06-00-09.csv
1061306,1480378,-120,24289,52.78,1,1,13.83,144.4,16721,106,-1057,-111,1068,2026-08-06-00-09.csv
1061596,1480668,-124,24289,52.77,1,1,14.04,146.6,16730,166,-782,-186,821,2026-08-06-00-09.csv
1061889,1480961,-129,24289,52.79,1,1,13.83,144.4,16738,183,-929,-162,960,2026-08-06-00-09.csv
1062182,1481254,-132,24289,52.77,1,1,13.95,145.6,16747,76,-947,139,961,2026-08-06-00-09.csv
1062476,1481548,-138,24289,52.79,1,1,13.73,143.4,16755,165,-1022,-184,1051,2026-08-06-00-09.csv
1062832,1481904,-138,24289,52.79,1,1,11.55,120.6,16764,64,-1033,84,1039,2026-08-06-00-09.csv
1063119,1482191,-132,24289,52.82,1,1,13.63,142.3,16772,199,-877,-104,905,2026-08-06-00-09.csv
1063396,1482468,-122,24289,52.83,1,1,13.44,140.4,16780,82,-1107,-121,1117,2026-08-06-00-09.csv
1063690,1482762,-134,24289,52.8,1,1,11.72,122.4,16787,177,-1147,-272,1192,2026-08-06-00-09.csv
1063994,1483066,-147,24289,52.83,1,1,13.25,138.4,16795,188,-866,-188,905,2026-08-06-00-09.csv
1064287,1483359,-150,24289,52.85,1,1,13.07,136.5,16803,234,-1090,-190,1131,2026-08-06-00-09.csv
1064576,1483648,-144,24289,52.83,1,1,12.85,134.2,16811,186,-893,-105,918,2026-08-06-00-09.csv
1064872,1483944,-152,24289,52.84,1,1,12.68,132.5,16819,164,-1032,-25,1045,2026-08-06-00-09.csv
1065165,1484237,-147,24289,52.83,1,1,12.22,127.6,16826,150,-1037,-261,1080,2026-08-06-00-09.csv
1065464,1484536,-137,24289,52.84,1,1,12.21,127.5,16834,57,-1171,41,1174,2026-08-06-00-09.csv
1065754,1484826,-144,24289,52.84,1,1,11.88,124.1,16841,184,-987,-137,1013,2026-08-06-00-09.csv
1066058,1485130,-151,24289,52.78,1,1,11.9,124.2,16849,105,-885,121,900,2026-08-06-00-09.csv
1066342,1485414,-140,24289,52.76,1,1,11.56,120.7,16856,220,-729,-89,766,2026-08-06-00-09.csv
1066636,1485708,-153,24289,52.73,1,1,11.18,116.7,16862,16,-1115,82,1118,2026-08-06-00-09.csv
1066934,1486006,-140,24289,52.75,1,1,11.21,117.1,16869,108,-854,71,864,2026-08-06-00-09.csv
1067235,1486307,-141,24289,52.7,1,1,11.02,115.1,16876,110,-1037,-132,1051,2026-08-06-00-09.csv
1067590,1486662,108,24289,52.71,1,1,9.55,99.7,16883,124,-1151,-133,1165,2026-08-06-00-09.csv
1067883,1486955,797,24289,52.67,1,1,10.61,110.8,16890,107,-824,-64,833,2026-08-06-00-09.csv
1068183,1487255,1999,24289,52.7,1,1,10.19,106.4,16896,134,-867,34,878,2026-08-06-00-09.csv
1068479,1487551,4338,24289,52.67,1,1,10.54,110.1,16903,121,-1124,-154,1141,2026-08-06-00-09.csv
1068778,1487850,7365,24289,52.67,1,1,10.33,107.9,16909,53,-1093,-12,1094,2026-08-06-00-09.csv
1069075,1488147,7362,24289,52.74,1,1,10.78,112.5,16916,233,-690,-109,737,2026-08-06-00-09.csv
1069357,1488429,212,24289,52.7,1,1,11.02,115.1,16923,137,-1119,-155,1138,2026-08-06-00-09.csv
1069658,1488730,284,24289,52.71,1,1,10.84,113.2,16929,209,-826,-83,856,2026-08-06-00-09.csv
1069954,1489026,1115,24289,52.68,1,1,11.13,116.3,16936,164,-1000,-122,1021,2026-08-06-00-09.csv
1070257,1489329,2820,24289,52.74,1,1,11.28,117.8,16943,182,-905,-144,934,2026-08-06-00-09.csv
1070566,1489638,6723,24289,52.72,1,1,10.19,106.4,16950,83,-1101,-42,1105,2026-08-06-00-09.csv
1070869,1489941,11523,24289,52.73,1,1,11.76,122.8,16957,52,-894,19,896,2026-08-06-00-09.csv
1071166,1490238,16105,24289,52.77,1,1,12.32,128.6,16965,150,-1033,-240,1071,2026-08-06-00-09.csv
1071465,1490537,-145,24289,52.78,1,1,12.68,132.5,16973,172,-783,-2,802,2026-08-06-00-09.csv
1071779,1490851,-142,24289,52.78,1,1,12.77,133.3,16981,117,-1037,-142,1053,2026-08-06-00-09.csv
1072084,1491156,-145,24289,52.77,1,1,12.94,135.1,16989,172,-933,-194,968,2026-08-06-00-09.csv
1072448,1491520,-142,24289,52.77,1,1,12.21,127.6,16999,121,-993,-53,1002,2026-08-06-00-09.csv
1072747,1491819,-142,24289,52.79,1,1,13.07,136.5,17007,136,-1110,-112,1124,2026-08-06-00-09.csv
1073046,1492118,-144,24289,52.75,1,1,13.16,137.5,17015,105,-1019,38,1026,2026-08-06-00-09.csv
1073334,1492406,-129,24289,52.8,1,1,13.16,137.5,17023,62,-1066,-9,1068,2026-08-06-00-09.csv
1073632,1492704,-140,24289,52.73,1,1,13.21,137.9,17031,108,-951,-23,957,2026-08-06-00-09.csv
1073935,1493007,-144,24289,52.73,1,1,13.51,141.1,17040,171,-997,-135,1021,2026-08-06-00-09.csv
1074238,1493310,-137,24289,52.69,1,1,13.35,139.4,17048,205,-1029,-207,1070,2026-08-06-00-09.csv
1074558,1493630,-130,24289,52.66,1,1,12.04,125.8,17056,129,-1050,-128,1066,2026-08-06-00-09.csv
1074862,1493934,-128,24289,52.63,1,1,13.64,142.4,17065,159,-872,-114,893,2026-08-06-00-09.csv
1075165,1494237,-132,24289,52.63,1,1,13.81,144.2,17074,171,-1025,-215,1061,2026-08-06-00-09.csv
1075474,1494546,-138,24289,52.61,1,1,13.86,144.7,17083,201,-909,-76,934,2026-08-06-00-09.csv
1075781,1494853,-137,24289,52.59,1,1,13.95,145.6,17092,171,-956,-146,982,2026-08-06-00-09.csv
1076087,1495159,-143,24289,52.57,1,1,13.78,143.9,17100,131,-952,-92,965,2026-08-06-00-09.csv
1076387,1495459,-122,24289,52.53,1,1,13.99,146.1,17109,104,-1047,-32,1053,2026-08-06-00-09.csv
1076702,1495774,-130,24289,52.53,1,1,12.48,130.3,17117,98,-1033,-49,1039,2026-08-06-00-09.csv
1077015,1496087,-131,24289,52.51,1,1,14.21,148.4,17127,129,-924,-63,935,2026-08-06-00-09.csv
1077379,1496451,-117,24289,52.53,1,1,13.05,136.2,17137,125,-1012,-151,1031,2026-08-06-00-09.csv
1077685,1496757,-126,24289,52.51,1,1,14.17,148.0,17146,115,-1024,-77,1033,2026-08-06-00-09.csv
1077998,1497070,-121,24289,52.49,1,1,14.22,148.5,17155,126,-1014,-31,1022,2026-08-06-00-09.csv
1078302,1497374,-128,24289,52.49,1,1,14.17,148.0,17164,210,-794,-169,839,2026-08-06-00-09.csv
1078605,1497677,-116,24289,52.49,1,1,14.17,148.0,17173,1,-1211,45,1212,2026-08-06-00-09.csv
1078918,1497990,-121,24289,52.48,1,1,14.17,148.0,17182,71,-996,53,1000,2026-08-06-00-09.csv
1079228,1498300,-128,24289,52.47,1,1,12.64,132.0,17190,281,-724,-200,802,2026-08-06-00-09.csv
1079542,1498614,-124,24289,52.45,1,1,14.33,149.7,17200,103,-978,67,986,2026-08-06-00-09.csv
1079852,1498924,-114,24289,52.46,1,1,14.22,148.5,17209,96,-1129,-52,1134,2026-08-06-00-09.csv
1080158,1499230,-119,24289,52.45,1,1,14.17,148.0,17218,121,-1030,293,1078,2026-08-06-00-09.csv
1080464,1499536,-111,24289,52.48,1,1,14.17,148.0,17227,257,-774,-162,831,2026-08-06-00-09.csv
1080773,1499845,-121,24289,52.51,1,1,12.56,131.1,17235,270,-916,-113,962,2026-08-06-00-09.csv
1081087,1500159,-122,24289,52.47,1,1,14.33,149.7,17245,160,-954,-96,972,2026-08-06-00-09.csv
1081388,1500460,-106,24289,52.47,1,1,14.08,147.1,17254,65,-1006,53,1010,2026-08-06-00-09.csv
1081746,1500818,-116,24289,52.45,1,1,12.82,133.9,17263,74,-1103,120,1112,2026-08-06-00-09.csv
1082033,1501105,-114,24289,52.42,1,1,13.88,144.9,17271,139,-941,-108,958,2026-08-06-00-09.csv
1082381,1501453,-104,24289,52.43,1,1,11.65,121.6,17280,126,-1000,16,1009,2026-08-06-00-09.csv
1082669,1501741,-119,24289,52.44,1,1,13.73,143.4,17288,279,-656,-108,721,2026-08-06-00-09.csv
1082958,1502030,-127,24289,52.41,1,1,13.83,144.4,17296,90,-1025,179,1045,2026-08-06-00-09.csv
1083257,1502329,-115,24289,52.41,1,1,13.95,145.6,17305,220,-753,-104,791,2026-08-06-00-09.csv
1083544,1502616,-122,24289,52.44,1,1,13.78,143.9,17313,95,-984,99,994,2026-08-06-00-09.csv
1083836,1502908,-118,24289,52.43,1,1,13.99,146.1,17322,160,-1150,-176,1174,2026-08-06-00-09.csv
1084121,1503193,-108,24289,52.44,1,1,13.78,143.9,17330,170,-1039,-154,1064,2026-08-06-00-09.csv
1084403,1503475,-99,24289,52.45,1,1,13.78,143.9,17338,126,-724,24,735,2026-08-06-00-09.csv
1084695,1503767,-111,24289,52.47,1,1,12.32,128.6,17346,153,-1035,-64,1048,2026-08-06-00-09.csv
1084992,1504064,-107,24289,52.49,1,1,13.73,143.4,17354,259,-1168,-197,1213,2026-08-06-00-09.csv
1085292,1504364,-120,24289,52.45,1,1,12.32,128.6,17362,50,-1029,41,1031,2026-08-06-00-09.csv
1085582,1504654,-112,24289,52.44,1,1,13.68,142.9,17370,183,-860,-174,896,2026-08-06-00-09.csv
1085878,1504950,-106,24289,52.4,1,1,13.77,143.8,17379,145,-1004,-32,1015,2026-08-06-00-09.csv
1086172,1505244,-114,24289,52.4,1,1,13.58,141.8,17387,79,-1054,-85,1060,2026-08-06-00-09.csv
1086464,1505536,-112,24289,52.35,1,1,13.68,142.9,17395,131,-922,-58,933,2026-08-06-00-09.csv
1086760,1505832,-107,24289,52.31,1,1,13.72,143.3,17404,207,-894,-304,967,2026-08-06-00-09.csv
1087117,1506189,-105,24289,52.33,1,1,12.42,129.7,17413,125,-923,-91,936,2026-08-06-00-09.csv
1087411,1506483,-97,24289,52.31,1,1,13.35,139.4,17421,147,-892,-55,906,2026-08-06-00-09.csv
1087704,1506776,111,24289,52.33,1,1,13.59,142.0,17430,120,-1240,-309,1284,2026-08-06-00-09.csv
1087994,1507066,327,24289,52.3,1,1,13.44,140.4,17438,164,-954,-171,983,2026-08-06-00-09.csv
1088288,1507360,304,24289,52.32,1,1,13.39,139.9,17446,230,-857,-177,905,2026-08-06-00-09.csv
1088577,1507649,-106,24289,52.32,1,1,13.39,139.9,17454,183,-1059,-270,1108,2026-08-06-00-09.csv
1088869,1507941,-91,24289,52.35,1,1,13.44,140.3,17462,123,-1005,-78,1015,2026-08-06-00-09.csv
1089165,1508237,-100,24289,52.36,1,1,12.2,127.4,17470,139,-1001,5,1011,2026-08-06-00-09.csv
1089462,1508534,-105,24289,52.33,1,1,13.63,142.3,17478,200,-1033,-210,1073,2026-08-06-00-09.csv
1089759,1508831,-95,24289,52.31,1,1,12.28,128.2,17486,112,-1078,-51,1085,2026-08-06-00-09.csv
1090059,1509131,-94,24289,52.31,1,1,13.68,142.9,17494,330,-834,-214,922,2026-08-06-00-09.csv
1090346,1509418,-78,24289,52.33,1,1,13.86,144.7,17503,122,-1007,-157,1027,2026-08-06-00-09.csv
1090642,1509714,-96,24289,52.29,1,1,13.63,142.3,17511,375,-550,-45,667,2026-08-06-00-09.csv
1090958,1510030,-94,24289,52.26,1,1,12.24,127.8,17519,126,-984,-221,1016,2026-08-06-00-09.csv
1091255,1510327,137,24289,52.29,1,1,13.9,145.2,17528,123,-911,27,919,2026-08-06-00-09.csv
1091558,1510630,327,24289,52.25,1,1,13.9,145.2,17537,192,-947,-60,968,2026-08-06-00-09.csv
1091920,1510992,135,24289,52.24,1,1,12.67,132.4,17546,104,-1155,-152,1170,2026-08-06-00-09.csv
1092220,1511292,163,24289,52.24,1,1,12.4,129.5,17554,143,-1025,15,1035,2026-08-06-00-09.csv
1092513,1511585,401,24289,52.25,1,1,13.95,145.6,17563,191,-978,-281,1036,2026-08-06-00-09.csv
1092806,1511878,1049,24289,52.22,1,1,13.68,142.9,17571,80,-1118,11,1120,2026-08-06-00-09.csv
1093104,1512176,2945,24289,52.23,1,1,13.53,141.3,17579,135,-966,-26,976,2026-08-06-00-09.csv
1093382,1512454,5984,24289,52.24,1,1,13.64,142.4,17588,227,-843,-282,917,2026-08-06-00-09.csv
1093691,1512763,12132,24289,52.28,1,1,13.53,141.3,17596,101,-767,66,777,2026-08-06-00-09.csv
1093997,1513069,17013,24289,52.28,1,1,13.86,144.7,17605,9,-1067,-17,1068,2026-08-06-00-09.csv
1094300,1513372,20570,24289,52.26,1,1,14.27,149.0,17614,151,-1002,-190,1031,2026-08-06-00-09.csv
1094599,1513671,24043,24289,52.26,1,1,14.61,152.5,17623,87,-1095,-96,1103,2026-08-06-00-09.csv
1094900,1513972,24520,24289,52.25,1,1,15.25,159.2,17633,64,-952,-52,955,2026-08-06-00-09.csv
1095208,1514280,24520,24289,52.19,1,1,15.75,164.5,17643,39,-1028,55,1030,2026-08-06-00-09.csv
1095510,1514582,24520,24289,52.17,1,1,16.28,170.1,17653,238,-901,-151,944,2026-08-06-00-09.csv
1095820,1514892,24520,24289,52.17,1,1,15.35,160.3,17663,47,-1145,-252,1173,2026-08-06-00-09.csv
1096129,1515201,24520,24289,52.17,1,1,15.8,165.0,17673,32,-1157,-56,1159,2026-08-06-00-09.csv
1096421,1515493,24516,24289,52.17,1,1,17.84,186.3,17685,223,-627,-201,696,2026-08-06-00-09.csv
1096789,1515861,24520,24289,52.11,1,1,14.04,146.6,17695,189,-1017,-358,1095,2026-08-06-00-09.csv
1097094,1516166,24520,24289,52.06,1,1,16.83,175.7,17706,60,-1169,-187,1185,2026-08-06-00-09.csv
1097391,1516463,24520,24289,52.1,1,1,18.59,194.2,17718,135,-1059,-181,1083,2026-08-06-00-09.csv
1097700,1516772,24452,24289,52.11,1,1,17.21,179.7,17729,111,-697,85,711,2026-08-06-00-09.csv
1098008,1517080,24381,24289,52.11,1,1,19.02,198.7,17741,200,-770,-172,814,2026-08-06-00-09.csv
1098311,1517383,24335,24289,52.12,1,1,19.15,200.0,17753,-130,-1008,-17,1016,2026-08-06-00-09.csv
1098618,1517690,24325,24289,52.1,1,1,17.61,183.9,17764,228,-834,-239,897,2026-08-06-00-09.csv
1098922,1517994,24282,24289,52.02,1,1,18.12,189.3,17776,128,-1028,-164,1049,2026-08-06-00-09.csv
1099225,1518297,24134,24289,52.05,1,1,17.97,187.7,17787,128,-1091,-104,1103,2026-08-06-00-09.csv
1099531,1518603,24052,24289,52.05,1,1,19.95,208.3,17800,71,-883,-72,888,2026-08-06-00-09.csv
1099835,1518907,23935,24289,52.05,1,1,20.34,212.4,17813,108,-1372,-311,1411,2026-08-06-00-09.csv
1100152,1519224,23370,24289,51.99,1,1,19.33,201.9,17826,8,-856,-25,856,2026-08-06-00-09.csv
1100461,1519533,23296,24289,51.99,1,1,19.41,202.7,17838,116,-1023,-225,1054,2026-08-06-00-09.csv
1100773,1519845,23053,24289,52.01,1,1,19.95,208.3,17851,68,-871,24,874,2026-08-06-00-09.csv
1101083,1520155,22014,24289,51.99,1,1,20.34,212.4,17864,118,-1062,-320,1116,2026-08-06-00-09.csv
1101384,1520456,22129,24289,51.99,1,1,20.82,217.4,17878,176,-538,53,568,2026-08-06-00-09.csv
1101762,1520834,21681,24289,52.02,1,1,19.2,200.5,17893,107,-834,-62,843,2026-08-06-00-09.csv
1102072,1521144,21047,24289,52.02,1,1,21.32,222.6,17906,36,-748,199,775,2026-08-06-00-09.csv
1102383,1521455,20973,24289,52.02,1,1,21.96,229.4,17921,172,-411,-65,451,2026-08-06-00-09.csv
1102689,1521761,20602,24289,51.99,1,1,22.2,231.8,17935,-109,-1355,53,1360,2026-08-06-00-09.csv
1102999,1522071,20298,24289,52.02,1,1,22.34,233.3,17949,102,-1069,-136,1083,2026-08-06-00-09.csv
1103308,1522380,21012,24289,52.06,1,1,22.51,235.1,17964,-97,-873,89,882,2026-08-06-00-09.csv
1103661,1522733,20769,24289,52.08,1,1,20.23,211.3,17979,217,-712,-201,771,2026-08-06-00-09.csv
1103949,1523021,20999,24289,52.05,1,1,22.07,230.5,17992,33,-1192,-223,1213,2026-08-06-00-09.csv
1104237,1523309,21197,24289,52.07,1,1,21.92,228.9,18005,315,-912,-384,1038,2026-08-06-00-09.csv
1104533,1523605,21690,24289,52.03,1,1,21.9,228.8,18019,4,-1193,-87,1196,2026-08-06-00-09.csv
1104825,1523897,21555,24289,52.06,1,1,21.46,224.1,18032,213,-834,-341,926,2026-08-06-00-09.csv
1105118,1524190,21513,24289,52.06,1,1,21.46,224.1,18045,-25,-928,141,939,2026-08-06-00-09.csv
1105402,1524474,56,24289,52.05,1,1,21.32,222.6,18058,262,-1078,-154,1120,2026-08-06-00-09.csv
1105701,1524773,-470,24289,52.07,1,1,19.54,204.1,18070,164,-1125,-268,1168,2026-08-06-00-09.csv
1105994,1525066,-453,24289,52.04,1,1,20.96,218.9,18083,305,-770,-64,831,2026-08-06-00-09.csv
1106287,1525359,-429,24289,52.17,1,1,20.52,214.3,18095,93,-1220,-13,1223,2026-08-06-00-09.csv
1106642,1525714,-394,24289,52.08,1,1,18.36,191.8,18109,256,-802,-121,851,2026-08-06-00-09.csv
1106931,1526003,-361,24289,52.09,1,1,19.95,208.3,18121,69,-869,113,879,2026-08-06-00-09.csv
1107222,1526294,-335,24289,52.1,1,1,19.81,206.9,18133,143,-1064,-313,1118,2026-08-06-00-09.csv
1107511,1526583,-324,24289,52.08,1,1,19.41,202.7,18145,169,-1169,-192,1197,2026-08-06-00-09.csv
1107804,1526876,-298,24289,52.13,1,1,18.94,197.8,18156,209,-630,-189,690,2026-08-06-00-09.csv
1108097,1527169,-298,24289,52.13,1,1,18.9,197.4,18168,321,-521,-3,612,2026-08-06-00-09.csv
1108378,1527450,-266,24289,52.16,1,1,18.48,193.0,18179,165,-890,-111,912,2026-08-06-00-09.csv
1108676,1527748,-266,24289,52.17,1,1,18.16,189.7,18190,256,-1067,-246,1124,2026-08-06-00-09.csv
1108976,1528048,-251,24289,52.16,1,1,17.97,187.7,18201,-14,-856,44,858,2026-08-06-00-09.csv
1109271,1528343,-238,24289,52.21,1,1,19.22,200.7,18213,20,-1177,-74,1179,2026-08-06-00-09.csv
1109566,1528638,-235,24289,52.22,1,1,17.32,180.9,18224,150,-1034,-224,1068,2026-08-06-00-09.csv
1109861,1528933,-225,24289,52.22,1,1,18.48,193.0,18235,128,-992,38,1001,2026-08-06-00-09.csv
1110157,1529229,-204,24289,52.24,1,1,16.57,173.0,18245,133,-1121,-211,1148,2026-08-06-00-09.csv
1110453,1529525,-187,24289,52.26,1,1,16.67,174.1,18256,186,-1215,-119,1235,2026-08-06-00-09.csv
1110756,1529828,-193,24289,52.26,1,1,16.12,168.4,18266,447,-302,-176,568,2026-08-06-00-09.csv
1111054,1530126,-185,24289,52.25,1,1,15.85,165.6,18276,123,-799,108,816,2026-08-06-00-09.csv
1111402,1530474,-155,24289,52.27,1,1,14.75,154.1,18287,129,-846,-196,878,2026-08-06-00-09.csv
1111698,1530770,-161,24289,52.28,1,1,16.8,175.4,18297,158,-805,-155,835,2026-08-06-00-09.csv
1111996,1531068,-158,24289,52.29,1,1,16.51,172.4,18307,134,-1061,-164,1082,2026-08-06-00-09.csv
1112291,1531363,-173,24289,52.32,1,1,16.28,170.1,18317,124,-965,-128,981,2026-08-06-00-09.csv
1112586,1531658,-162,24289,52.28,1,1,15.96,166.7,18327,55,-965,-18,967,2026-08-06-00-09.csv
1112891,1531963,-151,24289,52.3,1,1,15.75,164.5,18337,168,-930,-124,953,2026-08-06-00-09.csv
1113186,1532258,-156,24289,52.27,1,1,15.17,158.4,18346,109,-1060,-6,1065,2026-08-06-00-09.csv
1113480,1532552,-157,24289,52.32,1,1,14.96,156.3,18355,102,-1034,-75,1042,2026-08-06-00-09.csv
1113774,1532846,-149,24289,52.3,1,1,14.71,153.6,18364,192,-882,-187,921,2026-08-06-00-09.csv
1114073,1533145,-147,24289,52.28,1,1,14.41,150.5,18373,44,-1035,-43,1037,2026-08-06-00-09.csv
1114355,1533427,-135,24289,52.34,1,1,14.08,147.1,18382,120,-1068,8,1075,2026-08-06-00-09.csv
1114656,1533728,-136,24289,52.32,1,1,13.63,142.3,18390,131,-1117,-100,1129,2026-08-06-00-09.csv
1114963,1534035,-132,24289,52.35,1,1,13.55,141.5,18399,110,-1084,-61,1092,2026-08-06-00-09.csv
1115266,1534338,-142,24289,52.42,1,1,13.07,136.5,18407,224,-860,8,889,2026-08-06-00-09.csv
1115573,1534645,-126,24289,52.45,1,1,13.14,137.2,18416,155,-923,-171,951,2026-08-06-00-09.csv
1115877,1534949,-134,24289,52.49,1,1,12.6,131.6,18424,101,-979,7,984,2026-08-06-00-09.csv
1116239,1535311,-130,24289,52.52,1,1,11.13,116.3,18432,202,-1066,-149,1095,2026-08-06-00-09.csv
1116535,1535607,-120,24289,52.52,1,1,12.16,127.0,18440,165,-1014,-141,1037,2026-08-06-00-09.csv
1116836,1535908,-111,24289,52.55,1,1,11.68,122.0,18447,162,-827,10,842,2026-08-06-00-09.csv
1117140,1536212,-118,24289,52.61,1,1,11.4,119.0,18454,57,-1131,-28,1133,2026-08-06-00-09.csv
1117446,1536518,-114,24289,52.61,1,1,11.13,116.3,18461,248,-888,-156,935,2026-08-06-00-09.csv
1117746,1536818,-128,24289,52.65,1,1,10.92,114.0,18468,114,-962,-17,969,2026-08-06-00-09.csv
1118047,1537119,-126,24289,52.67,1,1,10.64,111.1,18475,123,-929,-110,943,2026-08-06-00-09.csv
1118336,1537408,-108,24289,52.71,1,1,10.22,106.8,18481,85,-1051,-62,1057,2026-08-06-00-09.csv
1118642,1537714,-109,24289,52.7,1,1,10.01,104.5,18487,143,-971,-64,983,2026-08-06-00-09.csv
1118944,1538016,-104,24289,52.7,1,1,9.74,101.7,18493,109,-983,-43,990,2026-08-06-00-09.csv
1119252,1538324,-82,24289,52.77,1,1,9.71,101.4,18500,90,-966,1,971,2026-08-06-00-09.csv
1119562,1538634,83,24289,52.76,1,1,9.27,96.8,18506,157,-856,-176,888,2026-08-06-00-09.csv
1119869,1538941,-101,24289,52.82,1,1,8.83,92.3,18511,102,-1005,-29,1011,2026-08-06-00-09.csv
1120179,1539251,-112,24289,52.82,1,1,8.89,92.9,18517,156,-919,-97,937,2026-08-06-00-09.csv
1120488,1539560,-110,24289,52.84,1,1,8.76,91.5,18523,148,-1008,-166,1032,2026-08-06-00-09.csv
1120802,1539874,-112,24289,52.84,1,1,8.43,88.0,18528,128,-939,-66,950,2026-08-06-00-09.csv
1121178,1540250,-105,24289,52.83,1,1,7.48,78.1,18534,168,-1003,-81,1020,2026-08-06-00-09.csv
1121486,1540558,-113,24289,52.83,1,1,8.45,88.2,18540,183,-936,-158,967,2026-08-06-00-09.csv
1121792,1540864,-106,24289,52.82,1,1,8.11,84.7,18545,163,-917,-125,940,2026-08-06-00-09.csv
1122102,1541174,-106,24289,52.84,1,1,7.98,83.3,18550,211,-829,-220,883,2026-08-06-00-09.csv
1122397,1541469,-86,24289,52.81,1,1,9.39,98.0,18556,103,-992,-27,997,2026-08-06-00-09.csv
1122701,1541773,-100,24289,52.82,1,1,7.7,80.4,18561,199,-857,-160,894,2026-08-06-00-09.csv
1123009,1542081,-97,24289,52.84,1,1,7.25,75.8,18565,100,-1106,30,1111,2026-08-06-00-09.csv
1123318,1542390,-102,24289,52.83,1,1,8.87,92.6,18571,94,-989,-15,994,2026-08-06-00-09.csv
1123630,1542702,47,24289,52.88,1,1,7.17,74.9,18576,104,-1038,-96,1048,2026-08-06-00-09.csv
1123940,1543012,355,24289,52.94,1,1,6.79,70.9,18580,130,-944,-70,956,2026-08-06-00-09.csv
1124252,1543324,1858,24289,52.95,1,1,6.96,72.7,18585,96,-961,-7,966,2026-08-06-00-09.csv
1124564,1543636,5040,24289,53.0,1,1,8.34,87.1,18590,85,-997,-116,1008,2026-08-06-00-09.csv
1124877,1543949,9550,24289,53.0,1,1,7.06,73.7,18595,156,-1006,-131,1026,2026-08-06-00-09.csv
1125191,1544263,14902,24289,53.04,1,1,7.02,73.3,18599,101,-949,-74,957,2026-08-06-00-09.csv
1125540,1544612,20075,24289,53.02,1,1,6.54,68.3,18604,70,-1059,-137,1070,2026-08-06-00-09.csv
1125839,1544911,22743,24289,53.02,1,1,8.14,85.0,18609,81,-984,-113,993,2026-08-06-00-09.csv
1126189,1545261,24520,24289,52.97,1,1,7.79,81.3,18615,11,-1051,56,1053,2026-08-06-00-09.csv
1126476,1545548,24520,24289,53.0,1,1,9.54,99.7,18621,35,-1139,-94,1143,2026-08-06-00-09.csv
1126759,1545831,24520,24289,52.97,1,1,9.77,102.0,18626,50,-995,-58,998,2026-08-06-00-09.csv
1127050,1546122,24520,24289,52.96,1,1,10.78,112.5,18633,90,-990,-58,996,2026-08-06-00-09.csv
1127340,1546412,24520,24289,52.94,1,1,11.4,119.0,18640,5,-1012,-101,1017,2026-08-06-00-09.csv
1127630,1546702,24520,24289,52.95,1,1,11.8,123.2,18647,86,-1080,-34,1084,2026-08-06-00-09.csv
1127924,1546996,24520,24289,52.93,1,1,12.32,128.6,18655,25,-1021,-115,1028,2026-08-06-00-09.csv
1128216,1547288,24520,24289,52.94,1,1,12.51,130.6,18662,115,-969,-160,989,2026-08-06-00-09.csv
1128509,1547581,24520,24289,52.97,1,1,12.98,135.6,18670,154,-915,-281,969,2026-08-06-00-09.csv
1128804,1547876,24520,24289,52.97,1,1,13.55,141.5,18679,93,-968,-78,975,2026-08-06-00-09.csv
1129101,1548173,24520,24289,52.99,1,1,13.73,143.4,18687,36,-845,-12,846,2026-08-06-00-09.csv
1129378,1548450,24520,24289,52.98,1,1,12.6,131.6,18695,144,-942,-203,974,2026-08-06-00-09.csv
1129682,1548754,24520,24289,53.05,1,1,14.61,152.5,18704,33,-1021,43,1023,2026-08-06-00-09.csv
1129986,1549058,24520,24289,53.08,1,1,14.81,154.6,18713,56,-920,-43,923,2026-08-06-00-09.csv
1130280,1549352,24520,24289,53.06,1,1,15.17,158.5,18722,206,-679,-164,728,2026-08-06-00-09.csv
1130574,1549646,24520,24289,53.05,1,1,14.04,146.6,18731,77,-1093,-71,1098,2026-08-06-00-09.csv
1130940,1550012,24503,24289,53.1,1,1,13.41,140.1,18741,79,-915,-215,944,2026-08-06-00-09.csv
1131230,1550302,24388,24289,53.1,1,1,14.51,151.5,18750,147,-907,-149,931,2026-08-06-00-09.csv
1131516,1550588,24497,24289,53.12,1,1,16.45,171.8,18760,80,-1039,-12,1042,2026-08-06-00-09.csv
1131803,1550875,20775,24289,53.15,1,1,16.8,175.4,18770,15,-1008,63,1010,2026-08-06-00-09.csv
1132106,1551178,3415,24289,53.13,1,1,15.65,163.4,18780,166,-887,-168,918,2026-08-06-00-09.csv
1132383,1551455,2933,24289,53.17,1,1,15.39,160.7,18789,81,-968,-203,992,2026-08-06-00-09.csv
1132676,1551748,3281,24289,53.22,1,1,15.39,160.7,18798,193,-996,-284,1054,2026-08-06-00-09.csv
1132972,1552044,3114,24289,53.23,1,1,17.27,180.3,18809,111,-934,-153,953,2026-08-06-00-09.csv
1133273,1552345,-301,24289,53.26,1,1,15.65,163.4,18819,140,-863,-24,875,2026-08-06-00-09.csv
1133570,1552642,-287,24289,53.25,1,1,15.39,160.7,18828,49,-971,211,994,2026-08-06-00-09.csv
1133869,1552941,-517,24289,53.26,1,1,17.38,181.5,18839,105,-1028,-37,1034,2026-08-06-00-09.csv
1134173,1553245,-483,24289,53.3,1,1,17.38,181.5,18850,143,-869,-98,886,2026-08-06-00-09.csv
1134471,1553543,-462,24289,53.35,1,1,17.38,181.5,18861,149,-1076,-118,1093,2026-08-06-00-09.csv
1134773,1553845,-434,24289,53.36,1,1,15.86,165.6,18871,229,-1255,-407,1339,2026-08-06-00-09.csv
1135075,1554147,-396,24289,53.4,1,1,17.38,181.5,18882,218,-1105,-189,1142,2026-08-06-00-09.csv
1135366,1554438,-372,24289,53.39,1,1,15.85,165.6,18892,264,-1027,-402,1134,2026-08-06-00-09.csv
1135729,1554801,-369,24289,53.43,1,1,14.92,155.8,18903,227,-848,-191,899,2026-08-06-00-09.csv
1136023,1555095,-341,24289,53.48,1,1,15.85,165.6,18913,156,-737,43,755,2026-08-06-00-09.csv
1136320,1555392,-310,24289,53.51,1,1,15.85,165.6,18923,78,-872,78,879,2026-08-06-00-09.csv
1136618,1555690,-302,24289,53.5,1,1,17.22,179.9,18933,210,-784,-25,813,2026-08-06-00-09.csv
1136923,1555995,-286,24289,53.48,1,1,17.56,183.3,18944,-4,-1050,140,1059,2026-08-06-00-09.csv
1137225,1556297,-270,24289,53.49,1,1,17.38,181.5,18955,179,-999,-127,1023,2026-08-06-00-09.csv
1137525,1556597,-266,24289,53.5,1,1,17.38,181.5,18966,37,-810,-77,814,2026-08-06-00-09.csv
1137827,1556899,-253,24289,53.52,1,1,17.38,181.5,18977,144,-1116,-127,1133,2026-08-06-00-09.csv
1138129,1557201,-245,24289,53.5,1,1,17.38,181.5,18988,149,-891,4,903,2026-08-06-00-09.csv
1138422,1557494,-229,24289,53.52,1,1,17.44,182.1,18999,96,-1004,42,1010,2026-08-06-00-09.csv
1138725,1557797,-228,24289,53.52,1,1,15.8,165.0,19009,90,-1073,-65,1079,2026-08-06-00-09.csv
1139034,1558106,-214,24289,53.55,1,1,15.7,163.9,19019,311,-949,-179,1015,2026-08-06-00-09.csv
1139338,1558410,-206,24289,53.58,1,1,15.49,161.8,19029,135,-1134,2,1142,2026-08-06-00-09.csv
1139648,1558720,-210,24289,53.57,1,1,15.44,161.3,19039,71,-900,-32,903,2026-08-06-00-09.csv
1139950,1559022,-191,24289,53.57,1,1,16.62,173.6,19049,155,-1151,-166,1173,2026-08-06-00-09.csv
1140257,1559329,-194,24289,53.62,1,1,16.46,171.9,19060,258,-937,-74,975,2026-08-06-00-09.csv
1140640,1559712,-180,24289,53.67,1,1,13.9,145.1,19071,178,-1042,-114,1063,2026-08-06-00-09.csv
1140945,1560017,-187,24289,53.69,1,1,15.7,163.9,19081,203,-847,-268,911,2026-08-06-00-09.csv
1141245,1560317,-175,24289,53.69,1,1,15.12,157.9,19090,101,-955,-120,968,2026-08-06-00-09.csv
1141546,1560618,-175,24289,53.76,1,1,15.1,157.7,19100,139,-1088,-12,1097,2026-08-06-00-09.csv
1141850,1560922,-180,24289,53.79,1,1,13.07,136.5,19108,216,-934,-85,962,2026-08-06-00-09.csv
1142156,1561228,-185,24289,53.82,1,1,13.89,145.1,19117,169,-981,5,995,2026-08-06-00-09.csv
1142456,1561528,-174,24289,53.87,1,1,12.32,128.7,19125,140,-979,68,991,2026-08-06-00-09.csv
1142767,1561839,-169,24289,53.88,1,1,11.36,118.6,19132,65,-989,133,1000,2026-08-06-00-09.csv
1143074,1562146,-169,24289,53.94,1,1,11.06,115.5,19139,226,-900,-20,929,2026-08-06-00-09.csv
1143363,1562435,-152,24289,53.97,1,1,10.78,112.5,19146,147,-822,-71,838,2026-08-06-00-09.csv
1143678,1562750,-163,24289,53.99,1,1,10.67,111.5,19153,122,-897,27,905,2026-08-06-00-09.csv
1143989,1563061,-161,24289,54.01,1,1,10.3,107.5,19159,113,-1032,-92,1042,2026-08-06-00-09.csv
1144296,1563368,-164,24289,54.06,1,1,10.38,108.4,19166,165,-1192,-201,1220,2026-08-06-00-09.csv
1144605,1563677,-168,24289,54.12,1,1,10.25,107.0,19173,200,-800,87,829,2026-08-06-00-09.csv
1144919,1563991,-167,24289,54.09,1,1,9.87,103.1,19179,148,-984,-135,1004,2026-08-06-00-09.csv
1145227,1564299,-166,24289,54.11,1,1,10.13,105.7,19186,100,-948,-26,954,2026-08-06-00-09.csv
1145598,1564670,-152,24289,54.15,1,1,8.55,89.3,19192,151,-905,28,918,2026-08-06-00-09.csv
1145903,1564975,-142,24289,54.16,1,1,9.86,102.9,19199,114,-893,-25,901,2026-08-06-00-09.csv
1146212,1565284,-146,24289,54.18,1,1,9.54,99.7,19205,165,-947,-165,976,2026-08-06-00-09.csv
1146523,1565595,-147,24289,54.22,1,1,9.39,98.0,19211,74,-1009,-13,1012,2026-08-06-00-09.csv
1146832,1565904,-142,24289,54.24,1,1,9.09,94.9,19217,75,-1051,-15,1053,2026-08-06-00-09.csv
1147189,1566261,-150,24289,54.28,1,1,7.41,77.4,19222,119,-1009,-26,1017,2026-08-06-00-09.csv
1147485,1566557,-146,24289,54.27,1,1,8.6,89.8,19228,155,-853,-97,873,2026-08-06-00-09.csv
1147771,1566843,-151,24289,54.33,1,1,9.81,102.5,19233,131,-895,-69,907,2026-08-06-00-09.csv
1148060,1567132,-147,24289,54.37,1,1,7.95,83.1,19238,115,-892,-72,902,2026-08-06-00-09.csv
1148340,1567412,-89,24289,54.37,1,1,9.27,96.8,19244,86,-1016,-123,1027,2026-08-06-00-09.csv
1148631,1567703,298,24289,54.45,1,1,7.25,75.8,19248,152,-979,-54,992,2026-08-06-00-09.csv
1148927,1567999,1128,24289,54.44,1,1,7.39,77.2,19253,110,-918,-109,931,2026-08-06-00-09.csv
1149219,1568291,4221,24289,54.47,1,1,6.91,72.2,19257,77,-1023,32,1026,2026-08-06-00-09.csv
1149509,1568581,8199,24289,54.51,1,1,6.86,71.7,19261,83,-911,-16,915,2026-08-06-00-09.csv
1149805,1568877,13011,24289,54.54,1,1,6.86,71.7,19265,55,-1017,-30,1019,2026-08-06-00-09.csv
1150098,1569170,17527,24289,54.54,1,1,8.71,90.9,19271,35,-1045,-50,1047,2026-08-06-00-09.csv
1150458,1569530,21806,24289,54.59,1,1,5.95,62.1,19275,121,-921,-70,931,2026-08-06-00-09.csv
1150749,1569821,23699,24289,54.61,1,1,7.75,80.9,19280,-6,-1009,-3,1009,2026-08-06-00-09.csv
1151037,1570109,24239,24289,54.66,1,1,9.64,100.7,19286,138,-849,-119,868,2026-08-06-00-09.csv
1151324,1570396,24389,24289,54.66,1,1,8.28,86.5,19291,-52,-1033,105,1039,2026-08-06-00-09.csv
1151615,1570687,24520,24289,54.7,1,1,8.71,90.9,19296,116,-994,-135,1010,2026-08-06-00-09.csv
1151906,1570978,24520,24289,54.73,1,1,9.3,97.1,19302,122,-1032,-203,1058,2026-08-06-00-09.csv
1152199,1571271,24520,24289,54.77,1,1,9.77,102.0,19308,79,-1048,-119,1057,2026-08-06-00-09.csv
1152494,1571566,24520,24289,54.75,1,1,10.22,106.8,19314,91,-881,19,886,2026-08-06-00-09.csv
1152787,1571859,24520,24289,54.76,1,1,10.92,114.0,19321,117,-984,-253,1023,2026-08-06-00-09.csv
1153082,1572154,24520,24289,54.81,1,1,11.36,118.6,19328,-88,-798,383,890,2026-08-06-00-09.csv
1153365,1572437,24520,24289,54.81,1,1,11.8,123.2,19335,67,-1043,-183,1061,2026-08-06-00-09.csv
1153663,1572735,24520,24289,54.86,1,1,12.32,128.6,19343,35,-963,68,966,2026-08-06-00-09.csv
1153965,1573037,24520,24289,54.87,1,1,11.17,116.7,19350,26,-1152,-31,1153,2026-08-06-00-09.csv
1154260,1573332,24520,24289,54.87,1,1,13.12,137.0,19358,87,-874,43,879,2026-08-06-00-09.csv
1154553,1573625,24520,24289,54.87,1,1,13.44,140.4,19366,70,-1251,-167,1264,2026-08-06-00-09.csv
1154852,1573924,24520,24289,54.86,1,1,13.99,146.1,19375,36,-977,-64,980,2026-08-06-00-09.csv
1155220,1574292,24520,24289,54.82,1,1,10.67,111.4,19383,64,-1085,-37,1088,2026-08-06-00-09.csv
1155514,1574586,24520,24289,54.85,1,1,13.16,137.5,19391,80,-1015,-131,1027,2026-08-06-00-09.csv
1155805,1574877,24520,24289,54.86,1,1,15.17,158.4,19400,207,-830,-98,861,2026-08-06-00-09.csv
1156103,1575175,24520,24289,54.88,1,1,14.13,147.5,19409,60,-991,-85,997,2026-08-06-00-09.csv
1156386,1575458,24447,24289,54.84,1,1,14.61,152.5,19418,-30,-1173,6,1173,2026-08-06-00-09.csv
1156680,1575752,24410,24289,54.85,1,1,16.8,175.4,19428,142,-992,-231,1028,2026-08-06-00-09.csv
1156996,1576068,24470,24289,54.86,1,1,17.52,182.9,19440,112,-1102,-111,1113,2026-08-06-00-09.csv
1157299,1576371,23927,24289,54.92,1,1,16.28,170.1,19450,81,-983,-136,995,2026-08-06-00-09.csv
1157603,1576675,24196,24289,54.93,1,1,16.93,176.8,19461,100,-855,-46,862,2026-08-06-00-09.csv
1157914,1576986,23923,24289,54.92,1,1,17.32,180.9,19472,146,-951,-135,972,2026-08-06-00-09.csv
1158216,1577288,23678,24289,54.94,1,1,17.79,185.8,19483,-12,-1213,-44,1214,2026-08-06-00-09.csv
1158514,1577586,23562,24289,54.93,1,1,19.76,206.3,19496,-66,-1077,111,1085,2026-08-06-00-09.csv
1158823,1577895,23057,24289,54.96,1,1,18.71,195.4,19508,102,-712,-7,719,2026-08-06-00-09.csv
1159124,1578196,22634,24289,54.98,1,1,19.15,200.0,19520,112,-949,-98,961,2026-08-06-00-09.csv
1159417,1578489,22260,24289,55.02,1,1,19.48,203.4,19532,20,-899,-83,903,2026-08-06-00-09.csv
1159727,1578799,-790,24289,55.04,1,1,20.01,209.0,19545,47,-1299,25,1300,2026-08-06-00-09.csv
1160102,1579174,-749,24289,55.02,1,1,18.02,188.2,19559,215,-957,-197,1000,2026-08-06-00-09.csv
1160399,1579471,-694,24289,55.04,1,1,19.74,206.2,19571,213,-979,-285,1042,2026-08-06-00-09.csv
1160696,1579768,-672,24289,55.07,1,1,19.74,206.2,19583,115,-994,-106,1006,2026-08-06-00-09.csv
1160999,1580071,-641,24289,55.1,1,1,19.89,207.7,19596,144,-1248,-150,1266,2026-08-06-00-09.csv
1161311,1580383,-599,24289,55.13,1,1,19.7,205.7,19609,111,-980,-78,989,2026-08-06-00-09.csv
1161612,1580684,-566,24289,55.13,1,1,19.41,202.7,19621,-40,-1122,-33,1123,2026-08-06-00-09.csv
1161917,1580989,-537,24289,55.19,1,1,19.22,200.7,19633,106,-968,-120,981,2026-08-06-00-09.csv
1162221,1581293,-511,24289,55.21,1,1,19.15,200.0,19645,177,-841,-106,866,2026-08-06-00-09.csv
1162529,1581601,-473,24289,55.22,1,1,19.33,201.9,19658,124,-1135,-162,1153,2026-08-06-00-09.csv
1162839,1581911,-449,24289,55.25,1,1,19.09,199.3,19670,244,-780,-115,825,2026-08-06-00-09.csv
1163144,1582216,-423,24289,55.25,1,1,19.09,199.3,19682,157,-971,19,984,2026-08-06-00-09.csv
1163446,1582518,-395,24289,55.24,1,1,19.02,198.7,19694,119,-640,-367,748,2026-08-06-00-09.csv
1163752,1582824,-385,24289,55.22,1,1,19.09,199.3,19706,198,-593,148,642,2026-08-06-00-09.csv
1164066,1583138,-369,24289,55.19,1,1,19.33,201.9,19719,28,-1215,-251,1241,2026-08-06-00-09.csv
1164362,1583434,-353,24289,55.14,1,1,19.02,198.7,19731,115,-957,-123,972,2026-08-06-00-09.csv
1164667,1583739,-356,24289,55.2,1,1,20.61,215.2,19744,230,-873,-57,905,2026-08-06-00-09.csv
1165034,1584106,-337,24289,55.17,1,1,16.91,176.6,19757,146,-807,276,865,2026-08-06-00-09.csv
1165330,1584402,-318,24289,55.21,1,1,20.54,214.5,19770,215,-1187,-383,1265,2026-08-06-00-09.csv
1165634,1584706,-314,24289,55.21,1,1,18.96,198.0,19782,49,-1269,81,1273,2026-08-06-00-09.csv
1165941,1585013,-305,24289,55.2,1,1,19.09,199.3,19794,191,-859,-20,880,2026-08-06-00-09.csv
1166256,1585328,-320,24289,55.2,1,1,19.27,201.2,19807,206,-981,-237,1030,2026-08-06-00-09.csv
1166569,1585641,-308,24289,55.18,1,1,19.09,199.3,19819,417,-478,-176,658,2026-08-06-00-09.csv
1166874,1585946,-308,24289,55.2,1,1,19.09,199.3,19831,52,-1280,-53,1282,2026-08-06-00-09.csv
1167184,1586256,-296,24289,55.25,1,1,19.33,201.9,19844,104,-1096,-156,1112,2026-08-06-00-09.csv
1167491,1586563,-289,24289,55.23,1,1,19.09,199.3,19856,163,-951,-21,965,2026-08-06-00-09.csv
1167799,1586871,-297,24289,55.26,1,1,19.09,199.3,19868,316,-1031,-164,1091,2026-08-06-00-09.csv
1168109,1587181,-286,24289,55.24,1,1,19.51,203.8,19881,175,-647,9,670,2026-08-06-00-09.csv
1168417,1587489,-256,24289,55.27,1,1,19.51,203.8,19894,36,-1248,40,1249,2026-08-06-00-09.csv
1168730,1587802,-256,24289,55.27,1,1,19.28,201.3,19906,243,-815,-113,857,2026-08-06-00-09.csv
1169077,1588149,-246,24289,55.27,1,1,17.34,181.1,19919,143,-944,-1,955,2026-08-06-00-09.csv
1169355,1588427,-236,24289,55.32,1,1,19.15,200.0,19930,141,-948,-11,959,2026-08-06-00-09.csv
1169644,1588716,-241,24289,55.32,1,1,19.15,200.0,19941,126,-827,-199,860,2026-08-06-00-09.csv
1170001,1589073,-252,24289,55.37,1,1,17.43,182.1,19954,141,-1119,-99,1133,2026-08-06-00-09.csv
1170290,1589362,-261,24289,55.38,1,1,19.54,204.1,19966,265,-689,-106,746,2026-08-06-00-09.csv
1170580,1589652,-257,24289,55.38,1,1,19.54,204.1,19978,79,-1144,-250,1173,2026-08-06-00-09.csv
1170871,1589943,-261,24289,55.38,1,1,19.54,204.1,19990,397,-546,-135,688,2026-08-06-00-09.csv
1171155,1590227,-249,24289,55.39,1,1,21.03,219.6,20002,-44,-983,-29,985,2026-08-06-00-09.csv
1171449,1590521,-213,24289,55.38,1,1,19.83,207.1,20015,246,-875,-64,911,2026-08-06-00-09.csv
1171735,1590807,-213,24289,55.39,1,1,19.36,202.2,20026,110,-816,-240,858,2026-08-06-00-09.csv
1172025,1591097,-201,24289,55.4,1,1,19.68,205.5,20038,14,-985,50,987,2026-08-06-00-09.csv
1172313,1591385,-208,24289,55.49,1,1,19.68,205.5,20050,146,-806,-187,840,2026-08-06-00-09.csv
1172608,1591680,-228,24289,55.44,1,1,19.68,205.5,20062,66,-1021,-42,1024,2026-08-06-00-09.csv
1172901,1591973,-223,24289,55.46,1,1,19.54,204.1,20074,167,-834,-137,861,2026-08-06-00-09.csv
1173193,1592265,-217,24289,55.44,1,1,19.54,204.1,20086,184,-944,-146,973,2026-08-06-00-09.csv
1173485,1592557,-222,24289,55.44,1,1,19.48,203.4,20098,50,-1137,-43,1139,2026-08-06-00-09.csv
1173781,1592853,-218,24289,55.46,1,1,19.41,202.7,20110,205,-840,-1,864,2026-08-06-00-09.csv
1174080,1593152,-222,24289,55.49,1,1,19.41,202.7,20122,95,-1083,-90,1091,2026-08-06-00-09.csv
1174360,1593432,-199,24289,55.53,1,1,19.28,201.3,20134,228,-936,-54,965,2026-08-06-00-09.csv
1174723,1593795,-213,24289,55.52,1,1,16.85,176.0,20146,100,-1274,-136,1286,2026-08-06-00-09.csv
1175016,1594088,-221,24289,55.54,1,1,18.81,196.4,20157,213,-798,-21,826,2026-08-06-00-09.csv
1175309,1594381,-206,24289,55.55,1,1,18.96,198.0,20169,-93,-1139,113,1148,2026-08-06-00-09.csv
1175603,1594675,-218,24289,55.59,1,1,18.78,196.1,20181,247,-577,-212,662,2026-08-06-00-09.csv
1175893,1594965,-207,24289,55.58,1,1,18.22,190.3,20192,263,-805,-91,852,2026-08-06-00-09.csv
1176190,1595262,-207,24289,55.62,1,1,18.04,188.4,20203,138,-904,-312,967,2026-08-06-00-09.csv
1176480,1595552,-208,24289,55.64,1,1,17.85,186.4,20214,198,-864,-53,888,2026-08-06-00-09.csv
1176782,1595854,-214,24289,55.65,1,1,17.73,185.2,20225,250,-819,-241,889,2026-08-06-00-09.csv
1177081,1596153,-214,24289,55.63,1,1,17.44,182.1,20236,117,-1015,25,1023,2026-08-06-00-09.csv
1177369,1596441,-210,24289,55.68,1,1,17.04,177.9,20246,198,-841,-219,891,2026-08-06-00-09.csv
1177664,1596736,-208,24289,55.67,1,1,18.48,193.0,20257,59,-1018,-131,1028,2026-08-06-00-09.csv
1177959,1597031,-200,24289,55.72,1,1,16.99,177.4,20268,154,-1002,94,1018,2026-08-06-00-09.csv
1178264,1597336,-197,24289,55.73,1,1,16.99,177.4,20279,113,-937,-12,944,2026-08-06-00-09.csv
1178563,1597635,-199,24289,55.76,1,1,18.48,193.0,20290,137,-909,84,923,2026-08-06-00-09.csv
1178870,1597942,-192,24289,55.77,1,1,17.21,179.7,20301,140,-676,12,691,2026-08-06-00-09.csv
1179174,1598246,-208,24289,55.74,1,1,17.32,180.9,20312,319,-915,-259,1003,2026-08-06-00-09.csv
1179538,1598610,-199,24289,55.72,1,1,15.44,161.3,20324,289,-805,-85,859,2026-08-06-00-09.csv
1179833,1598905,-207,24289,55.74,1,1,17.61,183.9,20335,20,-1086,2,1086,2026-08-06-00-09.csv
1180134,1599206,-210,24289,55.71,1,1,17.61,183.9,20346,368,-633,-7,733,2026-08-06-00-09.csv
1180428,1599500,-183,24289,55.71,1,1,17.67,184.6,20357,329,-168,-211,426,2026-08-06-00-09.csv
1180733,1599805,-193,24289,55.67,1,1,17.61,183.9,20368,164,-989,-110,1009,2026-08-06-00-09.csv
1181036,1600108,-196,24289,55.66,1,1,17.67,184.6,20379,89,-1091,-2,1095,2026-08-06-00-09.csv
1181330,1600402,-190,24289,55.68,1,1,17.73,185.2,20390,90,-1042,-176,1061,2026-08-06-00-09.csv
1181634,1600706,-189,24289,55.65,1,1,17.79,185.8,20401,96,-759,79,769,2026-08-06-00-09.csv
1181938,1601010,-194,24289,55.66,1,1,18.07,188.7,20413,162,-1007,-99,1024,2026-08-06-00-09.csv
1182239,1601311,-186,24289,55.65,1,1,17.85,186.4,20424,43,-1122,23,1123,2026-08-06-00-09.csv
1182544,1601616,-199,24289,55.65,1,1,17.91,187.1,20435,218,-1000,-167,1037,2026-08-06-00-09.csv
1182843,1601915,-205,24289,55.64,1,1,19.7,205.7,20448,171,-878,-128,904,2026-08-06-00-09.csv
1183155,1602227,-196,24289,55.63,1,1,18.24,190.5,20460,49,-1086,18,1087,2026-08-06-00-09.csv
1183461,1602533,-190,24289,55.63,1,1,18.04,188.4,20471,174,-836,-80,858,2026-08-06-00-09.csv
1183768,1602840,-202,24289,55.66,1,1,18.36,191.7,20483,198,-1257,-347,1319,2026-08-06-00-09.csv
1184076,1603148,-188,24289,55.66,1,1,18.3,191.1,20495,154,-904,38,918,2026-08-06-00-09.csv
1184437,1603509,-178,24289,55.69,1,1,16.0,167.1,20507,205,-557,202,627,2026-08-06-00-09.csv
1184740,1603812,-175,24289,55.71,1,1,18.1,189.0,20518,42,-938,85,943,2026-08-06-00-09.csv
1185047,1604119,-174,24289,55.71,1,1,18.3,191.1,20530,83,-904,-18,908,2026-08-06-00-09.csv
1185342,1604414,-167,24289,55.74,1,1,18.24,190.5,20542,249,-894,-197,948,2026-08-06-00-09.csv
1185646,1604718,-171,24289,55.74,1,1,17.97,187.7,20553,224,-889,-160,931,2026-08-06-00-09.csv
1185949,1605021,-169,24289,55.77,1,1,17.97,187.7,20564,44,-789,59,792,2026-08-06-00-09.csv
1186257,1605329,-186,24289,55.78,1,1,18.12,189.3,20576,-19,-943,98,948,2026-08-06-00-09.csv
1186563,1605635,-174,24289,55.77,1,1,17.85,186.4,20587,40,-1184,-147,1194,2026-08-06-00-09.csv
1186869,1605941,-173,24289,55.81,1,1,17.67,184.6,20598,187,-780,-194,826,2026-08-06-00-09.csv
1187175,1606247,-168,24289,55.81,1,1,19.51,203.8,20611,128,-1003,-91,1016,2026-08-06-00-09.csv
1187488,1606560,-168,24289,55.83,1,1,17.61,183.9,20622,136,-987,-98,1001,2026-08-06-00-09.csv
1187798,1606870,-177,24289,55.85,1,1,17.79,185.8,20634,312,-645,-18,717,2026-08-06-00-09.csv
1188109,1607181,-167,24289,55.85,1,1,17.5,182.7,20645,117,-1068,-82,1077,2026-08-06-00-09.csv
1188410,1607482,-161,24289,55.86,1,1,17.73,185.2,20657,107,-922,35,929,2026-08-06-00-09.csv
1188729,1607801,-166,24289,55.88,1,1,17.21,179.7,20668,210,-939,-155,975,2026-08-06-00-09.csv
1189038,1608110,-164,24289,55.88,1,1,18.3,191.1,20680,183,-1090,5,1105,2026-08-06-00-09.csv
1189401,1608473,-153,24289,55.87,1,1,13.49,140.8,20690,111,-1060,82,1069,2026-08-06-00-09.csv
1189711,1608783,-167,24289,55.87,1,1,16.07,167.8,20700,217,-1163,-187,1198,2026-08-06-00-09.csv
1190019,1609091,-165,24289,55.86,1,1,15.06,157.2,20710,200,-1053,32,1072,2026-08-06-00-09.csv
1190321,1609393,-141,24289,55.9,1,1,13.68,142.9,20719,178,-1005,102,1026,2026-08-06-00-09.csv
1190629,1609701,-153,24289,55.89,1,1,12.48,130.3,20727,209,-1054,-11,1075,2026-08-06-00-09.csv
1190979,1610051,-145,24289,55.89,1,1,9.94,103.9,20734,220,-914,10,940,2026-08-06-00-09.csv
1191267,1610339,-147,24289,55.92,1,1,9.87,103.1,20740,239,-885,24,917,2026-08-06-00-09.csv
1191558,1610630,-149,24289,55.94,1,1,8.74,91.2,20745,182,-1012,23,1028,2026-08-06-00-09.csv
1191854,1610926,-141,24289,55.97,1,1,7.65,79.9,20750,215,-876,38,903,2026-08-06-00-09.csv
1192146,1611218,-140,24289,55.98,1,1,8.03,83.9,20755,211,-1047,80,1072,2026-08-06-00-09.csv
1192431,1611503,-125,24289,56.0,1,1,5.13,53.6,20758,166,-1094,-3,1106,2026-08-06-00-09.csv
1192722,1611794,-138,24289,56.01,1,1,5.77,60.2,20761,246,-915,-49,948,2026-08-06-00-09.csv
1193015,1612087,-131,24289,56.01,1,1,4.6,48.1,20764,215,-980,-12,1003,2026-08-06-00-09.csv
1193306,1612378,-129,24289,56.03,1,1,3.43,35.8,20766,220,-958,-11,983,2026-08-06-00-09.csv
1193597,1612669,-130,24289,56.05,1,1,2.59,27.0,20767,222,-960,-22,985,2026-08-06-00-09.csv
1193896,1612968,-130,24289,56.1,1,1,1.75,18.3,20768,208,-973,-1,995,2026-08-06-00-09.csv
1194250,1613322,-127,24289,56.13,1,1,1.75,18.3,20768,136,-967,-42,977,2026-08-06-00-09.csv
1194542,1613614,-123,24289,56.18,1,1,1.75,18.3,20768,124,-967,-59,977,2026-08-06-00-09.csv
1194833,1613905,-123,24289,56.23,1,1,1.75,18.3,20768,120,-967,-54,976,2026-08-06-00-09.csv
1195124,1614196,-120,24289,56.26,1,1,1.75,18.3,20768,107,-970,-57,978,2026-08-06-00-09.csv
1195413,1614485,-129,24289,56.32,1,1,0.29,3.0,20769,121,-970,-57,979,2026-08-06-00-09.csv
1195709,1614781,-113,24289,56.35,1,1,0.29,3.0,20769,131,-951,-53,962,2026-08-06-00-09.csv
1196005,1615077,-125,24289,56.36,1,1,0.76,8.0,20770,121,-974,-41,982,2026-08-06-00-09.csv
1196298,1615370,-112,24289,56.43,1,1,0.76,8.0,20770,148,-960,-42,972,2026-08-06-00-09.csv
1196593,1615665,-121,24289,56.42,1,1,0.89,9.3,20771,115,-972,-53,980,2026-08-06-00-09.csv
1196886,1615958,-105,24289,56.49,1,1,0.89,9.3,20771,149,-973,-39,985,2026-08-06-00-09.csv
1197179,1616251,-109,24289,56.53,1,1,0.94,9.8,20772,198,-968,-43,989,2026-08-06-00-09.csv
1197476,1616548,-103,24289,56.56,1,1,0.94,9.8,20772,137,-965,-60,977,2026-08-06-00-09.csv
1197777,1616849,-106,24289,56.56,1,1,0.94,9.8,20772,129,-970,-54,980,2026-08-06-00-09.csv
1198080,1617152,-102,24289,56.59,1,1,0.94,9.8,20772,151,-958,-113,976,2026-08-06-00-09.csv
1198363,1617435,-90,24289,56.62,1,1,0.94,9.8,20772,123,-972,-43,980,2026-08-06-00-09.csv
1198659,1617731,-96,24289,56.65,1,1,0.94,9.8,20772,135,-970,-60,981,2026-08-06-00-09.csv
1199019,1618091,-91,24289,56.69,1,1,0.94,9.8,20772,134,-970,-61,981,2026-08-06-00-09.csv
1199310,1618382,-96,24289,56.71,1,1,0.0,0.0,20772,131,-968,-53,979,2026-08-06-00-09.csv
1199601,1618673,-89,24289,56.72,1,1,0.0,0.0,20772,134,-969,-59,980,2026-08-06-00-09.csv
1199894,1618966,-91,24289,56.74,1,1,0.0,0.0,20772,131,-972,-52,982,2026-08-06-00-09.csv
1200199,1619271,-94,24289,56.76,1,1,0.0,0.0,20772,138,-968,-74,981,2026-08-06-00-09.csv
1200494,1619566,-91,24289,56.79,1,1,0.0,0.0,20772,132,-968,-52,978,2026-08-06-00-09.csv
1200787,1619859,-86,24289,56.77,1,1,0.0,0.0,20772,129,-970,-53,980,2026-08-06-00-09.csv
1201085,1620157,-83,24289,56.81,1,1,0.0,0.0,20772,136,-969,-68,981,2026-08-06-00-09.csv
1201371,1620443,-80,24289,56.85,1,1,0.0,0.0,20772,130,-970,-50,980,2026-08-06-00-09.csv
1201671,1620743,-87,24289,56.86,1,1,0.0,0.0,20772,137,-967,-64,979,2026-08-06-00-09.csv
1201972,1621044,-87,24289,56.88,1,1,0.0,0.0,20772,130,-971,-55,981,2026-08-06-00-09.csv
1202282,1621354,-85,24289,56.88,1,1,0.0,0.0,20772,134,-970,-52,981,2026-08-06-00-09.csv
1202585,1621657,-85,24289,56.92,1,1,0.0,0.0,20772,134,-970,-59,981,2026-08-06-00-09.csv
1202890,1621962,-84,24289,56.88,1,1,0.0,0.0,20772,138,-971,-62,983,2026-08-06-00-09.csv
1203199,1622271,-78,24289,56.94,1,1,0.0,0.0,20772,136,-966,-54,977,2026-08-06-00-09.csv
1203507,1622579,-83,24289,56.92,1,1,0.0,0.0,20772,132,-969,-65,980,2026-08-06-00-09.csv
1203873,1622945,-76,24289,56.93,1,1,0.0,0.0,20772,136,-966,-62,978,2026-08-06-00-09.csv
1204171,1623243,-78,24289,56.94,1,1,0.0,0.0,20772,134,-966,-56,977,2026-08-06-00-09.csv
1204479,1623551,-70,24289,56.95,1,1,0.0,0.0,20772,134,-965,-52,976,2026-08-06-00-09.csv
1204782,1623854,-71,24289,56.95,1,1,0.0,0.0,20772,126,-972,-47,982,2026-08-06-00-09.csv
1205083,1624155,-80,24289,57.0,1,1,0.0,0.0,20772,129,-972,-39,981,2026-08-06-00-09.csv
1205368,1624440,-57,24289,56.99,1,1,0.0,0.0,20772,134,-972,-56,983,2026-08-06-00-09.csv
1205675,1624747,-40,24289,57.02,1,1,0.0,0.0,20772,133,-971,-59,982,2026-08-06-00-09.csv
1205977,1625049,-38,24289,57.0,1,1,0.0,0.0,20772,137,-971,-68,983,2026-08-06-00-09.csv
1206279,1625351,-47,24289,57.02,1,1,0.0,0.0,20772,137,-965,-72,977,2026-08-06-00-09.csv
1206593,1625665,-47,24289,57.04,1,1,0.0,0.0,20772,140,-969,-66,981,2026-08-06-00-09.csv
1206899,1625971,-55,24289,57.04,1,1,0.0,0.0,20772,136,-967,-67,979,2026-08-06-00-09.csv
1207209,1626281,-57,24289,57.03,1,1,0.0,0.0,20772,135,-968,-57,980,2026-08-06-00-09.csv
1207518,1626590,-69,24289,57.01,1,1,0.0,0.0,20772,133,-968,-55,979,2026-08-06-00-09.csv
1207828,1626900,-63,24289,57.03,1,1,0.0,0.0,20772,138,-967,-58,979,2026-08-06-00-09.csv
1208134,1627206,-70,24289,57.01,1,1,0.0,0.0,20772,132,-972,-59,983,2026-08-06-00-09.csv
1208438,1627510,-61,24289,57.04,1,1,0.0,0.0,20772,135,-971,-59,982,2026-08-06-00-09.csv
1208812,1627884,-74,24289,57.03,1,1,0.0,0.0,20772,130,-970,-69,981,2026-08-06-00-09.csv
1209119,1628191,-73,24289,57.04,1,1,0.0,0.0,20772,133,-971,-62,982,2026-08-06-00-09.csv
1209402,1628474,-52,24289,56.98,1,1,0.0,0.0,20772,133,-973,-58,984,2026-08-06-00-09.csv
1209709,1628781,-64,24289,57.02,1,1,0.0,0.0,20772,134,-968,-64,980,2026-08-06-00-09.csv
1210020,1629092,-78,24289,57.01,1,1,0.0,0.0,20772,132,-969,-54,979,2026-08-06-00-09.csv
1210320,1629392,-74,24289,57.02,1,1,0.0,0.0,20772,134,-965,-59,976,2026-08-06-00-09.csv
1210626,1629698,-67,24289,56.99,1,1,0.0,0.0,20772,134,-969,-64,981,2026-08-06-00-09.csv
1210939,1630011,-72,24289,57.03,1,1,0.0,0.0,20772,133,-968,-58,979,2026-08-06-00-09.csv
1211247,1630319,-69,24289,56.99,1,1,0.0,0.0,20772,135,-970,-63,981,2026-08-06-00-09.csv
1211558,1630630,-79,24289,57.0,1,1,0.0,0.0,20772,133,-968,-61,979,2026-08-06-00-09.csv
1211868,1630940,-76,24289,57.01,1,1,0.0,0.0,20772,134,-971,-65,982,2026-08-06-00-09.csv
1212173,1631245,-76,24289,56.98,1,1,0.0,0.0,20772,132,-967,-57,978,2026-08-06-00-09.csv
1212492,1631564,-58,24289,57.01,1,1,0.0,0.0,20772,132,-971,-56,981,2026-08-06-00-09.csv
1212843,1631915,-44,24289,57.01,1,1,0.0,0.0,20772,130,-971,-55,981,2026-08-06-00-09.csv
1213136,1632208,-60,24289,57.01,1,1,0.0,0.0,20772,135,-971,-52,982,2026-08-06-00-09.csv
1213401,1632473,-36,24289,57.02,1,1,0.0,0.0,20772,136,-972,-58,984,2026-08-06-00-09.csv
1213748,1632820,-47,24289,57.05,1,1,0.0,0.0,20772,132,-969,-54,979,2026-08-06-00-09.csv
1214029,1633101,-63,24289,57.05,1,1,0.0,0.0,20772,134,-969,-58,980,2026-08-06-00-09.csv
1214316,1633388,-41,24289,56.94,1,1,0.0,0.0,20772,134,-968,-60,979,2026-08-06-00-09.csv
1214605,1633677,-54,24289,57.05,1,1,0.0,0.0,20772,135,-968,-53,979,2026-08-06-00-09.csv
1214891,1633963,-53,24289,56.98,1,1,0.0,0.0,20772,133,-965,-63,976,2026-08-06-00-09.csv
1215183,1634255,-56,24289,56.96,1,1,0.0,0.0,20772,137,-968,-57,979,2026-08-06-00-09.csv
1215470,1634542,-41,24289,56.99,1,1,0.0,0.0,20772,134,-966,-56,977,2026-08-06-00-09.csv
1215766,1634838,-59,24289,57.04,1,1,0.0,0.0,20772,135,-969,-57,980,2026-08-06-00-09.csv
1216056,1635128,-49,24289,57.01,1,1,0.0,0.0,20772,136,-972,-54,983,2026-08-06-00-09.csv
1216343,1635415,-47,24289,56.91,1,1,0.0,0.0,20772,136,-972,-54,983,2026-08-06-00-09.csv
1216638,1635710,-43,24289,57.07,1,1,0.0,0.0,20772,134,-969,-59,980,2026-08-06-00-09.csv
1216928,1636000,-42,24289,57.01,1,1,0.0,0.0,20772,132,-970,-55,980,2026-08-06-00-09.csv
1217228,1636300,-45,24289,56.97,1,1,0.0,0.0,20772,128,-972,-58,982,2026-08-06-00-09.csv
1217522,1636594,-52,24289,56.96,1,1,0.0,0.0,20772,135,-969,-56,980,2026-08-06-00-09.csv
1217821,1636893,-42,24289,56.92,1,1,0.0,0.0,20772,135,-968,-56,979,2026-08-06-00-09.csv
1218120,1637192,-43,24289,56.95,1,1,0.0,0.0,20772,133,-969,-59,979,2026-08-06-00-09.csv
1218482,1637554,-33,24289,56.9,1,1,0.0,0.0,20772,134,-968,-64,979,2026-08-06-00-09.csv
1218778,1637850,-40,24289,56.79,1,1,0.0,0.0,20772,131,-971,-52,981,2026-08-06-00-09.csv
1219073,1638145,-50,24289,56.91,1,1,0.0,0.0,20772,130,-970,-56,981,2026-08-06-00-09.csv
1219361,1638433,-42,24289,56.78,1,1,0.0,0.0,20772,135,-967,-62,978,2026-08-06-00-09.csv
1219655,1638727,-38,24289,56.79,1,1,0.0,0.0,20772,131,-970,-58,980,2026-08-06-00-09.csv
1219950,1639022,-50,24289,56.77,1,1,0.0,0.0,20772,134,-969,-61,980,2026-08-06-00-09.csv
1220247,1639319,-45,24289,56.8,1,1,0.0,0.0,20772,134,-968,-61,979,2026-08-06-00-09.csv
1220541,1639613,-49,24289,56.84,1,1,0.0,0.0,20772,133,-973,-51,983,2026-08-06-00-09.csv
1220834,1639906,-53,24289,56.78,1,1,0.0,0.0,20772,134,-970,-61,981,2026-08-06-00-09.csv
1221128,1640200,-49,24289,56.83,1,1,0.0,0.0,20772,132,-968,-62,979,2026-08-06-00-09.csv
1221423,1640495,-40,24289,56.82,1,1,0.0,0.0,20772,128,-969,-52,979,2026-08-06-00-09.csv
1221728,1640800,-40,24289,56.83,1,1,0.0,0.0,20772,132,-972,-60,983,2026-08-06-00-09.csv
1222028,1641100,-37,24289,56.74,1,1,0.0,0.0,20772,134,-974,-57,985,2026-08-06-00-09.csv
1222320,1641392,-40,24289,56.73,1,1,0.0,0.0,20772,133,-970,-51,980,2026-08-06-00-09.csv
1222622,1641694,-56,24289,56.65,1,1,0.0,0.0,20772,128,-972,-51,981,2026-08-06-00-09.csv
1222930,1642002,-49,24289,56.61,1,1,0.0,0.0,20772,137,-967,-67,979,2026-08-06-00-09.csv
1223293,1642365,-43,24289,56.58,1,1,0.0,0.0,20772,134,-954,-60,966,2026-08-06-00-09.csv
1223592,1642664,-44,24289,56.6,1,1,0.0,0.0,20772,136,-980,-45,991,2026-08-06-00-09.csv
1223889,1642961,-38,24289,56.52,1,1,0.0,0.0,20772,130,-969,-52,979,2026-08-06-00-09.csv
1224189,1643261,-48,24289,56.51,1,1,0.0,0.0,20772,138,-975,-89,989,2026-08-06-00-09.csv
1224485,1643557,-45,24289,56.44,1,1,0.0,0.0,20772,145,-964,-62,977,2026-08-06-00-09.csv
1224782,1643854,-36,24289,56.47,1,1,0.0,0.0,20772,133,-964,-58,975,2026-08-06-00-09.csv
1225086,1644158,-46,24289,56.55,1,1,0.0,0.0,20772,136,-968,-64,980,2026-08-06-00-09.csv
1225362,1644434,-44,24289,56.47,1,1,0.0,0.0,20772,133,-967,-59,977,2026-08-06-00-09.csv
1225667,1644739,-49,24289,56.44,1,1,0.0,0.0,20772,135,-971,-60,982,2026-08-06-00-09.csv
1225976,1645048,-54,24289,56.47,1,1,0.0,0.0,20772,134,-968,-61,979,2026-08-06-00-09.csv
1226281,1645353,-40,24289,56.46,1,1,0.0,0.0,20772,134,-966,-62,977,2026-08-06-00-09.csv
1226581,1645653,-37,24289,56.36,1,1,0.0,0.0,20772,135,-968,-63,980,2026-08-06-00-09.csv
1226884,1645956,-49,24289,56.46,1,1,0.0,0.0,20772,133,-967,-59,978,2026-08-06-00-09.csv
1227186,1646258,-48,24289,56.45,1,1,0.0,0.0,20772,136,-971,-52,982,2026-08-06-00-09.csv
1227489,1646561,-52,24289,56.35,1,1,0.0,0.0,20772,156,-961,-99,978,2026-08-06-00-09.csv
1227797,1646869,-56,24289,56.45,1,1,0.0,0.0,20772,138,-961,-89,975,2026-08-06-00-09.csv
1228167,1647239,-62,24289,56.45,1,1,0.0,0.0,20772,149,-965,-69,979,2026-08-06-00-09.csv
1228470,1647542,-56,24289,56.39,1,1,0.0,0.0,20772,117,-976,-31,984,2026-08-06-00-09.csv
1228776,1647848,-55,24289,56.38,1,1,0.0,0.0,20772,137,-965,-66,977,2026-08-06-00-09.csv
1229080,1648152,-70,24289,56.33,1,1,0.0,0.0,20772,136,-970,-68,982,2026-08-06-00-09.csv
1229371,1648443,-64,24289,56.29,1,1,0.0,0.0,20772,136,-966,-56,977,2026-08-06-00-09.csv
1229682,1648754,-50,24289,56.37,1,1,0.0,0.0,20772,135,-970,-68,982,2026-08-06-00-09.csv
1229995,1649067,-52,24289,56.34,1,1,0.0,0.0,20772,133,-966,-60,977,2026-08-06-00-09.csv
1230299,1649371,-64,24289,56.35,1,1,0.0,0.0,20772,132,-968,-59,979,2026-08-06-00-09.csv
1230609,1649681,-60,24289,56.33,1,1,0.0,0.0,20772,129,-963,-57,973,2026-08-06-00-09.csv
1230918,1649990,-51,24289,56.38,1,1,0.0,0.0,20772,130,-964,-66,975,2026-08-06-00-09.csv
1231229,1650301,-40,24289,56.35,1,1,0.0,0.0,20772,133,-968,-57,979,2026-08-06-00-09.csv
1231533,1650605,-33,24289,56.41,1,1,0.0,0.0,20772,136,-969,-63,980,2026-08-06-00-09.csv
1231851,1650923,-43,24289,56.34,1,1,0.0,0.0,20772,133,-972,-55,982,2026-08-06-00-09.csv
1232167,1651239,-39,24289,56.35,1,1,0.0,0.0,20772,134,-969,-56,980,2026-08-06-00-09.csv
1232473,1651545,-51,24289,56.4,1,1,0.0,0.0,20772,136,-967,-59,978,2026-08-06-00-09.csv
1232784,1651856,-51,24289,56.32,1,1,0.0,0.0,20772,134,-968,-61,979,2026-08-06-00-09.csv
1233157,1652229,-57,24289,56.22,1,1,0.0,0.0,20772,133,-968,-62,979,2026-08-06-00-09.csv
1233464,1652536,-60,24289,56.18,1,1,0.0,0.0,20772,129,-973,-58,984,2026-08-06-00-09.csv
1233774,1652846,-67,24289,56.14,1,1,0.0,0.0,20772,113,-968,-42,975,2026-08-06-00-09.csv
1234084,1653156,-56,24289,56.04,1,1,0.0,0.0,20772,131,-966,-48,976,2026-08-06-00-09.csv
1234426,1653498,-36,24289,55.97,1,1,0.0,0.0,20772,114,-970,-25,977,2026-08-06-00-09.csv
1234719,1653791,-37,24289,55.95,1,1,0.0,0.0,20772,135,-966,-66,977,2026-08-06-00-09.csv
1235006,1654078,-44,24289,55.95,1,1,0.0,0.0,20772,137,-970,-65,982,2026-08-06-00-09.csv
1235296,1654368,-63,24289,55.91,1,1,0.0,0.0,20772,131,-969,-50,979,2026-08-06-00-09.csv
1235582,1654654,-66,24289,55.91,1,1,0.0,0.0,20772,136,-969,-63,981,2026-08-06-00-09.csv
1235873,1654945,-73,24289,55.89,1,1,0.0,0.0,20772,133,-972,-57,983,2026-08-06-00-09.csv
1236169,1655241,-73,24289,55.92,1,1,0.0,0.0,20772,130,-970,-54,980,2026-08-06-00-09.csv
1236464,1655536,-31,24289,55.94,1,1,0.0,0.0,20772,133,-970,-54,980,2026-08-06-00-09.csv
1236760,1655832,-42,24289,55.96,1,1,0.0,0.0,20772,134,-969,-56,980,2026-08-06-00-09.csv
1237048,1656120,-40,24289,55.97,1,1,0.0,0.0,20772,132,-969,-59,980,2026-08-06-00-09.csv
1237354,1656426,-39,24289,55.99,1,1,0.0,0.0,20772,129,-972,-52,982,2026-08-06-00-09.csv
1237645,1656717,-42,24289,55.97,1,1,0.0,0.0,20772,133,-964,-59,975,2026-08-06-00-09.csv
1238001,1657073,-37,24289,55.88,1,1,0.0,0.0,20772,129,-976,-45,985,2026-08-06-00-09.csv
1238290,1657362,-43,24289,55.98,1,1,0.0,0.0,20772,121,-963,-56,972,2026-08-06-00-09.csv
1238586,1657658,-36,24289,56.03,1,1,0.0,0.0,20772,142,-965,-59,978,2026-08-06-00-09.csv
1238873,1657945,-32,24289,56.05,1,1,0.0,0.0,20772,136,-970,-68,982,2026-08-06-00-09.csv
1239163,1658235,-40,24289,56.07,1,1,0.0,0.0,20772,123,-972,-40,981,2026-08-06-00-09.csv
1239454,1658526,-23,24289,55.99,1,1,0.0,0.0,20772,138,-971,-64,983,2026-08-06-00-09.csv
1239749,1658821,-38,24289,56.06,1,1,0.0,0.0,20772,132,-971,-58,982,2026-08-06-00-09.csv
1240052,1659124,-30,24289,56.08,1,1,0.0,0.0,20772,129,-971,-54,981,2026-08-06-00-09.csv
1240349,1659421,-22,24289,56.02,1,1,0.0,0.0,20772,139,-969,-57,980,2026-08-06-00-09.csv
1240649,1659721,-43,24289,55.94,1,1,0.0,0.0,20772,129,-972,-47,982,2026-08-06-00-09.csv
1240950,1660022,-49,24289,55.93,1,1,0.0,0.0,20772,135,-964,-55,975,2026-08-06-00-09.csv
1241247,1660319,-46,24289,55.93,1,1,0.0,0.0,20772,140,-966,-69,978,2026-08-06-00-09.csv
1241544,1660616,-46,24289,55.94,1,1,0.0,0.0,20772,127,-973,-48,982,2026-08-06-00-09.csv
1241842,1660914,-36,24289,55.93,1,1,0.0,0.0,20772,133,-968,-60,979,2026-08-06-00-09.csv
1242140,1661212,-41,24289,55.94,1,1,0.0,0.0,20772,140,-968,-62,980,2026-08-06-00-09.csv
1242445,1661517,-32,24289,55.93,1,1,0.0,0.0,20772,130,-968,-57,978,2026-08-06-00-09.csv
1242805,1661877,-43,24289,55.92,1,1,0.0,0.0,20772,131,-967,-58,978,2026-08-06-00-09.csv
1243103,1662175,-41,24289,55.91,1,1,0.0,0.0,20772,135,-971,-57,982,2026-08-06-00-09.csv
1243404,1662476,-34,24289,55.87,1,1,0.0,0.0,20772,132,-969,-60,980,2026-08-06-00-09.csv
1243701,1662773,-38,24289,55.81,1,1,0.0,0.0,20772,128,-970,-55,980,2026-08-06-00-09.csv
1243994,1663066,-46,24289,55.76,1,1,0.0,0.0,20772,143,-966,-61,979,2026-08-06-00-09.csv
1244293,1663365,-45,24289,55.8,1,1,0.0,0.0,20772,133,-968,-65,979,2026-08-06-00-09.csv
1244592,1663664,-49,24289,55.75,1,1,0.0,0.0,20772,137,-969,-63,981,2026-08-06-00-09.csv
1244903,1663975,-36,24289,55.71,1,1,0.0,0.0,20772,132,-968,-58,979,2026-08-06-00-09.csv
1245198,1664270,-49,24289,55.69,1,1,0.0,0.0,20772,133,-971,-63,982,2026-08-06-00-09.csv
1245498,1664570,-42,24289,55.73,1,1,0.0,0.0,20772,133,-968,-58,979,2026-08-06-00-09.csv
1245795,1664867,-50,24289,55.74,1,1,0.0,0.0,20772,134,-970,-59,981,2026-08-06-00-09.csv
1246096,1665168,-52,24289,55.67,1,1,0.0,0.0,20772,133,-969,-56,979,2026-08-06-00-09.csv
1246397,1665469,-37,24289,55.64,1,1,0.0,0.0,20772,133,-968,-58,979,2026-08-06-00-09.csv
1246702,1665774,-43,24289,55.57,1,1,0.0,0.0,20772,134,-969,-62,980,2026-08-06-00-09.csv
1247009,1666081,-41,24289,55.45,1,1,0.0,0.0,20772,132,-970,-53,981,2026-08-06-00-09.csv
1247308,1666380,-28,24289,55.47,1,1,0.0,0.0,20772,129,-968,-58,978,2026-08-06-00-09.csv
1247673,1666745,-23,24289,55.33,1,1,0.0,0.0,20772,131,-969,-59,979,2026-08-06-00-09.csv
1247977,1667049,-21,24289,55.25,1,1,0.0,0.0,20772,135,-967,-59,978,2026-08-06-00-09.csv
1248279,1667351,-23,24289,55.11,1,1,0.0,0.0,20772,135,-966,-63,977,2026-08-06-00-09.csv
1248585,1667657,-24,24289,55.05,1,1,0.0,0.0,20772,134,-968,-63,979,2026-08-06-00-09.csv
1248886,1667958,-21,24289,55.01,1,1,0.0,0.0,20772,132,-969,-55,979,2026-08-06-00-09.csv
1249194,1668266,-27,24289,55.0,1,1,0.0,0.0,20772,132,-968,-59,979,2026-08-06-00-09.csv
1249494,1668566,-28,24289,54.99,1,1,0.0,0.0,20772,133,-970,-61,981,2026-08-06-00-09.csv
1249794,1668866,-31,24289,55.0,1,1,0.0,0.0,20772,136,-968,-66,980,2026-08-06-00-09.csv
1250095,1669167,-35,24289,55.03,1,1,0.0,0.0,20772,133,-968,-60,978,2026-08-06-00-09.csv
1250401,1669473,-14,24289,55.05,1,1,0.0,0.0,20772,135,-972,-69,984,2026-08-06-00-09.csv
1250709,1669781,-20,24289,54.17,1,1,0.0,0.0,20772,130,-970,-47,980,2026-08-06-00-09.csv
1251015,1670087,-28,24289,47.78,1,1,0.0,0.0,20772,132,-968,-51,978,2026-08-06-00-09.csv
1251325,1670397,-23,24289,39.91,1,1,0.0,0.0,20772,131,-969,-57,980,2026-08-06-00-09.csv
1251632,1670704,-34,24289,32.92,1,1,0.0,0.0,20772,133,-972,-58,983,2026-08-06-00-09.csv
1251941,1671013,-26,24289,27.18,1,1,0.0,0.0,20772,135,-967,-58,978,2026-08-06-00-09.csv
1252248,1671320,-20,24289,22.35,1,1,0.0,0.0,20772,133,-968,-61,979,2026-08-06-00-09.csv
1252615,1671687,-24,24289,17.43,1,1,0.0,0.0,20772,136,-966,-59,978,2026-08-06-00-09.csv
1252923,1671995,-33,24289,14.2,1,1,0.0,0.0,20772,132,-971,-62,982,2026-08-06-00-09.csv
1253224,1672296,-20,24289,11.71,1,1,0.0,0.0,20772,133,-970,-59,980,2026-08-06-00-09.csv
1253535,1672607,-24,24289,9.42,1,1,0.0,0.0,20772,131,-967,-58,978,2026-08-06-00-09.csv
1253837,1672909,-27,24289,6.94,1,1,0.0,0.0,20772,129,-969,-54,979,2026-08-06-00-09.csv
1254143,1673215,-30,24289,4.21,1,1,0.0,0.0,20772,137,-969,-58,981,2026-08-06-00-09.csv
1254464,1673536,-30,24289,1.83,1,1,0.0,0.0,20772,138,-968,-60,980,2026-08-06-00-09.csv
1254767,1673839,-28,24289,-0.08,1,1,0.0,0.0,20772,132,-968,-60,979,2026-08-06-00-09.csv
1255077,1674149,-27,24289,-1.52,1,1,0.0,0.0,20772,134,-969,-64,980,2026-08-06-00-09.csv
1255384,1674456,-7,24289,-2.41,1,1,0.0,0.0,20772,131,-971,-58,981,2026-08-06-00-09.csv
1255698,1674770,-22,24289,-3.09,1,1,0.0,0.0,20772,138,-967,-69,979,2026-08-06-00-09.csv
1256009,1675081,-16,24289,-3.65,1,1,0.0,0.0,20772,141,-967,-63,980,2026-08-06-00-09.csv
1256359,1675431,-19,24289,-4.54,1,1,0.0,0.0,20772,145,-967,-67,980,2026-08-06-00-09.csv
1256649,1675721,-35,24289,-5.14,1,1,0.0,0.0,20772,128,-969,-56,979,2026-08-06-00-09.csv
1256938,1676010,-36,24289,-5.48,1,1,0.0,0.0,20772,137,-969,-54,980,2026-08-06-00-09.csv
1257231,1676303,-30,24289,-5.54,1,1,0.0,0.0,20772,140,-968,-51,980,2026-08-06-00-09.csv
1257584,1676656,-36,24289,-5.24,1,1,0.0,0.0,20772,135,-967,-59,979,2026-08-06-00-09.csv
1257871,1676943,-33,24289,-5.07,1,1,0.0,0.0,20772,136,-972,-51,982,2026-08-06-00-09.csv
1258160,1677232,-32,24289,-4.8,1,1,0.0,0.0,20772,129,-970,-55,980,2026-08-06-00-09.csv
1258447,1677519,-28,24289,-4.55,1,1,0.0,0.0,20772,130,-964,-71,975,2026-08-06-00-09.csv
1258738,1677810,-41,24289,-4.27,1,1,0.0,0.0,20772,131,-968,-52,978,2026-08-06-00-09.csv
1259032,1678104,-44,24289,-4.01,1,1,0.0,0.0,20772,140,-973,-53,985,2026-08-06-00-09.csv
1259320,1678392,-45,24289,-3.72,1,1,0.0,0.0,20772,134,-969,-67,980,2026-08-06-00-09.csv
1259609,1678681,-50,24289,-3.59,1,1,0.0,0.0,20772,144,-966,-62,979,2026-08-06-00-09.csv
1259905,1678977,-49,24289,-3.47,1,1,0.0,0.0,20772,130,-970,-60,981,2026-08-06-00-09.csv
1260205,1679277,-52,24289,-3.51,1,1,0.0,0.0,20772,126,-973,-45,982,2026-08-06-00-09.csv
1260498,1679570,-40,24289,-3.44,1,1,0.0,0.0,20772,129,-970,-55,980,2026-08-06-00-09.csv
1260794,1679866,-38,24289,-3.34,1,1,0.0,0.0,20772,130,-977,-57,987,2026-08-06-00-09.csv
1261095,1680167,-36,24289,-3.12,1,1,0.0,0.0,20772,139,-969,-63,981,2026-08-06-00-09.csv
1261386,1680458,-19,24289,-2.75,1,1,0.0,0.0,20772,135,-969,-61,980,2026-08-06-00-09.csv
1261681,1680753,-32,24289,-2.38,1,1,0.0,0.0,20772,121,-968,-70,978,2026-08-06-00-09.csv
1261986,1681058,-34,24289,-1.73,1,1,0.0,0.0,20772,127,-970,-51,980,2026-08-06-00-09.csv
1262345,1681417,-30,24289,-0.86,1,1,0.0,0.0,20772,139,-969,-77,982,2026-08-06-00-09.csv
1262641,1681713,-49,24289,-0.14,1,1,0.0,0.0,20772,135,-968,-67,980,2026-08-06-00-09.csv
1262931,1682003,-47,24289,0.67,1,1,0.0,0.0,20772,121,-972,-46,981,2026-08-06-00-09.csv
1263227,1682299,-36,24289,1.54,1,1,0.0,0.0,20772,134,-970,-53,981,2026-08-06-00-09.csv
1263526,1682598,-41,24289,2.33,1,1,0.0,0.0,20772,133,-969,-60,980,2026-08-06-00-09.csv
1263818,1682890,-33,24289,3.2,1,1,0.0,0.0,20772,134,-970,-60,981,2026-08-06-00-09.csv
1264115,1683187,-35,24289,4.1,1,1,0.0,0.0,20772,136,-966,-57,978,2026-08-06-00-09.csv
1264406,1683478,-23,24289,4.91,1,1,0.0,0.0,20772,132,-969,-55,979,2026-08-06-00-09.csv
1264701,1683773,-30,24289,5.83,1,1,0.0,0.0,20772,134,-968,-59,979,2026-08-06-00-09.csv
1265006,1684078,-32,24289,6.54,1,1,0.0,0.0,20772,133,-969,-57,980,2026-08-06-00-09.csv
1265304,1684376,-29,24289,7.33,1,1,0.0,0.0,20772,131,-969,-57,979,2026-08-06-00-09.csv
1265604,1684676,-27,24289,8.09,1,1,0.0,0.0,20772,133,-968,-63,979,2026-08-06-00-09.csv
1265905,1684977,-23,24289,8.96,1,1,0.0,0.0,20772,131,-971,-51,982,2026-08-06-00-09.csv
1266207,1685279,-20,24289,9.74,1,1,0.0,0.0,20772,135,-969,-57,980,2026-08-06-00-09.csv
1266510,1685582,-19,24289,10.58,1,1,0.0,0.0,20772,134,-970,-54,981,2026-08-06-00-09.csv
1266811,1685883,-14,24289,11.37,1,1,0.0,0.0,20772,139,-973,-56,984,2026-08-06-00-09.csv
1267178,1686250,-17,24289,12.37,1,1,0.0,0.0,20772,136,-972,-61,983,2026-08-06-00-09.csv
1267477,1686549,-15,24289,13.16,1,1,0.0,0.0,20772,134,-970,-58,981,2026-08-06-00-09.csv
1267773,1686845,-21,24289,13.8,1,1,0.0,0.0,20772,130,-969,-60,980,2026-08-06-00-09.csv
1268070,1687142,-21,24289,14.56,1,1,0.0,0.0,20772,129,-970,-50,980,2026-08-06-00-09.csv
1268377,1687449,-12,24289,15.34,1,1,0.0,0.0,20772,134,-966,-66,977,2026-08-06-00-09.csv
1268679,1687751,-25,24289,15.97,1,1,0.0,0.0,20772,129,-967,-59,978,2026-08-06-00-09.csv
1268976,1688048,-30,24289,16.71,1,1,0.0,0.0,20772,132,-969,-48,979,2026-08-06-00-09.csv
1269278,1688350,-26,24289,17.37,1,1,0.0,0.0,20772,133,-968,-64,979,2026-08-06-00-09.csv
1269583,1688655,-16,24289,18.09,1,1,0.0,0.0,20772,135,-967,-66,978,2026-08-06-00-09.csv
1269890,1688962,-19,24289,18.81,1,1,0.0,0.0,20772,132,-968,-62,979,2026-08-06-00-09.csv
1270201,1689273,-18,24289,19.49,1,1,0.0,0.0,20772,133,-968,-52,979,2026-08-06-00-09.csv
1270515,1689587,-16,24289,20.16,1,1,0.0,0.0,20772,127,-969,-58,979,2026-08-06-00-09.csv
1270817,1689889,-18,24289,20.82,1,1,0.0,0.0,20772,136,-969,-63,980,2026-08-06-00-09.csv
1271122,1690194,-18,24289,21.43,1,1,0.0,0.0,20772,131,-970,-59,981,2026-08-06-00-09.csv
1271427,1690499,-16,24289,22.06,1,1,0.0,0.0,20772,132,-968,-55,979,2026-08-06-00-09.csv
1271733,1690805,-22,24289,22.75,1,1,0.0,0.0,20772,133,-971,-58,981,2026-08-06-00-09.csv
1272100,1691172,-28,24289,23.54,1,1,0.0,0.0,20772,133,-969,-58,980,2026-08-06-00-09.csv
1272398,1691470,-16,24289,24.18,1,1,0.0,0.0,20772,133,-971,-55,981,2026-08-06-00-09.csv
1272709,1691781,-18,24289,24.81,1,1,0.0,0.0,20772,133,-969,-59,979,2026-08-06-00-09.csv
1273012,1692084,-18,24289,25.32,1,1,0.0,0.0,20772,135,-970,-67,982,2026-08-06-00-09.csv
1273316,1692388,-14,24289,25.84,1,1,0.0,0.0,20772,134,-968,-60,979,2026-08-06-00-09.csv
1273627,1692699,-17,24289,26.35,1,1,0.0,0.0,20772,132,-971,-58,982,2026-08-06-00-09.csv
1273935,1693007,-19,24289,26.85,1,1,0.0,0.0,20772,131,-973,-60,984,2026-08-06-00-09.csv
1274241,1693313,-20,24289,27.29,1,1,0.0,0.0,20772,134,-969,-60,980,2026-08-06-00-09.csv
1274548,1693620,-29,24289,27.69,1,1,0.0,0.0,20772,129,-971,-63,982,2026-08-06-00-09.csv
1274861,1693933,-29,24289,28.11,1,1,0.0,0.0,20772,136,-967,-67,979,2026-08-06-00-09.csv
1275167,1694239,-25,24289,28.52,1,1,0.0,0.0,20772,132,-970,-60,980,2026-08-06-00-09.csv
1275477,1694549,-26,24289,28.94,1,1,0.0,0.0,20772,131,-967,-59,978,2026-08-06-00-09.csv
1275788,1694860,-34,24289,29.37,1,1,0.0,0.0,20772,132,-969,-56,979,2026-08-06-00-09.csv
1276100,1695172,-35,24289,29.8,1,1,0.0,0.0,20772,131,-970,-55,980,2026-08-06-00-09.csv
1276415,1695487,-22,24289,30.21,1,1,0.0,0.0,20772,128,-971,-59,981,2026-08-06-00-09.csv
1276726,1695798,-33,24289,30.64,1,1,0.0,0.0,20772,133,-968,-56,979,2026-08-06-00-09.csv
1277110,1696182,-30,24289,31.07,1,1,0.0,0.0,20772,127,-970,-45,979,2026-08-06-00-09.csv
1277417,1696489,-17,24289,31.42,1,1,0.0,0.0,20772,133,-969,-49,980,2026-08-06-00-09.csv
1277728,1696800,-27,24289,30.8,1,1,0.0,0.0,20772,150,-959,-87,974,2026-08-06-00-09.csv
1278034,1697106,-25,24289,27.66,1,1,0.0,0.0,20772,145,-965,-68,978,2026-08-06-00-09.csv
1278378,1697450,-24,24289,22.44,1,1,0.0,0.0,20772,134,-971,-43,981,2026-08-06-00-09.csv
1278665,1697737,-31,24289,18.44,1,1,0.0,0.0,20772,126,-974,-44,983,2026-08-06-00-09.csv
1278951,1698023,-31,24289,14.74,1,1,0.0,0.0,20772,140,-966,-61,978,2026-08-06-00-09.csv
1279247,1698319,-32,24289,11.52,1,1,0.0,0.0,20772,129,-972,-48,982,2026-08-06-00-09.csv
1279539,1698611,-29,24289,7.9,1,1,0.0,0.0,20772,136,-963,-56,974,2026-08-06-00-09.csv
1279828,1698900,-23,24289,4.7,1,1,0.0,0.0,20772,134,-967,-53,978,2026-08-06-00-09.csv
1280119,1699191,-7,24289,2.3,1,1,0.0,0.0,20772,130,-968,-49,978,2026-08-06-00-09.csv
1280412,1699484,3,24289,0.39,1,1,0.0,0.0,20772,125,-969,-59,979,2026-08-06-00-09.csv
1280705,1699777,-19,24289,-1.33,1,1,0.0,0.0,20772,144,-960,-69,973,2026-08-06-00-09.csv
1280994,1700066,-18,24289,-2.67,1,1,0.0,0.0,20772,135,-969,-57,980,2026-08-06-00-09.csv
1281295,1700367,-22,24289,-4.16,1,1,0.0,0.0,20772,136,-972,-69,984,2026-08-06-00-09.csv
1281585,1700657,-19,24289,-5.59,1,1,0.0,0.0,20772,143,-968,-70,981,2026-08-06-00-09.csv
1281944,1701016,-10,24289,-7.17,1,1,0.0,0.0,20772,141,-968,-55,979,2026-08-06-00-09.csv
1282232,1701304,-15,24289,-8.15,1,1,0.0,0.0,20772,150,-968,-60,982,2026-08-06-00-09.csv
1282521,1701593,-16,24289,-8.92,1,1,0.0,0.0,20772,134,-970,-70,982,2026-08-06-00-09.csv
1282811,1701883,-19,24289,-9.35,1,1,0.0,0.0,20772,175,-953,-40,970,2026-08-06-00-09.csv
1283109,1702181,-14,24289,-9.36,1,1,0.0,0.0,20772,129,-969,-44,979,2026-08-06-00-09.csv
1283405,1702477,-2,24289,-9.55,1,1,0.0,0.0,20772,123,-977,-25,985,2026-08-06-00-09.csv
1283702,1702774,-14,24289,-9.74,1,1,0.0,0.0,20772,122,-967,-65,977,2026-08-06-00-09.csv
1283997,1703069,-13,24289,-10.0,1,1,0.0,0.0,20772,121,-980,-45,989,2026-08-06-00-09.csv
1284290,1703362,-16,24289,-10.11,1,1,0.0,0.0,20772,143,-963,-73,976,2026-08-06-00-09.csv
1284590,1703662,-22,24289,-10.41,1,1,0.0,0.0,20772,128,-969,-42,979,2026-08-06-00-09.csv
1284889,1703961,-26,24289,-10.66,1,1,0.0,0.0,20772,130,-970,-60,980,2026-08-06-00-09.csv
1285189,1704261,-22,24289,-10.97,1,1,0.0,0.0,20772,133,-971,-56,981,2026-08-06-00-09.csv
1285494,1704566,-27,24289,-11.03,1,1,0.0,0.0,20772,140,-963,-64,975,2026-08-06-00-09.csv
1285794,1704866,-33,24289,-11.23,1,1,0.0,0.0,20772,139,-975,-70,988,2026-08-06-00-09.csv
1286092,1705164,-24,24289,-11.27,1,1,0.0,0.0,20772,142,-972,-61,984,2026-08-06-00-09.csv
1286392,1705464,-18,24289,-11.32,1,1,0.0,0.0,20772,126,-967,-46,976,2026-08-06-00-09.csv
1286753,1705825,-48,24289,-11.48,1,1,0.0,0.0,20772,147,-977,-58,990,2026-08-06-00-09.csv
1287047,1706119,-43,24289,-11.32,1,1,0.0,0.0,20772,132,-976,-59,987,2026-08-06-00-09.csv
1287343,1706415,-15,24289,-10.71,1,1,0.0,0.0,20772,128,-986,-54,996,2026-08-06-00-09.csv
1287641,1706713,-15,24289,-9.92,1,1,0.0,0.0,20772,160,-961,-108,980,2026-08-06-00-09.csv
1287935,1707007,-18,24289,-9.04,1,1,0.0,0.0,20772,129,-972,-48,981,2026-08-06-00-09.csv
1288233,1707305,-22,24289,-8.14,1,1,0.0,0.0,20772,142,-963,-66,976,2026-08-06-00-09.csv
1288532,1707604,-21,24289,-7.37,1,1,0.0,0.0,20772,131,-972,-52,982,2026-08-06-00-09.csv
1288832,1707904,-23,24289,-6.3,1,1,0.0,0.0,20772,134,-966,-60,977,2026-08-06-00-09.csv
1289128,1708200,-27,24289,-5.02,1,1,0.0,0.0,20772,135,-967,-64,979,2026-08-06-00-09.csv
1289430,1708502,-21,24289,-3.44,1,1,0.0,0.0,20772,135,-970,-62,981,2026-08-06-00-09.csv
1289737,1708809,-25,24289,-1.85,1,1,0.0,0.0,20772,137,-968,-57,980,2026-08-06-00-09.csv
1290042,1709114,-35,24289,-0.3,1,1,0.0,0.0,20772,131,-968,-60,978,2026-08-06-00-09.csv
1290343,1709415,-25,24289,1.01,1,1,0.0,0.0,20772,136,-965,-58,976,2026-08-06-00-09.csv
1290649,1709721,-30,24289,1.86,1,1,0.0,0.0,20772,122,-970,-65,979,2026-08-06-00-09.csv
1290953,1710025,-30,24289,0.6,1,1,0.0,0.0,20772,141,-966,-64,979,2026-08-06-00-09.csv
1291259,1710331,-27,24289,-1.04,1,1,0.0,0.0,20772,138,-967,-64,979,2026-08-06-00-09.csv
1291627,1710699,-24,24289,-2.32,1,1,0.0,0.0,20772,136,-968,-61,979,2026-08-06-00-09.csv
1291931,1711003,-24,24289,-3.1,1,1,0.0,0.0,20772,136,-966,-59,977,2026-08-06-00-09.csv
1292233,1711305,-20,24289,-3.67,1,1,0.0,0.0,20772,135,-967,-70,979,2026-08-06-00-09.csv
1292532,1711604,-18,24289,-4.22,1,1,0.0,0.0,20772,138,-968,-68,980,2026-08-06-00-09.csv
1292831,1711903,-27,24289,-4.61,1,1,0.0,0.0,20772,139,-964,-81,978,2026-08-06-00-09.csv
1293136,1712208,-14,24289,-4.86,1,1,0.0,0.0,20772,130,-970,-61,981,2026-08-06-00-09.csv
1293442,1712514,-10,24289,-5.03,1,1,0.0,0.0,20772,141,-968,-57,980,2026-08-06-00-09.csv
1293745,1712817,-14,24289,-5.12,1,1,0.0,0.0,20772,120,-971,-40,980,2026-08-06-00-09.csv
1294062,1713134,-26,24289,-5.02,1,1,0.0,0.0,20772,136,-970,-56,981,2026-08-06-00-09.csv
1294369,1713441,-14,24289,-4.42,1,1,0.0,0.0,20772,129,-969,-52,979,2026-08-06-00-09.csv
1294673,1713745,-25,24289,-3.7,1,1,0.0,0.0,20772,135,-968,-76,981,2026-08-06-00-09.csv
1294983,1714055,-23,24289,-2.8,1,1,0.0,0.0,20772,136,-967,-37,977,2026-08-06-00-09.csv
1295291,1714363,-26,24289,-1.82,1,1,0.0,0.0,20772,143,-965,-54,977,2026-08-06-00-09.csv
1295594,1714666,-30,24289,-0.8,1,1,0.0,0.0,20772,136,-966,-68,978,2026-08-06-00-09.csv
1295897,1714969,-30,24289,0.28,1,1,0.0,0.0,20772,135,-971,-59,982,2026-08-06-00-09.csv
1296214,1715286,-28,24289,1.39,1,1,0.0,0.0,20772,126,-969,-85,981,2026-08-06-00-09.csv
1296585,1715657,-23,24289,2.74,1,1,0.0,0.0,20772,143,-973,-52,985,2026-08-06-00-09.csv
1296888,1715960,-21,24289,3.78,1,1,0.0,0.0,20772,134,-973,-36,983,2026-08-06-00-09.csv
1297190,1716262,-15,24289,4.75,1,1,0.0,0.0,20772,129,-974,-60,984,2026-08-06-00-09.csv
1297498,1716570,-24,24289,5.66,1,1,0.0,0.0,20772,145,-959,-98,975,2026-08-06-00-09.csv
1297804,1716876,-24,24289,6.59,1,1,0.0,0.0,20772,121,-986,-33,994,2026-08-06-00-09.csv
1298116,1717188,-28,24289,7.42,1,1,0.0,0.0,20772,151,-945,-80,960,2026-08-06-00-09.csv
1298427,1717499,-12,24289,8.23,1,1,0.0,0.0,20772,135,-972,-70,984,2026-08-06-00-09.csv
1298737,1717809,-10,24289,9.13,1,1,0.0,0.0,20772,133,-969,-55,980,2026-08-06-00-09.csv
1299048,1718120,-11,24289,9.97,1,1,0.0,0.0,20772,142,-967,-72,980,2026-08-06-00-09.csv
1299356,1718428,-1,24289,10.73,1,1,0.0,0.0,20772,138,-970,-67,982,2026-08-06-00-09.csv
1299669,1718741,-4,24289,11.6,1,1,0.0,0.0,20772,132,-971,-67,982,2026-08-06-00-09.csv
1299982,1719054,-11,24289,12.29,1,1,0.0,0.0,20772,135,-975,-62,986,2026-08-06-00-09.csv
1300336,1719408,-15,24289,13.22,1,1,0.0,0.0,20772,125,-969,-64,979,2026-08-06-00-09.csv
1300633,1719705,-9,24289,13.86,1,1,0.0,0.0,20772,133,-959,-54,970,2026-08-06-00-09.csv
1300928,1720000,-11,24289,14.54,1,1,0.0,0.0,20772,132,-961,-61,972,2026-08-06-00-09.csv
1301218,1720290,-9,24289,15.16,1,1,0.0,0.0,20772,123,-986,-41,995,2026-08-06-00-09.csv
1301565,1720637,-9,24289,15.85,1,1,0.0,0.0,20772,138,-966,-71,979,2026-08-06-00-09.csv
1301855,1720927,-9,24289,16.35,1,1,0.0,0.0,20772,137,-969,-62,980,2026-08-06-00-09.csv
1302140,1721212,-15,24289,16.97,1,1,0.0,0.0,20772,135,-972,-49,982,2026-08-06-00-09.csv
1302426,1721498,3,24289,17.44,1,1,0.0,0.0,20772,137,-970,-59,981,2026-08-06-00-09.csv
1302721,1721793,-12,24289,18.03,1,1,0.0,0.0,20772,138,-971,-58,982,2026-08-06-00-09.csv
1303018,1722090,-7,24289,18.62,1,1,0.0,0.0,20772,129,-976,-58,987,2026-08-06-00-09.csv
1303316,1722388,-9,24289,19.17,1,1,0.0,0.0,20772,136,-968,-67,980,2026-08-06-00-09.csv
1303608,1722680,-10,24289,19.63,1,1,0.0,0.0,20772,136,-967,-54,978,2026-08-06-00-09.csv
1303899,1722971,-16,24289,20.09,1,1,0.0,0.0,20772,138,-979,-65,991,2026-08-06-00-09.csv
1304193,1723265,-9,24289,20.6,1,1,0.0,0.0,20772,136,-968,-61,979,2026-08-06-00-09.csv
1304494,1723566,-13,24289,21.08,1,1,0.0,0.0,20772,131,-971,-60,982,2026-08-06-00-09.csv
1304795,1723867,-13,24289,21.54,1,1,0.0,0.0,20772,135,-968,-60,979,2026-08-06-00-09.csv
1305088,1724160,-16,24289,22.07,1,1,0.0,0.0,20772,133,-972,-52,982,2026-08-06-00-09.csv
1305381,1724453,-9,24289,22.43,1,1,0.0,0.0,20772,139,-971,-61,983,2026-08-06-00-09.csv
1305678,1724750,-10,24289,22.85,1,1,0.0,0.0,20772,135,-971,-58,982,2026-08-06-00-09.csv
1305977,1725049,-8,24289,23.31,1,1,0.0,0.0,20772,130,-970,-66,981,2026-08-06-00-09.csv
1306336,1725408,-9,24289,23.81,1,1,0.0,0.0,20772,131,-969,-63,979,2026-08-06-00-09.csv
1306631,1725703,-11,24289,24.24,1,1,0.0,0.0,20772,145,-964,-51,976,2026-08-06-00-09.csv
1306931,1726003,-4,24289,24.69,1,1,0.0,0.0,20772,129,-965,-58,975,2026-08-06-00-09.csv
1307222,1726294,-6,24289,25.04,1,1,0.0,0.0,20772,129,-972,-53,982,2026-08-06-00-09.csv
1307525,1726597,-16,24289,25.44,1,1,0.0,0.0,20772,140,-967,-69,979,2026-08-06-00-09.csv
1307819,1726891,-11,24289,25.84,1,1,0.0,0.0,20772,138,-963,-67,975,2026-08-06-00-09.csv
1308115,1727187,-4,24289,26.19,1,1,0.0,0.0,20772,131,-967,-61,977,2026-08-06-00-09.csv
1308408,1727480,1,24289,26.53,1,1,0.0,0.0,20772,139,-962,-74,975,2026-08-06-00-09.csv
1308703,1727775,4,24289,26.84,1,1,0.0,0.0,20772,147,-970,-71,984,2026-08-06-00-09.csv
1309004,1728076,-7,24289,27.22,1,1,0.0,0.0,20772,143,-976,-42,987,2026-08-06-00-09.csv
1309297,1728369,-1,24289,27.56,1,1,0.0,0.0,20772,142,-972,-60,985,2026-08-06-00-09.csv
1309596,1728668,-11,24289,27.87,1,1,0.0,0.0,20772,111,-972,-69,981,2026-08-06-00-09.csv
