timestamp_ms,current_mA,voltage_mV,temperature_C,temperature_valid,wheel_speed_valid,wheel_speed_kmph,wheel_rpm,wheel_spoke_count,ax_x100,ay_x100,az_x100,amag_x100,gps_location_valid,gps_lat,gps_long,gps_alt_m,gps_speed_kmph,gps_hdop,gps_sats,gps_time_valid,gps_time_utc,gps_centisecond
853542,-66,24289,37.33,1,1,0.00,0.0,7290,116,-970,-44,978,1,43.6610700,-79.3950070,105.90,0.57,0.66,12,1,00:09:15,00
853837,-41,24289,37.33,1,1,0.00,0.0,7290,126,-972,-53,982,1,43.6610700,-79.3950070,105.90,0.57,0.66,12,1,00:09:15,00
854137,-46,24289,37.31,1,1,0.00,0.0,7290,117,-974,-62,983,1,43.6610700,-79.3950070,105.90,0.57,0.66,12,1,00:09:15,00
854404,-5,24289,37.34,1,1,0.00,0.0,7290,133,-972,-54,982,1,43.6610700,-79.3950070,105.90,0.57,0.66,12,1,00:09:15,00
854761,-31,24289,37.32,1,1,0.00,0.0,7290,124,-971,-56,981,1,43.6610717,-79.3950037,106.30,0.56,0.75,12,1,00:09:16,00
855052,-29,24289,37.41,1,1,0.00,0.0,7290,118,-970,-59,979,1,43.6610717,-79.3950037,106.30,0.56,0.75,12,1,00:09:16,00
855348,-26,24289,37.37,1,1,0.00,0.0,7290,132,-969,-54,980,1,43.6610717,-79.3950037,106.30,0.56,0.75,12,1,00:09:16,00
855648,-31,24289,37.36,1,1,0.00,0.0,7290,123,-972,-60,982,1,43.6610717,-79.3950028,106.50,0.15,0.74,12,1,00:09:17,00
855949,-31,24289,37.37,1,1,0.00,0.0,7290,124,-969,-58,979,1,43.6610717,-79.3950028,106.50,0.15,0.74,12,1,00:09:17,00
856241,-31,24289,37.38,1,1,0.00,0.0,7290,127,-971,-60,981,1,43.6610717,-79.3950028,106.50,0.15,0.74,12,1,00:09:17,00
856533,-19,24289,37.38,1,1,0.00,0.0,7290,125,-972,-60,982,1,43.6610713,-79.3950020,106.50,0.11,0.66,12,1,00:09:18,00
856833,-22,24289,37.37,1,1,0.00,0.0,7290,123,-972,-58,982,1,43.6610713,-79.3950020,106.50,0.11,0.66,12,1,00:09:18,00
857127,-35,24289,37.38,1,1,0.00,0.0,7290,128,-970,-60,980,1,43.6610713,-79.3950020,106.50,0.11,0.66,12,1,00:09:18,00
857409,-16,24289,37.40,1,1,0.00,0.0,7290,127,-971,-58,980,1,43.6610713,-79.3950020,106.50,0.11,0.66,12,1,00:09:18,00
857705,-17,24289,37.37,1,1,0.00,0.0,7290,126,-969,-57,979,1,43.6610702,-79.3950020,106.40,0.04,0.66,12,1,00:09:19,00
858010,-27,24289,37.40,1,1,0.00,0.0,7290,122,-971,-60,980,1,43.6610702,-79.3950020,106.40,0.04,0.66,12,1,00:09:19,00
858311,-26,24289,37.39,1,1,0.00,0.0,7290,123,-970,-59,979,1,43.6610702,-79.3950020,106.40,0.04,0.66,12,1,00:09:19,00
858616,-19,24289,37.37,1,1,0.00,0.0,7290,125,-970,-56,980,1,43.6610697,-79.3950022,106.40,0.02,0.66,12,1,00:09:20,00
858916,-11,24289,37.37,1,1,0.00,0.0,7290,127,-972,-59,982,1,43.6610697,-79.3950022,106.40,0.02,0.66,12,1,00:09:20,00
859217,-22,24289,37.38,1,1,0.00,0.0,7290,126,-969,-59,979,1,43.6610697,-79.3950022,106.40,0.02,0.66,12,1,00:09:20,00
859587,-20,24289,37.37,1,1,0.00,0.0,7290,124,-970,-57,980,1,43.6610687,-79.3950015,106.40,0.19,0.66,12,1,00:09:21,00
859883,-14,24289,37.24,1,1,0.00,0.0,7290,125,-972,-58,981,1,43.6610687,-79.3950015,106.40,0.19,0.66,12,1,00:09:21,00
860183,-16,24289,37.34,1,1,0.00,0.0,7290,131,-969,-57,980,1,43.6610687,-79.3950015,106.40,0.19,0.66,12,1,00:09:21,00
860453,-10,24289,37.31,1,1,0.00,0.0,7290,128,-971,-57,981,1,43.6610690,-79.3950013,106.40,0.07,0.66,12,1,00:09:22,00
860754,-20,24289,37.32,1,1,0.00,0.0,7290,126,-970,-59,979,1,43.6610690,-79.3950013,106.30,0.07,0.66,12,1,00:09:22,00
861057,-21,24289,37.31,1,1,0.00,0.0,7290,81,-906,-24,910,1,43.6610690,-79.3950013,106.30,0.07,0.66,12,1,00:09:22,00
861359,-15,24289,37.40,1,1,0.00,0.0,7290,134,-987,-53,997,1,43.6610690,-79.3950013,106.30,0.07,0.66,12,1,00:09:22,00
861662,-18,24289,37.31,1,1,0.00,0.0,7290,146,-951,-89,966,1,43.6610690,-79.3950025,106.30,0.06,0.70,12,1,00:09:23,00
861966,-16,24289,37.35,1,1,0.00,0.0,7290,100,-1003,-11,1008,1,43.6610690,-79.3950025,106.30,0.06,0.70,12,1,00:09:23,00
862275,-26,24289,37.36,1,1,0.00,0.0,7290,3,-954,21,955,1,43.6610690,-79.3950025,106.30,0.06,0.70,12,1,00:09:23,00
862572,-23,24289,37.33,1,1,0.00,0.0,7290,119,-972,-20,980,1,43.6610703,-79.3950033,106.20,0.06,0.67,12,1,00:09:24,00
862875,-19,24289,37.31,1,1,0.00,0.0,7290,178,-964,-38,981,1,43.6610703,-79.3950033,106.20,0.06,0.67,12,1,00:09:24,00
863180,-12,24289,37.35,1,1,0.00,0.0,7290,106,-976,-56,984,1,43.6610703,-79.3950033,106.20,0.06,0.67,12,1,00:09:24,00
863470,-13,24289,37.38,1,1,0.00,0.0,7290,136,-969,-57,980,1,43.6610712,-79.3950043,106.20,0.07,0.67,12,1,00:09:25,00
863777,-14,24289,37.37,1,1,0.00,0.0,7290,112,-977,-38,984,1,43.6610712,-79.3950043,106.20,0.07,0.66,12,1,00:09:25,00
864081,-23,24289,37.36,1,1,0.00,0.0,7290,115,-977,-43,985,1,43.6610712,-79.3950043,106.20,0.07,0.66,12,1,00:09:25,00
864421,-6,24289,37.44,1,1,0.00,0.0,7290,120,-971,-49,979,1,43.6610717,-79.3950050,106.20,0.07,0.66,12,1,00:09:26,00
864724,-21,24289,37.35,1,1,0.00,0.0,7290,108,-968,-50,975,1,43.6610717,-79.3950050,106.20,0.07,0.72,12,1,00:09:26,00
865030,-34,24289,37.36,1,1,0.00,0.0,7290,126,-965,-57,975,1,43.6610717,-79.3950050,106.20,0.07,0.72,12,1,00:09:26,00
865331,-31,24289,37.35,1,1,0.00,0.0,7290,124,-975,-46,984,1,43.6610717,-79.3950050,106.20,0.07,0.72,12,1,00:09:26,00
865633,-45,24289,37.37,1,1,0.00,0.0,7290,100,-973,-51,979,1,43.6610718,-79.3950057,106.20,0.04,0.66,12,1,00:09:27,00
865943,-50,24289,37.38,1,1,0.00,0.0,7290,150,-968,-64,981,1,43.6610718,-79.3950057,106.20,0.04,0.66,12,1,00:09:27,00
866256,-45,24289,37.35,1,1,0.00,0.0,7290,120,-975,-64,984,1,43.6610718,-79.3950057,106.20,0.04,0.66,12,1,00:09:27,00
866559,-46,24289,37.35,1,1,0.00,0.0,7290,117,-978,-65,987,1,43.6610723,-79.3950062,106.00,0.04,0.66,12,1,00:09:28,00
866864,-38,24289,37.33,1,1,0.00,0.0,7290,103,-974,-17,980,1,43.6610723,-79.3950062,106.00,0.04,0.66,12,1,00:09:28,00
867176,-42,24289,37.32,1,1,0.00,0.0,7290,169,-955,-81,973,1,43.6610723,-79.3950062,106.00,0.04,0.66,12,1,00:09:28,00
867483,-25,24289,37.34,1,1,0.00,0.0,7290,138,-968,-48,979,1,43.6610718,-79.3950063,106.00,0.43,0.66,12,1,00:09:29,00
867795,-35,24289,37.33,1,1,0.00,0.0,7290,127,-976,-49,986,1,43.6610718,-79.3950063,106.00,0.43,0.67,12,1,00:09:29,00
868106,-32,24289,37.30,1,1,0.00,0.0,7290,139,-975,-42,985,1,43.6610718,-79.3950063,106.00,0.43,0.67,12,1,00:09:29,00
868396,-31,24289,37.34,1,1,0.00,0.0,7290,133,-971,-55,982,1,43.6610718,-79.3950063,106.00,0.43,0.67,12,1,00:09:29,00
868744,-39,24289,37.32,1,1,0.00,0.0,7290,103,-968,-68,976,1,43.6610712,-79.3950062,105.80,0.07,0.67,12,1,00:09:30,00
869035,-46,24289,37.33,1,1,0.00,0.0,7290,119,-1012,40,1020,1,43.6610712,-79.3950062,105.80,0.07,0.67,12,1,00:09:30,00
869375,-30,24289,37.32,1,1,0.00,0.0,7290,175,-988,1,1004,1,43.6610712,-79.3950062,105.80,0.07,0.67,12,1,00:09:30,00
869665,-28,24289,37.30,1,1,0.00,0.0,7290,137,-955,-63,967,1,43.6610710,-79.3950063,105.50,0.11,0.66,12,1,00:09:31,00
869948,-28,24289,37.31,1,1,0.00,0.0,7290,132,-976,-44,985,1,43.6610710,-79.3950063,105.50,0.11,0.66,12,1,00:09:31,00
870245,-33,24289,37.30,1,1,0.00,0.0,7290,122,-967,-66,977,1,43.6610710,-79.3950063,105.50,0.11,0.66,12,1,00:09:31,00
870530,-19,24289,37.30,1,1,0.00,0.0,7290,112,-978,-48,986,1,43.6610712,-79.3950065,105.40,0.09,0.66,12,1,00:09:32,00
870814,-33,24289,37.30,1,1,0.00,0.0,7290,138,-968,-58,979,1,43.6610712,-79.3950065,105.40,0.09,0.66,12,1,00:09:32,00
871108,-18,24289,37.31,1,1,0.00,0.0,7290,126,-973,-55,983,1,43.6610712,-79.3950065,105.40,0.09,0.66,12,1,00:09:32,00
871383,-9,24289,37.25,1,1,0.00,0.0,7290,135,-970,-51,981,1,43.6610712,-79.3950065,105.40,0.09,0.66,12,1,00:09:32,00
871671,-22,24289,37.30,1,1,0.00,0.0,7290,114,-969,-51,977,1,43.6610710,-79.3950062,105.40,0.04,0.68,12,1,00:09:33,00
871963,-22,24289,37.32,1,1,0.00,0.0,7290,129,-971,-57,981,1,43.6610710,-79.3950062,105.40,0.04,0.68,12,1,00:09:33,00
872257,-24,24289,37.26,1,1,0.00,0.0,7290,128,-973,-50,983,1,43.6610710,-79.3950062,105.40,0.04,0.68,12,1,00:09:33,00
872548,-32,24289,37.26,1,1,0.00,0.0,7290,132,-971,-60,982,1,43.6610708,-79.3950058,105.30,0.15,0.66,12,1,00:09:34,00
872849,-25,24289,37.28,1,1,0.00,0.0,7290,132,-982,-59,992,1,43.6610708,-79.3950058,105.30,0.15,0.66,12,1,00:09:34,00
873145,-33,24289,37.28,1,1,0.00,0.0,7290,115,-955,-79,965,1,43.6610708,-79.3950058,105.30,0.15,0.66,12,1,00:09:34,00
873418,-18,24289,37.29,1,1,0.00,0.0,7290,123,-955,-43,964,1,43.6610713,-79.3950058,105.30,0.02,0.66,12,1,00:09:35,00
873710,-23,24289,37.24,1,1,0.00,0.0,7290,128,-990,-33,999,1,43.6610713,-79.3950058,105.40,0.02,0.66,12,1,00:09:35,00
874083,-22,24289,37.29,1,1,0.00,0.0,7290,117,-972,-39,979,1,43.6610713,-79.3950058,105.40,0.02,0.66,12,1,00:09:35,00
874368,-15,24289,37.29,1,1,0.00,0.0,7290,139,-978,-38,989,1,43.6610713,-79.3950058,105.40,0.02,0.66,12,1,00:09:35,00
874656,-23,24289,37.22,1,1,0.00,0.0,7290,165,-969,-39,984,1,43.6610713,-79.3950058,105.30,0.02,0.72,12,1,00:09:36,00
874947,-20,24289,37.24,1,1,0.00,0.0,7290,116,-972,-66,981,1,43.6610713,-79.3950058,105.30,0.02,0.72,12,1,00:09:36,00
875242,-22,24289,37.24,1,1,0.00,0.0,7290,127,-972,-46,981,1,43.6610713,-79.3950058,105.30,0.02,0.72,12,1,00:09:36,00
875530,-17,24289,37.30,1,1,0.00,0.0,7290,119,-971,-48,979,1,43.6610712,-79.3950057,105.20,0.02,0.68,12,1,00:09:37,00
875822,-18,24289,37.30,1,1,0.00,0.0,7290,132,-969,-54,980,1,43.6610712,-79.3950057,105.20,0.02,0.68,12,1,00:09:37,00
876117,-24,24289,37.26,1,1,0.00,0.0,7290,126,-973,-54,982,1,43.6610712,-79.3950057,105.20,0.02,0.68,12,1,00:09:37,00
876402,-12,24289,37.27,1,1,0.00,0.0,7290,132,-969,-50,979,1,43.6610712,-79.3950057,105.20,0.02,0.68,12,1,00:09:37,00
876708,-24,24289,37.26,1,1,0.00,0.0,7290,127,-971,-52,980,1,43.6610707,-79.3950053,105.20,0.07,0.66,12,1,00:09:38,00
877005,-16,24289,37.22,1,1,0.00,0.0,7290,129,-972,-54,982,1,43.6610707,-79.3950053,105.20,0.07,0.66,12,1,00:09:38,00
877299,-20,24289,37.24,1,1,0.00,0.0,7290,128,-972,-51,981,1,43.6610707,-79.3950053,105.20,0.07,0.66,12,1,00:09:38,00
877601,-22,24289,37.27,1,1,0.00,0.0,7290,128,-970,-53,980,1,43.6610705,-79.3950048,105.20,0.02,0.67,12,1,00:09:39,00
877896,-19,24289,37.21,1,1,0.00,0.0,7290,128,-972,-53,982,1,43.6610705,-79.3950048,105.20,0.02,0.67,12,1,00:09:39,00
878193,-24,24289,37.24,1,1,0.00,0.0,7290,127,-972,-49,981,1,43.6610705,-79.3950048,105.20,0.02,0.67,12,1,00:09:39,00
878493,-11,24289,37.25,1,1,0.00,0.0,7290,127,-971,-51,981,1,43.6610703,-79.3950048,105.20,0.13,0.67,12,1,00:09:40,00
878860,-19,24289,37.26,1,1,0.00,0.0,7290,128,-971,-51,981,1,43.6610703,-79.3950048,105.20,0.13,0.68,12,1,00:09:40,00
879155,-29,24289,37.26,1,1,0.00,0.0,7290,126,-966,-53,976,1,43.6610703,-79.3950048,105.20,0.13,0.68,12,1,00:09:40,00
879424,-18,24289,37.23,1,1,0.00,0.0,7290,126,-974,-51,983,1,43.6610698,-79.3950038,105.20,0.09,0.68,12,1,00:09:41,00
879718,-29,24289,37.24,1,1,0.00,0.0,7290,128,-970,-55,980,1,43.6610698,-79.3950038,105.20,0.09,0.66,12,1,00:09:41,00
880013,-33,24289,37.25,1,1,0.00,0.0,7290,131,-967,-56,978,1,43.6610698,-79.3950038,105.20,0.09,0.66,12,1,00:09:41,00
880311,-30,24289,37.22,1,1,0.00,0.0,7290,130,-970,-55,980,1,43.6610698,-79.3950038,105.20,0.09,0.66,12,1,00:09:41,00
880618,-33,24289,37.24,1,1,0.00,0.0,7290,128,-968,-52,977,1,43.6610700,-79.3950032,105.20,0.02,0.67,12,1,00:09:42,00
880925,-28,24289,37.23,1,1,0.00,0.0,7290,129,-970,-53,980,1,43.6610700,-79.3950032,105.20,0.02,0.67,12,1,00:09:42,00
881224,-19,24289,37.21,1,1,0.00,0.0,7290,127,-971,-55,981,1,43.6610700,-79.3950032,105.20,0.02,0.67,12,1,00:09:42,00
881520,-30,24289,37.22,1,1,0.00,0.0,7290,126,-971,-54,981,1,43.6610700,-79.3950028,105.10,0.20,0.66,12,1,00:09:43,00
881822,-37,24289,37.21,1,1,0.00,0.0,7290,124,-969,-50,979,1,43.6610700,-79.3950028,105.10,0.20,0.66,12,1,00:09:43,00
882125,-35,24289,37.23,1,1,0.00,0.0,7290,124,-972,-48,981,1,43.6610700,-79.3950028,105.10,0.20,0.66,12,1,00:09:43,00
882402,-17,24289,37.25,1,1,0.00,0.0,7290,123,-970,-49,979,1,43.6610700,-79.3950028,105.10,0.20,0.66,12,1,00:09:43,00
882712,-26,24289,37.23,1,1,0.00,0.0,7290,126,-973,-41,982,1,43.6610695,-79.3950027,105.00,0.02,0.66,12,1,00:09:44,00
883020,-25,24289,37.25,1,1,0.00,0.0,7290,129,-970,-51,980,1,43.6610695,-79.3950027,105.00,0.02,0.66,12,1,00:09:44,00
883325,-27,24289,37.23,1,1,0.00,0.0,7290,119,-970,-48,979,1,43.6610695,-79.3950027,105.00,0.02,0.66,12,1,00:09:44,00
883692,-21,24289,37.25,1,1,0.00,0.0,7290,125,-974,-56,983,1,43.6610698,-79.3950025,104.80,0.09,0.67,12,1,00:09:45,00
883986,-24,24289,37.24,1,1,0.00,0.0,7290,124,-971,-53,980,1,43.6610698,-79.3950025,104.80,0.09,0.67,12,1,00:09:45,00
884283,-20,24289,37.24,1,1,0.00,0.0,7290,133,-969,-51,979,1,43.6610698,-79.3950025,104.80,0.09,0.67,12,1,00:09:45,00
884585,-21,24289,37.22,1,1,0.00,0.0,7290,127,-970,-48,980,1,43.6610697,-79.3950018,104.70,0.04,0.67,12,1,00:09:46,00
884893,-21,24289,37.24,1,1,0.00,0.0,7290,125,-970,-49,979,1,43.6610697,-79.3950018,104.70,0.04,0.67,12,1,00:09:46,00
885200,-21,24289,37.26,1,1,0.00,0.0,7290,130,-974,-50,983,1,43.6610697,-79.3950018,104.70,0.04,0.67,12,1,00:09:46,00
885490,-20,24289,37.23,1,1,0.00,0.0,7290,129,-969,-52,979,1,43.6610695,-79.3950015,104.70,0.09,0.67,12,1,00:09:47,00
885791,-23,24289,37.24,1,1,0.00,0.0,7290,131,-972,-48,982,1,43.6610695,-79.3950015,104.60,0.09,0.67,12,1,00:09:47,00
886094,-19,24289,37.23,1,1,0.00,0.0,7290,128,-970,-51,980,1,43.6610695,-79.3950015,104.60,0.09,0.67,12,1,00:09:47,00
886385,-8,24289,37.22,1,1,0.00,0.0,7290,127,-970,-53,979,1,43.6610695,-79.3950015,104.60,0.09,0.67,12,1,00:09:47,00
886692,-21,24289,37.26,1,1,0.00,0.0,7290,129,-971,-50,981,1,43.6610698,-79.3950013,104.50,0.04,0.66,12,1,00:09:48,00
887002,-19,24289,37.24,1,1,0.00,0.0,7290,127,-970,-57,980,1,43.6610698,-79.3950013,104.50,0.04,0.66,12,1,00:09:48,00
887315,-21,24289,37.26,1,1,0.00,0.0,7290,125,-971,-52,980,1,43.6610698,-79.3950013,104.50,0.04,0.66,12,1,00:09:48,00
887617,-16,24289,37.23,1,1,0.00,0.0,7290,128,-972,-51,982,1,43.6610703,-79.3950008,104.50,0.02,0.72,12,1,00:09:49,00
887926,-15,24289,37.23,1,1,0.00,0.0,7290,127,-972,-50,981,1,43.6610703,-79.3950008,104.50,0.02,0.72,12,1,00:09:49,00
888232,-15,24289,37.26,1,1,0.00,0.0,7290,128,-970,-51,980,1,43.6610703,-79.3950008,104.50,0.02,0.72,12,1,00:09:49,00
888601,-23,24289,37.23,1,1,0.00,0.0,7290,128,-971,-52,981,1,43.6610705,-79.3949998,104.40,0.02,0.66,12,1,00:09:50,00
888903,-16,24289,37.21,1,1,0.00,0.0,7290,132,-970,-62,981,1,43.6610705,-79.3949998,104.40,0.02,0.66,12,1,00:09:50,00
889217,-17,24289,37.22,1,1,0.00,0.0,7290,128,-970,-46,979,1,43.6610705,-79.3949998,104.40,0.02,0.66,12,1,00:09:50,00
889524,-18,24289,37.22,1,1,0.00,0.0,7290,133,-973,-46,983,1,43.6610708,-79.3949993,104.40,0.06,0.66,12,1,00:09:51,00
889831,-12,24289,37.19,1,1,0.00,0.0,7290,122,-970,-50,979,1,43.6610708,-79.3949993,104.40,0.06,0.66,12,1,00:09:51,00
890138,-17,24289,37.22,1,1,0.00,0.0,7290,133,-972,-51,982,1,43.6610708,-79.3949993,104.40,0.06,0.66,12,1,00:09:51,00
890480,-10,24289,37.22,1,1,0.00,0.0,7290,127,-970,-58,979,1,43.6610710,-79.3949992,104.40,0.06,0.66,12,1,00:09:52,00
890765,-13,24289,37.22,1,1,0.00,0.0,7290,126,-973,-57,983,1,43.6610710,-79.3949992,104.40,0.06,0.66,12,1,00:09:52,00
891054,-17,24289,37.21,1,1,0.00,0.0,7290,126,-970,-51,979,1,43.6610710,-79.3949992,104.40,0.06,0.66,12,1,00:09:52,00
891350,-10,24289,37.21,1,1,0.00,0.0,7290,130,-971,-57,981,1,43.6610710,-79.3949992,104.40,0.06,0.66,12,1,00:09:52,00
891637,-14,24289,37.18,1,1,0.00,0.0,7290,126,-969,-54,979,1,43.6610712,-79.3949988,104.30,0.13,0.66,12,1,00:09:53,00
891927,-15,24289,37.17,1,1,0.00,0.0,7290,128,-971,-53,981,1,43.6610712,-79.3949988,104.30,0.13,0.66,12,1,00:09:53,00
892213,-16,24289,37.18,1,1,0.00,0.0,7290,126,-973,-57,982,1,43.6610712,-79.3949988,104.30,0.13,0.66,12,1,00:09:53,00
892501,-19,24289,37.17,1,1,0.00,0.0,7290,131,-970,-56,980,1,43.6610712,-79.3949985,104.30,0.06,0.66,12,1,00:09:54,00
892789,-19,24289,37.20,1,1,0.00,0.0,7290,129,-971,-55,981,1,43.6610712,-79.3949985,104.30,0.06,0.66,12,1,00:09:54,00
893078,-15,24289,37.19,1,1,0.00,0.0,7290,128,-970,-52,979,1,43.6610712,-79.3949985,104.30,0.06,0.66,12,1,00:09:54,00
893406,-3,24289,37.19,1,1,0.00,0.0,7290,129,-972,-55,982,1,43.6610712,-79.3949985,104.30,0.06,0.66,12,1,00:09:54,00
893689,-18,24289,37.17,1,1,0.00,0.0,7290,125,-972,-48,982,1,43.6610712,-79.3949978,104.20,0.09,0.70,12,1,00:09:55,00
893979,-13,24289,37.19,1,1,0.00,0.0,7290,125,-970,-51,980,1,43.6610712,-79.3949978,104.20,0.09,0.70,12,1,00:09:55,00
894269,-16,24289,37.15,1,1,0.00,0.0,7290,131,-970,-52,980,1,43.6610712,-79.3949978,104.20,0.09,0.70,12,1,00:09:55,00
894554,-22,24289,37.15,1,1,0.00,0.0,7290,131,-970,-54,980,1,43.6610713,-79.3949973,104.20,0.07,0.67,12,1,00:09:56,00
894842,-25,24289,37.15,1,1,0.00,0.0,7290,128,-971,-55,980,1,43.6610713,-79.3949973,104.20,0.07,0.67,12,1,00:09:56,00
895140,-21,24289,37.16,1,1,0.00,0.0,7290,133,-972,-54,983,1,43.6610713,-79.3949973,104.20,0.07,0.67,12,1,00:09:56,00
895423,-9,24289,37.17,1,1,0.00,0.0,7290,130,-970,-54,980,1,43.6610713,-79.3949973,104.20,0.04,0.67,12,1,00:09:57,00
895717,-2,24289,37.16,1,1,0.00,0.0,7290,118,-966,-49,974,1,43.6610713,-79.3949973,104.30,0.04,0.67,12,1,00:09:57,00
896011,-3,24289,37.13,1,1,0.00,0.0,7290,123,-972,-45,981,1,43.6610713,-79.3949973,104.30,0.04,0.67,12,1,00:09:57,00
896305,-4,24289,37.11,1,1,0.00,0.0,7290,130,-966,-51,977,1,43.6610713,-79.3949973,104.30,0.04,0.67,12,1,00:09:57,00
896600,-10,24289,37.11,1,1,0.00,0.0,7290,123,-969,-51,978,1,43.6610715,-79.3949967,104.20,0.17,0.68,12,1,00:09:58,00
896893,-7,24289,37.06,1,1,0.00,0.0,7290,129,-970,-52,980,1,43.6610715,-79.3949967,104.20,0.17,0.68,12,1,00:09:58,00
897188,-10,24289,37.07,1,1,0.00,0.0,7290,131,-970,-53,980,1,43.6610715,-79.3949967,104.20,0.17,0.68,12,1,00:09:58,00
897478,-1,24289,37.07,1,1,0.00,0.0,7290,124,-972,-55,981,1,43.6610717,-79.3949960,104.20,0.09,0.68,12,1,00:09:59,00
897781,-12,24289,37.06,1,1,0.00,0.0,7290,131,-971,-56,982,1,43.6610717,-79.3949960,104.30,0.09,0.66,12,1,00:09:59,00
898145,-10,24289,37.04,1,1,0.00,0.0,7290,129,-967,-51,977,1,43.6610717,-79.3949960,104.30,0.09,0.66,12,1,00:09:59,00
898419,5,24289,37.05,1,1,0.00,0.0,7290,122,-972,-53,981,1,43.6610717,-79.3949960,104.30,0.09,0.66,12,1,00:09:59,00
898708,-12,24289,37.03,1,1,0.00,0.0,7290,141,-973,-49,984,1,43.6610718,-79.3949968,104.40,0.41,0.66,12,1,00:10:00,00
899002,-8,24289,37.01,1,1,0.00,0.0,7290,128,-970,-51,979,1,43.6610718,-79.3949968,104.40,0.41,0.66,12,1,00:10:00,00
899304,-17,24289,36.99,1,1,0.00,0.0,7290,122,-974,-48,983,1,43.6610718,-79.3949968,104.40,0.41,0.66,12,1,00:10:00,00
899602,-9,24289,36.99,1,1,0.00,0.0,7290,133,-970,-55,981,1,43.6610718,-79.3949972,104.50,0.09,0.62,12,1,00:10:01,00
899899,-13,24289,36.98,1,1,0.00,0.0,7290,129,-971,-54,981,1,43.6610718,-79.3949972,104.50,0.09,0.62,12,1,00:10:01,00
900200,-13,24289,36.98,1,1,0.00,0.0,7290,126,-970,-55,979,1,43.6610718,-79.3949972,104.50,0.09,0.62,12,1,00:10:01,00
900496,-10,24289,36.97,1,1,0.00,0.0,7290,128,-970,-52,980,1,43.6610718,-79.3949972,104.50,0.00,0.62,12,1,00:10:02,00
900794,-14,24289,36.94,1,1,0.00,0.0,7290,123,-969,-57,978,1,43.6610718,-79.3949972,104.60,0.00,0.70,12,1,00:10:02,00
901094,-12,24289,36.95,1,1,0.00,0.0,7290,131,-972,-52,982,1,43.6610718,-79.3949972,104.60,0.00,0.70,12,1,00:10:02,00
901396,-3,24289,36.95,1,1,0.00,0.0,7290,133,-971,-56,981,1,43.6610718,-79.3949972,104.60,0.00,0.70,12,1,00:10:02,00
901698,-11,24289,36.91,1,1,0.00,0.0,7290,118,-971,-57,980,1,43.6610715,-79.3949977,104.70,0.09,0.69,12,1,00:10:03,00
902005,-7,24289,36.95,1,1,0.00,0.0,7290,134,-969,-51,979,1,43.6610715,-79.3949977,104.70,0.09,0.69,12,1,00:10:03,00
902306,-10,24289,36.90,1,1,0.00,0.0,7290,129,-970,-53,980,1,43.6610715,-79.3949977,104.70,0.09,0.69,12,1,00:10:03,00
902609,-11,24289,36.89,1,1,0.00,0.0,7290,125,-970,-57,980,1,43.6610712,-79.3949975,104.70,0.09,0.69,12,1,00:10:04,00
902972,-17,24289,36.92,1,1,0.00,0.0,7290,129,-972,-48,982,1,43.6610712,-79.3949975,104.70,0.09,0.69,12,1,00:10:04,00
903266,-14,24289,36.92,1,1,0.00,0.0,7290,120,-971,-51,980,1,43.6610712,-79.3949975,104.70,0.09,0.69,12,1,00:10:04,00
903569,-9,24289,36.94,1,1,0.00,0.0,7290,130,-969,-56,980,1,43.6610710,-79.3949973,104.60,0.02,0.69,12,1,00:10:05,00
903872,-11,24289,36.88,1,1,0.00,0.0,7290,134,-969,-55,980,1,43.6610710,-79.3949973,104.60,0.02,0.69,12,1,00:10:05,00
904175,-13,24289,36.85,1,1,0.00,0.0,7290,124,-971,-57,980,1,43.6610710,-79.3949973,104.60,0.02,0.69,12,1,00:10:05,00
904477,-4,24289,36.89,1,1,0.00,0.0,7290,130,-971,-55,981,1,43.6610712,-79.3949975,104.60,0.04,0.69,12,1,00:10:06,00
904783,-11,24289,36.81,1,1,0.00,0.0,7290,130,-969,-54,979,1,43.6610712,-79.3949975,104.70,0.04,0.69,12,1,00:10:06,00
905086,-14,24289,36.82,1,1,0.00,0.0,7290,124,-971,-56,980,1,43.6610712,-79.3949975,104.70,0.04,0.69,12,1,00:10:06,00
905392,-5,24289,36.86,1,1,0.00,0.0,7290,133,-968,-62,979,1,43.6610712,-79.3949975,104.70,0.04,0.69,12,1,00:10:06,00
905699,-14,24289,36.82,1,1,0.00,0.0,7290,128,-970,-54,980,1,43.6610712,-79.3949975,104.70,0.02,0.69,12,1,00:10:07,00
906003,-14,24289,36.79,1,1,0.00,0.0,7290,128,-969,-61,980,1,43.6610712,-79.3949975,104.70,0.02,0.69,12,1,00:10:07,00
906312,-18,24289,36.83,1,1,0.00,0.0,7290,128,-972,-50,981,1,43.6610712,-79.3949975,104.70,0.02,0.69,12,1,00:10:07,00
906618,-11,24289,36.78,1,1,0.00,0.0,7290,129,-970,-53,980,1,43.6610708,-79.3949972,104.70,0.02,0.61,12,1,00:10:08,00
906921,-19,24289,36.79,1,1,0.00,0.0,7290,127,-972,-50,982,1,43.6610708,-79.3949972,104.70,0.02,0.61,12,1,00:10:08,00
907232,-20,24289,36.79,1,1,0.00,0.0,7290,128,-971,-53,981,1,43.6610708,-79.3949972,104.70,0.02,0.61,12,1,00:10:08,00
907539,-16,24289,36.80,1,1,0.00,0.0,7290,129,-971,-56,981,1,43.6610707,-79.3949968,104.80,0.04,0.62,12,1,00:10:09,00
907910,-20,24289,36.81,1,1,0.00,0.0,7290,128,-970,-56,980,1,43.6610707,-79.3949968,104.80,0.04,0.62,12,1,00:10:09,00
908215,-20,24289,36.79,1,1,0.00,0.0,7290,130,-970,-52,980,1,43.6610707,-79.3949968,104.80,0.04,0.62,12,1,00:10:09,00
908522,-14,24289,36.78,1,1,0.00,0.0,7290,128,-972,-53,982,1,43.6610702,-79.3949962,104.80,0.13,0.62,12,1,00:10:10,00
908826,-18,24289,36.79,1,1,0.00,0.0,7290,127,-970,-56,980,1,43.6610702,-79.3949962,104.90,0.13,0.63,12,1,00:10:10,00
909131,-11,24289,36.83,1,1,0.00,0.0,7290,125,-970,-55,979,1,43.6610702,-79.3949962,104.90,0.13,0.63,12,1,00:10:10,00
909434,0,24289,36.79,1,1,0.00,0.0,7290,130,-970,-53,980,1,43.6610702,-79.3949960,104.90,0.02,0.63,12,1,00:10:11,00
909742,-8,24289,36.79,1,1,0.00,0.0,7290,128,-971,-50,981,1,43.6610702,-79.3949960,104.90,0.02,0.61,12,1,00:10:11,00
910048,-18,24289,36.81,1,1,0.00,0.0,7290,128,-970,-54,980,1,43.6610702,-79.3949960,104.90,0.02,0.61,12,1,00:10:11,00
910352,-14,24289,36.83,1,1,0.00,0.0,7290,126,-971,-52,981,1,43.6610702,-79.3949960,104.90,0.02,0.61,12,1,00:10:11,00
910667,-7,24289,36.82,1,1,0.00,0.0,7290,129,-971,-50,980,1,43.6610700,-79.3949955,104.90,0.06,0.63,12,1,00:10:12,00
910975,-14,24289,36.86,1,1,0.00,0.0,7290,126,-970,-56,980,1,43.6610700,-79.3949955,104.90,0.06,0.63,12,1,00:10:12,00
911288,-2,24289,36.84,1,1,0.00,0.0,7290,136,-971,-51,981,1,43.6610700,-79.3949955,104.90,0.06,0.63,12,1,00:10:12,00
911603,0,24289,36.89,1,1,0.00,0.0,7290,130,-970,-52,980,1,43.6610697,-79.3949950,104.80,0.07,0.63,12,1,00:10:13,00
911920,-6,24289,36.85,1,1,0.00,0.0,7290,132,-972,-52,983,1,43.6610697,-79.3949950,104.80,0.07,0.63,12,1,00:10:13,00
912270,-5,24289,36.87,1,1,0.00,0.0,7290,131,-973,-42,983,1,43.6610697,-79.3949950,104.80,0.07,0.63,12,1,00:10:13,00
912561,-14,24289,36.87,1,1,0.00,0.0,7290,124,-970,-54,979,1,43.6610700,-79.3949950,104.70,0.09,0.63,12,1,00:10:14,00
912917,-16,24289,36.85,1,1,0.00,0.0,7290,127,-970,-55,980,1,43.6610700,-79.3949950,104.70,0.09,0.63,12,1,00:10:14,00
913201,-13,24289,36.85,1,1,0.00,0.0,7290,130,-969,-60,980,1,43.6610700,-79.3949950,104.70,0.09,0.63,12,1,00:10:14,00
913484,-6,24289,36.88,1,1,0.00,0.0,7290,125,-969,-56,979,1,43.6610698,-79.3949952,104.70,0.09,0.63,12,1,00:10:15,00
913770,-11,24289,36.87,1,1,0.00,0.0,7290,128,-969,-54,979,1,43.6610698,-79.3949952,104.70,0.09,0.62,12,1,00:10:15,00
914060,-20,24289,36.88,1,1,0.00,0.0,7290,129,-970,-51,980,1,43.6610698,-79.3949952,104.70,0.09,0.62,12,1,00:10:15,00
914347,-16,24289,36.90,1,1,0.00,0.0,7290,123,-976,-30,984,1,43.6610698,-79.3949952,104.70,0.09,0.62,12,1,00:10:15,00
914633,-10,24289,36.89,1,1,0.00,0.0,7290,131,-969,-50,979,1,43.6610702,-79.3949953,104.60,0.09,0.62,12,1,00:10:16,00
914927,-14,24289,36.90,1,1,0.00,0.0,7290,123,-973,-39,982,1,43.6610702,-79.3949953,104.60,0.09,0.62,12,1,00:10:16,00
915225,-17,24289,36.90,1,1,0.00,0.0,7290,129,-971,-55,981,1,43.6610702,-79.3949953,104.60,0.09,0.62,12,1,00:10:16,00
915515,-11,24289,36.89,1,1,0.00,0.0,7290,134,-971,-49,981,1,43.6610703,-79.3949957,104.60,0.06,0.62,12,1,00:10:17,00
915812,-15,24289,36.87,1,1,0.00,0.0,7290,119,-970,-60,979,1,43.6610703,-79.3949957,104.60,0.06,0.62,12,1,00:10:17,00
916104,-18,24289,36.91,1,1,0.00,0.0,7290,134,-968,-55,979,1,43.6610703,-79.3949957,104.60,0.06,0.62,12,1,00:10:17,00
916396,-7,24289,36.89,1,1,0.00,0.0,7290,122,-971,-57,981,1,43.6610703,-79.3949957,104.60,0.06,0.62,12,1,00:10:17,00
916686,-6,24289,36.90,1,1,0.00,0.0,7290,130,-966,-65,977,1,43.6610707,-79.3949957,104.50,0.09,0.62,12,1,00:10:18,00
916983,1,24289,36.85,1,1,0.00,0.0,7290,123,-972,-49,981,1,43.6610707,-79.3949957,104.50,0.09,0.62,12,1,00:10:18,00
917277,0,24289,36.87,1,1,0.00,0.0,7290,123,-970,-53,979,1,43.6610707,-79.3949957,104.50,0.09,0.62,12,1,00:10:18,00
917635,-7,24289,36.88,1,1,0.00,0.0,7290,117,-971,-59,980,1,43.6610710,-79.3949953,104.50,0.02,0.61,12,1,00:10:19,00
917930,-7,24289,36.90,1,1,0.00,0.0,7290,134,-968,-68,979,1,43.6610710,-79.3949953,104.50,0.02,0.61,12,1,00:10:19,00
918220,-9,24289,36.88,1,1,0.00,0.0,7290,133,-966,-63,977,1,43.6610710,-79.3949953,104.50,0.02,0.61,12,1,00:10:19,00
918505,-2,24289,36.88,1,1,0.00,0.0,7290,127,-973,-45,982,1,43.6610708,-79.3949953,104.50,0.09,0.61,12,1,00:10:20,00
918798,-3,24289,36.88,1,1,0.00,0.0,7290,121,-970,-44,978,1,43.6610708,-79.3949953,104.50,0.09,0.61,12,1,00:10:20,00
919104,-5,24289,36.87,1,1,0.00,0.0,7290,128,-973,-52,983,1,43.6610708,-79.3949953,104.50,0.09,0.61,12,1,00:10:20,00
919393,0,24289,36.85,1,1,0.00,0.0,7290,131,-971,-52,981,1,43.6610708,-79.3949953,104.50,0.09,0.61,12,1,00:10:20,00
919685,4,24289,36.84,1,1,0.00,0.0,7290,117,-979,-42,987,1,43.6610707,-79.3949958,104.50,0.04,0.61,12,1,00:10:21,00
919978,-2,24289,36.84,1,1,0.00,0.0,7290,127,-979,-43,988,1,43.6610707,-79.3949958,104.50,0.04,0.61,12,1,00:10:21,00
920273,-2,24289,36.83,1,1,0.00,0.0,7290,134,-963,-81,976,1,43.6610707,-79.3949958,104.50,0.04,0.61,12,1,00:10:21,00
920572,1,24289,36.83,1,1,0.00,0.0,7290,118,-975,-35,982,1,43.6610708,-79.3949963,104.60,0.02,0.63,12,1,00:10:22,00
920867,-2,24289,36.87,1,1,0.00,0.0,7290,124,-974,-45,983,1,43.6610708,-79.3949963,104.60,0.02,0.63,12,1,00:10:22,00
921173,-6,24289,36.85,1,1,0.00,0.0,7290,129,-975,-45,984,1,43.6610708,-79.3949963,104.60,0.02,0.63,12,1,00:10:22,00
921458,9,24289,36.85,1,1,0.00,0.0,7290,137,-969,-53,980,1,43.6610705,-79.3949967,104.60,0.09,0.63,12,1,00:10:23,00
921758,2,24289,36.87,1,1,0.00,0.0,7290,126,-970,-54,980,1,43.6610705,-79.3949967,104.60,0.09,0.61,12,1,00:10:23,00
922059,-4,24289,36.86,1,1,0.00,0.0,7290,121,-972,-50,980,1,43.6610705,-79.3949967,104.60,0.09,0.61,12,1,00:10:23,00
922414,4,24289,36.88,1,1,0.00,0.0,7290,122,-973,-50,982,1,43.6610705,-79.3949967,104.60,0.09,0.61,12,1,00:10:23,00
922706,5,24289,36.86,1,1,0.00,0.0,7290,130,-974,-42,984,1,43.6610705,-79.3949968,104.70,0.07,0.61,12,1,00:10:24,00
922999,7,24289,36.88,1,1,0.00,0.0,7290,126,-971,-55,981,1,43.6610705,-79.3949968,104.70,0.07,0.61,12,1,00:10:24,00
923301,-2,24289,36.85,1,1,0.00,0.0,7290,131,-970,-58,981,1,43.6610705,-79.3949968,104.70,0.07,0.61,12,1,00:10:24,00
923602,3,24289,36.85,1,1,0.00,0.0,7290,126,-969,-69,980,1,43.6610708,-79.3949972,104.70,0.11,0.61,12,1,00:10:25,00
923898,0,24289,36.89,1,1,0.00,0.0,7290,124,-969,-54,978,1,43.6610708,-79.3949972,104.70,0.11,0.61,12,1,00:10:25,00
924197,0,24289,36.87,1,1,0.00,0.0,7290,113,-965,-59,974,1,43.6610708,-79.3949972,104.70,0.11,0.61,12,1,00:10:25,00
924490,3,24289,36.88,1,1,0.00,0.0,7290,126,-972,-26,981,1,43.6610710,-79.3949975,104.70,0.00,0.61,12,1,00:10:26,00
924793,-2,24289,36.87,1,1,0.00,0.0,7290,135,-969,-48,980,1,43.6610710,-79.3949975,104.70,0.00,0.63,12,1,00:10:26,00
925090,-2,24289,36.83,1,1,0.00,0.0,7290,120,-976,-64,985,1,43.6610710,-79.3949975,104.70,0.00,0.63,12,1,00:10:26,00
925399,-2,24289,36.82,1,1,0.00,0.0,7290,139,-963,-49,974,1,43.6610710,-79.3949975,104.70,0.00,0.63,12,1,00:10:26,00
925701,-1,24289,36.82,1,1,0.00,0.0,7290,130,-964,-57,975,1,43.6610712,-79.3949977,104.70,0.07,0.61,12,1,00:10:27,00
926005,4,24289,36.80,1,1,0.00,0.0,7290,135,-974,-56,985,1,43.6610712,-79.3949977,104.70,0.07,0.61,12,1,00:10:27,00
926312,6,24289,36.82,1,1,0.00,0.0,7290,126,-976,-50,985,1,43.6610712,-79.3949977,104.70,0.07,0.61,12,1,00:10:27,00
926616,-9,24289,36.78,1,1,0.00,0.0,7290,142,-962,-67,975,1,43.6610717,-79.3949978,104.70,0.02,0.61,12,1,00:10:28,00
926917,-11,24289,36.76,1,1,0.00,0.0,7290,123,-977,-45,985,1,43.6610717,-79.3949978,104.70,0.02,0.61,12,1,00:10:28,00
927289,-12,24289,36.76,1,1,0.00,0.0,7290,130,-975,-59,986,1,43.6610717,-79.3949978,104.70,0.02,0.61,12,1,00:10:28,00
927594,-12,24289,36.75,1,1,0.00,0.0,7290,127,-974,-59,984,1,43.6610718,-79.3949980,104.70,0.02,0.61,12,1,00:10:29,00
927897,-14,24289,36.73,1,1,0.00,0.0,7290,131,-969,-54,980,1,43.6610718,-79.3949980,104.70,0.02,0.61,12,1,00:10:29,00
928202,-9,24289,36.75,1,1,0.00,0.0,7290,129,-970,-55,980,1,43.6610718,-79.3949980,104.70,0.02,0.61,12,1,00:10:29,00
928502,-3,24289,36.76,1,1,0.00,0.0,7290,126,-971,-52,981,1,43.6610720,-79.3949982,104.70,0.04,0.61,12,1,00:10:30,00
928804,-14,24289,36.72,1,1,0.00,0.0,7290,131,-973,-50,983,1,43.6610720,-79.3949982,104.70,0.04,0.61,12,1,00:10:30,00
929109,-10,24289,36.74,1,1,0.00,0.0,7290,129,-969,-52,979,1,43.6610720,-79.3949982,104.70,0.04,0.61,12,1,00:10:30,00
929407,-3,24289,36.80,1,1,0.00,0.0,7290,127,-969,-52,979,1,43.6610720,-79.3949982,104.70,0.04,0.61,12,1,00:10:30,00
929715,0,24289,36.76,1,1,0.00,0.0,7290,128,-969,-53,979,1,43.6610720,-79.3949983,104.70,0.11,0.63,12,1,00:10:31,00
930023,2,24289,36.79,1,1,0.00,0.0,7290,124,-972,-46,980,1,43.6610720,-79.3949983,104.70,0.11,0.63,12,1,00:10:31,00
930330,6,24289,36.76,1,1,0.00,0.0,7290,126,-971,-47,980,1,43.6610720,-79.3949983,104.70,0.11,0.63,12,1,00:10:31,00
930634,3,24289,36.76,1,1,0.00,0.0,7290,127,-969,-56,979,1,43.6610720,-79.3949983,104.70,0.04,0.61,12,1,00:10:32,00
930940,5,24289,36.78,1,1,0.00,0.0,7290,130,-974,-64,985,1,43.6610720,-79.3949983,104.70,0.04,0.61,12,1,00:10:32,00
931247,-2,24289,36.79,1,1,0.00,0.0,7290,130,-970,-53,980,1,43.6610720,-79.3949983,104.70,0.04,0.61,12,1,00:10:32,00
931557,-4,24289,36.79,1,1,0.00,0.0,7290,131,-971,-55,982,1,43.6610718,-79.3949985,104.70,0.09,0.61,12,1,00:10:33,00
931871,-4,24289,36.79,1,1,0.00,0.0,7290,127,-970,-59,980,1,43.6610718,-79.3949985,104.70,0.09,0.61,12,1,00:10:33,00
932243,-1,24289,36.79,1,1,0.00,0.0,7290,132,-972,-57,982,1,43.6610718,-79.3949985,104.70,0.09,0.61,12,1,00:10:33,00
932552,-3,24289,36.83,1,1,0.00,0.0,7290,130,-972,-54,982,1,43.6610717,-79.3949987,104.70,0.07,0.61,12,1,00:10:34,00
932860,1,24289,36.81,1,1,0.00,0.0,7290,127,-972,-55,982,1,43.6610717,-79.3949987,104.70,0.07,0.61,12,1,00:10:34,00
933170,-1,24289,36.80,1,1,0.00,0.0,7290,127,-971,-50,980,1,43.6610717,-79.3949987,104.70,0.07,0.61,12,1,00:10:34,00
933468,4,24289,36.80,1,1,0.00,0.0,7290,136,-971,-55,982,1,43.6610713,-79.3949983,104.70,0.06,0.61,12,1,00:10:35,00
933774,-2,24289,36.80,1,1,0.00,0.0,7290,125,-969,-61,979,1,43.6610713,-79.3949983,104.60,0.06,0.62,12,1,00:10:35,00
934132,-4,24289,36.78,1,1,0.00,0.0,7290,130,-968,-55,979,1,43.6610713,-79.3949983,104.60,0.06,0.62,12,1,00:10:35,00
934418,9,24289,36.77,1,1,0.00,0.0,7290,129,-970,-56,980,1,43.6610710,-79.3949980,104.60,0.07,0.62,12,1,00:10:36,00
934709,-3,24289,36.79,1,1,0.00,0.0,7290,124,-976,-52,985,1,43.6610710,-79.3949980,104.60,0.07,0.61,12,1,00:10:36,00
934995,-8,24289,36.79,1,1,0.00,0.0,7290,134,-964,-56,975,1,43.6610710,-79.3949980,104.60,0.07,0.61,12,1,00:10:36,00
935288,-3,24289,36.81,1,1,0.00,0.0,7290,127,-971,-58,981,1,43.6610710,-79.3949980,104.60,0.07,0.61,12,1,00:10:36,00
935580,1,24289,36.81,1,1,0.00,0.0,7290,128,-974,-49,983,1,43.6610708,-79.3949985,104.70,0.20,0.69,12,1,00:10:37,00
935871,1,24289,36.79,1,1,0.00,0.0,7290,131,-971,-53,981,1,43.6610708,-79.3949985,104.70,0.20,0.69,12,1,00:10:37,00
936166,-6,24289,36.83,1,1,0.00,0.0,7290,132,-970,-61,981,1,43.6610708,-79.3949985,104.70,0.20,0.69,12,1,00:10:37,00
936453,4,24289,36.78,1,1,0.00,0.0,7290,126,-970,-59,980,1,43.6610703,-79.3949985,104.70,0.22,0.69,12,1,00:10:38,00
936746,-7,24289,36.79,1,1,0.00,0.0,7290,121,-973,-54,982,1,43.6610703,-79.3949985,104.80,0.22,0.62,12,1,00:10:38,00
937102,5,24289,36.78,1,1,0.00,0.0,7290,132,-969,-61,980,1,43.6610703,-79.3949985,104.80,0.22,0.62,12,1,00:10:38,00
937390,-2,24289,36.81,1,1,0.00,0.0,7290,135,-973,-46,984,1,43.6610703,-79.3949985,104.80,0.22,0.62,12,1,00:10:38,00
937675,-8,24289,36.79,1,1,0.00,0.0,7290,129,-969,-55,979,1,43.6610698,-79.3949987,104.80,0.17,0.61,12,1,00:10:39,00
937979,-2,24289,36.73,1,1,0.00,0.0,7290,124,-972,-50,981,1,43.6610698,-79.3949987,104.80,0.17,0.61,12,1,00:10:39,00
938275,-1,24289,36.79,1,1,0.00,0.0,7290,115,-985,-23,992,1,43.6610698,-79.3949987,104.80,0.17,0.61,12,1,00:10:39,00
938567,0,24289,36.81,1,1,0.00,0.0,7290,126,-967,-39,976,1,43.6610693,-79.3949993,104.70,0.30,0.61,12,1,00:10:40,00
938854,-4,24289,36.81,1,1,0.00,0.0,7290,126,-968,-58,978,1,43.6610693,-79.3949993,104.70,0.30,0.61,12,1,00:10:40,00
939147,4,24289,36.79,1,1,0.00,0.0,7290,127,-961,-51,971,1,43.6610693,-79.3949993,104.70,0.30,0.61,12,1,00:10:40,00
939439,13,24289,36.76,1,1,0.00,0.0,7290,128,-970,-63,980,1,43.6610688,-79.3949988,104.70,0.39,0.61,12,1,00:10:41,00
939729,5,24289,36.76,1,1,0.00,0.0,7290,149,-957,-105,974,1,43.6610688,-79.3949988,104.40,0.39,0.62,12,1,00:10:41,00
940021,5,24289,36.71,1,1,0.00,0.0,7290,120,-960,-16,968,1,43.6610688,-79.3949988,104.40,0.39,0.62,12,1,00:10:41,00
940322,5,24289,36.68,1,1,0.00,0.0,7290,123,-968,-43,977,1,43.6610688,-79.3949988,104.40,0.39,0.62,12,1,00:10:41,00
940616,6,24289,36.65,1,1,0.00,0.0,7290,129,-971,-53,981,1,43.6610678,-79.3949990,103.90,0.59,0.61,12,1,00:10:42,00
940911,0,24289,36.59,1,1,0.00,0.0,7290,137,-967,-81,980,1,43.6610678,-79.3949990,103.90,0.59,0.61,12,1,00:10:42,00
941205,4,24289,36.58,1,1,0.00,0.0,7290,121,-975,-50,984,1,43.6610678,-79.3949990,103.90,0.59,0.61,12,1,00:10:42,00
941504,1,24289,36.56,1,1,0.00,0.0,7290,126,-964,-53,974,1,43.6610700,-79.3949998,103.90,1.46,0.61,12,1,00:10:43,00
941862,-13,24289,36.55,1,1,0.00,0.0,7290,132,-967,-62,978,1,43.6610700,-79.3949998,103.40,1.46,0.63,12,1,00:10:43,00
942158,-14,24289,36.54,1,1,0.00,0.0,7290,124,-965,-76,976,1,43.6610700,-79.3949998,103.40,1.46,0.63,12,1,00:10:43,00
942458,4,24289,36.51,1,1,0.00,0.0,7290,133,-966,-62,977,1,43.6610700,-79.3950050,103.40,1.61,0.63,12,1,00:10:44,00
942751,-8,24289,36.52,1,1,0.00,0.0,7290,122,-967,-41,975,1,43.6610700,-79.3950050,102.80,1.61,0.63,12,1,00:10:44,00
943047,-10,24289,36.51,1,1,0.00,0.0,7290,132,-973,-44,983,1,43.6610700,-79.3950050,102.80,1.61,0.63,12,1,00:10:44,00
943347,-6,24289,36.53,1,1,0.00,0.0,7290,122,-964,-75,974,1,43.6610700,-79.3950050,102.80,1.61,0.63,12,1,00:10:44,00
943646,-6,24289,36.52,1,1,0.00,0.0,7290,135,-959,-47,970,1,43.6610657,-79.3950138,102.40,3.04,0.63,12,1,00:10:45,00
943946,-9,24289,36.51,1,1,0.00,0.0,7290,125,-971,-47,980,1,43.6610657,-79.3950138,102.40,3.04,0.63,12,1,00:10:45,00
944245,-7,24289,36.52,1,1,0.00,0.0,7290,105,-977,-79,985,1,43.6610657,-79.3950138,102.40,3.04,0.63,12,1,00:10:45,00
944554,-7,24289,36.51,1,1,0.00,0.0,7290,125,-973,-46,982,1,43.6610652,-79.3950202,101.70,1.41,0.63,12,1,00:10:46,00
944854,-10,24289,36.52,1,1,0.00,0.0,7290,125,-965,-59,975,1,43.6610652,-79.3950202,101.70,1.41,0.63,12,1,00:10:46,00
945162,-8,24289,36.52,1,1,0.00,0.0,7290,238,-977,-41,1006,1,43.6610652,-79.3950202,101.70,1.41,0.63,12,1,00:10:46,00
945466,4,24289,36.54,1,1,0.00,0.0,7290,136,-983,-72,995,1,43.6610663,-79.3950228,101.70,0.81,0.63,12,1,00:10:47,00
945767,-10,24289,36.55,1,1,0.00,0.0,7290,138,-963,-66,975,1,43.6610663,-79.3950228,100.80,0.81,0.90,12,1,00:10:47,00
946075,-5,24289,36.56,1,1,0.00,0.0,7290,131,-966,-56,977,1,43.6610663,-79.3950228,100.80,0.81,0.90,12,1,00:10:47,00
946375,0,24289,36.58,1,1,0.00,0.0,7290,128,-973,-44,982,1,43.6610663,-79.3950228,100.80,0.81,0.90,12,1,00:10:47,00
946744,-3,24289,36.60,1,1,0.00,0.0,7290,140,-967,-56,978,1,43.6610672,-79.3950278,100.60,1.57,0.92,12,1,00:10:48,00
947045,-2,24289,36.61,1,1,0.00,0.0,7290,147,-976,-57,988,1,43.6610672,-79.3950278,100.60,1.57,0.92,12,1,00:10:48,00
947353,6,24289,36.61,1,1,0.00,0.0,7290,139,-962,-66,974,1,43.6610672,-79.3950278,100.60,1.57,0.92,12,1,00:10:48,00
947662,-4,24289,36.60,1,1,0.00,0.0,7290,133,-974,-41,984,1,43.6610675,-79.3950275,100.00,0.04,0.90,12,1,00:10:49,00
947961,-3,24289,36.63,1,1,0.00,0.0,7290,101,-966,-84,975,1,43.6610675,-79.3950275,100.00,0.04,0.90,12,1,00:10:49,00
948260,-6,24289,36.63,1,1,0.00,0.0,7290,96,-979,-56,985,1,43.6610675,-79.3950275,100.00,0.04,0.90,12,1,00:10:49,00
948560,-8,24289,36.63,1,1,0.00,0.0,7290,123,-953,-48,962,1,43.6610683,-79.3950282,100.30,0.91,0.90,12,1,00:10:50,00
948869,-2,24289,36.63,1,1,0.00,0.0,7291,126,-984,-80,995,1,43.6610683,-79.3950282,100.30,0.91,0.90,12,1,00:10:50,00
949170,-5,24289,36.64,1,1,0.00,0.0,7291,84,-995,49,1000,1,43.6610683,-79.3950282,100.30,0.91,0.90,12,1,00:10:50,00
949464,5,24289,36.65,1,1,0.00,0.0,7291,159,-957,-109,976,1,43.6610658,-79.3950160,100.30,3.78,0.90,12,1,00:10:51,00
949774,-21,24289,36.67,1,1,0.44,4.6,7292,89,-996,-20,1000,1,43.6610658,-79.3950160,98.70,3.78,0.92,12,1,00:10:51,00
950087,-16,24289,36.67,1,1,0.44,4.6,7292,137,-960,-71,972,1,43.6610658,-79.3950160,98.70,3.78,0.92,12,1,00:10:51,00
950386,-13,24289,36.70,1,1,0.44,4.6,7292,123,-964,-38,973,1,43.6610658,-79.3950160,98.70,3.78,0.92,12,1,00:10:51,00
950692,-23,24289,36.69,1,1,0.44,4.6,7292,142,-970,-63,982,1,43.6610705,-79.3950083,99.20,1.07,0.92,12,1,00:10:52,00
951003,-14,24289,36.69,1,1,0.44,4.6,7292,139,-961,-40,971,1,43.6610705,-79.3950083,99.20,1.07,0.92,12,1,00:10:52,00
951312,-19,24289,36.71,1,1,0.44,4.6,7292,143,-954,-114,972,1,43.6610705,-79.3950083,99.20,1.07,0.92,12,1,00:10:52,00
951677,-22,24289,36.72,1,1,0.44,4.6,7292,143,-968,-54,980,1,43.6610805,-79.3950063,100.20,3.37,0.85,12,1,00:10:53,00
951981,-14,24289,36.74,1,1,0.00,0.0,7292,132,-970,-53,981,1,43.6610805,-79.3950063,100.20,3.37,0.85,12,1,00:10:53,00
952281,-15,24289,36.73,1,1,0.00,0.0,7292,116,-961,-52,970,1,43.6610805,-79.3950063,100.20,3.37,0.85,12,1,00:10:53,00
952587,-16,24289,36.75,1,1,0.00,0.0,7292,125,-977,-52,987,1,43.6610895,-79.3950133,100.30,4.41,0.85,12,1,00:10:54,00
952896,-18,24289,36.76,1,1,0.00,0.0,7292,139,-974,-55,985,1,43.6610895,-79.3950133,100.30,4.41,0.85,12,1,00:10:54,00
953207,-18,24289,36.77,1,1,0.00,0.0,7292,137,-961,-58,972,1,43.6610895,-79.3950133,100.30,4.41,0.85,12,1,00:10:54,00
953513,-12,24289,36.75,1,1,0.00,0.0,7292,150,-956,-90,972,1,43.6610972,-79.3950147,100.30,2.93,0.85,12,1,00:10:55,00
953827,-13,24289,36.76,1,1,0.00,0.0,7292,123,-975,-34,983,1,43.6610972,-79.3950147,99.90,2.93,0.85,12,1,00:10:55,00
954138,-23,24289,36.78,1,1,0.00,0.0,7292,131,-969,-52,979,1,43.6610972,-79.3950147,99.90,2.93,0.85,12,1,00:10:55,00
954443,-6,24289,36.77,1,1,0.00,0.0,7292,135,-964,-54,974,1,43.6610990,-79.3950238,99.90,2.82,0.85,12,1,00:10:56,00
954752,-18,24289,36.78,1,1,0.00,0.0,7292,127,-973,-57,983,1,43.6610990,-79.3950238,101.50,2.82,0.82,12,1,00:10:56,00
955061,-20,24289,36.79,1,1,0.00,0.0,7292,127,-971,-51,981,1,43.6610990,-79.3950238,101.50,2.82,0.82,12,1,00:10:56,00
955376,-9,24289,36.79,1,1,0.00,0.0,7292,135,-969,-61,981,1,43.6610990,-79.3950238,101.50,2.82,0.82,12,1,00:10:56,00
955724,-13,24289,36.79,1,1,0.00,0.0,7292,128,-972,-56,982,1,43.6611033,-79.3950282,101.80,2.78,0.82,12,1,00:10:57,00
956012,-22,24289,36.78,1,1,0.00,0.0,7292,131,-971,-56,982,1,43.6611033,-79.3950282,101.80,2.78,0.82,12,1,00:10:57,00
956301,-23,24289,36.79,1,1,0.00,0.0,7292,133,-968,-55,979,1,43.6611033,-79.3950282,101.80,2.78,0.82,12,1,00:10:57,00
956658,-22,24289,36.82,1,1,0.00,0.0,7292,124,-972,-57,981,1,43.6611062,-79.3950222,101.90,2.00,0.86,12,1,00:10:58,00
956946,-23,24289,36.81,1,1,0.00,0.0,7292,120,-972,-60,981,1,43.6611062,-79.3950222,101.90,2.00,0.86,12,1,00:10:58,00
957230,-18,24289,36.81,1,1,0.00,0.0,7292,125,-971,-57,981,1,43.6611062,-79.3950222,101.90,2.00,0.86,12,1,00:10:58,00
957525,0,24289,36.79,1,1,0.00,0.0,7292,124,-970,-57,980,1,43.6611080,-79.3950215,101.90,0.59,0.86,12,1,00:10:59,00
957820,2,24289,36.81,1,1,0.00,0.0,7292,123,-973,-61,983,1,43.6611080,-79.3950215,102.50,0.59,0.74,12,1,00:10:59,00
958108,-4,24289,36.81,1,1,0.00,0.0,7292,117,-974,-48,982,1,43.6611080,-79.3950215,102.50,0.59,0.74,12,1,00:10:59,00
958395,-7,24289,36.80,1,1,0.00,0.0,7293,131,-976,-65,987,1,43.6611080,-79.3950215,102.50,0.59,0.74,12,1,00:10:59,00
958688,-2,24289,36.81,1,1,0.00,0.0,7293,119,-966,-53,975,1,43.6611080,-79.3950175,102.90,0.94,0.70,12,1,00:11:00,00
958981,-1,24289,36.82,1,1,0.00,0.0,7293,126,-975,-69,986,1,43.6611080,-79.3950175,102.90,0.94,0.70,12,1,00:11:00,00
959277,-4,24289,36.83,1,1,0.64,6.7,7294,121,-969,-70,979,1,43.6611080,-79.3950175,102.90,0.94,0.70,12,1,00:11:00,00
959575,-9,24289,36.82,1,1,0.64,6.7,7294,131,-971,-55,982,1,43.6611058,-79.3950163,103.30,0.94,0.70,12,1,00:11:01,00
959871,-2,24289,36.82,1,1,0.81,8.4,7295,132,-965,-63,976,1,43.6611058,-79.3950163,103.30,0.94,0.70,12,1,00:11:01,00
960164,-11,24289,36.83,1,1,0.81,8.4,7295,128,-976,-59,986,1,43.6611058,-79.3950163,103.30,0.94,0.70,12,1,00:11:01,00
960458,9,24289,36.83,1,1,0.90,9.4,7296,127,-972,-47,982,1,43.6611053,-79.3950188,103.30,1.41,0.70,12,1,00:11:02,00
960754,77,24289,36.83,1,1,0.92,9.7,7297,135,-961,-68,973,1,43.6611053,-79.3950188,103.50,1.41,0.70,12,1,00:11:02,00
961051,1534,24289,36.81,1,1,0.92,9.7,7297,116,-972,-67,981,1,43.6611053,-79.3950188,103.50,1.41,0.70,12,1,00:11:02,00
961404,4798,24289,36.86,1,1,0.97,10.2,7298,114,-962,-78,971,1,43.6611053,-79.3950188,103.50,1.41,0.70,12,1,00:11:02,00
961701,-5,24289,36.83,1,1,1.15,12.0,7299,135,-976,-74,988,1,43.6611093,-79.3950182,104.10,3.19,0.70,12,1,00:11:03,00
961992,-16,24289,36.84,1,1,1.52,15.9,7300,127,-978,-48,987,1,43.6611093,-79.3950182,104.10,3.19,0.70,12,1,00:11:03,00
962284,-15,24289,36.84,1,1,1.52,15.9,7300,139,-963,-61,974,1,43.6611093,-79.3950182,104.10,3.19,0.70,12,1,00:11:03,00
962581,46,24289,36.83,1,1,1.34,14.0,7301,127,-1002,-61,1012,1,43.6611082,-79.3950188,104.20,0.67,0.72,12,1,00:11:04,00
962878,552,24289,36.81,1,1,1.32,13.8,7302,120,-955,-67,964,1,43.6611082,-79.3950188,104.20,0.67,0.72,12,1,00:11:04,00
963171,846,24289,36.84,1,1,1.41,14.7,7303,124,-978,-72,988,1,43.6611082,-79.3950188,104.20,0.67,0.72,12,1,00:11:04,00
963472,2728,24289,36.81,1,1,1.59,16.6,7304,99,-977,-66,985,1,43.6611075,-79.3950183,104.20,1.43,0.72,12,1,00:11:05,00
963769,4408,24289,36.83,1,1,1.77,18.5,7305,106,-971,-86,980,1,43.6611075,-79.3950183,103.30,1.43,0.84,12,1,00:11:05,00
964069,4689,24289,36.81,1,1,2.14,22.3,7307,129,-977,-97,990,1,43.6611075,-79.3950183,103.30,1.43,0.84,12,1,00:11:05,00
964375,4726,24289,36.85,1,1,2.51,26.2,7308,103,-970,-90,980,1,43.6611075,-79.3950183,103.30,1.43,0.84,12,1,00:11:05,00
964676,4663,24289,36.82,1,1,2.75,28.7,7310,112,-961,-66,970,1,43.6611103,-79.3950062,102.60,4.82,0.84,12,1,00:11:06,00
964972,5107,24289,36.83,1,1,2.81,29.4,7312,130,-979,-75,991,1,43.6611103,-79.3950062,102.60,4.82,0.84,12,1,00:11:06,00
965270,8326,24289,36.83,1,1,3.92,40.9,7314,90,-1005,-64,1011,1,43.6611103,-79.3950062,102.60,4.82,0.84,12,1,00:11:06,00
965579,12277,24289,36.85,1,1,3.80,39.7,7317,123,-985,-100,998,1,43.6611158,-79.3949985,102.40,2.54,0.87,12,1,00:11:07,00
965886,17820,24289,36.83,1,1,4.37,45.6,7320,120,-953,-133,970,1,43.6611158,-79.3949985,102.40,2.54,0.87,12,1,00:11:07,00
966247,22432,24289,36.79,1,1,3.79,39.6,7323,97,-965,-160,983,1,43.6611158,-79.3949985,102.40,2.54,0.87,12,1,00:11:07,00
966545,24439,24289,36.84,1,1,5.76,60.2,7326,49,-964,-52,966,1,43.6611172,-79.3949848,103.00,5.02,0.70,12,1,00:11:08,00
966842,24520,24289,36.81,1,1,6.48,67.7,7330,142,-935,-185,964,1,43.6611172,-79.3949848,103.00,5.02,0.70,12,1,00:11:08,00
967140,24520,24289,36.78,1,1,5.84,60.9,7334,99,-995,-71,1002,1,43.6611172,-79.3949848,103.00,5.02,0.70,12,1,00:11:08,00
967434,24520,24289,36.82,1,1,6.49,67.8,7338,149,-1008,-149,1030,1,43.6611187,-79.3949700,103.00,4.35,0.70,12,1,00:11:09,00
967737,24444,24289,36.81,1,1,8.84,92.3,7344,87,-895,-183,917,1,43.6611187,-79.3949700,103.70,4.35,0.70,12,1,00:11:09,00
968045,24314,24289,36.80,1,1,8.06,84.2,7349,74,-1023,-129,1033,1,43.6611187,-79.3949700,103.70,4.35,0.70,12,1,00:11:09,00
968355,24348,24289,36.83,1,1,8.84,92.3,7355,124,-990,-158,1010,1,43.6611187,-79.3949700,103.70,4.35,0.70,12,1,00:11:09,00
968662,23926,24289,36.81,1,1,9.42,98.4,7361,36,-1032,-20,1033,1,43.6611268,-79.3949490,101.80,8.82,0.70,12,1,00:11:10,00
968962,21477,24289,36.79,1,1,9.94,103.8,7367,126,-714,-81,729,1,43.6611268,-79.3949490,101.80,8.82,0.70,12,1,00:11:10,00
969269,20549,24289,36.82,1,1,10.71,111.8,7374,46,-1008,-128,1017,1,43.6611268,-79.3949490,101.80,8.82,0.70,12,1,00:11:10,00
969569,20497,24289,36.81,1,1,11.10,115.9,7381,108,-1057,-52,1064,1,43.6611438,-79.3949108,103.20,13.98,0.76,12,1,00:11:11,00
969873,19733,24289,36.80,1,1,11.56,120.7,7388,65,-836,-122,848,1,43.6611438,-79.3949108,103.20,13.98,0.76,12,1,00:11:11,00
970185,16251,24289,36.81,1,1,12.20,127.4,7396,98,-909,-174,930,1,43.6611438,-79.3949108,103.20,13.98,0.76,12,1,00:11:11,00
970485,15444,24289,36.79,1,1,12.56,131.1,7404,113,-976,-89,987,1,43.6611567,-79.3948698,103.20,12.67,0.76,12,1,00:11:12,00
970791,14337,24289,36.76,1,1,12.90,134.7,7412,119,-989,-288,1037,1,43.6611567,-79.3948698,103.20,12.67,0.68,12,1,00:11:12,00
971159,13693,24289,36.79,1,1,12.40,129.5,7422,194,-826,-156,862,1,43.6611567,-79.3948698,103.20,12.67,0.68,12,1,00:11:12,00
971457,13777,24289,36.79,1,1,13.44,140.3,7430,114,-940,-209,970,1,43.6611722,-79.3948133,103.20,18.00,0.68,12,1,00:11:13,00
971758,13405,24289,36.79,1,1,13.90,145.2,7439,68,-1020,-113,1028,1,43.6611722,-79.3948133,103.70,18.00,0.68,12,1,00:11:13,00
972061,9856,24289,36.79,1,1,14.08,147.1,7448,91,-966,-3,970,1,43.6611722,-79.3948133,103.70,18.00,0.68,12,1,00:11:13,00
972373,10116,24289,36.84,1,1,14.36,150.0,7457,195,-1033,-61,1053,1,43.6611722,-79.3948133,103.70,18.00,0.68,12,1,00:11:13,00
972686,2790,24289,36.78,1,1,14.78,154.3,7467,96,-1001,-314,1054,1,43.6611915,-79.3947595,105.30,15.50,0.69,12,1,00:11:14,00
972990,5590,24289,36.77,1,1,13.07,136.5,7475,271,-887,-137,937,1,43.6611915,-79.3947595,105.30,15.50,0.69,12,1,00:11:14,00
973294,9766,24289,36.79,1,1,14.96,156.3,7485,116,-1116,-94,1126,1,43.6611915,-79.3947595,105.30,15.50,0.69,12,1,00:11:14,00
973598,10241,24289,36.78,1,1,13.35,139.4,7493,43,-859,-12,860,1,43.6612188,-79.3947132,106.00,17.32,0.69,12,1,00:11:15,00
973908,9992,24289,36.75,1,1,15.44,161.3,7503,151,-774,53,791,1,43.6612188,-79.3947132,106.00,17.32,0.69,12,1,00:11:15,00
974215,8098,24289,36.75,1,1,15.65,163.4,7513,191,-983,-153,1013,1,43.6612188,-79.3947132,106.00,17.32,0.69,12,1,00:11:15,00
974531,5844,24289,36.78,1,1,14.42,150.6,7523,161,-964,-244,1007,1,43.6612448,-79.3946688,107.00,15.83,0.69,12,1,00:11:16,00
974846,9697,24289,36.79,1,1,15.60,162.9,7533,116,-862,-112,876,1,43.6612448,-79.3946688,107.00,15.83,0.69,12,1,00:11:16,00
975157,14157,24289,36.79,1,1,15.65,163.4,7543,133,-904,-229,942,1,43.6612448,-79.3946688,107.00,15.83,0.69,12,1,00:11:16,00
975460,10472,24289,36.79,1,1,14.04,146.6,7552,160,-820,-149,849,1,43.6612697,-79.3946218,107.00,16.26,0.69,12,1,00:11:17,00
975768,5346,24289,36.80,1,1,15.70,163.9,7562,113,-994,-18,1001,1,43.6612697,-79.3946218,107.90,16.26,0.69,12,1,00:11:17,00
976144,92,24289,36.80,1,1,14.58,152.3,7574,64,-937,-37,940,1,43.6612697,-79.3946218,107.90,16.26,0.69,12,1,00:11:17,00
976440,4,24289,36.82,1,1,14.76,154.1,7583,286,-895,-383,1014,1,43.6612975,-79.3945693,107.90,19.21,0.69,12,1,00:11:18,00
976755,9,24289,36.82,1,1,14.51,151.5,7592,86,-1033,-136,1045,1,43.6612975,-79.3945693,108.90,19.21,0.69,12,1,00:11:18,00
977067,61,24289,36.85,1,1,14.29,149.3,7602,96,-951,-29,956,1,43.6612975,-79.3945693,108.90,19.21,0.69,12,1,00:11:18,00
977370,176,24289,36.87,1,1,13.73,143.4,7610,176,-731,-130,763,1,43.6612975,-79.3945693,108.90,19.21,0.69,12,1,00:11:18,00
977719,165,24289,36.86,1,1,12.38,129.3,7619,144,-864,-108,883,1,43.6613305,-79.3945253,110.30,18.11,0.69,12,1,00:11:19,00
978004,0,24289,36.87,1,1,13.16,137.5,7627,63,-1090,-214,1112,1,43.6613305,-79.3945253,110.30,18.11,0.69,12,1,00:11:19,00
978293,-88,24289,36.86,1,1,12.90,134.7,7635,167,-706,40,727,1,43.6613305,-79.3945253,110.30,18.11,0.69,12,1,00:11:19,00
978582,-58,24289,36.86,1,1,12.81,133.8,7643,135,-1062,-122,1077,1,43.6613527,-79.3945005,111.30,10.33,0.69,12,1,00:11:20,00
978884,-87,24289,36.85,1,1,12.73,132.9,7651,210,-1004,-126,1034,1,43.6613527,-79.3945005,111.30,10.33,0.69,12,1,00:11:20,00
979173,-79,24289,36.87,1,1,12.46,130.1,7658,149,-862,-81,878,1,43.6613527,-79.3945005,111.30,10.33,0.69,12,1,00:11:20,00
979452,269,24289,36.90,1,1,12.60,131.6,7666,166,-852,-109,875,1,43.6613752,-79.3944747,111.30,13.08,0.69,12,1,00:11:21,00
979740,341,24289,36.87,1,1,12.32,128.7,7673,222,-1012,-238,1063,1,43.6613752,-79.3944747,111.40,13.08,0.73,12,1,00:11:21,00
980034,1224,24289,36.87,1,1,12.52,130.7,7681,125,-1077,-46,1085,1,43.6613752,-79.3944747,111.40,13.08,0.73,12,1,00:11:21,00
980323,2415,24289,36.88,1,1,12.28,128.2,7688,124,-990,-8,998,1,43.6613752,-79.3944747,111.40,13.08,0.73,12,1,00:11:21,00
980619,5364,24289,36.88,1,1,12.56,131.1,7696,181,-950,-141,977,1,43.6614013,-79.3944575,112.40,12.30,0.71,12,1,00:11:22,00
980984,11724,24289,36.87,1,1,10.32,107.8,7704,97,-1013,-12,1018,1,43.6614013,-79.3944575,112.40,12.30,0.71,12,1,00:11:22,00
981270,16803,24289,36.88,1,1,12.65,132.1,7711,63,-973,-104,981,1,43.6614013,-79.3944575,112.40,12.30,0.71,12,1,00:11:22,00
981561,19625,24289,36.87,1,1,13.30,138.9,7719,-33,-1150,42,1151,1,43.6614252,-79.3944413,113.70,10.95,0.71,12,1,00:11:23,00
981851,22295,24289,36.87,1,1,12.32,128.6,7727,96,-833,-96,844,1,43.6614252,-79.3944413,113.70,10.95,0.71,12,1,00:11:23,00
982141,22141,24289,36.88,1,1,14.13,147.6,7735,23,-1088,-74,1091,1,43.6614252,-79.3944413,113.70,10.95,0.71,12,1,00:11:23,00
982423,21187,24289,36.90,1,1,14.66,153.1,7744,150,-807,-127,830,1,43.6614505,-79.3944253,113.70,12.26,0.71,12,1,00:11:24,00
982718,23459,24289,36.92,1,1,13.30,138.9,7752,-7,-772,-127,782,1,43.6614505,-79.3944253,113.70,12.26,0.71,12,1,00:11:24,00
983014,24520,24289,36.93,1,1,15.54,162.3,7762,59,-669,-8,672,1,43.6614505,-79.3944253,113.70,12.26,0.71,12,1,00:11:24,00
983308,24520,24289,36.94,1,1,16.07,167.8,7772,93,-947,162,965,1,43.6614505,-79.3944253,113.70,12.26,0.71,12,1,00:11:24,00
983599,24520,24289,36.90,1,1,16.45,171.8,7782,76,-1035,-136,1046,1,43.6614768,-79.3944080,114.70,12.09,0.71,12,1,00:11:25,00
983893,24520,24289,36.90,1,1,16.80,175.4,7792,-1,-1128,-130,1135,1,43.6614768,-79.3944080,114.70,12.09,0.71,12,1,00:11:25,00
984187,24520,24289,36.90,1,1,15.28,159.6,7801,112,-911,-69,920,1,43.6614768,-79.3944080,114.70,12.09,0.71,12,1,00:11:25,00
984470,24520,24289,36.88,1,1,17.61,183.9,7812,164,-1154,-537,1283,1,43.6615260,-79.3944007,114.70,21.58,0.71,12,1,00:11:26,00
984770,24520,24289,36.91,1,1,17.73,185.2,7823,-51,-1031,27,1032,1,43.6615260,-79.3944007,117.00,21.58,0.83,12,1,00:11:26,00
985071,24520,24289,36.96,1,1,17.91,187.1,7834,212,-904,-353,993,1,43.6615260,-79.3944007,117.00,21.58,0.83,12,1,00:11:26,00
985366,24520,24289,36.95,1,1,17.79,185.8,7845,110,-962,-67,970,1,43.6615260,-79.3944007,117.00,21.58,0.83,12,1,00:11:26,00
985730,24520,24289,36.94,1,1,14.20,148.2,7856,-11,-1310,20,1310,1,43.6615585,-79.3943880,117.60,13.46,0.83,12,1,00:11:27,00
986019,24508,24289,36.97,1,1,17.73,185.2,7867,241,-909,-89,945,1,43.6615585,-79.3943880,117.60,13.46,0.83,12,1,00:11:27,00
986314,24520,24289,36.97,1,1,16.12,168.4,7877,-40,-977,-47,979,1,43.6615585,-79.3943880,117.60,13.46,0.83,12,1,00:11:27,00
986612,24520,24289,37.00,1,1,16.12,168.4,7887,239,-792,-45,829,1,43.6615940,-79.3943693,120.70,15.20,0.86,12,1,00:11:28,00
986906,24520,24289,36.99,1,1,15.84,165.4,7896,136,-769,-134,792,1,43.6615940,-79.3943693,120.70,15.20,0.86,12,1,00:11:28,00
987207,24520,24289,36.97,1,1,16.72,174.6,7907,92,-899,-158,917,1,43.6615940,-79.3943693,120.70,15.20,0.86,12,1,00:11:28,00
987501,24520,24289,36.99,1,1,18.29,191.0,7918,109,-842,-122,858,1,43.6616110,-79.3943457,120.70,10.17,0.86,12,1,00:11:29,00
987799,24513,24289,37.03,1,1,17.10,178.6,7929,143,-946,-268,993,1,43.6616110,-79.3943457,119.60,10.17,0.80,12,1,00:11:29,00
988097,24493,24289,37.04,1,1,18.74,195.7,7940,41,-1115,-257,1145,1,43.6616110,-79.3943457,119.60,10.17,0.80,12,1,00:11:29,00
988379,24084,24289,37.05,1,1,19.15,200.0,7952,-23,-1096,-75,1099,1,43.6616110,-79.3943457,119.60,10.17,0.80,12,1,00:11:29,00
988681,24065,24289,37.07,1,1,17.67,184.6,7963,242,-898,-217,955,1,43.6616393,-79.3943232,119.60,13.48,0.68,12,1,00:11:30,00
988975,20213,24289,37.07,1,1,17.91,187.1,7974,34,-1199,-99,1203,1,43.6616393,-79.3943232,119.60,13.48,0.68,12,1,00:11:30,00
989284,7963,24289,37.05,1,1,18.24,190.5,7986,149,-1068,-135,1086,1,43.6616393,-79.3943232,119.60,13.48,0.68,12,1,00:11:30,00
989588,1329,24289,37.05,1,1,17.91,187.1,7997,270,-958,-204,1016,1,43.6616738,-79.3942833,117.10,19.30,0.72,12,1,00:11:31,00
989886,-495,24289,37.08,1,1,17.56,183.3,8008,231,-928,-105,962,1,43.6616738,-79.3942833,117.10,19.30,0.72,12,1,00:11:31,00
990188,-467,24289,37.12,1,1,17.27,180.3,8019,134,-1088,-202,1114,1,43.6616738,-79.3942833,117.10,19.30,0.72,12,1,00:11:31,00
990551,-431,24289,37.13,1,1,16.00,167.1,8031,182,-717,-122,750,1,43.6617148,-79.3942715,116.20,18.41,0.68,12,1,00:11:32,00
990855,-401,24289,37.15,1,1,16.72,174.6,8042,42,-1028,74,1032,1,43.6617148,-79.3942715,116.20,18.41,0.68,12,1,00:11:32,00
991156,-359,24289,37.19,1,1,16.12,168.4,8052,305,-893,68,946,1,43.6617148,-79.3942715,116.20,18.41,0.68,12,1,00:11:32,00
991445,-323,24289,37.21,1,1,15.91,166.1,8062,33,-1215,-62,1217,1,43.6617540,-79.3942640,116.20,16.98,0.68,12,1,00:11:33,00
991751,-320,24289,37.24,1,1,16.98,177.3,8072,165,-1070,-129,1090,1,43.6617540,-79.3942640,113.50,16.98,0.68,12,1,00:11:33,00
992050,-283,24289,37.25,1,1,15.35,160.3,8082,88,-865,36,871,1,43.6617540,-79.3942640,113.50,16.98,0.68,12,1,00:11:33,00
992353,-257,24289,37.30,1,1,16.45,171.8,8092,34,-987,-75,990,1,43.6617540,-79.3942640,113.50,16.98,0.68,12,1,00:11:33,00
992658,-231,24289,37.34,1,1,14.61,152.5,8101,99,-1079,-103,1089,1,43.6617945,-79.3942665,112.90,16.00,0.75,12,1,00:11:34,00
992963,-229,24289,37.33,1,1,14.64,152.9,8111,163,-678,45,699,1,43.6617945,-79.3942665,112.90,16.00,0.75,12,1,00:11:34,00
993272,-206,24289,37.34,1,1,15.70,163.9,8121,37,-1280,-37,1281,1,43.6617945,-79.3942665,112.90,16.00,0.75,12,1,00:11:34,00
993581,-201,24289,37.39,1,1,15.44,161.3,8131,98,-908,107,920,1,43.6618375,-79.3942690,112.60,16.76,0.78,12,1,00:11:35,00
993886,-180,24289,37.44,1,1,14.91,155.7,8140,221,-975,-129,1008,1,43.6618375,-79.3942690,112.60,16.76,0.78,12,1,00:11:35,00
994193,-175,24289,37.47,1,1,14.82,154.8,8150,160,-1031,-180,1059,1,43.6618375,-79.3942690,112.60,16.76,0.78,12,1,00:11:35,00
994502,-163,24289,37.50,1,1,14.36,150.0,8159,113,-934,-152,953,1,43.6618805,-79.3942660,112.60,16.61,0.78,12,1,00:11:36,00
994805,-170,24289,37.54,1,1,14.04,146.6,8168,217,-882,-140,919,1,43.6618805,-79.3942660,112.20,16.61,0.75,12,1,00:11:36,00
995116,-160,24289,37.55,1,1,13.77,143.8,8177,227,-877,-133,916,1,43.6618805,-79.3942660,112.20,16.61,0.75,12,1,00:11:36,00
995487,-141,24289,37.60,1,1,12.44,129.9,8187,92,-1082,-86,1089,1,43.6619182,-79.3942633,112.20,13.72,0.75,12,1,00:11:37,00
995795,-150,24289,37.63,1,1,12.90,134.7,8195,187,-877,-195,918,1,43.6619182,-79.3942633,113.20,13.72,0.70,12,1,00:11:37,00
996101,-140,24289,37.65,1,1,12.68,132.5,8203,109,-932,-25,939,1,43.6619182,-79.3942633,113.20,13.72,0.70,12,1,00:11:37,00
996408,-129,24289,37.67,1,1,12.36,129.0,8211,196,-859,-111,889,1,43.6619588,-79.3942645,113.20,16.22,0.70,12,1,00:11:38,00
996712,-136,24289,37.70,1,1,11.97,125.0,8218,46,-1152,83,1156,1,43.6619588,-79.3942645,112.80,16.22,0.73,12,1,00:11:38,00
997023,-130,24289,37.74,1,1,11.90,124.2,8226,154,-1029,-59,1042,1,43.6619588,-79.3942645,112.80,16.22,0.73,12,1,00:11:38,00
997333,-46,24289,37.75,1,1,11.40,119.0,8233,140,-1002,-59,1013,1,43.6619588,-79.3942645,112.80,16.22,0.73,12,1,00:11:38,00
997641,93,24289,37.75,1,1,11.27,117.6,8241,116,-1122,-139,1137,1,43.6619917,-79.3942745,112.70,12.19,0.70,12,1,00:11:39,00
997957,281,24289,37.80,1,1,10.85,113.3,8248,96,-876,-77,884,1,43.6619917,-79.3942745,112.70,12.19,0.70,12,1,00:11:39,00
998270,1259,24289,37.84,1,1,10.57,110.4,8255,141,-977,-144,997,1,43.6619917,-79.3942745,112.70,12.19,0.70,12,1,00:11:39,00
998581,3441,24289,37.85,1,1,10.19,106.4,8261,94,-945,31,951,1,43.6620225,-79.3942867,112.80,11.95,0.70,12,1,00:11:40,00
998895,6702,24289,37.87,1,1,10.28,107.4,8268,105,-1055,-136,1068,1,43.6620225,-79.3942867,112.80,11.95,0.70,12,1,00:11:40,00
999205,14022,24289,37.91,1,1,10.25,107.0,8275,67,-952,40,955,1,43.6620225,-79.3942867,112.80,11.95,0.70,12,1,00:11:40,00
999560,19418,24289,37.93,1,1,8.87,92.6,8281,97,-1079,-176,1098,1,43.6620545,-79.3943003,112.50,12.26,0.70,12,1,00:11:41,00
999852,22361,24289,38.00,1,1,10.54,110.1,8288,68,-936,15,939,1,43.6620545,-79.3943003,112.50,12.26,0.70,12,1,00:11:41,00
1000147,24149,24289,38.01,1,1,10.48,109.5,8294,53,-912,-253,948,1,43.6620545,-79.3943003,112.50,12.26,0.70,12,1,00:11:41,00
1000492,23540,24289,38.05,1,1,10.05,105.0,8302,47,-992,-47,994,1,43.6620845,-79.3943123,112.50,11.91,0.70,12,1,00:11:42,00
1000781,22732,24289,38.08,1,1,11.09,115.8,8308,68,-1007,-166,1023,1,43.6620845,-79.3943123,111.90,11.91,0.70,12,1,00:11:42,00
1001073,21366,24289,38.10,1,1,11.52,120.3,8315,70,-1010,109,1018,1,43.6620845,-79.3943123,111.90,11.91,0.70,12,1,00:11:42,00
1001362,22359,24289,38.12,1,1,11.72,122.4,8322,91,-1014,-135,1027,1,43.6620845,-79.3943123,111.90,11.91,0.70,12,1,00:11:42,00
1001651,21424,24289,38.14,1,1,12.20,127.4,8330,149,-940,-34,952,1,43.6621150,-79.3943282,111.00,13.43,0.75,12,1,00:11:43,00
1001942,12043,24289,38.17,1,1,12.23,127.7,8337,111,-1049,-152,1066,1,43.6621150,-79.3943282,111.00,13.43,0.75,12,1,00:11:43,00
1002238,263,24289,38.16,1,1,12.44,129.9,8345,172,-909,-93,930,1,43.6621150,-79.3943282,111.00,13.43,0.75,12,1,00:11:43,00
1002528,-89,24289,38.22,1,1,12.06,125.9,8352,153,-982,-92,998,1,43.6621397,-79.3943497,111.00,10.33,0.75,12,1,00:11:44,00
1002829,-126,24289,38.23,1,1,12.04,125.8,8360,144,-883,-137,905,1,43.6621397,-79.3943497,111.40,10.33,0.70,12,1,00:11:44,00
1003129,-245,24289,38.26,1,1,11.64,121.5,8367,106,-1012,-88,1021,1,43.6621397,-79.3943497,111.40,10.33,0.70,12,1,00:11:44,00
1003405,-228,24289,38.28,1,1,11.48,119.9,8374,159,-938,-17,951,1,43.6621397,-79.3943497,111.40,10.33,0.70,12,1,00:11:44,00
1003698,-227,24289,38.30,1,1,11.40,119.0,8381,148,-963,-129,983,1,43.6621683,-79.3943633,111.50,12.39,0.70,12,1,00:11:45,00
1003991,-217,24289,38.32,1,1,11.05,115.4,8387,165,-946,-23,960,1,43.6621683,-79.3943633,111.50,12.39,0.70,12,1,00:11:45,00
1004290,-194,24289,38.36,1,1,11.17,116.7,8394,98,-966,6,971,1,43.6621683,-79.3943633,111.50,12.39,0.70,12,1,00:11:45,00
1004585,-184,24289,38.37,1,1,11.02,115.1,8401,190,-853,-178,892,1,43.6621932,-79.3943900,111.60,12.52,0.73,12,1,00:11:46,00
1004878,-173,24289,38.44,1,1,10.81,112.9,8408,141,-876,-104,893,1,43.6621932,-79.3943900,111.60,12.52,0.73,12,1,00:11:46,00
1005240,-161,24289,38.46,1,1,9.47,98.9,8415,172,-941,-120,964,1,43.6621932,-79.3943900,111.60,12.52,0.73,12,1,00:11:46,00
1005534,-154,24289,38.46,1,1,10.22,106.8,8421,118,-1025,-134,1040,1,43.6622118,-79.3944222,110.50,11.35,0.73,12,1,00:11:47,00
1005823,-144,24289,38.53,1,1,10.04,104.9,8427,138,-973,-66,985,1,43.6622118,-79.3944222,110.50,11.35,0.73,12,1,00:11:47,00
1006117,-134,24289,38.58,1,1,9.91,103.4,8433,65,-968,-25,971,1,43.6622118,-79.3944222,110.50,11.35,0.73,12,1,00:11:47,00
1006401,-114,24289,38.57,1,1,9.94,103.9,8440,165,-852,-27,868,1,43.6622118,-79.3944222,110.50,11.35,0.73,12,1,00:11:47,00
1006699,-121,24289,38.62,1,1,9.39,98.0,8445,141,-928,27,939,1,43.6622380,-79.3944485,110.00,12.74,0.73,12,1,00:11:48,00
1006995,-116,24289,38.64,1,1,9.64,100.7,8451,93,-1008,-27,1012,1,43.6622380,-79.3944485,110.00,12.74,0.73,12,1,00:11:48,00
1007287,-113,24289,38.68,1,1,11.25,117.5,8458,106,-940,97,951,1,43.6622380,-79.3944485,110.00,12.74,0.73,12,1,00:11:48,00
1007584,-108,24289,38.72,1,1,9.70,101.4,8464,157,-840,-74,857,1,43.6622460,-79.3944810,109.10,9.98,0.73,12,1,00:11:49,00
1007880,-103,24289,38.71,1,1,9.64,100.7,8470,133,-915,-94,929,1,43.6622460,-79.3944810,109.10,9.98,0.73,12,1,00:11:49,00
1008176,-107,24289,38.76,1,1,9.74,101.7,8476,169,-948,-143,974,1,43.6622460,-79.3944810,109.10,9.98,0.73,12,1,00:11:49,00
1008469,-93,24289,38.79,1,1,9.70,101.4,8482,142,-1051,-111,1067,1,43.6622635,-79.3945135,109.10,12.19,0.73,12,1,00:11:50,00
1008766,-90,24289,38.82,1,1,9.70,101.4,8488,229,-1015,-164,1054,1,43.6622635,-79.3945135,110.40,12.19,0.73,12,1,00:11:50,00
1009072,-87,24289,38.83,1,1,9.67,101.0,8494,106,-1081,-15,1087,1,43.6622635,-79.3945135,110.40,12.19,0.73,12,1,00:11:50,00
1009374,-89,24289,38.89,1,1,9.54,99.7,8500,102,-1044,-96,1053,1,43.6622635,-79.3945135,110.40,12.19,0.73,12,1,00:11:50,00
1009675,-89,24289,38.91,1,1,9.42,98.4,8506,147,-918,33,930,1,43.6622812,-79.3945523,113.80,11.54,0.77,12,1,00:11:51,00
1010037,-79,24289,38.91,1,1,8.05,84.0,8512,133,-980,-115,996,1,43.6622812,-79.3945523,113.80,11.54,0.77,12,1,00:11:51,00
1010339,-82,24289,38.95,1,1,9.01,94.0,8518,132,-1071,-83,1082,1,43.6622812,-79.3945523,113.80,11.54,0.77,12,1,00:11:51,00
1010639,-68,24289,38.95,1,1,10.26,107.1,8524,163,-1062,-119,1081,1,43.6623007,-79.3945760,113.20,10.61,0.78,12,1,00:11:52,00
1010937,-78,24289,38.98,1,1,8.46,88.3,8529,130,-952,21,961,1,43.6623007,-79.3945760,113.20,10.61,0.78,12,1,00:11:52,00
1011232,-80,24289,39.00,1,1,8.52,89.0,8535,76,-942,2,945,1,43.6623007,-79.3945760,113.20,10.61,0.78,12,1,00:11:52,00
1011533,-94,24289,39.01,1,1,8.12,84.7,8540,130,-918,-70,930,1,43.6623227,-79.3945928,112.80,9.89,0.73,12,1,00:11:53,00
1011837,-96,24289,39.04,1,1,7.98,83.3,8545,138,-973,-83,986,1,43.6623227,-79.3945928,112.80,9.89,0.73,12,1,00:11:53,00
1012140,-86,24289,39.07,1,1,7.80,81.4,8550,106,-1042,20,1047,1,43.6623227,-79.3945928,112.80,9.89,0.73,12,1,00:11:53,00
1012439,-77,24289,39.09,1,1,7.37,76.9,8554,112,-967,-59,976,1,43.6623443,-79.3946143,112.80,10.02,0.73,12,1,00:11:54,00
1012744,-67,24289,39.11,1,1,8.95,93.5,8560,123,-1015,10,1023,1,43.6623443,-79.3946143,112.10,10.02,0.77,12,1,00:11:54,00
1013049,-66,24289,39.13,1,1,8.76,91.5,8566,174,-973,-110,994,1,43.6623443,-79.3946143,112.10,10.02,0.77,12,1,00:11:54,00
1013354,-68,24289,39.17,1,1,6.89,71.9,8570,193,-905,-115,933,1,43.6623443,-79.3946143,112.10,10.02,0.77,12,1,00:11:54,00
1013655,-74,24289,39.18,1,1,6.70,69.9,8574,109,-981,-63,989,1,43.6623592,-79.3946383,110.90,8.74,0.92,12,1,00:11:55,00
1013957,-89,24289,39.21,1,1,8.21,85.7,8580,164,-942,-123,964,1,43.6623592,-79.3946383,110.90,8.74,0.92,12,1,00:11:55,00
1014264,-92,24289,39.23,1,1,7.95,83.1,8585,145,-1068,-143,1088,1,43.6623592,-79.3946383,110.90,8.74,0.92,12,1,00:11:55,00
1014569,-96,24289,39.24,1,1,7.80,81.4,8590,119,-970,-64,979,1,43.6623737,-79.3946580,111.00,7.56,0.83,12,1,00:11:56,00
1014950,-96,24289,39.28,1,1,7.52,78.5,8596,151,-947,-128,968,1,43.6623737,-79.3946580,111.00,7.56,0.83,12,1,00:11:56,00
1015249,-89,24289,39.28,1,1,5.50,57.5,8599,119,-1023,-72,1032,1,43.6623737,-79.3946580,111.00,7.56,0.83,12,1,00:11:56,00
1015551,-91,24289,39.28,1,1,7.17,74.9,8604,153,-936,-141,959,1,43.6623802,-79.3946780,111.60,6.52,0.83,12,1,00:11:57,00
1015853,-87,24289,39.31,1,1,5.22,54.5,8607,193,-962,-132,990,1,43.6623802,-79.3946780,111.60,6.52,0.83,12,1,00:11:57,00
1016157,-78,24289,39.33,1,1,6.84,71.4,8611,119,-1030,-101,1041,1,43.6623802,-79.3946780,111.60,6.52,0.83,12,1,00:11:57,00
1016449,-52,24289,39.34,1,1,6.69,69.9,8616,110,-961,-34,968,1,43.6623842,-79.3946900,111.60,3.46,0.83,12,1,00:11:58,00
1016757,-64,24289,39.36,1,1,6.49,67.8,8620,126,-978,-98,991,1,43.6623842,-79.3946900,110.80,3.46,0.82,12,1,00:11:58,00
1017069,-69,24289,39.36,1,1,6.41,66.9,8624,134,-991,-30,1001,1,43.6623842,-79.3946900,110.80,3.46,0.82,12,1,00:11:58,00
1017378,-72,24289,39.40,1,1,4.68,48.9,8627,100,-976,3,981,1,43.6623842,-79.3946900,110.80,3.46,0.82,12,1,00:11:58,00
1017690,-82,24289,39.40,1,1,4.59,47.9,8630,153,-972,-87,988,1,43.6623918,-79.3947025,111.20,4.91,0.87,12,1,00:11:59,00
1017999,-81,24289,39.42,1,1,4.53,47.3,8633,121,-987,-66,996,1,43.6623918,-79.3947025,111.20,4.91,0.87,12,1,00:11:59,00
1018305,-80,24289,39.43,1,1,5.89,61.5,8636,151,-949,-56,962,1,43.6623918,-79.3947025,111.20,4.91,0.87,12,1,00:11:59,00
1018610,-73,24289,39.46,1,1,5.77,60.2,8640,145,-965,-113,983,1,43.6623943,-79.3947157,110.40,3.22,0.90,12,1,00:12:00,00
1018922,-80,24289,39.47,1,1,4.21,44.0,8643,107,-1008,-82,1017,1,43.6623943,-79.3947157,110.40,3.22,0.90,12,1,00:12:00,00
1019235,-79,24289,39.49,1,1,5.48,57.3,8646,119,-956,-29,964,1,43.6623943,-79.3947157,110.40,3.22,0.90,12,1,00:12:00,00
1019549,-75,24289,39.50,1,1,4.05,42.3,8649,138,-994,-51,1005,1,43.6623950,-79.3947285,109.90,3.35,0.70,12,1,00:12:01,00
1019922,-70,24289,39.53,1,1,5.31,55.4,8653,131,-952,-55,963,1,43.6623950,-79.3947285,109.90,3.35,0.70,12,1,00:12:01,00
1020225,-68,24289,39.55,1,1,5.17,54.0,8656,113,-1001,-33,1008,1,43.6623950,-79.3947285,109.90,3.35,0.70,12,1,00:12:01,00
1020535,-71,24289,39.57,1,1,5.14,53.7,8660,211,-922,-199,966,1,43.6623992,-79.3947508,109.90,6.83,0.70,12,1,00:12:02,00
1020850,-65,24289,39.56,1,1,5.02,52.4,8663,173,-964,-111,986,1,43.6623992,-79.3947508,109.90,6.83,0.70,12,1,00:12:02,00
1021160,-58,24289,39.60,1,1,4.90,51.2,8666,108,-998,-10,1004,1,43.6623992,-79.3947508,109.90,6.83,0.70,12,1,00:12:02,00
1021513,74,24289,39.62,1,1,4.73,49.4,8670,127,-953,-76,965,1,43.6624043,-79.3947757,109.90,6.76,0.70,12,1,00:12:03,00
1021801,1247,24289,39.63,1,1,4.14,43.3,8672,117,-878,-58,888,1,43.6624043,-79.3947757,109.50,6.76,0.72,12,1,00:12:03,00
1022089,4604,24289,39.67,1,1,4.87,50.9,8675,107,-943,-109,955,1,43.6624043,-79.3947757,109.50,6.76,0.72,12,1,00:12:03,00
1022377,9846,24289,39.63,1,1,4.60,48.1,8678,111,-958,-67,966,1,43.6624043,-79.3947757,109.50,6.76,0.72,12,1,00:12:03,00
1022664,16047,24289,39.68,1,1,4.84,50.5,8681,80,-991,-93,999,1,43.6624065,-79.3947880,109.80,2.93,0.74,12,1,00:12:04,00
1022955,15904,24289,39.67,1,1,5.24,54.7,8684,66,-985,-60,989,1,43.6624065,-79.3947880,109.80,2.93,0.74,12,1,00:12:04,00
1023248,15027,24289,39.70,1,1,5.38,56.2,8687,94,-980,-54,986,1,43.6624065,-79.3947880,109.80,2.93,0.74,12,1,00:12:04,00
1023548,13931,24289,39.70,1,1,6.36,66.4,8691,135,-914,-104,929,1,43.6624037,-79.3947998,110.30,4.59,0.72,12,1,00:12:05,00
1023841,13954,24289,39.69,1,1,6.53,68.2,8695,98,-917,-87,926,1,43.6624037,-79.3947998,110.30,4.59,0.72,12,1,00:12:05,00
1024135,14154,24289,39.73,1,1,5.86,61.2,8699,83,-1045,-32,1049,1,43.6624037,-79.3947998,110.30,4.59,0.72,12,1,00:12:05,00
1024418,12870,24289,39.72,1,1,6.20,64.7,8703,112,-936,-112,949,1,43.6624170,-79.3948102,110.30,4.76,0.72,12,1,00:12:06,00
1024778,13627,24289,39.74,1,1,6.86,71.6,8708,95,-939,-74,947,1,43.6624170,-79.3948102,112.40,4.76,0.72,12,1,00:12:06,00
1025071,15860,24289,39.76,1,1,7.02,73.3,8712,94,-994,-127,1006,1,43.6624170,-79.3948102,112.40,4.76,0.72,12,1,00:12:06,00
1025358,16556,24289,39.79,1,1,9.24,96.5,8718,187,-1005,-129,1030,1,43.6624170,-79.3948102,112.40,4.76,0.72,12,1,00:12:06,00
1025658,16727,24289,39.79,1,1,8.11,84.7,8723,71,-860,47,864,1,43.6624262,-79.3948328,111.50,8.52,0.74,12,1,00:12:07,00
1025949,18539,24289,39.81,1,1,8.49,88.7,8728,98,-880,-177,903,1,43.6624262,-79.3948328,111.50,8.52,0.74,12,1,00:12:07,00
1026245,9733,24289,39.80,1,1,9.18,95.8,8734,14,-963,75,966,1,43.6624262,-79.3948328,111.50,8.52,0.74,12,1,00:12:07,00
1026537,9038,24289,39.84,1,1,9.17,95.8,8739,101,-856,-13,862,1,43.6624300,-79.3948535,110.40,5.22,0.72,12,1,00:12:08,00
1026830,10299,24289,39.82,1,1,9.70,101.4,8745,95,-913,-21,919,1,43.6624300,-79.3948535,110.40,5.22,0.72,12,1,00:12:08,00
1027124,16699,24289,39.86,1,1,9.94,103.8,8751,100,-962,-255,1000,1,43.6624300,-79.3948535,110.40,5.22,0.72,12,1,00:12:08,00
1027413,18238,24289,39.80,1,1,10.51,109.7,8758,19,-932,7,932,1,43.6624317,-79.3948792,110.40,7.13,0.72,12,1,00:12:09,00
1027710,21816,24289,39.87,1,1,10.68,111.5,8764,108,-982,-158,1001,1,43.6624317,-79.3948792,108.80,7.13,0.65,12,1,00:12:09,00
1028005,23663,24289,39.82,1,1,11.36,118.6,8771,-3,-1190,80,1193,1,43.6624317,-79.3948792,108.80,7.13,0.65,12,1,00:12:09,00
1028303,23002,24289,39.84,1,1,12.01,125.4,8779,161,-917,-141,942,1,43.6624317,-79.3948792,108.80,7.13,0.65,12,1,00:12:09,00
1028605,23751,24289,39.84,1,1,12.56,131.1,8787,101,-855,-161,876,1,43.6624362,-79.3949110,107.70,9.09,0.69,12,1,00:12:10,00
1028907,1528,24289,39.85,1,1,12.98,135.6,8795,153,-1103,-175,1127,1,43.6624362,-79.3949110,107.70,9.09,0.69,12,1,00:12:10,00
1029208,-214,24289,39.86,1,1,13.30,138.9,8803,125,-1114,-106,1126,1,43.6624362,-79.3949110,107.70,9.09,0.69,12,1,00:12:10,00
1029569,-216,24289,39.86,1,1,11.19,116.9,8812,159,-954,-101,973,1,43.6624458,-79.3949472,106.90,10.78,0.65,12,1,00:12:11,00
1029866,-211,24289,39.87,1,1,13.25,138.4,8820,206,-882,-159,920,1,43.6624458,-79.3949472,106.90,10.78,0.65,12,1,00:12:11,00
1030162,-198,24289,39.88,1,1,13.30,138.9,8828,179,-792,-204,837,1,43.6624458,-79.3949472,106.90,10.78,0.65,12,1,00:12:11,00
1030452,-185,24289,39.88,1,1,13.25,138.4,8836,104,-1186,-66,1192,1,43.6624643,-79.3949917,106.90,15.00,0.65,12,1,00:12:12,00
1030743,-180,24289,39.87,1,1,13.21,137.9,8844,155,-1137,-68,1149,1,43.6624643,-79.3949917,106.50,15.00,0.65,12,1,00:12:12,00
1031041,-178,24289,39.86,1,1,13.47,140.6,8853,121,-1277,-85,1286,1,43.6624643,-79.3949917,106.50,15.00,0.65,12,1,00:12:12,00
1031339,-162,24289,39.87,1,1,11.64,121.5,8860,140,-880,34,891,1,43.6624643,-79.3949917,106.50,15.00,0.65,12,1,00:12:12,00
1031634,-159,24289,39.88,1,1,13.39,139.9,8868,172,-937,13,953,1,43.6624792,-79.3950382,106.60,14.93,0.69,12,1,00:12:13,00
1031934,-156,24289,39.89,1,1,13.55,141.5,8877,79,-999,-31,1003,1,43.6624792,-79.3950382,106.60,14.93,0.69,12,1,00:12:13,00
1032234,-143,24289,39.88,1,1,13.30,138.9,8885,183,-990,-107,1012,1,43.6624792,-79.3950382,106.60,14.93,0.69,12,1,00:12:13,00
1032540,-123,24289,39.90,1,1,13.21,137.9,8893,109,-838,15,845,1,43.6624903,-79.3950925,106.00,17.08,0.71,12,1,00:12:14,00
1032841,-128,24289,39.88,1,1,13.22,138.0,8902,168,-879,10,895,1,43.6624903,-79.3950925,106.00,17.08,0.71,12,1,00:12:14,00
1033145,-129,24289,39.87,1,1,12.94,135.1,8910,171,-1043,-133,1065,1,43.6624903,-79.3950925,106.00,17.08,0.71,12,1,00:12:14,00
1033433,-98,24289,39.86,1,1,12.73,132.9,8918,127,-1112,104,1124,1,43.6625163,-79.3951518,106.00,19.15,0.71,12,1,00:12:15,00
1033733,-115,24289,39.89,1,1,12.41,129.6,8925,104,-1054,-70,1061,1,43.6625163,-79.3951518,105.70,19.15,0.65,12,1,00:12:15,00
1034043,-109,24289,39.92,1,1,12.44,129.9,8933,124,-951,60,961,1,43.6625163,-79.3951518,105.70,19.15,0.65,12,1,00:12:15,00
1034403,-104,24289,39.92,1,1,11.16,116.6,8942,128,-839,-72,852,1,43.6625163,-79.3951518,105.70,19.15,0.65,12,1,00:12:15,00
1034706,-104,24289,39.93,1,1,11.68,122.0,8949,160,-1088,-8,1100,1,43.6625348,-79.3951990,106.50,17.15,0.69,12,1,00:12:16,00
1035013,-110,24289,39.93,1,1,11.61,121.2,8957,75,-1038,37,1042,1,43.6625348,-79.3951990,106.50,17.15,0.69,12,1,00:12:16,00
1035313,-101,24289,39.93,1,1,11.21,117.1,8964,144,-788,-24,801,1,43.6625348,-79.3951990,106.50,17.15,0.69,12,1,00:12:16,00
1035615,-96,24289,39.96,1,1,10.76,112.4,8970,71,-952,-121,963,1,43.6625465,-79.3952470,106.90,17.59,0.63,12,1,00:12:17,00
1035918,-99,24289,39.95,1,1,10.74,112.2,8977,86,-1012,2,1016,1,43.6625465,-79.3952470,106.90,17.59,0.63,12,1,00:12:17,00
1036231,-95,24289,39.99,1,1,10.54,110.1,8984,203,-1008,-65,1031,1,43.6625465,-79.3952470,106.90,17.59,0.63,12,1,00:12:17,00
1036531,-102,24289,40.00,1,1,10.38,108.4,8991,34,-992,2,993,1,43.6625282,-79.3952843,105.90,12.24,0.63,12,1,00:12:18,00
1036832,-102,24289,40.00,1,1,9.87,103.1,8997,221,-952,-169,991,1,43.6625282,-79.3952843,105.90,12.24,0.63,12,1,00:12:18,00
1037137,-96,24289,40.03,1,1,9.70,101.4,9003,179,-884,-86,906,1,43.6625282,-79.3952843,105.90,12.24,0.63,12,1,00:12:18,00
1037427,-87,24289,40.06,1,1,9.58,100.0,9009,119,-1030,-55,1038,1,43.6625282,-79.3953268,105.90,12.26,0.63,12,1,00:12:19,00
1037730,-87,24289,40.07,1,1,9.42,98.4,9015,96,-1011,-59,1017,1,43.6625282,-79.3953268,105.20,12.26,0.69,12,1,00:12:19,00
1038039,-96,24289,40.09,1,1,9.27,96.8,9021,142,-988,-104,1004,1,43.6625282,-79.3953268,105.20,12.26,0.69,12,1,00:12:19,00
1038357,-94,24289,40.09,1,1,9.18,95.8,9027,63,-1013,-54,1016,1,43.6625282,-79.3953268,105.20,12.26,0.69,12,1,00:12:19,00
1038673,-87,24289,40.10,1,1,9.01,94.0,9033,108,-909,-42,916,1,43.6625260,-79.3953573,104.50,7.69,0.67,12,1,00:12:20,00
1038982,-90,24289,40.14,1,1,8.58,89.6,9038,128,-991,-96,1004,1,43.6625260,-79.3953573,104.50,7.69,0.67,12,1,00:12:20,00
1039346,-91,24289,40.14,1,1,8.96,93.6,9045,91,-932,23,937,1,43.6625260,-79.3953573,104.50,7.69,0.67,12,1,00:12:20,00
1039648,-91,24289,40.16,1,1,8.34,87.1,9050,101,-989,38,994,1,43.6625278,-79.3953805,104.50,6.50,0.63,12,1,00:12:21,00
1039954,-83,24289,40.17,1,1,8.50,88.8,9056,179,-956,-62,975,1,43.6625278,-79.3953805,104.50,6.50,0.63,12,1,00:12:21,00
1040258,-79,24289,40.19,1,1,9.77,102.0,9062,74,-1098,69,1103,1,43.6625278,-79.3953805,104.50,6.50,0.63,12,1,00:12:21,00
1040570,-87,24289,40.20,1,1,8.01,83.6,9067,139,-977,-78,990,1,43.6625202,-79.3953983,104.80,4.91,0.72,12,1,00:12:22,00
1040886,-86,24289,40.20,1,1,7.82,81.7,9072,126,-1034,-39,1042,1,43.6625202,-79.3953983,104.80,4.91,0.72,12,1,00:12:22,00
1041194,-92,24289,40.22,1,1,7.62,79.6,9077,127,-1008,-25,1016,1,43.6625202,-79.3953983,104.80,4.91,0.72,12,1,00:12:22,00
1041506,-80,24289,40.23,1,1,7.41,77.4,9082,118,-955,-43,963,1,43.6625095,-79.3954223,104.80,7.91,0.72,12,1,00:12:23,00
1041813,-85,24289,40.26,1,1,7.21,75.3,9087,121,-939,-58,949,1,43.6625095,-79.3954223,103.80,7.91,0.72,12,1,00:12:23,00
1042123,-75,24289,40.25,1,1,8.31,86.8,9092,131,-992,-137,1009,1,43.6625095,-79.3954223,103.80,7.91,0.72,12,1,00:12:23,00
1042417,-66,24289,40.29,1,1,6.47,67.6,9096,85,-1101,83,1107,1,43.6624915,-79.3954475,103.80,8.06,0.72,12,1,00:12:24,00
1042733,-82,24289,40.28,1,1,7.77,81.2,9101,99,-1031,3,1035,1,43.6624915,-79.3954475,106.00,8.06,0.68,12,1,00:12:24,00
1043080,-75,24289,40.31,1,1,7.53,78.6,9106,87,-1002,-1,1006,1,43.6624915,-79.3954475,106.00,8.06,0.68,12,1,00:12:24,00
1043370,-75,24289,40.32,1,1,5.77,60.2,9110,140,-926,-60,939,1,43.6624915,-79.3954475,106.00,8.06,0.68,12,1,00:12:24,00
1043662,-75,24289,40.33,1,1,6.96,72.7,9114,132,-1029,-56,1039,1,43.6624813,-79.3954660,106.30,3.93,0.71,12,1,00:12:25,00
1043955,-83,24289,40.35,1,1,6.74,70.4,9118,142,-905,-90,920,1,43.6624813,-79.3954660,106.30,3.93,0.71,12,1,00:12:25,00
1044307,-81,24289,40.38,1,1,5.15,53.8,9122,147,-993,-101,1009,1,43.6624813,-79.3954660,106.30,3.93,0.71,12,1,00:12:25,00
1044599,-79,24289,40.36,1,1,4.60,48.1,9125,102,-984,-25,989,1,43.6624750,-79.3954847,106.70,4.87,0.68,12,1,00:12:26,00
1044894,-80,24289,40.38,1,1,5.91,61.7,9128,134,-957,-83,970,1,43.6624750,-79.3954847,106.70,4.87,0.68,12,1,00:12:26,00
1045180,-77,24289,40.39,1,1,4.27,44.6,9131,111,-971,-68,980,1,43.6624750,-79.3954847,106.70,4.87,0.68,12,1,00:12:26,00
1045456,-63,24289,40.40,1,1,5.38,56.2,9134,108,-985,-2,991,1,43.6624592,-79.3954998,106.70,4.67,0.68,12,1,00:12:27,00
1045746,-68,24289,40.43,1,1,5.13,53.6,9137,117,-914,-99,927,1,43.6624592,-79.3954998,109.30,4.67,0.69,12,1,00:12:27,00
1046034,-67,24289,40.44,1,1,4.92,51.4,9140,73,-967,-4,970,1,43.6624592,-79.3954998,109.30,4.67,0.69,12,1,00:12:27,00
1046320,-57,24289,40.48,1,1,4.69,49.0,9142,109,-981,-37,988,1,43.6624592,-79.3954998,109.30,4.67,0.69,12,1,00:12:27,00
1046612,-59,24289,40.46,1,1,4.34,45.3,9145,116,-961,-7,968,1,43.6624435,-79.3955158,111.40,5.57,0.80,12,1,00:12:28,00
1046911,-62,24289,40.46,1,1,4.22,44.1,9148,119,-969,-50,977,1,43.6624435,-79.3955158,111.40,5.57,0.80,12,1,00:12:28,00
1047205,-62,24289,40.49,1,1,3.76,39.2,9150,116,-963,-50,971,1,43.6624435,-79.3955158,111.40,5.57,0.80,12,1,00:12:28,00
1047485,5,24289,40.48,1,1,3.86,40.3,9151,120,-965,-46,973,1,43.6624397,-79.3955272,111.40,0.87,0.80,12,1,00:12:29,00
1047780,602,24289,40.51,1,1,2.15,22.5,9153,120,-970,-68,980,1,43.6624397,-79.3955272,111.20,0.87,0.68,12,1,00:12:29,00
1048075,3238,24289,40.54,1,1,4.40,46.0,9154,102,-978,-68,986,1,43.6624397,-79.3955272,111.20,0.87,0.68,12,1,00:12:29,00
1048365,8096,24289,40.56,1,1,1.59,16.6,9155,86,-992,-16,996,1,43.6624397,-79.3955272,111.20,0.87,0.68,12,1,00:12:29,00
1048662,13205,24289,40.54,1,1,2.01,21.0,9157,91,-955,-68,962,1,43.6624337,-79.3955335,111.50,2.32,0.68,12,1,00:12:30,00
1049020,17250,24289,40.56,1,1,3.60,37.6,9160,91,-961,-81,968,1,43.6624337,-79.3955335,111.50,2.32,0.68,12,1,00:12:30,00
1049312,16967,24289,40.54,1,1,3.70,38.6,9162,66,-964,-80,970,1,43.6624337,-79.3955335,111.50,2.32,0.68,12,1,00:12:30,00
1049607,16216,24289,40.56,1,1,3.97,41.5,9164,43,-977,-9,978,1,43.6624342,-79.3955555,111.70,5.54,0.77,12,1,00:12:31,00
1049904,18563,24289,40.55,1,1,4.21,44.0,9167,67,-979,-73,984,1,43.6624342,-79.3955555,111.70,5.54,0.77,12,1,00:12:31,00
1050196,17814,24289,40.58,1,1,4.69,49.0,9170,48,-996,-12,997,1,43.6624342,-79.3955555,111.70,5.54,0.77,12,1,00:12:31,00
1050488,19060,24289,40.57,1,1,4.97,51.9,9173,67,-969,-38,972,1,43.6624313,-79.3955783,111.70,5.19,0.77,12,1,00:12:32,00
1050784,20210,24289,40.58,1,1,5.04,52.6,9176,51,-987,-52,990,1,43.6624313,-79.3955783,111.40,5.19,0.66,12,1,00:12:32,00
1051086,21502,24289,40.58,1,1,5.87,61.3,9180,39,-918,-89,923,1,43.6624313,-79.3955783,111.40,5.19,0.66,12,1,00:12:32,00
1051369,23635,24289,40.57,1,1,4.57,47.8,9183,48,-988,-81,992,1,43.6624313,-79.3955783,111.40,5.19,0.66,12,1,00:12:32,00
1051670,22832,24289,40.61,1,1,4.90,51.2,9186,109,-959,-86,969,1,43.6624268,-79.3956012,111.70,5.80,0.68,12,1,00:12:33,00
1051967,22978,24289,40.62,1,1,5.15,53.8,9189,39,-987,-59,990,1,43.6624268,-79.3956012,111.70,5.80,0.68,12,1,00:12:33,00
1052269,22299,24289,40.63,1,1,7.25,75.8,9194,7,-981,8,981,1,43.6624268,-79.3956012,111.70,5.80,0.68,12,1,00:12:33,00
1052569,22874,24289,40.61,1,1,7.60,79.4,9198,121,-917,-85,929,1,43.6624242,-79.3956257,110.70,5.70,0.73,12,1,00:12:34,00
1052866,23864,24289,40.64,1,1,7.95,83.1,9203,38,-1045,-51,1047,1,43.6624242,-79.3956257,110.70,5.70,0.73,12,1,00:12:34,00
1053178,22913,24289,40.68,1,1,6.98,72.9,9208,58,-910,-90,917,1,43.6624242,-79.3956257,110.70,5.70,0.73,12,1,00:12:34,00
1053466,23786,24289,40.66,1,1,7.02,73.3,9212,24,-963,-50,964,1,43.6624245,-79.3956542,110.70,6.63,0.73,12,1,00:12:35,00
1053828,19088,24289,40.68,1,1,7.83,81.7,9218,117,-1137,-113,1149,1,43.6624245,-79.3956542,109.50,6.63,0.68,12,1,00:12:35,00
1054126,22345,24289,40.68,1,1,9.45,98.7,9224,104,-943,-94,953,1,43.6624245,-79.3956542,109.50,6.63,0.68,12,1,00:12:35,00
1054405,24480,24289,40.69,1,1,9.80,102.4,9230,27,-938,-89,942,1,43.6624245,-79.3956542,109.50,6.63,0.68,12,1,00:12:35,00
1054706,24520,24289,40.68,1,1,8.43,88.0,9235,11,-960,-37,960,1,43.6624197,-79.3956768,108.60,5.85,0.68,12,1,00:12:36,00
1055013,24520,24289,40.67,1,1,9.21,96.2,9241,47,-970,-59,973,1,43.6624197,-79.3956768,108.60,5.85,0.68,12,1,00:12:36,00
1055319,24520,24289,40.67,1,1,9.54,99.7,9247,72,-987,-90,994,1,43.6624197,-79.3956768,108.60,5.85,0.68,12,1,00:12:36,00
1055622,24520,24289,40.70,1,1,10.25,107.0,9254,59,-998,-234,1026,1,43.6624115,-79.3957097,109.10,8.56,0.70,12,1,00:12:37,00
1055920,24520,24289,40.66,1,1,10.52,109.9,9260,102,-893,-39,899,1,43.6624115,-79.3957097,109.10,8.56,0.70,12,1,00:12:37,00
1056230,24520,24289,40.69,1,1,11.40,119.0,9268,76,-1068,-66,1073,1,43.6624115,-79.3957097,109.10,8.56,0.70,12,1,00:12:37,00
1056530,24520,24289,40.67,1,1,11.72,122.4,9275,-9,-1049,39,1050,1,43.6624243,-79.3957643,108.60,15.93,0.75,12,1,00:12:38,00
1056831,24520,24289,40.71,1,1,12.40,129.4,9283,3,-965,40,966,1,43.6624243,-79.3957643,108.60,15.93,0.75,12,1,00:12:38,00
1057136,24520,24289,40.70,1,1,11.32,118.2,9290,114,-822,-68,833,1,43.6624243,-79.3957643,108.60,15.93,0.75,12,1,00:12:38,00
1057435,21278,24289,40.74,1,1,13.72,143.3,9299,63,-1056,-167,1071,1,43.6624130,-79.3958132,108.60,12.30,0.75,12,1,00:12:39,00
1057736,15834,24289,40.71,1,1,14.03,146.5,9307,96,-951,-159,969,1,43.6624130,-79.3958132,108.50,12.30,0.75,12,1,00:12:39,00
1058041,19420,24289,40.75,1,1,14.64,152.9,9317,163,-935,-39,950,1,43.6624130,-79.3958132,108.50,12.30,0.75,12,1,00:12:39,00
1058348,22821,24289,40.70,1,1,13.30,138.9,9325,102,-957,-82,966,1,43.6624130,-79.3958132,108.50,12.30,0.75,12,1,00:12:39,00
1058709,24498,24289,40.74,1,1,14.47,151.1,9336,62,-926,-80,932,1,43.6623818,-79.3958502,108.50,14.02,0.81,12,1,00:12:40,00
1059020,24458,24289,40.74,1,1,14.73,153.8,9346,35,-1095,-71,1098,1,43.6623818,-79.3958502,108.50,14.02,0.81,12,1,00:12:40,00
1059327,24511,24289,40.77,1,1,16.72,174.6,9357,122,-1078,-143,1094,1,43.6623818,-79.3958502,108.50,14.02,0.81,12,1,00:12:40,00
1059633,24520,24289,40.77,1,1,17.21,179.7,9368,56,-974,23,976,1,43.6623490,-79.3958818,110.60,14.00,0.75,12,1,00:12:41,00
1059943,24520,24289,40.79,1,1,16.12,168.4,9378,92,-921,-45,927,1,43.6623490,-79.3958818,110.60,14.00,0.75,12,1,00:12:41,00
1060244,18716,24289,40.85,1,1,18.30,191.1,9390,89,-1068,49,1073,1,43.6623490,-79.3958818,110.60,14.00,0.75,12,1,00:12:41,00
1060549,16440,24289,40.83,1,1,18.78,196.1,9402,49,-958,-27,960,1,43.6623077,-79.3959232,112.20,19.19,0.72,12,1,00:12:42,00
1060857,16052,24289,40.84,1,1,17.50,182.7,9413,110,-944,121,958,1,43.6623077,-79.3959232,112.20,19.19,0.72,12,1,00:12:42,00
1061168,15612,24289,40.88,1,1,18.12,189.3,9425,140,-929,-269,978,1,43.6623077,-79.3959232,112.20,19.19,0.72,12,1,00:12:42,00
1061475,14695,24289,40.84,1,1,18.10,189.0,9436,138,-909,-112,926,1,43.6622593,-79.3959537,112.20,18.63,0.72,12,1,00:12:43,00
1061791,14977,24289,40.88,1,1,18.80,196.4,9449,178,-912,-270,968,1,43.6622593,-79.3959537,113.30,18.63,0.74,12,1,00:12:43,00
1062098,13552,24289,40.93,1,1,18.84,196.7,9461,98,-1024,25,1029,1,43.6622593,-79.3959537,113.30,18.63,0.74,12,1,00:12:43,00
1062401,5921,24289,40.91,1,1,20.61,215.2,9474,140,-1086,-164,1107,1,43.6622593,-79.3959537,113.30,18.63,0.74,12,1,00:12:43,00
1062710,-497,24289,40.94,1,1,18.96,198.0,9486,232,-1063,-237,1114,1,43.6622197,-79.3959678,113.30,14.00,0.73,12,1,00:12:44,00
1063021,-470,24289,40.96,1,1,18.84,196.7,9498,123,-923,23,931,1,43.6622197,-79.3959678,113.30,14.00,0.73,12,1,00:12:44,00
1063342,-443,24289,40.98,1,1,18.98,198.2,9511,177,-877,-142,906,1,43.6622197,-79.3959678,113.30,14.00,0.73,12,1,00:12:44,00
1063718,-406,24289,41.00,1,1,16.60,173.3,9524,139,-1012,-122,1029,1,43.6621883,-79.3959815,112.90,12.13,0.74,12,1,00:12:45,00
1064026,-382,24289,41.02,1,1,20.14,210.4,9537,146,-1004,-49,1016,1,43.6621883,-79.3959815,112.90,12.13,0.74,12,1,00:12:45,00
1064330,-370,24289,41.05,1,1,18.53,193.5,9549,68,-947,28,950,1,43.6621883,-79.3959815,112.90,12.13,0.74,12,1,00:12:45,00
1064641,-347,24289,41.04,1,1,18.53,193.5,9561,126,-993,-145,1011,1,43.6621468,-79.3959992,112.80,17.22,0.77,12,1,00:12:46,00
1064990,-328,24289,41.09,1,1,15.77,164.7,9572,79,-1134,-51,1138,1,43.6621468,-79.3959992,112.80,17.22,0.77,12,1,00:12:46,00
1065283,-314,24289,41.07,1,1,18.47,192.9,9584,58,-1324,-181,1338,1,43.6621468,-79.3959992,112.80,17.22,0.77,12,1,00:12:46,00
1065570,-292,24289,41.10,1,1,18.22,190.3,9595,244,-573,87,629,1,43.6621067,-79.3960252,112.50,16.19,0.77,12,1,00:12:47,00
1065862,-273,24289,41.11,1,1,18.22,190.3,9606,82,-948,-316,1002,1,43.6621067,-79.3960252,112.50,16.19,0.77,12,1,00:12:47,00
1066155,-261,24289,41.13,1,1,18.22,190.3,9617,239,-785,-175,839,1,43.6621067,-79.3960252,112.50,16.19,0.77,12,1,00:12:47,00
1066431,-247,24289,41.15,1,1,18.10,189.0,9628,183,-676,-341,779,1,43.6620538,-79.3960532,112.50,21.59,0.77,12,1,00:12:48,00
1066718,-244,24289,41.18,1,1,19.72,206.0,9639,218,-845,118,881,1,43.6620538,-79.3960532,109.60,21.59,0.98,12,1,00:12:48,00
1067013,-238,24289,41.19,1,1,18.22,190.3,9650,216,-1040,-179,1077,1,43.6620538,-79.3960532,109.60,21.59,0.98,12,1,00:12:48,00
1067310,-242,24289,41.19,1,1,18.71,195.4,9662,145,-1091,-100,1105,1,43.6620538,-79.3960532,109.60,21.59,0.98,12,1,00:12:48,00
1067605,-228,24289,41.23,1,1,18.41,192.3,9673,339,-804,-280,917,1,43.6620003,-79.3960733,108.80,19.78,0.75,12,1,00:12:49,00
1067895,-225,24289,41.22,1,1,18.71,195.4,9685,199,-804,-95,834,1,43.6620003,-79.3960733,108.80,19.78,0.75,12,1,00:12:49,00
1068197,-215,24289,41.24,1,1,18.54,193.7,9696,68,-1121,-178,1137,1,43.6620003,-79.3960733,108.80,19.78,0.75,12,1,00:12:49,00
1068551,-225,24289,41.25,1,1,16.78,175.2,9709,287,-817,-19,866,1,43.6619508,-79.3960793,108.00,16.91,0.77,12,1,00:12:50,00
1068838,-223,24289,41.28,1,1,18.54,193.7,9720,137,-955,-147,976,1,43.6619508,-79.3960793,108.00,16.91,0.77,12,1,00:12:50,00
1069134,-216,24289,41.29,1,1,18.54,193.7,9731,-49,-1089,14,1091,1,43.6619508,-79.3960793,108.00,16.91,0.77,12,1,00:12:50,00
1069406,-202,24289,41.31,1,1,18.90,197.4,9743,254,-1012,-71,1046,1,43.6619508,-79.3960793,108.00,16.91,0.77,12,1,00:12:50,00
1069699,-209,24289,41.32,1,1,18.41,192.3,9753,172,-876,-149,905,1,43.6618957,-79.3960820,107.10,22.61,0.80,12,1,00:12:51,00
1069987,-205,24289,41.31,1,1,18.96,198.0,9765,111,-1165,-77,1172,1,43.6618957,-79.3960820,107.10,22.61,0.80,12,1,00:12:51,00
1070283,-195,24289,41.36,1,1,18.81,196.4,9776,156,-980,-156,1004,1,43.6618957,-79.3960820,107.10,22.61,0.80,12,1,00:12:51,00
1070575,-187,24289,41.38,1,1,19.02,198.7,9788,158,-1040,-68,1054,1,43.6618370,-79.3960852,105.10,21.22,0.77,12,1,00:12:52,00
1070870,-196,24289,41.42,1,1,19.15,200.0,9800,254,-1145,-192,1188,1,43.6618370,-79.3960852,105.10,21.22,0.77,12,1,00:12:52,00
1071166,-185,24289,41.43,1,1,18.74,195.7,9811,97,-804,-63,813,1,43.6618370,-79.3960852,105.10,21.22,0.77,12,1,00:12:52,00
1071451,-184,24289,41.40,1,1,18.78,196.1,9823,135,-967,-187,994,1,43.6617908,-79.3960788,105.10,17.52,0.77,12,1,00:12:53,00
1071748,-198,24289,41.48,1,1,18.68,195.0,9834,2,-1020,48,1021,1,43.6617908,-79.3960788,108.30,17.52,0.80,12,1,00:12:53,00
1072046,-184,24289,41.50,1,1,18.78,196.1,9846,42,-732,-53,735,1,43.6617908,-79.3960788,108.30,17.52,0.80,12,1,00:12:53,00
1072346,-174,24289,41.53,1,1,18.61,194.3,9857,80,-681,72,690,1,43.6617908,-79.3960788,108.30,17.52,0.80,12,1,00:12:53,00
1072645,-191,24289,41.57,1,1,18.90,197.4,9869,61,-885,18,888,1,43.6617582,-79.3960573,109.50,12.61,0.77,12,1,00:12:54,00
1072942,-185,24289,41.61,1,1,18.84,196.7,9881,59,-1119,-65,1122,1,43.6617582,-79.3960573,109.50,12.61,0.77,12,1,00:12:54,00
1073306,-182,24289,41.63,1,1,16.87,176.2,9894,200,-1030,-302,1092,1,43.6617582,-79.3960573,109.50,12.61,0.77,12,1,00:12:54,00
1073601,-177,24289,41.65,1,1,18.68,195.0,9905,350,-636,-251,768,1,43.6617137,-79.3960192,110.80,19.61,0.84,12,1,00:12:55,00
1073892,-177,24289,41.68,1,1,20.47,213.8,9918,195,-1024,45,1043,1,43.6617137,-79.3960192,110.80,19.61,0.84,12,1,00:12:55,00
1074186,-182,24289,41.69,1,1,18.54,193.7,9929,36,-974,104,980,1,43.6617137,-79.3960192,110.80,19.61,0.84,12,1,00:12:55,00
1074479,-165,24289,41.72,1,1,18.84,196.7,9941,107,-946,78,955,1,43.6616648,-79.3959965,110.80,18.59,0.84,12,1,00:12:56,00
1074773,-178,24289,41.74,1,1,18.48,193.0,9952,197,-933,-190,972,1,43.6616648,-79.3959965,110.20,18.59,0.77,12,1,00:12:56,00
1075072,-181,24289,41.78,1,1,18.41,192.3,9963,114,-1112,-218,1139,1,43.6616648,-79.3959965,110.20,18.59,0.77,12,1,00:12:56,00
1075366,-164,24289,41.79,1,1,18.65,194.8,9975,173,-858,-59,877,1,43.6616648,-79.3959965,110.20,18.59,0.77,12,1,00:12:56,00
1075663,-175,24289,41.83,1,1,18.35,191.6,9986,239,-1015,-104,1048,1,43.6616162,-79.3959875,109.70,17.82,0.77,12,1,00:12:57,00
1075964,-171,24289,41.82,1,1,18.53,193.5,9998,-29,-1259,87,1262,1,43.6616162,-79.3959875,109.70,17.82,0.77,12,1,00:12:57,00
1076261,-161,24289,41.87,1,1,19.88,207.6,10010,86,-1044,-369,1110,1,43.6616162,-79.3959875,109.70,17.82,0.77,12,1,00:12:57,00
1076566,-169,24289,41.87,1,1,18.53,193.5,10022,-24,-1070,140,1079,1,43.6615685,-79.3959510,109.00,21.02,0.81,12,1,00:12:58,00
1076873,-174,24289,41.91,1,1,18.30,191.1,10034,58,-837,-67,841,1,43.6615685,-79.3959510,109.00,21.02,0.81,12,1,00:12:58,00
1077172,-165,24289,41.92,1,1,17.85,186.4,10045,75,-690,53,696,1,43.6615685,-79.3959510,109.00,21.02,0.81,12,1,00:12:58,00
1077466,-159,24289,41.97,1,1,17.67,184.6,10056,127,-1045,-161,1065,1,43.6615335,-79.3959177,109.00,16.98,0.81,12,1,00:12:59,00
1077769,-163,24289,41.96,1,1,17.44,182.1,10067,145,-971,-22,982,1,43.6615335,-79.3959177,103.90,16.98,0.79,12,1,00:12:59,00
1078139,-157,24289,42.00,1,1,16.28,170.0,10079,72,-982,45,986,1,43.6615335,-79.3959177,103.90,16.98,0.79,12,1,00:12:59,00
1078427,-148,24289,42.03,1,1,17.04,178.0,10090,101,-835,94,846,1,43.6615122,-79.3959068,103.90,11.26,0.79,12,1,00:13:00,00
1078733,-154,24289,42.06,1,1,18.22,190.3,10101,145,-901,151,925,1,43.6615122,-79.3959068,102.20,11.26,0.96,12,1,00:13:00,00
1079036,-154,24289,42.10,1,1,16.77,175.2,10112,211,-1022,-191,1061,1,43.6615122,-79.3959068,102.20,11.26,0.96,12,1,00:13:00,00
1079335,-165,24289,42.12,1,1,17.85,186.4,10123,37,-1088,-12,1089,1,43.6615122,-79.3959068,102.20,11.26,0.96,12,1,00:13:00,00
1079640,-155,24289,42.14,1,1,17.73,185.1,10134,191,-840,-103,868,1,43.6614867,-79.3958742,103.20,15.11,0.97,12,1,00:13:01,00
1079944,-154,24289,42.16,1,1,17.50,182.8,10145,28,-1163,-4,1164,1,43.6614867,-79.3958742,103.20,15.11,0.97,12,1,00:13:01,00
1080250,-155,24289,42.16,1,1,16.20,169.2,10156,118,-907,-129,924,1,43.6614867,-79.3958742,103.20,15.11,0.97,12,1,00:13:01,00
1080551,-140,24289,42.20,1,1,15.91,166.1,10166,170,-823,-183,860,1,43.6614535,-79.3958388,103.20,17.76,0.86,12,1,00:13:02,00
1080858,-158,24289,42.20,1,1,16.01,167.2,10176,14,-1096,1,1096,1,43.6614535,-79.3958388,103.20,17.76,0.86,12,1,00:13:02,00
1081168,-152,24289,42.22,1,1,16.31,170.3,10187,98,-918,-108,930,1,43.6614535,-79.3958388,103.20,17.76,0.86,12,1,00:13:02,00
1081468,-127,24289,42.23,1,1,16.17,168.9,10197,90,-981,-128,993,1,43.6614230,-79.3957892,103.20,18.37,0.86,12,1,00:13:03,00
1081775,-141,24289,42.24,1,1,17.91,187.1,10208,110,-978,-239,1013,1,43.6614230,-79.3957892,104.40,18.37,0.87,12,1,00:13:03,00
1082087,-136,24289,42.24,1,1,16.56,173.0,10219,150,-960,-73,975,1,43.6614230,-79.3957892,104.40,18.37,0.87,12,1,00:13:03,00
1082386,-135,24289,42.25,1,1,18.18,189.9,10231,225,-849,-194,899,1,43.6614230,-79.3957892,104.40,18.37,0.87,12,1,00:13:03,00
1082692,-142,24289,42.28,1,1,16.45,171.8,10241,82,-1106,67,1111,1,43.6613890,-79.3957500,106.20,14.46,0.87,12,1,00:13:04,00
1083074,-136,24289,42.31,1,1,14.88,155.4,10253,-6,-927,102,932,1,43.6613890,-79.3957500,106.20,14.46,0.87,12,1,00:13:04,00
1083374,-128,24289,42.30,1,1,18.41,192.3,10265,158,-889,-118,911,1,43.6613890,-79.3957500,106.20,14.46,0.87,12,1,00:13:04,00
1083683,-136,24289,42.33,1,1,16.57,173.0,10275,103,-967,-221,997,1,43.6613893,-79.3957098,109.40,8.43,0.87,12,1,00:13:05,00
1083989,-133,24289,42.33,1,1,16.88,176.3,10286,176,-929,-155,958,1,43.6613893,-79.3957098,109.40,8.43,0.87,12,1,00:13:05,00
1084294,-124,24289,42.37,1,1,18.53,193.5,10298,174,-924,-75,943,1,43.6613893,-79.3957098,109.40,8.43,0.87,12,1,00:13:05,00
1084605,-123,24289,42.38,1,1,17.04,178.0,10309,214,-878,-177,921,1,43.6614053,-79.3956728,115.00,7.20,0.80,12,1,00:13:06,00
1084911,-128,24289,42.38,1,1,18.65,194.8,10321,145,-917,-117,936,1,43.6614053,-79.3956728,115.00,7.20,0.80,12,1,00:13:06,00
1085220,-122,24289,42.38,1,1,18.71,195.4,10333,180,-1082,-193,1113,1,43.6614053,-79.3956728,115.00,7.20,0.80,12,1,00:13:06,00
1085527,-122,24289,42.40,1,1,17.21,179.7,10344,50,-1031,-150,1044,1,43.6613815,-79.3956155,114.00,21.39,1.03,12,1,00:13:07,00
1085841,-122,24289,42.40,1,1,17.21,179.7,10355,191,-682,-179,731,1,43.6613815,-79.3956155,114.00,21.39,1.03,12,1,00:13:07,00
1086149,-113,24289,42.42,1,1,17.32,180.9,10366,76,-1097,-106,1105,1,43.6613815,-79.3956155,114.00,21.39,1.03,12,1,00:13:07,00
1086437,-104,24289,42.43,1,1,17.27,180.3,10377,185,-883,-118,910,1,43.6613588,-79.3955640,114.00,17.00,1.03,12,1,00:13:08,00
1086794,-124,24289,42.45,1,1,16.37,170.9,10389,119,-1108,-25,1115,1,43.6613588,-79.3955640,113.60,17.00,0.96,12,1,00:13:08,00
1087090,-126,24289,42.42,1,1,17.10,178.6,10399,134,-876,-72,889,1,43.6613588,-79.3955640,113.60,17.00,0.96,12,1,00:13:08,00
1087382,-115,24289,42.45,1,1,17.32,180.9,10410,-14,-998,11,998,1,43.6613588,-79.3955640,113.60,17.00,0.96,12,1,00:13:08,00
1087672,-112,24289,42.42,1,1,17.10,178.6,10420,136,-775,-76,791,1,43.6613308,-79.3955088,112.20,20.15,0.93,12,1,00:13:09,00
1088023,-121,24289,42.41,1,1,16.42,171.4,10432,41,-1282,47,1283,1,43.6613308,-79.3955088,112.20,20.15,0.93,12,1,00:13:09,00
1088313,-123,24289,42.44,1,1,17.32,180.9,10443,121,-1148,72,1157,1,43.6613308,-79.3955088,112.20,20.15,0.93,12,1,00:13:09,00
1088599,-119,24289,42.43,1,1,18.81,196.4,10454,116,-988,-288,1035,1,43.6613178,-79.3954542,110.00,18.33,0.95,12,1,00:13:10,00
1088892,-125,24289,42.43,1,1,17.27,180.3,10465,271,-891,-3,932,1,43.6613178,-79.3954542,110.00,18.33,0.95,12,1,00:13:10,00
1089184,-113,24289,42.43,1,1,17.04,177.9,10475,57,-1051,-29,1053,1,43.6613178,-79.3954542,110.00,18.33,0.95,12,1,00:13:10,00
1089469,-107,24289,42.46,1,1,17.21,179.7,10486,192,-963,22,982,1,43.6613042,-79.3954075,110.00,12.82,0.95,12,1,00:13:11,00
1089758,-112,24289,42.45,1,1,16.57,173.1,10495,27,-1031,192,1049,1,43.6613042,-79.3954075,108.70,12.82,0.99,12,1,00:13:11,00
1090052,-102,24289,42.45,1,1,17.15,179.2,10506,220,-1053,-167,1089,1,43.6613042,-79.3954075,108.70,12.82,0.99,12,1,00:13:11,00
1090343,-111,24289,42.45,1,1,18.48,193.0,10517,35,-1023,16,1024,1,43.6613042,-79.3954075,108.70,12.82,0.99,12,1,00:13:11,00
1090642,-111,24289,42.45,1,1,16.99,177.4,10528,75,-719,303,783,1,43.6612875,-79.3953523,105.10,17.67,0.99,12,1,00:13:12,00
1090935,-110,24289,42.45,1,1,18.41,192.3,10539,45,-1173,44,1175,1,43.6612875,-79.3953523,105.10,17.67,0.99,12,1,00:13:12,00
1091229,-115,24289,42.44,1,1,16.68,174.2,10549,24,-914,185,933,1,43.6612875,-79.3953523,105.10,17.67,0.99,12,1,00:13:12,00
1091526,-116,24289,42.45,1,1,17.04,178.0,10560,46,-933,202,955,1,43.6612877,-79.3952943,105.10,15.08,0.99,12,1,00:13:13,00
1091826,-121,24289,42.47,1,1,16.62,173.6,10570,99,-935,-152,953,1,43.6612877,-79.3952943,105.80,15.08,0.81,12,1,00:13:13,00
1092122,-115,24289,42.46,1,1,16.57,173.0,10580,231,-1097,-78,1124,1,43.6612877,-79.3952943,105.80,15.08,0.81,12,1,00:13:13,00
1092411,-109,24289,42.48,1,1,16.51,172.4,10591,283,-932,-60,976,1,43.6612628,-79.3952192,105.80,21.69,0.81,12,1,00:13:14,00
1092777,-115,24289,42.49,1,1,12.67,132.4,10600,299,-769,-106,832,1,43.6612628,-79.3952192,106.10,21.69,1.02,12,1,00:13:14,00
1093083,-108,24289,42.49,1,1,13.99,146.1,10609,335,-883,17,944,1,43.6612628,-79.3952192,106.10,21.69,1.02,12,1,00:13:14,00
1093369,-116,24289,42.49,1,1,14.13,147.5,10618,352,-1114,-225,1190,1,43.6612628,-79.3952192,106.10,21.69,1.02,12,1,00:13:14,00
1093669,-113,24289,42.50,1,1,12.19,127.3,10625,244,-933,59,967,1,43.6612442,-79.3951557,105.70,18.09,1.00,12,1,00:13:15,00
1093961,-111,24289,42.53,1,1,10.37,108.3,10631,319,-1003,-67,1055,1,43.6612442,-79.3951557,105.70,18.09,1.00,12,1,00:13:15,00
1094255,-109,24289,42.56,1,1,8.73,91.2,10637,233,-1009,13,1036,1,43.6612442,-79.3951557,105.70,18.09,1.00,12,1,00:13:15,00
1094548,-109,24289,42.58,1,1,7.02,73.3,10641,267,-961,-55,999,1,43.6612275,-79.3951122,105.40,12.02,0.96,12,1,00:13:16,00
1094841,-108,24289,42.59,1,1,7.48,78.1,10645,-29,-1103,261,1133,1,43.6612275,-79.3951122,105.40,12.02,0.96,12,1,00:13:16,00
1095136,-101,24289,42.59,1,1,6.26,65.4,10649,305,-968,-155,1027,1,43.6612275,-79.3951122,105.40,12.02,0.96,12,1,00:13:16,00
1095416,-89,24289,42.58,1,1,5.73,59.9,10651,262,-932,92,972,1,43.6612188,-79.3950860,105.40,5.96,0.96,12,1,00:13:17,00
1095718,-104,24289,42.62,1,1,3.31,34.6,10654,246,-956,-58,988,1,43.6612188,-79.3950860,105.80,5.96,1.02,12,1,00:13:17,00
1096013,-102,24289,42.61,1,1,3.01,31.4,10655,132,-1005,-49,1014,1,43.6612188,-79.3950860,105.80,5.96,1.02,12,1,00:13:17,00
1096315,-99,24289,42.64,1,1,2.38,24.8,10657,133,-934,-59,945,1,43.6612188,-79.3950860,105.80,5.96,1.02,12,1,00:13:17,00
1096615,-100,24289,42.65,1,1,2.31,24.2,10658,105,-911,-33,918,1,43.6612003,-79.3950748,105.20,4.63,1.02,12,1,00:13:18,00
1096918,-87,24289,42.66,1,1,2.31,24.1,10660,166,-1008,-50,1023,1,43.6612003,-79.3950748,105.20,4.63,1.02,12,1,00:13:18,00
1097219,-91,24289,42.69,1,1,2.38,24.9,10661,165,-942,-11,957,1,43.6612003,-79.3950748,105.20,4.63,1.02,12,1,00:13:18,00
1097581,-92,24289,42.72,1,1,2.04,21.3,10662,149,-952,-115,971,1,43.6611982,-79.3950618,106.30,2.98,0.94,12,1,00:13:19,00
1097879,-83,24289,42.73,1,1,1.53,16.0,10663,105,-961,-2,967,1,43.6611982,-79.3950618,106.30,2.98,0.94,12,1,00:13:19,00
1098180,-83,24289,42.77,1,1,1.10,11.5,10664,140,-954,-34,965,1,43.6611982,-79.3950618,106.30,2.98,0.94,12,1,00:13:19,00
1098469,-81,24289,42.78,1,1,1.10,11.5,10664,133,-963,-63,974,1,43.6611935,-79.3950587,106.30,1.09,0.94,12,1,00:13:20,00
1098770,-81,24289,42.81,1,1,1.05,10.9,10665,130,-985,-45,995,1,43.6611935,-79.3950587,107.50,1.09,0.94,12,1,00:13:20,00
1099078,-83,24289,42.83,1,1,0.97,10.1,10666,131,-966,-46,976,1,43.6611935,-79.3950587,107.50,1.09,0.94,12,1,00:13:20,00
1099375,-79,24289,42.86,1,1,0.97,10.1,10666,145,-979,-51,991,1,43.6611935,-79.3950587,107.50,1.09,0.94,12,1,00:13:20,00
1099676,-78,24289,42.89,1,1,0.97,10.1,10667,141,-960,-71,973,1,43.6611812,-79.3950580,106.60,2.33,0.94,12,1,00:13:21,00
1099985,-83,24289,42.90,1,1,0.97,10.1,10667,147,-974,-28,985,1,43.6611812,-79.3950580,106.60,2.33,0.94,12,1,00:13:21,00
1100291,-84,24289,42.91,1,1,0.80,8.3,10668,186,-961,-51,980,1,43.6611812,-79.3950580,106.60,2.33,0.94,12,1,00:13:21,00
1100588,-79,24289,42.90,1,1,0.80,8.3,10668,99,-969,-48,975,1,43.6611757,-79.3950568,106.00,1.52,0.94,12,1,00:13:22,00
1100893,-76,24289,42.96,1,1,0.80,8.3,10668,121,-969,-45,978,1,43.6611757,-79.3950568,106.00,1.52,0.94,12,1,00:13:22,00
1101195,-76,24289,42.98,1,1,0.80,8.3,10668,130,-965,-69,976,1,43.6611757,-79.3950568,106.00,1.52,0.94,12,1,00:13:22,00
1101498,-74,24289,42.99,1,1,0.80,8.3,10668,127,-971,-55,981,1,43.6611725,-79.3950518,106.00,0.98,0.94,12,1,00:13:23,00
1101804,-80,24289,43.01,1,1,0.80,8.3,10668,135,-971,-58,982,1,43.6611725,-79.3950518,108.40,0.98,0.89,12,1,00:13:23,00
1102125,-74,24289,43.05,1,1,0.00,0.0,10668,128,-969,-60,979,1,43.6611725,-79.3950518,108.40,0.98,0.89,12,1,00:13:23,00
1102492,-66,24289,43.04,1,1,0.00,0.0,10668,131,-972,-59,982,1,43.6611778,-79.3950530,108.40,4.74,0.89,12,1,00:13:24,00
1102792,-70,24289,43.04,1,1,0.00,0.0,10668,132,-968,-56,979,1,43.6611778,-79.3950530,109.80,4.74,0.89,12,1,00:13:24,00
1103097,-71,24289,43.04,1,1,0.00,0.0,10668,128,-970,-53,980,1,43.6611778,-79.3950530,109.80,4.74,0.89,12,1,00:13:24,00
1103394,-58,24289,43.09,1,1,0.00,0.0,10668,131,-970,-55,980,1,43.6611778,-79.3950530,109.80,4.74,0.89,12,1,00:13:24,00
1103697,-67,24289,43.07,1,1,0.00,0.0,10668,129,-968,-53,978,1,43.6611792,-79.3950533,111.80,2.72,0.93,12,1,00:13:25,00
1103998,-68,24289,43.11,1,1,0.00,0.0,10668,129,-970,-55,980,1,43.6611792,-79.3950533,111.80,2.72,0.93,12,1,00:13:25,00
1104312,-66,24289,43.15,1,1,0.00,0.0,10668,130,-969,-60,980,1,43.6611792,-79.3950533,111.80,2.72,0.93,12,1,00:13:25,00
1104619,-70,24289,43.15,1,1,0.00,0.0,10668,129,-971,-59,981,1,43.6611750,-79.3950535,113.00,1.41,0.89,12,1,00:13:26,00
1104930,-61,24289,43.16,1,1,0.00,0.0,10668,130,-970,-56,981,1,43.6611750,-79.3950535,113.00,1.41,0.89,12,1,00:13:26,00
1105234,-63,24289,43.18,1,1,0.00,0.0,10668,134,-978,-60,989,1,43.6611750,-79.3950535,113.00,1.41,0.89,12,1,00:13:26,00
1105540,-63,24289,43.18,1,1,0.00,0.0,10668,138,-967,-51,978,1,43.6611770,-79.3950513,113.90,4.17,0.91,12,1,00:13:27,00
1105847,-61,24289,43.22,1,1,0.00,0.0,10668,127,-963,-39,972,1,43.6611770,-79.3950513,113.90,4.17,0.91,12,1,00:13:27,00
1106157,-64,24289,43.22,1,1,0.00,0.0,10668,129,-967,-60,978,1,43.6611770,-79.3950513,113.90,4.17,0.91,12,1,00:13:27,00
1106452,-53,24289,43.25,1,1,0.00,0.0,10668,122,-962,-60,972,1,43.6611785,-79.3950560,113.90,3.94,0.91,12,1,00:13:28,00
1106761,-61,24289,43.25,1,1,0.00,0.0,10668,134,-968,-57,979,1,43.6611785,-79.3950560,115.60,3.94,0.91,12,1,00:13:28,00
1107070,-52,24289,43.27,1,1,0.00,0.0,10668,135,-985,-62,996,1,43.6611785,-79.3950560,115.60,3.94,0.91,12,1,00:13:28,00
1107417,-47,24289,43.29,1,1,0.00,0.0,10668,102,-980,-71,988,1,43.6611755,-79.3950587,115.60,2.26,0.91,12,1,00:13:29,00
1107725,-61,24289,43.29,1,1,0.00,0.0,10669,111,-952,-55,960,1,43.6611755,-79.3950587,116.10,2.26,0.71,12,1,00:13:29,00
1108034,-60,24289,43.27,1,1,0.00,0.0,10669,128,-951,-47,961,1,43.6611755,-79.3950587,116.10,2.26,0.71,12,1,00:13:29,00
1108366,-55,24289,43.29,1,1,0.00,0.0,10669,139,-975,-43,986,1,43.6611755,-79.3950587,116.10,2.26,0.71,12,1,00:13:29,00
1108660,-57,24289,43.32,1,1,0.00,0.0,10669,138,-964,-61,975,1,43.6611705,-79.3950548,116.70,0.91,0.73,12,1,00:13:30,00
1108953,-62,24289,43.31,1,1,0.00,0.0,10669,125,-965,-53,974,1,43.6611705,-79.3950548,116.70,0.91,0.73,12,1,00:13:30,00
1109247,-52,24289,43.32,1,1,0.00,0.0,10669,119,-970,-49,978,1,43.6611705,-79.3950548,116.70,0.91,0.73,12,1,00:13:30,00
1109539,-55,24289,43.34,1,1,0.00,0.0,10669,143,-940,-80,954,1,43.6611657,-79.3950547,117.60,2.04,0.91,12,1,00:13:31,00
1109828,-55,24289,43.34,1,1,0.00,0.0,10669,142,-946,-37,957,1,43.6611657,-79.3950547,117.60,2.04,0.91,12,1,00:13:31,00
1110122,-55,24289,43.36,1,1,0.00,0.0,10669,142,-976,-41,987,1,43.6611657,-79.3950547,117.60,2.04,0.91,12,1,00:13:31,00
1110396,-47,24289,43.35,1,1,0.00,0.0,10669,120,-963,-51,972,1,43.6611657,-79.3950547,117.60,2.04,0.91,12,1,00:13:31,00
1110694,-53,24289,43.39,1,1,0.00,0.0,10669,138,-976,-66,988,1,43.6611642,-79.3950467,118.90,0.80,0.92,12,1,00:13:32,00
1110987,-62,24289,43.39,1,1,0.00,0.0,10669,126,-975,-29,983,1,43.6611642,-79.3950467,118.90,0.80,0.92,12,1,00:13:32,00
1111279,-56,24289,43.40,1,1,0.00,0.0,10669,102,-961,-75,970,1,43.6611642,-79.3950467,118.90,0.80,0.92,12,1,00:13:32,00
1111572,-51,24289,43.41,1,1,0.00,0.0,10669,135,-970,-48,980,1,43.6611483,-79.3950483,118.80,4.35,0.96,12,1,00:13:33,00
1111864,-53,24289,43.41,1,1,0.00,0.0,10669,131,-974,-64,984,1,43.6611483,-79.3950483,118.80,4.35,0.96,12,1,00:13:33,00
1112220,-57,24289,43.42,1,1,0.00,0.0,10669,163,-978,-58,994,1,43.6611483,-79.3950483,118.80,4.35,0.96,12,1,00:13:33,00
1112509,-50,24289,43.43,1,1,0.00,0.0,10669,95,-985,-62,992,1,43.6611383,-79.3950472,118.80,0.87,0.96,12,1,00:13:34,00
1112808,-50,24289,43.43,1,1,0.00,0.0,10669,116,-953,-44,961,1,43.6611383,-79.3950472,117.40,0.87,0.92,12,1,00:13:34,00
1113100,-48,24289,43.44,1,1,0.00,0.0,10669,98,-976,-93,986,1,43.6611383,-79.3950472,117.40,0.87,0.92,12,1,00:13:34,00
1113383,-47,24289,43.45,1,1,0.00,0.0,10669,139,-974,-46,985,1,43.6611383,-79.3950472,117.40,0.87,0.92,12,1,00:13:34,00
1113679,-47,24289,43.45,1,1,0.00,0.0,10669,129,-949,-61,960,1,43.6611342,-79.3950430,118.50,0.30,0.90,12,1,00:13:35,00
1113972,-43,24289,43.45,1,1,0.00,0.0,10669,133,-970,-63,981,1,43.6611342,-79.3950430,118.50,0.30,0.90,12,1,00:13:35,00
1114265,-50,24289,43.47,1,1,0.00,0.0,10669,139,-977,-49,988,1,43.6611342,-79.3950430,118.50,0.30,0.90,12,1,00:13:35,00
1114560,-50,24289,43.48,1,1,0.00,0.0,10669,129,-971,-61,981,1,43.6611208,-79.3950282,119.10,4.26,0.90,12,1,00:13:36,00
1114857,-48,24289,43.47,1,1,0.00,0.0,10669,132,-975,-48,985,1,43.6611208,-79.3950282,119.10,4.26,0.90,12,1,00:13:36,00
1115158,-50,24289,43.46,1,1,0.00,0.0,10669,119,-964,-62,973,1,43.6611208,-79.3950282,119.10,4.26,0.90,12,1,00:13:36,00
1115435,-36,24289,43.47,1,1,0.00,0.0,10669,136,-962,-49,973,1,43.6611047,-79.3950267,119.10,3.80,0.90,12,1,00:13:37,00
1115732,-48,24289,43.49,1,1,0.00,0.0,10669,133,-963,-53,973,1,43.6611047,-79.3950267,116.90,3.80,0.89,12,1,00:13:37,00
1116033,-50,24289,43.49,1,1,0.00,0.0,10669,117,-964,-51,972,1,43.6611047,-79.3950267,116.90,3.80,0.89,12,1,00:13:37,00
1116333,-56,24289,43.48,1,1,0.00,0.0,10669,122,-969,-72,979,1,43.6611047,-79.3950267,116.90,3.80,0.89,12,1,00:13:37,00
1116630,-49,24289,43.48,1,1,0.00,0.0,10669,143,-963,-71,977,1,43.6610978,-79.3950307,116.00,2.61,0.88,12,1,00:13:38,00
1116996,-51,24289,43.49,1,1,0.00,0.0,10669,127,-962,-47,971,1,43.6610978,-79.3950307,116.00,2.61,0.88,12,1,00:13:38,00
1117287,-47,24289,43.49,1,1,0.00,0.0,10669,122,-968,-51,977,1,43.6610978,-79.3950307,116.00,2.61,0.88,12,1,00:13:38,00
1117581,-44,24289,43.48,1,1,0.00,0.0,10669,118,-969,-51,978,1,43.6610902,-79.3950325,114.30,1.57,0.97,12,1,00:13:39,00
1117881,-46,24289,43.49,1,1,0.00,0.0,10669,127,-971,-54,980,1,43.6610902,-79.3950325,114.30,1.57,0.97,12,1,00:13:39,00
1118173,-49,24289,43.47,1,1,0.00,0.0,10669,127,-969,-48,979,1,43.6610902,-79.3950325,114.30,1.57,0.97,12,1,00:13:39,00
1118458,-41,24289,43.49,1,1,0.00,0.0,10669,145,-973,-65,986,1,43.6610810,-79.3950263,114.30,1.85,0.97,12,1,00:13:40,00
1118758,-49,24289,43.48,1,1,0.00,0.0,10669,106,-971,-65,979,1,43.6610810,-79.3950263,112.40,1.85,0.92,12,1,00:13:40,00
1119065,-49,24289,43.49,1,1,0.00,0.0,10669,138,-964,-38,975,1,43.6610810,-79.3950263,112.40,1.85,0.92,12,1,00:13:40,00
1119359,-44,24289,43.49,1,1,0.00,0.0,10669,123,-964,-61,974,1,43.6610810,-79.3950263,112.40,1.85,0.92,12,1,00:13:40,00
1119659,-50,24289,43.48,1,1,0.00,0.0,10669,131,-972,-43,982,1,43.6610855,-79.3950152,111.50,5.11,0.89,12,1,00:13:41,00
1119960,-49,24289,43.50,1,1,0.00,0.0,10669,126,-970,-50,980,1,43.6610855,-79.3950152,111.50,5.11,0.89,12,1,00:13:41,00
1120257,-46,24289,43.49,1,1,0.00,0.0,10669,131,-970,-52,980,1,43.6610855,-79.3950152,111.50,5.11,0.89,12,1,00:13:41,00
1120554,-48,24289,43.50,1,1,0.00,0.0,10669,117,-973,-68,982,1,43.6610875,-79.3950087,110.90,3.02,0.89,12,1,00:13:42,00
1120857,-44,24289,43.49,1,1,0.00,0.0,10669,145,-972,-33,983,1,43.6610875,-79.3950087,110.90,3.02,0.89,12,1,00:13:42,00
1121165,-50,24289,43.50,1,1,0.00,0.0,10669,105,-978,-59,985,1,43.6610875,-79.3950087,110.90,3.02,0.89,12,1,00:13:42,00
1121459,-35,24289,43.49,1,1,0.00,0.0,10669,131,-968,-71,980,1,43.6610750,-79.3950083,110.90,0.37,0.89,12,1,00:13:43,00
1121831,-45,24289,43.49,1,1,0.00,0.0,10669,119,-970,-54,978,1,43.6610750,-79.3950083,109.00,0.37,1.02,12,1,00:13:43,00
1122137,-43,24289,43.47,1,1,0.00,0.0,10669,135,-970,-52,980,1,43.6610750,-79.3950083,109.00,0.37,1.02,12,1,00:13:43,00
1122408,-37,24289,43.50,1,1,0.00,0.0,10669,129,-971,-52,981,1,43.6610610,-79.3950032,109.00,3.15,1.02,12,1,00:13:44,00
1122712,-46,24289,43.50,1,1,0.00,0.0,10669,128,-970,-54,980,1,43.6610610,-79.3950032,107.60,3.15,0.92,12,1,00:13:44,00
1123016,-49,24289,43.50,1,1,0.00,0.0,10669,129,-970,-46,979,1,43.6610610,-79.3950032,107.60,3.15,0.92,12,1,00:13:44,00
1123322,-45,24289,43.49,1,1,0.00,0.0,10669,127,-969,-58,979,1,43.6610610,-79.3950032,107.60,3.15,0.92,12,1,00:13:44,00
1123625,-39,24289,43.48,1,1,0.00,0.0,10669,132,-970,-59,981,1,43.6610482,-79.3950038,106.70,4.04,0.95,12,1,00:13:45,00
1123927,-43,24289,43.49,1,1,0.00,0.0,10669,125,-971,-55,981,1,43.6610482,-79.3950038,106.70,4.04,0.95,12,1,00:13:45,00
1124237,-46,24289,43.49,1,1,0.00,0.0,10669,129,-969,-53,979,1,43.6610482,-79.3950038,106.70,4.04,0.95,12,1,00:13:45,00
1124545,-43,24289,43.47,1,1,0.00,0.0,10669,128,-970,-55,980,1,43.6610433,-79.3950118,106.50,2.00,0.97,12,1,00:13:46,00
1124851,-46,24289,43.47,1,1,0.00,0.0,10669,127,-970,-56,980,1,43.6610433,-79.3950118,106.50,2.00,0.97,12,1,00:13:46,00
1125158,-48,24289,43.48,1,1,0.00,0.0,10669,129,-971,-58,981,1,43.6610433,-79.3950118,106.50,2.00,0.97,12,1,00:13:46,00
1125449,-31,24289,43.47,1,1,0.00,0.0,10669,125,-970,-54,979,1,43.6610332,-79.3950152,106.50,1.41,0.97,12,1,00:13:47,00
1125764,-45,24289,43.47,1,1,0.00,0.0,10669,127,-972,-51,981,1,43.6610332,-79.3950152,104.30,1.41,0.91,12,1,00:13:47,00
1126069,-48,24289,43.48,1,1,0.00,0.0,10669,125,-969,-63,979,1,43.6610332,-79.3950152,104.30,1.41,0.91,12,1,00:13:47,00
1126373,-43,24289,43.47,1,1,0.00,0.0,10669,167,-963,-60,979,1,43.6610332,-79.3950152,104.30,1.41,0.91,12,1,00:13:47,00
1126743,-47,24289,43.47,1,1,0.00,0.0,10669,85,-986,-40,990,1,43.6610273,-79.3950157,102.90,1.41,0.90,12,1,00:13:48,00
1127050,-52,24289,43.47,1,1,0.00,0.0,10669,92,-964,-61,971,1,43.6610273,-79.3950157,102.90,1.41,0.90,12,1,00:13:48,00
1127353,-45,24289,43.49,1,1,0.00,0.0,10669,161,-966,-85,983,1,43.6610273,-79.3950157,102.90,1.41,0.90,12,1,00:13:48,00
1127662,-45,24289,43.47,1,1,0.00,0.0,10669,105,-979,-28,985,1,43.6610228,-79.3950183,101.20,1.76,0.89,12,1,00:13:49,00
1127973,-45,24289,43.46,1,1,0.00,0.0,10669,139,-983,-48,993,1,43.6610228,-79.3950183,101.20,1.76,0.89,12,1,00:13:49,00
1128290,-46,24289,43.43,1,1,0.00,0.0,10669,121,-990,-120,1005,1,43.6610228,-79.3950183,101.20,1.76,0.89,12,1,00:13:49,00
1128597,-46,24289,43.45,1,1,0.00,0.0,10669,107,-984,-31,990,1,43.6610162,-79.3950188,98.00,1.26,0.89,12,1,00:13:50,00
1128903,-45,24289,43.45,1,1,0.00,0.0,10669,132,-963,-74,975,1,43.6610162,-79.3950188,98.00,1.26,0.89,12,1,00:13:50,00
1129212,-45,24289,43.45,1,1,0.00,0.0,10669,129,-971,-53,981,1,43.6610162,-79.3950188,98.00,1.26,0.89,12,1,00:13:50,00
1129521,-59,24289,43.44,1,1,0.00,0.0,10670,95,-974,-54,981,1,43.6610165,-79.3950220,97.20,0.54,0.89,12,1,00:13:51,00
1129834,-50,24289,43.44,1,1,0.00,0.0,10670,124,-974,-64,984,1,43.6610165,-79.3950220,97.20,0.54,0.89,12,1,00:13:51,00
1130191,-40,24289,43.43,1,1,0.00,0.0,10670,118,-971,-33,979,1,43.6610165,-79.3950220,97.20,0.54,0.89,12,1,00:13:51,00
1130469,-43,24289,43.42,1,1,0.00,0.0,10670,124,-969,-53,979,1,43.6610170,-79.3950165,97.20,2.69,0.89,12,1,00:13:52,00
1130761,-53,24289,43.42,1,1,0.38,4.0,10671,134,-970,-60,981,1,43.6610170,-79.3950165,99.10,2.69,0.94,12,1,00:13:52,00
1131054,-43,24289,43.41,1,1,0.38,4.0,10671,107,-972,-62,980,1,43.6610170,-79.3950165,99.10,2.69,0.94,12,1,00:13:52,00
1131347,-44,24289,43.40,1,1,0.38,4.0,10671,192,-964,-23,983,1,43.6610170,-79.3950165,99.10,2.69,0.94,12,1,00:13:52,00
1131697,-43,24289,43.37,1,1,0.38,4.0,10671,132,-971,-55,982,1,43.6610168,-79.3950145,97.90,0.96,0.89,12,1,00:13:53,00
1131988,-46,24289,43.37,1,1,0.38,4.0,10671,119,-972,-52,981,1,43.6610168,-79.3950145,97.90,0.96,0.89,12,1,00:13:53,00
1132275,-43,24289,43.35,1,1,0.38,4.0,10671,125,-970,-55,979,1,43.6610168,-79.3950145,97.90,0.96,0.89,12,1,00:13:53,00
1132563,-44,24289,43.36,1,1,0.38,4.0,10671,123,-970,-52,980,1,43.6610215,-79.3950088,97.20,1.83,0.89,12,1,00:13:54,00
1132853,-47,24289,43.36,1,1,0.00,0.0,10671,122,-972,-53,981,1,43.6610215,-79.3950088,97.20,1.83,0.89,12,1,00:13:54,00
1133145,-46,24289,43.36,1,1,0.00,0.0,10671,128,-972,-52,981,1,43.6610215,-79.3950088,97.20,1.83,0.89,12,1,00:13:54,00
1133410,-30,24289,43.35,1,1,0.00,0.0,10671,132,-968,-48,979,1,43.6610285,-79.3950077,97.20,0.43,0.89,12,1,00:13:55,00
1133710,-39,24289,43.36,1,1,0.00,0.0,10671,131,-969,-45,979,1,43.6610285,-79.3950077,99.10,0.43,0.88,12,1,00:13:55,00
1134009,-44,24289,43.38,1,1,0.00,0.0,10671,110,-971,-55,979,1,43.6610285,-79.3950077,99.10,0.43,0.88,12,1,00:13:55,00
1134300,-42,24289,43.40,1,1,0.00,0.0,10671,110,-973,-62,981,1,43.6610285,-79.3950077,99.10,0.43,0.88,12,1,00:13:55,00
1134592,-44,24289,43.38,1,1,0.00,0.0,10671,103,-970,-67,978,1,43.6610428,-79.3950112,99.90,4.43,0.88,12,1,00:13:56,00
1134884,-41,24289,43.39,1,1,0.00,0.0,10671,122,-972,-55,982,1,43.6610428,-79.3950112,99.90,4.43,0.88,12,1,00:13:56,00
1135174,-53,24289,43.38,1,1,0.00,0.0,10671,110,-965,-54,973,1,43.6610428,-79.3950112,99.90,4.43,0.88,12,1,00:13:56,00
1135444,-44,24289,43.38,1,1,0.00,0.0,10672,114,-971,-46,979,1,43.6610350,-79.3950027,99.90,3.37,0.88,12,1,00:13:57,00
1135737,-41,24289,43.39,1,1,0.00,0.0,10672,120,-981,-35,989,1,43.6610350,-79.3950027,100.90,3.37,1.11,12,1,00:13:57,00
1136042,-43,24289,43.37,1,1,0.00,0.0,10672,98,-965,-87,974,1,43.6610350,-79.3950027,100.90,3.37,1.11,12,1,00:13:57,00
1136384,-37,24289,43.36,1,1,0.00,0.0,10672,123,-975,-27,983,1,43.6610350,-79.3950027,100.90,3.37,1.11,12,1,00:13:57,00
1136672,-41,24289,43.36,1,1,0.00,0.0,10672,134,-967,-69,978,1,43.6610255,-79.3950072,100.80,4.33,0.87,12,1,00:13:58,00
1136963,-40,24289,43.36,1,1,0.00,0.0,10672,137,-971,-59,983,1,43.6610255,-79.3950072,100.80,4.33,0.87,12,1,00:13:58,00
1137259,-37,24289,43.36,1,1,0.00,0.0,10672,136,-974,-43,984,1,43.6610255,-79.3950072,100.80,4.33,0.87,12,1,00:13:58,00
1137558,-39,24289,43.37,1,1,0.00,0.0,10672,95,-953,-41,959,1,43.6610410,-79.3950183,100.90,6.17,0.87,12,1,00:13:59,00
1137854,-42,24289,43.36,1,1,0.00,0.0,10672,138,-964,-29,975,1,43.6610410,-79.3950183,100.90,6.17,0.87,12,1,00:13:59,00
1138151,-40,24289,43.36,1,1,0.00,0.0,10672,270,-1017,-4,1052,1,43.6610410,-79.3950183,100.90,6.17,0.87,12,1,00:13:59,00
1138427,-31,24289,43.36,1,1,0.00,0.0,10672,106,-968,-67,976,1,43.6610670,-79.3950288,100.90,10.50,0.87,12,1,00:14:00,00
1138728,-44,24289,43.36,1,1,0.00,0.0,10672,105,-977,-54,984,1,43.6610670,-79.3950288,100.80,10.50,0.90,12,1,00:14:00,00
1139030,-39,24289,43.37,1,1,0.00,0.0,10672,131,-969,-68,981,1,43.6610670,-79.3950288,100.80,10.50,0.90,12,1,00:14:00,00
1139326,-42,24289,43.38,1,1,0.00,0.0,10672,117,-957,-38,965,1,43.6610670,-79.3950288,100.80,10.50,0.90,12,1,00:14:00,00
1139629,-41,24289,43.35,1,1,0.00,0.0,10672,88,-949,-30,954,1,43.6610707,-79.3950328,99.10,3.85,0.91,12,1,00:14:01,00
1139929,-33,24289,43.38,1,1,0.00,0.0,10672,123,-966,-48,975,1,43.6610707,-79.3950328,99.10,3.85,0.91,12,1,00:14:01,00
1140233,-42,24289,43.39,1,1,0.00,0.0,10672,133,-965,-41,975,1,43.6610707,-79.3950328,99.10,3.85,0.91,12,1,00:14:01,00
1140534,-31,24289,43.39,1,1,0.00,0.0,10672,135,-1020,-67,1032,1,43.6610797,-79.3950253,97.90,5.35,0.94,12,1,00:14:02,00
1140834,-42,24289,43.39,1,1,0.00,0.0,10672,117,-1010,-70,1019,1,43.6610797,-79.3950253,97.90,5.35,0.94,12,1,00:14:02,00
1141200,-38,24289,43.40,1,1,0.00,0.0,10672,133,-969,-66,980,1,43.6610797,-79.3950253,97.90,5.35,0.94,12,1,00:14:02,00
1141491,-33,24289,43.40,1,1,0.00,0.0,10672,177,-965,-30,981,1,43.6610820,-79.3950238,97.90,2.11,0.94,12,1,00:14:03,00
1141789,-37,24289,43.39,1,1,0.00,0.0,10672,142,-967,-44,979,1,43.6610820,-79.3950238,97.90,2.11,0.94,12,1,00:14:03,00
1142087,-41,24289,43.38,1,1,0.00,0.0,10672,130,-968,-58,978,1,43.6610820,-79.3950238,97.90,2.11,0.94,12,1,00:14:03,00
1142383,-31,24289,43.38,1,1,0.00,0.0,10672,124,-973,-48,982,1,43.6610820,-79.3950238,97.90,2.11,0.94,12,1,00:14:03,00
1142686,-36,24289,43.39,1,1,0.00,0.0,10672,118,-970,-56,979,1,43.6610900,-79.3950257,97.60,3.28,0.91,12,1,00:14:04,00
1142983,-38,24289,43.39,1,1,0.00,0.0,10672,117,-973,-53,982,1,43.6610900,-79.3950257,97.60,3.28,0.91,12,1,00:14:04,00
1143284,-34,24289,43.39,1,1,0.00,0.0,10672,118,-973,-54,982,1,43.6610900,-79.3950257,97.60,3.28,0.91,12,1,00:14:04,00
1143586,-35,24289,43.37,1,1,0.00,0.0,10672,124,-971,-51,980,1,43.6610937,-79.3950233,97.30,1.41,0.91,12,1,00:14:05,00
1143891,-40,24289,43.38,1,1,0.00,0.0,10672,124,-970,-48,979,1,43.6610937,-79.3950233,97.30,1.41,0.91,12,1,00:14:05,00
1144201,-39,24289,43.39,1,1,0.00,0.0,10672,124,-970,-50,979,1,43.6610937,-79.3950233,97.30,1.41,0.91,12,1,00:14:05,00
1144508,-33,24289,43.40,1,1,0.00,0.0,10672,126,-971,-53,980,1,43.6610938,-79.3950142,97.30,2.98,0.91,12,1,00:14:06,00
1144811,-38,24289,43.38,1,1,0.00,0.0,10672,125,-971,-47,980,1,43.6610938,-79.3950142,95.30,2.98,0.89,12,1,00:14:06,00
1145118,-37,24289,43.39,1,1,0.00,0.0,10672,126,-972,-49,982,1,43.6610938,-79.3950142,95.30,2.98,0.89,12,1,00:14:06,00
1145414,-30,24289,43.38,1,1,0.00,0.0,10672,127,-969,-51,979,1,43.6611058,-79.3950073,95.30,6.44,0.89,12,1,00:14:07,00
1145720,-36,24289,43.39,1,1,0.00,0.0,10672,124,-968,-51,977,1,43.6611058,-79.3950073,94.60,6.44,0.88,12,1,00:14:07,00
1146083,-36,24289,43.37,1,1,0.00,0.0,10672,134,-968,-45,978,1,43.6611058,-79.3950073,94.60,6.44,0.88,12,1,00:14:07,00
1146381,-30,24289,43.40,1,1,0.00,0.0,10672,131,-965,-55,976,1,43.6611058,-79.3950073,94.60,6.44,0.88,12,1,00:14:07,00
1146693,-42,24289,43.41,1,1,0.00,0.0,10672,120,-973,-54,982,1,43.6610957,-79.3949973,93.90,3.09,0.88,12,1,00:14:08,00
1146994,-39,24289,43.38,1,1,0.00,0.0,10672,122,-971,-60,981,1,43.6610957,-79.3949973,93.90,3.09,0.88,12,1,00:14:08,00
1147297,-41,24289,43.40,1,1,0.00,0.0,10672,124,-971,-55,981,1,43.6610957,-79.3949973,93.90,3.09,0.88,12,1,00:14:08,00
1147601,-37,24289,43.39,1,1,0.00,0.0,10672,121,-973,-47,981,1,43.6610897,-79.3949810,93.30,4.15,0.88,12,1,00:14:09,00
1147910,-37,24289,43.37,1,1,0.00,0.0,10672,124,-970,-49,979,1,43.6610897,-79.3949810,93.30,4.15,0.88,12,1,00:14:09,00
1148227,-36,24289,43.38,1,1,0.00,0.0,10672,133,-972,-41,982,1,43.6610897,-79.3949810,93.30,4.15,0.88,12,1,00:14:09,00
1148534,-31,24289,43.37,1,1,0.00,0.0,10672,136,-968,-44,978,1,43.6610878,-79.3949715,93.00,2.22,0.89,12,1,00:14:10,00
1148844,-37,24289,43.37,1,1,0.00,0.0,10672,135,-971,-60,982,1,43.6610878,-79.3949715,93.00,2.22,0.89,12,1,00:14:10,00
1149159,-40,24289,43.40,1,1,0.00,0.0,10672,119,-971,-45,979,1,43.6610878,-79.3949715,93.00,2.22,0.89,12,1,00:14:10,00
1149456,-26,24289,43.36,1,1,0.00,0.0,10672,127,-970,-68,980,1,43.6610767,-79.3949670,93.00,0.98,0.89,12,1,00:14:11,00
1149763,-36,24289,43.36,1,1,0.00,0.0,10672,127,-972,-48,981,1,43.6610767,-79.3949670,91.20,0.98,0.89,12,1,00:14:11,00
1150076,-38,24289,43.37,1,1,0.00,0.0,10672,125,-971,-45,980,1,43.6610767,-79.3949670,91.20,0.98,0.89,12,1,00:14:11,00
1150386,-25,24289,43.36,1,1,0.00,0.0,10672,132,-978,-40,987,1,43.6610767,-79.3949670,91.20,0.98,0.89,12,1,00:14:11,00
1150700,-32,24289,43.39,1,1,0.00,0.0,10672,133,-964,-67,976,1,43.6610715,-79.3949688,92.10,1.69,0.89,12,1,00:14:12,00
1151085,-36,24289,43.37,1,1,0.00,0.0,10672,148,-961,-44,974,1,43.6610715,-79.3949688,92.10,1.69,0.89,12,1,00:14:12,00
1151387,-31,24289,43.39,1,1,0.00,0.0,10672,127,-968,-39,977,1,43.6610715,-79.3949688,92.10,1.69,0.89,12,1,00:14:12,00
1151689,-31,24289,43.35,1,1,0.00,0.0,10672,123,-969,-50,978,1,43.6610665,-79.3949703,93.10,1.02,0.86,12,1,00:14:13,00
1152039,-33,24289,43.35,1,1,0.00,0.0,10672,127,-970,-60,980,1,43.6610665,-79.3949703,93.10,1.02,0.86,12,1,00:14:13,00
1152335,-36,24289,43.37,1,1,0.00,0.0,10672,124,-971,-53,980,1,43.6610665,-79.3949703,93.10,1.02,0.86,12,1,00:14:13,00
1152627,-36,24289,43.36,1,1,0.00,0.0,10672,124,-971,-48,981,1,43.6610628,-79.3949688,92.90,0.96,0.85,12,1,00:14:14,00
1152913,-33,24289,43.35,1,1,0.00,0.0,10672,127,-971,-54,981,1,43.6610628,-79.3949688,92.90,0.96,0.85,12,1,00:14:14,00
1153207,-36,24289,43.35,1,1,0.00,0.0,10672,128,-970,-48,979,1,43.6610628,-79.3949688,92.90,0.96,0.85,12,1,00:14:14,00
1153488,-25,24289,43.36,1,1,0.00,0.0,10672,127,-971,-53,980,1,43.6610572,-79.3949728,92.90,1.94,0.85,12,1,00:14:15,00
1153782,-33,24289,43.34,1,1,0.00,0.0,10672,125,-971,-47,980,1,43.6610572,-79.3949728,92.70,1.94,0.83,12,1,00:14:15,00
1154080,-39,24289,43.34,1,1,0.00,0.0,10672,125,-971,-50,980,1,43.6610572,-79.3949728,92.70,1.94,0.83,12,1,00:14:15,00
1154369,-28,24289,43.38,1,1,0.00,0.0,10672,125,-970,-53,980,1,43.6610572,-79.3949728,92.70,1.94,0.83,12,1,00:14:15,00
1154662,-37,24289,43.34,1,1,0.00,0.0,10672,119,-968,-53,977,1,43.6610558,-79.3949810,94.90,2.56,0.83,12,1,00:14:16,00
1154950,-39,24289,43.34,1,1,0.00,0.0,10672,118,-970,-50,978,1,43.6610558,-79.3949810,94.90,2.56,0.83,12,1,00:14:16,00
1155246,-30,24289,43.34,1,1,0.00,0.0,10672,124,-971,-51,980,1,43.6610558,-79.3949810,94.90,2.56,0.83,12,1,00:14:16,00
1155537,-37,24289,43.34,1,1,0.00,0.0,10672,124,-971,-53,980,1,43.6610522,-79.3949795,95.20,1.07,0.78,12,1,00:14:17,00
1155895,-36,24289,43.32,1,1,0.00,0.0,10672,125,-970,-51,979,1,43.6610522,-79.3949795,95.20,1.07,0.78,12,1,00:14:17,00
1156188,-39,24289,43.32,1,1,0.00,0.0,10672,124,-971,-50,980,1,43.6610522,-79.3949795,95.20,1.07,0.78,12,1,00:14:17,00
1156460,-30,24289,43.32,1,1,0.00,0.0,10672,122,-970,-51,979,1,43.6610627,-79.3949817,95.20,3.35,0.78,12,1,00:14:18,00
1156746,-40,24289,43.31,1,1,0.00,0.0,10672,123,-971,-53,980,1,43.6610627,-79.3949817,95.50,3.35,0.70,12,1,00:14:18,00
1157043,-41,24289,43.31,1,1,0.00,0.0,10672,120,-971,-47,979,1,43.6610627,-79.3949817,95.50,3.35,0.70,12,1,00:14:18,00
1157338,-36,24289,43.30,1,1,0.00,0.0,10672,114,-972,-55,980,1,43.6610627,-79.3949817,95.50,3.35,0.70,12,1,00:14:18,00
1157634,-31,24289,43.27,1,1,0.00,0.0,10672,116,-971,-52,979,1,43.6610727,-79.3949832,94.60,4.59,0.74,12,1,00:14:19,00
1157932,-34,24289,43.27,1,1,0.00,0.0,10672,119,-970,-53,979,1,43.6610727,-79.3949832,94.60,4.59,0.74,12,1,00:14:19,00
1158227,-39,24289,43.25,1,1,0.00,0.0,10672,115,-974,-52,982,1,43.6610727,-79.3949832,94.60,4.59,0.74,12,1,00:14:19,00
1158527,-32,24289,43.24,1,1,0.00,0.0,10672,117,-974,-52,982,1,43.6610693,-79.3949803,94.70,3.37,0.81,12,1,00:14:20,00
1158820,-37,24289,43.21,1,1,0.00,0.0,10672,120,-970,-57,979,1,43.6610693,-79.3949803,94.70,3.37,0.81,12,1,00:14:20,00
1159113,-37,24289,43.22,1,1,0.00,0.0,10672,114,-981,-38,988,1,43.6610693,-79.3949803,94.70,3.37,0.81,12,1,00:14:20,00
1159405,-28,24289,43.19,1,1,0.00,0.0,10672,128,-972,-56,982,1,43.6610705,-79.3949823,94.70,1.31,0.81,12,1,00:14:21,00
1159709,-41,24289,43.17,1,1,0.00,0.0,10672,112,-969,-41,977,1,43.6610705,-79.3949823,95.20,1.31,0.81,12,1,00:14:21,00
1160008,-41,24289,43.15,1,1,0.00,0.0,10672,126,-969,-46,979,1,43.6610705,-79.3949823,95.20,1.31,0.81,12,1,00:14:21,00
1160304,-37,24289,43.14,1,1,0.00,0.0,10672,120,-979,-36,987,1,43.6610705,-79.3949823,95.20,1.31,0.81,12,1,00:14:21,00
1160662,-36,24289,43.15,1,1,0.00,0.0,10672,132,-951,-54,961,1,43.6610695,-79.3949807,95.60,0.87,0.81,12,1,00:14:22,00
1160958,-38,24289,43.16,1,1,0.00,0.0,10672,114,-976,-13,982,1,43.6610695,-79.3949807,95.60,0.87,0.81,12,1,00:14:22,00
1161251,-36,24289,43.13,1,1,0.00,0.0,10672,129,-959,-81,971,1,43.6610695,-79.3949807,95.60,0.87,0.81,12,1,00:14:22,00
1161552,-36,24289,43.13,1,1,0.00,0.0,10672,127,-973,-41,982,1,43.6610523,-79.3949718,96.40,7.17,0.78,12,1,00:14:23,00
1161848,-31,24289,43.13,1,1,0.00,0.0,10672,127,-968,-52,978,1,43.6610523,-79.3949718,96.40,7.17,0.78,12,1,00:14:23,00
1162144,-37,24289,43.11,1,1,0.00,0.0,10672,120,-970,-54,979,1,43.6610523,-79.3949718,96.40,7.17,0.78,12,1,00:14:23,00
1162443,-23,24289,43.11,1,1,0.00,0.0,10672,124,-971,-46,980,1,43.6610327,-79.3949648,96.40,5.54,0.78,12,1,00:14:24,00
1162739,-36,24289,43.12,1,1,0.00,0.0,10672,124,-972,-49,981,1,43.6610327,-79.3949648,97.30,5.54,0.90,12,1,00:14:24,00
1163036,-41,24289,43.11,1,1,0.00,0.0,10672,127,-970,-55,980,1,43.6610327,-79.3949648,97.30,5.54,0.90,12,1,00:14:24,00
1163331,-39,24289,43.11,1,1,0.00,0.0,10672,124,-971,-49,980,1,43.6610327,-79.3949648,97.30,5.54,0.90,12,1,00:14:24,00
1163633,-35,24289,43.10,1,1,0.00,0.0,10672,123,-972,-51,981,1,43.6610167,-79.3949625,97.80,4.76,0.88,12,1,00:14:25,00
1163936,-36,24289,43.09,1,1,0.00,0.0,10672,130,-970,-55,980,1,43.6610167,-79.3949625,97.80,4.76,0.88,12,1,00:14:25,00
1164234,-33,24289,43.09,1,1,0.00,0.0,10672,122,-973,-69,983,1,43.6610167,-79.3949625,97.80,4.76,0.88,12,1,00:14:25,00
1164539,-36,24289,43.11,1,1,0.00,0.0,10672,128,-970,-48,980,1,43.6610135,-79.3949605,98.20,1.13,0.94,12,1,00:14:26,00
1164846,-36,24289,43.09,1,1,0.00,0.0,10672,130,-968,-65,979,1,43.6610135,-79.3949605,98.20,1.13,0.94,12,1,00:14:26,00
1165147,-29,24289,43.09,1,1,0.00,0.0,10672,120,-972,-41,981,1,43.6610135,-79.3949605,98.20,1.13,0.94,12,1,00:14:26,00
1165502,-27,24289,43.09,1,1,0.00,0.0,10672,126,-971,-59,980,1,43.6610090,-79.3949652,98.20,2.28,0.94,12,1,00:14:27,00
1165809,-39,24289,43.08,1,1,0.00,0.0,10672,126,-973,-46,982,1,43.6610090,-79.3949652,99.00,2.28,0.93,12,1,00:14:27,00
1166106,-40,24289,43.08,1,1,0.00,0.0,10672,117,-969,-54,978,1,43.6610090,-79.3949652,99.00,2.28,0.93,12,1,00:14:27,00
1166403,-23,24289,43.06,1,1,0.00,0.0,10672,119,-974,-55,983,1,43.6610090,-79.3949652,99.00,2.28,0.93,12,1,00:14:27,00
1166702,-33,24289,43.08,1,1,0.00,0.0,10672,124,-972,-50,981,1,43.6610037,-79.3949632,99.00,2.33,0.80,12,1,00:14:28,00
1167005,-37,24289,43.06,1,1,0.00,0.0,10672,126,-971,-48,980,1,43.6610037,-79.3949632,99.00,2.33,0.80,12,1,00:14:28,00
1167306,-37,24289,43.05,1,1,0.00,0.0,10672,125,-972,-49,982,1,43.6610037,-79.3949632,99.00,2.33,0.80,12,1,00:14:28,00
1167608,-31,24289,43.05,1,1,0.00,0.0,10672,124,-972,-52,981,1,43.6610010,-79.3949650,98.60,1.30,0.90,12,1,00:14:29,00
1167918,-34,24289,43.04,1,1,0.00,0.0,10672,126,-974,-49,983,1,43.6610010,-79.3949650,98.60,1.30,0.90,12,1,00:14:29,00
1168220,-34,24289,43.05,1,1,0.00,0.0,10672,123,-970,-49,979,1,43.6610010,-79.3949650,98.60,1.30,0.90,12,1,00:14:29,00
1168528,-27,24289,43.04,1,1,0.00,0.0,10672,124,-974,-52,983,1,43.6609952,-79.3949650,97.00,2.20,0.76,12,1,00:14:30,00
1168835,-37,24289,43.04,1,1,0.00,0.0,10672,125,-972,-55,982,1,43.6609952,-79.3949650,97.00,2.20,0.76,12,1,00:14:30,00
1169147,-33,24289,43.04,1,1,0.00,0.0,10672,128,-972,-52,981,1,43.6609952,-79.3949650,97.00,2.20,0.76,12,1,00:14:30,00
1169447,-31,24289,43.04,1,1,0.00,0.0,10672,123,-985,-49,993,1,43.6609852,-79.3949692,97.00,2.39,0.76,12,1,00:14:31,00
1169752,-34,24289,43.05,1,1,0.00,0.0,10672,139,-962,-74,975,1,43.6609852,-79.3949692,99.30,2.39,0.76,12,1,00:14:31,00
1170073,-34,24289,43.02,1,1,0.00,0.0,10672,144,-972,-66,985,1,43.6609852,-79.3949692,99.30,2.39,0.76,12,1,00:14:31,00
1170443,-17,24289,42.99,1,1,0.00,0.0,10672,132,-973,-56,983,1,43.6609912,-79.3949717,99.30,2.74,0.76,12,1,00:14:32,00
1170747,-33,24289,42.97,1,1,0.00,0.0,10672,114,-974,-38,981,1,43.6609912,-79.3949717,101.00,2.74,0.91,12,1,00:14:32,00
1171054,-32,24289,42.97,1,1,0.00,0.0,10672,164,-961,-48,976,1,43.6609912,-79.3949717,101.00,2.74,0.91,12,1,00:14:32,00
1171357,-32,24289,42.99,1,1,0.00,0.0,10672,104,-975,-73,983,1,43.6609912,-79.3949717,101.00,2.74,0.91,12,1,00:14:32,00
1171666,-36,24289,42.97,1,1,0.00,0.0,10672,133,-968,-42,978,1,43.6609945,-79.3949710,100.80,0.94,0.90,12,1,00:14:33,00
1171977,-28,24289,42.97,1,1,0.00,0.0,10672,110,-968,-48,976,1,43.6609945,-79.3949710,100.80,0.94,0.90,12,1,00:14:33,00
1172290,-30,24289,42.97,1,1,0.00,0.0,10672,83,-1008,-40,1012,1,43.6609945,-79.3949710,100.80,0.94,0.90,12,1,00:14:33,00
1172602,-30,24289,42.96,1,1,0.00,0.0,10672,147,-967,-64,980,1,43.6609902,-79.3949687,99.70,2.13,0.91,12,1,00:14:34,00
1172915,-31,24289,42.99,1,1,0.00,0.0,10672,122,-966,-64,976,1,43.6609902,-79.3949687,99.70,2.13,0.91,12,1,00:14:34,00
1173225,-36,24289,42.98,1,1,0.00,0.0,10672,95,-962,-50,968,1,43.6609902,-79.3949687,99.70,2.13,0.91,12,1,00:14:34,00
1173578,-27,24289,42.98,1,1,0.00,0.0,10672,111,-1028,-38,1034,1,43.6609865,-79.3949707,99.10,1.41,0.91,12,1,00:14:35,00
1173862,-34,24289,42.97,1,1,0.00,0.0,10672,151,-951,-63,965,1,43.6609865,-79.3949707,99.10,1.41,0.91,12,1,00:14:35,00
1174153,-32,24289,42.97,1,1,0.00,0.0,10672,135,-965,-84,978,1,43.6609865,-79.3949707,99.10,1.41,0.91,12,1,00:14:35,00
1174448,-24,24289,42.95,1,1,0.00,0.0,10672,131,-962,-59,973,1,43.6609812,-79.3949688,99.10,1.61,0.91,12,1,00:14:36,00
1174738,-31,24289,42.98,1,1,0.00,0.0,10672,141,-951,7,962,1,43.6609812,-79.3949688,101.70,1.61,0.81,12,1,00:14:36,00
1175030,-31,24289,42.97,1,1,0.00,0.0,10672,150,-958,-63,971,1,43.6609812,-79.3949688,101.70,1.61,0.81,12,1,00:14:36,00
1175379,-28,24289,43.00,1,1,0.00,0.0,10672,114,-973,-49,981,1,43.6609812,-79.3949688,101.70,1.61,0.81,12,1,00:14:36,00
1175671,-29,24289,43.00,1,1,0.00,0.0,10672,116,-990,-83,1001,1,43.6609785,-79.3949600,103.00,1.57,0.83,12,1,00:14:37,00
1175963,-30,24289,43.01,1,1,0.00,0.0,10672,101,-982,-38,988,1,43.6609785,-79.3949600,103.00,1.57,0.83,12,1,00:14:37,00
1176251,-28,24289,42.99,1,1,0.00,0.0,10672,129,-965,-66,976,1,43.6609785,-79.3949600,103.00,1.57,0.83,12,1,00:14:37,00
1176548,-30,24289,43.01,1,1,0.00,0.0,10672,119,-975,-53,983,1,43.6609768,-79.3949528,103.00,1.20,0.83,12,1,00:14:38,00
1176842,-27,24289,43.00,1,1,0.00,0.0,10672,119,-969,-60,978,1,43.6609768,-79.3949528,103.00,1.20,0.83,12,1,00:14:38,00
1177133,-31,24289,43.00,1,1,0.00,0.0,10672,125,-970,-55,980,1,43.6609768,-79.3949528,103.00,1.20,0.83,12,1,00:14:38,00
1177421,-22,24289,42.99,1,1,0.00,0.0,10672,128,-969,-51,979,1,43.6609738,-79.3949478,103.00,1.43,0.83,12,1,00:14:39,00
1177712,-28,24289,43.01,1,1,0.00,0.0,10672,135,-969,-47,980,1,43.6609738,-79.3949478,103.40,1.43,0.83,12,1,00:14:39,00
1178008,-28,24289,43.01,1,1,0.00,0.0,10672,125,-970,-51,980,1,43.6609738,-79.3949478,103.40,1.43,0.83,12,1,00:14:39,00
1178303,-31,24289,43.02,1,1,0.00,0.0,10672,125,-970,-51,979,1,43.6609738,-79.3949478,103.40,1.43,0.83,12,1,00:14:39,00
1178603,-31,24289,43.01,1,1,0.00,0.0,10672,130,-970,-56,980,1,43.6609728,-79.3949418,105.50,0.39,0.86,12,1,00:14:40,00
1178898,-29,24289,43.00,1,1,0.00,0.0,10672,125,-971,-51,980,1,43.6609728,-79.3949418,105.50,0.39,0.86,12,1,00:14:40,00
1179197,-26,24289,42.99,1,1,0.00,0.0,10672,127,-973,-51,982,1,43.6609728,-79.3949418,105.50,0.39,0.86,12,1,00:14:40,00
1179488,-28,24289,43.01,1,1,0.00,0.0,10672,122,-970,-47,979,1,43.6609813,-79.3949365,105.50,3.83,0.86,12,1,00:14:41,00
1179785,-28,24289,43.00,1,1,0.00,0.0,10672,125,-969,-51,978,1,43.6609813,-79.3949365,106.30,3.83,0.81,12,1,00:14:41,00
1180139,-28,24289,43.00,1,1,0.00,0.0,10672,125,-971,-51,981,1,43.6609813,-79.3949365,106.30,3.83,0.81,12,1,00:14:41,00
1180432,-21,24289,43.04,1,1,0.00,0.0,10672,124,-970,-54,979,1,43.6609840,-79.3949340,106.30,0.54,0.81,12,1,00:14:42,00
1180734,-32,24289,42.99,1,1,0.00,0.0,10672,125,-970,-52,979,1,43.6609840,-79.3949340,107.30,0.54,0.81,12,1,00:14:42,00
1181028,-30,24289,43.00,1,1,0.00,0.0,10672,124,-969,-56,979,1,43.6609840,-79.3949340,107.30,0.54,0.81,12,1,00:14:42,00
1181329,-31,24289,42.99,1,1,0.00,0.0,10672,112,-973,-44,980,1,43.6609840,-79.3949340,107.30,0.54,0.81,12,1,00:14:42,00
1181630,-28,24289,43.00,1,1,0.00,0.0,10672,120,-983,-49,991,1,43.6609897,-79.3949388,108.90,2.82,0.81,12,1,00:14:43,00
1181922,-32,24289,42.97,1,1,0.00,0.0,10672,132,-971,-56,982,1,43.6609897,-79.3949388,108.90,2.82,0.81,12,1,00:14:43,00
1182220,-30,24289,43.03,1,1,0.00,0.0,10672,116,-992,-50,1000,1,43.6609897,-79.3949388,108.90,2.82,0.81,12,1,00:14:43,00
1182517,-27,24289,43.00,1,1,0.00,0.0,10672,132,-967,-61,978,1,43.6609980,-79.3949443,108.90,2.15,0.81,12,1,00:14:44,00
1182818,-29,24289,42.99,1,1,0.00,0.0,10672,133,-967,-43,977,1,43.6609980,-79.3949443,109.70,2.15,0.80,12,1,00:14:44,00
1183114,-27,24289,42.99,1,1,0.00,0.0,10672,130,-974,-58,985,1,43.6609980,-79.3949443,109.70,2.15,0.80,12,1,00:14:44,00
1183407,-22,24289,42.99,1,1,0.00,0.0,10672,133,-974,-45,984,1,43.6609967,-79.3949463,109.70,2.59,0.80,12,1,00:14:45,00
1183706,-35,24289,42.99,1,1,0.00,0.0,10672,132,-953,-65,964,1,43.6609967,-79.3949463,109.30,2.59,0.80,12,1,00:14:45,00
1184004,-28,24289,42.98,1,1,0.00,0.0,10672,128,-982,-49,992,1,43.6609967,-79.3949463,109.30,2.59,0.80,12,1,00:14:45,00
1184303,-31,24289,42.99,1,1,0.00,0.0,10672,130,-971,-36,981,1,43.6609967,-79.3949463,109.30,2.59,0.80,12,1,00:14:45,00
1184606,-29,24289,42.98,1,1,0.00,0.0,10672,137,-973,-49,984,1,43.6610020,-79.3949565,111.40,2.11,0.73,12,1,00:14:46,00
1184979,-27,24289,42.97,1,1,0.00,0.0,10672,128,-964,-65,974,1,43.6610020,-79.3949565,111.40,2.11,0.73,12,1,00:14:46,00
1185279,-27,24289,42.96,1,1,0.00,0.0,10672,120,-974,-47,982,1,43.6610020,-79.3949565,111.40,2.11,0.73,12,1,00:14:46,00
1185578,-31,24289,42.93,1,1,0.00,0.0,10672,121,-964,-65,974,1,43.6610112,-79.3949640,112.90,2.28,0.64,12,1,00:14:47,00
1185874,-37,24289,42.91,1,1,0.00,0.0,10672,115,-975,-52,983,1,43.6610112,-79.3949640,112.90,2.28,0.64,12,1,00:14:47,00
1186185,-47,24289,42.91,1,1,0.00,0.0,10673,122,-972,-57,981,1,43.6610112,-79.3949640,112.90,2.28,0.64,12,1,00:14:47,00
1186469,-35,24289,42.89,1,1,0.00,0.0,10673,121,-970,-58,980,1,43.6610135,-79.3949675,112.90,1.11,0.64,12,1,00:14:48,00
1186769,-43,24289,42.86,1,1,0.00,0.0,10673,117,-974,-49,982,1,43.6610135,-79.3949675,113.80,1.11,0.64,12,1,00:14:48,00
1187079,-47,24289,42.83,1,1,0.00,0.0,10673,142,-971,-56,983,1,43.6610135,-79.3949675,113.80,1.11,0.64,12,1,00:14:48,00
1187374,-42,24289,42.86,1,1,0.00,0.0,10673,135,-970,-49,981,1,43.6610135,-79.3949675,113.80,1.11,0.64,12,1,00:14:48,00
1187683,-42,24289,42.83,1,1,0.00,0.0,10673,107,-973,-51,980,1,43.6610100,-79.3949658,114.70,2.48,0.64,12,1,00:14:49,00
1187985,-27,24289,42.83,1,1,0.00,0.0,10673,120,-967,-65,977,1,43.6610100,-79.3949658,114.70,2.48,0.64,12,1,00:14:49,00
1188292,-27,24289,42.84,1,1,0.00,0.0,10673,162,-966,-31,980,1,43.6610100,-79.3949658,114.70,2.48,0.64,12,1,00:14:49,00
1188598,-31,24289,42.83,1,1,0.00,0.0,10673,117,-968,-57,977,1,43.6610015,-79.3949673,115.10,3.93,0.74,12,1,00:14:50,00
1188905,-32,24289,42.83,1,1,0.00,0.0,10673,122,-971,-57,980,1,43.6610015,-79.3949673,115.10,3.93,0.74,12,1,00:14:50,00
1189212,-32,24289,42.83,1,1,0.00,0.0,10673,122,-970,-53,979,1,43.6610015,-79.3949673,115.10,3.93,0.74,12,1,00:14:50,00
1189518,-30,24289,42.83,1,1,0.00,0.0,10673,125,-970,-54,980,1,43.6609958,-79.3949672,115.10,2.37,0.74,12,1,00:14:51,00
1189884,-32,24289,42.80,1,1,0.00,0.0,10673,131,-970,-59,981,1,43.6609958,-79.3949672,115.20,2.37,0.74,12,1,00:14:51,00
1190188,-25,24289,42.81,1,1,0.00,0.0,10673,126,-969,-47,978,1,43.6609958,-79.3949672,115.20,2.37,0.74,12,1,00:14:51,00
1190484,-16,24289,42.81,1,1,0.00,0.0,10673,121,-967,-64,976,1,43.6609965,-79.3949658,115.20,2.41,0.74,12,1,00:14:52,00
1190790,-28,24289,42.83,1,1,0.00,0.0,10673,121,-966,-60,976,1,43.6609965,-79.3949658,114.90,2.41,0.66,12,1,00:14:52,00
1191098,-29,24289,42.83,1,1,0.00,0.0,10673,117,-969,-63,978,1,43.6609965,-79.3949658,114.90,2.41,0.66,12,1,00:14:52,00
1191396,-19,24289,42.81,1,1,0.00,0.0,10673,126,-971,-52,980,1,43.6609965,-79.3949658,114.90,2.41,0.66,12,1,00:14:52,00
1191698,-27,24289,42.81,1,1,0.00,0.0,10673,131,-969,-68,980,1,43.6609952,-79.3949585,115.40,1.54,0.77,12,1,00:14:53,00
1192006,-26,24289,42.82,1,1,0.00,0.0,10673,118,-977,-44,985,1,43.6609952,-79.3949585,115.40,1.54,0.77,12,1,00:14:53,00
1192314,-30,24289,42.81,1,1,0.00,0.0,10673,122,-969,-50,978,1,43.6609952,-79.3949585,115.40,1.54,0.77,12,1,00:14:53,00
1192622,-27,24289,42.82,1,1,0.00,0.0,10673,127,-971,-63,981,1,43.6609792,-79.3949510,116.10,7.30,0.98,12,1,00:14:54,00
1192933,-33,24289,42.81,1,1,0.00,0.0,10673,122,-968,-55,977,1,43.6609792,-79.3949510,116.10,7.30,0.98,12,1,00:14:54,00
1193241,-30,24289,42.82,1,1,0.00,0.0,10673,116,-971,-52,979,1,43.6609792,-79.3949510,116.10,7.30,0.98,12,1,00:14:54,00
1193558,-27,24289,42.81,1,1,0.00,0.0,10673,130,-981,-47,990,1,43.6609775,-79.3949500,115.40,2.04,0.74,12,1,00:14:55,00
1193866,-28,24289,42.80,1,1,0.00,0.0,10673,131,-965,-64,976,1,43.6609775,-79.3949500,115.40,2.04,0.74,12,1,00:14:55,00
1194174,-25,24289,42.80,1,1,0.00,0.0,10673,123,-973,-45,981,1,43.6609775,-79.3949500,115.40,2.04,0.74,12,1,00:14:55,00
1194474,-15,24289,42.81,1,1,0.00,0.0,10673,127,-972,-59,982,1,43.6609922,-79.3949517,115.40,7.33,0.74,12,1,00:14:56,00
1194846,-34,24289,42.81,1,1,0.00,0.0,10673,121,-973,-58,982,1,43.6609922,-79.3949517,114.90,7.33,1.08,12,1,00:14:56,00
1195152,-32,24289,42.79,1,1,0.00,0.0,10673,128,-971,-50,981,1,43.6609922,-79.3949517,114.90,7.33,1.08,12,1,00:14:56,00
1195499,-22,24289,42.81,1,1,0.00,0.0,10673,126,-973,-53,982,1,43.6610140,-79.3949673,114.90,8.95,1.08,12,1,00:14:57,00
1195792,-26,24289,42.81,1,1,0.00,0.0,10673,127,-970,-60,980,1,43.6610140,-79.3949673,113.20,8.95,1.11,12,1,00:14:57,00
1196083,-28,24289,42.80,1,1,0.00,0.0,10673,124,-971,-47,980,1,43.6610140,-79.3949673,113.20,8.95,1.11,12,1,00:14:57,00
1196368,-24,24289,42.79,1,1,0.00,0.0,10673,128,-970,-56,980,1,43.6610140,-79.3949673,113.20,8.95,1.11,12,1,00:14:57,00
1196660,-24,24289,42.81,1,1,0.00,0.0,10673,115,-975,-56,984,1,43.6610115,-79.3949628,113.50,0.94,1.11,12,1,00:14:58,00
1196950,-24,24289,42.81,1,1,0.00,0.0,10673,114,-970,-57,979,1,43.6610115,-79.3949628,113.50,0.94,1.11,12,1,00:14:58,00
1197242,-27,24289,42.81,1,1,0.00,0.0,10673,127,-969,-64,979,1,43.6610115,-79.3949628,113.50,0.94,1.11,12,1,00:14:58,00
1197537,-24,24289,42.79,1,1,0.00,0.0,10673,123,-969,-44,978,1,43.6609998,-79.3949482,112.70,4.46,1.05,12,1,00:14:59,00
1197835,-20,24289,42.80,1,1,0.00,0.0,10673,131,-972,-62,983,1,43.6609998,-79.3949482,112.70,4.46,1.05,12,1,00:14:59,00
1198125,-27,24289,42.80,1,1,0.00,0.0,10673,135,-965,-48,976,1,43.6609998,-79.3949482,112.70,4.46,1.05,12,1,00:14:59,00
1198406,-13,24289,42.79,1,1,0.00,0.0,10673,121,-968,-48,976,1,43.6609998,-79.3949482,112.70,4.46,1.05,12,1,00:14:59,00
1198697,-27,24289,42.82,1,1,0.00,0.0,10673,128,-969,-56,979,1,43.6609992,-79.3949448,113.20,0.56,0.91,12,1,00:15:00,00
1198991,-27,24289,42.79,1,1,0.00,0.0,10673,127,-969,-53,979,1,43.6609992,-79.3949448,113.20,0.56,0.91,12,1,00:15:00,00
1199286,-29,24289,42.81,1,1,0.00,0.0,10673,125,-972,-43,981,1,43.6609992,-79.3949448,113.20,0.56,0.91,12,1,00:15:00,00
1199641,-29,24289,42.79,1,1,0.00,0.0,10673,110,-973,-42,980,1,43.6609815,-79.3949388,111.30,6.06,0.98,12,1,00:15:01,00
1199933,-27,24289,42.78,1,1,0.00,0.0,10673,134,-966,-61,977,1,43.6609815,-79.3949388,111.30,6.06,0.98,12,1,00:15:01,00
1200220,-26,24289,42.77,1,1,0.00,0.0,10673,126,-965,-60,975,1,43.6609815,-79.3949388,111.30,6.06,0.98,12,1,00:15:01,00
1200506,-22,24289,42.79,1,1,0.00,0.0,10673,126,-972,-48,982,1,43.6609708,-79.3949240,111.30,7.43,0.98,12,1,00:15:02,00
1200800,-23,24289,42.78,1,1,0.00,0.0,10673,128,-968,-57,978,1,43.6609708,-79.3949240,109.40,7.43,0.98,12,1,00:15:02,00
1201094,-31,24289,42.78,1,1,0.00,0.0,10673,125,-974,-44,983,1,43.6609708,-79.3949240,109.40,7.43,0.98,12,1,00:15:02,00
1201388,-20,24289,42.78,1,1,0.00,0.0,10673,127,-969,-55,979,1,43.6609708,-79.3949240,109.40,7.43,0.98,12,1,00:15:02,00
1201684,-29,24289,42.79,1,1,0.00,0.0,10673,115,-972,-54,981,1,43.6609607,-79.3949205,108.50,7.30,1.16,12,1,00:15:03,00
1201985,-27,24289,42.74,1,1,0.00,0.0,10673,155,-962,-38,975,1,43.6609607,-79.3949205,108.50,7.30,1.16,12,1,00:15:03,00
1202279,-26,24289,42.77,1,1,0.00,0.0,10673,133,-969,-50,980,1,43.6609607,-79.3949205,108.50,7.30,1.16,12,1,00:15:03,00
1202572,-27,24289,42.77,1,1,0.00,0.0,10673,128,-969,-50,979,1,43.6609742,-79.3949227,108.50,1.48,1.14,12,1,00:15:04,00
1202871,-28,24289,42.77,1,1,0.00,0.0,10673,128,-970,-51,980,1,43.6609742,-79.3949227,108.50,1.48,1.14,12,1,00:15:04,00
1203165,-23,24289,42.75,1,1,0.00,0.0,10673,126,-972,-51,982,1,43.6609742,-79.3949227,108.50,1.48,1.14,12,1,00:15:04,00
1203455,-15,24289,42.76,1,1,0.00,0.0,10673,128,-966,-56,976,1,43.6609752,-79.3949230,108.50,2.69,1.14,12,1,00:15:05,00
1203752,-21,24289,42.73,1,1,0.00,0.0,10673,125,-969,-58,978,1,43.6609752,-79.3949230,108.00,2.69,1.37,12,1,00:15:05,00
1204058,-28,24289,42.72,1,1,0.00,0.0,10673,128,-970,-55,980,1,43.6609752,-79.3949230,108.00,2.69,1.37,12,1,00:15:05,00
1204411,-21,24289,42.74,1,1,0.00,0.0,10673,117,-973,-55,982,1,43.6609742,-79.3949328,108.00,1.50,1.37,12,1,00:15:06,00
1204703,-27,24289,42.72,1,1,0.00,0.0,10673,119,-973,-56,982,1,43.6609742,-79.3949328,105.40,1.50,0.94,12,1,00:15:06,00
1204997,-26,24289,42.70,1,1,0.00,0.0,10673,125,-973,-52,982,1,43.6609742,-79.3949328,105.40,1.50,0.94,12,1,00:15:06,00
1205291,-34,24289,42.72,1,1,0.00,0.0,10673,132,-967,-54,977,1,43.6609742,-79.3949328,105.40,1.50,0.94,12,1,00:15:06,00
1205591,-27,24289,42.73,1,1,0.00,0.0,10673,121,-973,-52,981,1,43.6609748,-79.3949342,104.30,0.35,0.82,12,1,00:15:07,00
1205887,-28,24289,42.70,1,1,0.00,0.0,10673,140,-974,-48,985,1,43.6609748,-79.3949342,104.30,0.35,0.82,12,1,00:15:07,00
1206192,-31,24289,42.70,1,1,0.00,0.0,10673,120,-966,-59,976,1,43.6609748,-79.3949342,104.30,0.35,0.82,12,1,00:15:07,00
1206478,-21,24289,42.69,1,1,0.00,0.0,10673,123,-971,-54,980,1,43.6609655,-79.3949230,104.30,6.24,0.82,12,1,00:15:08,00
1206783,-24,24289,42.70,1,1,0.00,0.0,10673,126,-970,-45,979,1,43.6609655,-79.3949230,105.00,6.24,0.82,12,1,00:15:08,00
1207087,-26,24289,42.70,1,1,0.00,0.0,10673,128,-969,-60,979,1,43.6609655,-79.3949230,105.00,6.24,0.82,12,1,00:15:08,00
1207388,-20,24289,42.72,1,1,0.00,0.0,10673,122,-972,-53,981,1,43.6609655,-79.3949230,105.00,6.24,0.82,12,1,00:15:08,00
1207689,-30,24289,42.69,1,1,0.00,0.0,10673,127,-970,-60,981,1,43.6609655,-79.3949215,106.40,2.13,0.79,12,1,00:15:09,00
1207990,-24,24289,42.70,1,1,0.00,0.0,10673,120,-970,-57,979,1,43.6609655,-79.3949215,106.40,2.13,0.79,12,1,00:15:09,00
1208302,-27,24289,42.70,1,1,0.00,0.0,10673,126,-967,-46,977,1,43.6609655,-79.3949215,106.40,2.13,0.79,12,1,00:15:09,00
1208601,-26,24289,42.68,1,1,0.00,0.0,10673,134,-972,-65,983,1,43.6609635,-79.3949172,107.20,2.78,0.84,12,1,00:15:10,00
1208904,-29,24289,42.67,1,1,0.00,0.0,10673,124,-975,-46,984,1,43.6609635,-79.3949172,107.20,2.78,0.84,12,1,00:15:10,00
1209270,-26,24289,42.69,1,1,0.00,0.0,10673,129,-972,-49,982,1,43.6609635,-79.3949172,107.20,2.78,0.84,12,1,00:15:10,00
1209575,-32,24289,42.68,1,1,0.00,0.0,10673,128,-973,-53,983,1,43.6609537,-79.3949095,106.70,5.72,0.84,12,1,00:15:11,00
1209872,-32,24289,42.67,1,1,0.00,0.0,10673,123,-963,-50,972,1,43.6609537,-79.3949095,106.70,5.72,0.84,12,1,00:15:11,00
1210176,-22,24289,42.66,1,1,0.00,0.0,10673,112,-966,-65,975,1,43.6609537,-79.3949095,106.70,5.72,0.84,12,1,00:15:11,00
1210482,-18,24289,42.68,1,1,0.00,0.0,10673,96,-978,-64,984,1,43.6609332,-79.3949070,106.70,10.11,0.84,12,1,00:15:12,00
1210787,-28,24289,42.68,1,1,0.00,0.0,10673,118,-964,-57,973,1,43.6609332,-79.3949070,106.30,10.11,0.84,12,1,00:15:12,00
1211093,-39,24289,42.67,1,1,0.00,0.0,10674,154,-972,-48,986,1,43.6609332,-79.3949070,106.30,10.11,0.84,12,1,00:15:12,00
1211398,-25,24289,42.68,1,1,0.00,0.0,10674,112,-971,-52,979,1,43.6609332,-79.3949070,106.30,10.11,0.84,12,1,00:15:12,00
1211700,-26,24289,42.66,1,1,0.00,0.0,10674,124,-973,-56,983,1,43.6609350,-79.3949133,104.80,3.00,0.88,12,1,00:15:13,00
1212006,-25,24289,42.68,1,1,0.00,0.0,10674,124,-971,-56,980,1,43.6609350,-79.3949133,104.80,3.00,0.88,12,1,00:15:13,00
1212314,-23,24289,42.65,1,1,0.00,0.0,10674,126,-967,-51,977,1,43.6609350,-79.3949133,104.80,3.00,0.88,12,1,00:15:13,00
1212631,-32,24289,42.67,1,1,0.00,0.0,10674,126,-970,-51,979,1,43.6609458,-79.3949155,107.00,0.67,0.88,12,1,00:15:14,00
1212941,-30,24289,42.69,1,1,0.00,0.0,10674,124,-971,-54,980,1,43.6609458,-79.3949155,107.00,0.67,0.88,12,1,00:15:14,00
1213252,-28,24289,42.65,1,1,0.00,0.0,10674,125,-968,-55,978,1,43.6609458,-79.3949155,107.00,0.67,0.88,12,1,00:15:14,00
1213560,-25,24289,42.67,1,1,0.00,0.0,10674,123,-969,-53,978,1,43.6609493,-79.3949323,105.80,0.48,1.36,12,1,00:15:15,00
1213867,-27,24289,42.67,1,1,0.00,0.0,10674,123,-970,-50,979,1,43.6609493,-79.3949323,105.80,0.48,1.36,12,1,00:15:15,00
1214243,-22,24289,42.66,1,1,0.00,0.0,10674,126,-969,-50,979,1,43.6609493,-79.3949323,105.80,0.48,1.36,12,1,00:15:15,00
1214545,-26,24289,42.63,1,1,0.00,0.0,10674,127,-971,-52,981,1,43.6609590,-79.3949467,105.50,2.72,1.55,12,1,00:15:16,00
1214861,-29,24289,42.65,1,1,0.00,0.0,10674,126,-971,-53,981,1,43.6609590,-79.3949467,105.50,2.72,1.55,12,1,00:15:16,00
1215170,-30,24289,42.63,1,1,0.00,0.0,10674,116,-972,-48,980,1,43.6609590,-79.3949467,105.50,2.72,1.55,12,1,00:15:16,00
1215463,-18,24289,42.64,1,1,0.00,0.0,10674,125,-973,-54,982,1,43.6609613,-79.3949552,105.50,1.26,1.55,12,1,00:15:17,00
1215768,-28,24289,42.63,1,1,0.00,0.0,10674,127,-978,-41,987,1,43.6609613,-79.3949552,106.20,1.26,1.33,12,1,00:15:17,00
1216077,-27,24289,42.62,1,1,0.00,0.0,10674,125,-969,-57,979,1,43.6609613,-79.3949552,106.20,1.26,1.33,12,1,00:15:17,00
1216382,-20,24289,42.63,1,1,0.00,0.0,10674,129,-971,-59,981,1,43.6609613,-79.3949552,106.20,1.26,1.33,12,1,00:15:17,00
1216697,-32,24289,42.61,1,1,0.00,0.0,10674,122,-969,-43,977,1,43.6609588,-79.3949583,106.20,0.81,1.36,12,1,00:15:18,00
1217013,-28,24289,42.61,1,1,0.00,0.0,10674,123,-972,-51,981,1,43.6609588,-79.3949583,106.20,0.81,1.36,12,1,00:15:18,00
1217363,-26,24289,42.59,1,1,0.00,0.0,10674,124,-969,-56,979,1,43.6609588,-79.3949583,106.20,0.81,1.36,12,1,00:15:18,00
1217651,-28,24289,42.61,1,1,0.00,0.0,10674,120,-970,-51,979,1,43.6609493,-79.3949603,105.30,2.59,0.97,12,1,00:15:19,00
1217939,-32,24289,42.60,1,1,0.00,0.0,10674,140,-974,-48,985,1,43.6609493,-79.3949603,105.30,2.59,0.97,12,1,00:15:19,00
1218236,-24,24289,42.61,1,1,0.00,0.0,10674,128,-971,-52,980,1,43.6609493,-79.3949603,105.30,2.59,0.97,12,1,00:15:19,00
1218527,-23,24289,42.60,1,1,0.00,0.0,10674,109,-975,-59,983,1,43.6609418,-79.3949562,105.30,6.46,0.97,12,1,00:15:20,00
1218824,-22,24289,42.61,1,1,0.00,0.0,10674,118,-973,-55,981,1,43.6609418,-79.3949562,104.80,6.46,0.83,12,1,00:15:20,00
1219176,-28,24289,42.59,1,1,0.00,0.0,10674,98,-971,-50,977,1,43.6609418,-79.3949562,104.80,6.46,0.83,12,1,00:15:20,00
1219452,-9,24289,42.59,1,1,0.00,0.0,10674,107,-983,-56,990,1,43.6609370,-79.3949550,104.80,0.76,0.83,12,1,00:15:21,00
1219739,-38,24289,42.58,1,1,0.00,0.0,10675,115,-968,-61,977,1,43.6609370,-79.3949550,103.50,0.76,0.92,12,1,00:15:21,00
1220030,-29,24289,42.59,1,1,0.00,0.0,10675,120,-965,-46,974,1,43.6609370,-79.3949550,103.50,0.76,0.92,12,1,00:15:21,00
1220317,-31,24289,42.58,1,1,0.00,0.0,10675,110,-944,-67,952,1,43.6609370,-79.3949550,103.50,0.76,0.92,12,1,00:15:21,00
1220610,-21,24289,42.57,1,1,0.63,6.6,10676,145,-966,-63,979,1,43.6609485,-79.3949488,105.30,1.46,1.09,12,1,00:15:22,00
1220902,-25,24289,42.59,1,1,0.63,6.6,10676,115,-1012,-41,1019,1,43.6609485,-79.3949488,105.30,1.46,1.09,12,1,00:15:22,00
1221199,-42,24289,42.56,1,1,0.61,6.4,10677,123,-960,-52,969,1,43.6609485,-79.3949488,105.30,1.46,1.09,12,1,00:15:22,00
1221474,-14,24289,42.56,1,1,0.61,6.4,10677,119,-968,-36,976,1,43.6609520,-79.3949413,105.30,4.57,1.09,12,1,00:15:23,00
1221773,-36,24289,42.58,1,1,0.61,6.4,10677,122,-965,-55,974,1,43.6609520,-79.3949413,106.10,4.57,0.92,12,1,00:15:23,00
1222069,-27,24289,42.58,1,1,0.77,8.0,10678,115,-972,-54,980,1,43.6609520,-79.3949413,106.10,4.57,0.92,12,1,00:15:23,00
1222360,-30,24289,42.59,1,1,0.92,9.7,10679,116,-964,-52,972,1,43.6609520,-79.3949413,106.10,4.57,0.92,12,1,00:15:23,00
1222654,-29,24289,42.56,1,1,0.92,9.7,10679,122,-974,-63,983,1,43.6609643,-79.3949333,107.50,2.30,0.91,12,1,00:15:24,00
1222947,-27,24289,42.57,1,1,1.10,11.5,10680,119,-974,-44,982,1,43.6609643,-79.3949333,107.50,2.30,0.91,12,1,00:15:24,00
1223245,-23,24289,42.55,1,1,1.29,13.4,10681,136,-967,-46,978,1,43.6609643,-79.3949333,107.50,2.30,0.91,12,1,00:15:24,00
1223540,-28,24289,42.57,1,1,1.29,13.5,10682,144,-957,-61,970,1,43.6609583,-79.3949303,107.00,3.15,0.91,12,1,00:15:25,00
1223893,-30,24289,42.54,1,1,1.37,14.3,10683,166,-950,-56,966,1,43.6609583,-79.3949303,107.00,3.15,0.91,12,1,00:15:25,00
1224185,-34,24289,42.56,1,1,1.37,14.3,10683,133,-961,-39,971,1,43.6609583,-79.3949303,107.00,3.15,0.91,12,1,00:15:25,00
1224469,-22,24289,42.53,1,1,1.16,12.1,10684,154,-971,-72,986,1,43.6609682,-79.3949240,107.00,3.70,0.91,12,1,00:15:26,00
1224762,-35,24289,42.56,1,1,1.16,12.1,10684,147,-972,-55,985,1,43.6609682,-79.3949240,107.50,3.70,0.91,12,1,00:15:26,00
1225059,-23,24289,42.54,1,1,0.86,9.0,10685,135,-968,-66,979,1,43.6609682,-79.3949240,107.50,3.70,0.91,12,1,00:15:26,00
1225359,-23,24289,42.54,1,1,0.86,9.0,10685,138,-966,-50,977,1,43.6609682,-79.3949240,107.50,3.70,0.91,12,1,00:15:26,00
1225661,-20,24289,42.54,1,1,0.70,7.3,10686,122,-972,-47,981,1,43.6609738,-79.3949262,107.10,2.41,0.91,12,1,00:15:27,00
1225958,-22,24289,42.53,1,1,0.70,7.3,10686,124,-966,-67,977,1,43.6609738,-79.3949262,107.10,2.41,0.91,12,1,00:15:27,00
1226252,-24,24289,42.55,1,1,0.72,7.6,10687,115,-971,-42,979,1,43.6609738,-79.3949262,107.10,2.41,0.91,12,1,00:15:27,00
1226554,-24,24289,42.53,1,1,0.72,7.6,10687,117,-975,-57,984,1,43.6609735,-79.3949230,106.80,1.91,0.70,12,1,00:15:28,00
1226850,-25,24289,42.51,1,1,0.94,9.9,10688,112,-982,-56,989,1,43.6609735,-79.3949230,106.80,1.91,0.70,12,1,00:15:28,00
1227153,-23,24289,42.52,1,1,1.08,11.3,10689,123,-965,-41,973,1,43.6609735,-79.3949230,106.80,1.91,0.70,12,1,00:15:28,00
1227429,-22,24289,42.52,1,1,1.48,15.4,10690,167,-975,-26,990,1,43.6609732,-79.3949165,106.80,2.57,0.70,12,1,00:15:29,00
1227735,-35,24289,42.51,1,1,1.48,15.4,10690,172,-961,-44,977,1,43.6609732,-79.3949165,106.60,2.57,0.82,12,1,00:15:29,00
1228037,-25,24289,42.52,1,1,1.33,13.9,10691,152,-960,-46,973,1,43.6609732,-79.3949165,106.60,2.57,0.82,12,1,00:15:29,00
1228338,-24,24289,42.49,1,1,1.33,13.9,10691,146,-969,-53,981,1,43.6609732,-79.3949165,106.60,2.57,0.82,12,1,00:15:29,00
1228702,-28,24289,42.50,1,1,0.55,5.8,10692,146,-965,-43,977,1,43.6609747,-79.3949177,107.10,2.48,0.82,12,1,00:15:30,00
1229002,-41,24289,42.51,1,1,0.55,5.8,10692,137,-966,-36,976,1,43.6609747,-79.3949177,107.10,2.48,0.82,12,1,00:15:30,00
1229301,-36,24289,42.49,1,1,0.55,5.8,10692,135,-966,-46,977,1,43.6609747,-79.3949177,107.10,2.48,0.82,12,1,00:15:30,00
1229607,-27,24289,42.49,1,1,0.55,5.8,10692,129,-965,-53,975,1,43.6609803,-79.3949225,107.70,2.33,0.71,12,1,00:15:31,00
1229909,-31,24289,42.49,1,1,0.55,5.8,10692,126,-971,-49,980,1,43.6609803,-79.3949225,107.70,2.33,0.71,12,1,00:15:31,00
1230208,-29,24289,42.48,1,1,0.55,5.8,10692,128,-973,-49,982,1,43.6609803,-79.3949225,107.70,2.33,0.71,12,1,00:15:31,00
1230516,-19,24289,42.50,1,1,0.55,5.8,10692,126,-969,-49,978,1,43.6609930,-79.3949340,107.70,2.70,0.71,12,1,00:15:32,00
1230819,-21,24289,42.47,1,1,0.00,0.0,10692,119,-971,-61,981,1,43.6609930,-79.3949340,109.10,2.70,0.73,12,1,00:15:32,00
1231117,-23,24289,42.48,1,1,0.00,0.0,10692,139,-969,-40,979,1,43.6609930,-79.3949340,109.10,2.70,0.73,12,1,00:15:32,00
1231405,-10,24289,42.49,1,1,0.00,0.0,10692,138,-969,-40,980,1,43.6609930,-79.3949340,109.10,2.70,0.73,12,1,00:15:32,00
1231713,-22,24289,42.47,1,1,0.00,0.0,10692,130,-968,-47,978,1,43.6610005,-79.3949388,110.50,1.33,0.73,12,1,00:15:33,00
1232017,164,24289,42.48,1,1,0.00,0.0,10693,120,-971,-55,980,1,43.6610005,-79.3949388,110.50,1.33,0.73,12,1,00:15:33,00
1232329,1784,24289,42.45,1,1,0.00,0.0,10693,94,-970,-60,977,1,43.6610005,-79.3949388,110.50,1.33,0.73,12,1,00:15:33,00
1232634,6706,24289,42.48,1,1,0.00,0.0,10693,90,-970,-49,975,1,43.6610157,-79.3949320,110.50,5.15,0.73,12,1,00:15:34,00
1232941,7313,24289,42.47,1,1,0.45,4.7,10694,87,-973,-98,982,1,43.6610157,-79.3949320,110.50,5.15,0.73,12,1,00:15:34,00
1233244,1958,24289,42.45,1,1,0.45,4.7,10694,115,-996,-75,1006,1,43.6610157,-79.3949320,110.50,5.15,0.73,12,1,00:15:34,00
1233622,-21,24289,42.46,1,1,1.49,15.6,10696,125,-967,-55,976,1,43.6610242,-79.3949283,111.00,2.00,0.71,12,1,00:15:35,00
1233927,-20,24289,42.42,1,1,1.73,18.1,10697,127,-962,-61,972,1,43.6610242,-79.3949283,111.00,2.00,0.71,12,1,00:15:35,00
1234227,-18,24289,42.45,1,1,1.90,19.8,10698,121,-987,-58,996,1,43.6610242,-79.3949283,111.00,2.00,0.71,12,1,00:15:35,00
1234534,-26,24289,42.44,1,1,1.92,20.1,10699,115,-969,-58,978,1,43.6610322,-79.3949293,112.60,1.46,0.71,12,1,00:15:36,00
1234840,-22,24289,42.43,1,1,2.04,21.3,10701,127,-969,-93,982,1,43.6610322,-79.3949293,112.60,1.46,0.71,12,1,00:15:36,00
1235146,-13,24289,42.40,1,1,1.90,19.8,10702,117,-960,-49,968,1,43.6610322,-79.3949293,112.60,1.46,0.71,12,1,00:15:36,00
1235437,-19,24289,42.43,1,1,2.66,27.8,10703,128,-960,-58,970,1,43.6610412,-79.3949308,112.60,2.19,0.71,12,1,00:15:37,00
1235745,-19,24289,42.43,1,1,2.29,23.9,10705,139,-947,-74,960,1,43.6610412,-79.3949308,113.40,2.19,0.74,12,1,00:15:37,00
1236059,-18,24289,42.43,1,1,2.67,27.9,10707,183,-978,-23,995,1,43.6610412,-79.3949308,113.40,2.19,0.74,12,1,00:15:37,00
1236367,-18,24289,42.43,1,1,2.55,26.6,10708,184,-957,-33,975,1,43.6610412,-79.3949308,113.40,2.19,0.74,12,1,00:15:37,00
1236677,-21,24289,42.42,1,1,2.07,21.6,10709,169,-955,-35,970,1,43.6610452,-79.3949318,112.90,2.07,0.70,12,1,00:15:38,00
1236985,-16,24289,42.42,1,1,1.48,15.4,10710,167,-957,-48,973,1,43.6610452,-79.3949318,112.90,2.07,0.70,12,1,00:15:38,00
1237301,-24,24289,42.39,1,1,1.48,15.4,10710,168,-963,-53,979,1,43.6610452,-79.3949318,112.90,2.07,0.70,12,1,00:15:38,00
1237607,-27,24289,42.38,1,1,0.81,8.5,10711,160,-965,-56,980,1,43.6610428,-79.3949325,112.20,0.74,0.71,12,1,00:15:39,00
1237916,-40,24289,42.39,1,1,0.81,8.5,10711,130,-970,-62,981,1,43.6610428,-79.3949325,112.20,0.74,0.71,12,1,00:15:39,00
1238235,-31,24289,42.39,1,1,0.81,8.5,10711,135,-967,-63,978,1,43.6610428,-79.3949325,112.20,0.74,0.71,12,1,00:15:39,00
1238614,-28,24289,42.40,1,1,0.81,8.5,10711,141,-966,-57,978,1,43.6610427,-79.3949350,111.70,0.43,0.73,12,1,00:15:40,00
1238923,-32,24289,42.40,1,1,0.81,8.5,10711,133,-971,-62,982,1,43.6610427,-79.3949350,111.70,0.43,0.73,12,1,00:15:40,00
1239271,-33,24289,42.39,1,1,0.81,8.5,10711,137,-968,-65,980,1,43.6610427,-79.3949350,111.70,0.43,0.73,12,1,00:15:40,00
1239554,-36,24289,42.38,1,1,0.00,0.0,10711,137,-966,-62,978,1,43.6610442,-79.3949417,110.80,2.26,0.71,12,1,00:15:41,00
1239844,-37,24289,42.38,1,1,0.00,0.0,10711,139,-971,-52,982,1,43.6610442,-79.3949417,110.80,2.26,0.71,12,1,00:15:41,00
1240141,-35,24289,42.36,1,1,0.00,0.0,10711,139,-966,-74,979,1,43.6610442,-79.3949417,110.80,2.26,0.71,12,1,00:15:41,00
1240422,-15,24289,42.38,1,1,0.00,0.0,10711,138,-970,-53,982,1,43.6610450,-79.3949433,110.80,1.91,0.71,12,1,00:15:42,00
1240707,-17,24289,42.37,1,1,0.00,0.0,10711,136,-970,-63,981,1,43.6610450,-79.3949433,110.70,1.91,0.72,12,1,00:15:42,00
1240994,-19,24289,42.37,1,1,0.00,0.0,10711,133,-968,-61,979,1,43.6610450,-79.3949433,110.70,1.91,0.72,12,1,00:15:42,00
1241286,-22,24289,42.39,1,1,0.00,0.0,10711,139,-967,-54,979,1,43.6610450,-79.3949433,110.70,1.91,0.72,12,1,00:15:42,00
1241578,-21,24289,42.37,1,1,0.00,0.0,10711,134,-964,-77,977,1,43.6610423,-79.3949373,110.80,2.80,0.74,12,1,00:15:43,00
1241875,-21,24289,42.36,1,1,0.00,0.0,10711,138,-962,-74,975,1,43.6610423,-79.3949373,110.80,2.80,0.74,12,1,00:15:43,00
1242165,-18,24289,42.36,1,1,0.00,0.0,10711,138,-966,-61,977,1,43.6610423,-79.3949373,110.80,2.80,0.74,12,1,00:15:43,00
1242444,-7,24289,42.38,1,1,0.00,0.0,10711,122,-968,-64,977,1,43.6610482,-79.3949367,110.80,1.30,0.74,12,1,00:15:44,00
1242734,-17,24289,42.37,1,1,0.00,0.0,10711,137,-968,-67,980,1,43.6610482,-79.3949367,111.80,1.30,0.76,12,1,00:15:44,00
1243028,-14,24289,42.36,1,1,0.00,0.0,10711,145,-970,-64,983,1,43.6610482,-79.3949367,111.80,1.30,0.76,12,1,00:15:44,00
1243365,-9,24289,42.40,1,1,0.00,0.0,10711,135,-967,-59,978,1,43.6610482,-79.3949367,111.80,1.30,0.76,12,1,00:15:44,00
1243656,-18,24289,42.36,1,1,0.00,0.0,10711,137,-973,-41,984,1,43.6610485,-79.3949350,112.20,1.28,0.75,12,1,00:15:45,00
1243950,-20,24289,42.38,1,1,0.00,0.0,10711,145,-968,-71,981,1,43.6610485,-79.3949350,112.20,1.28,0.75,12,1,00:15:45,00
1244239,-16,24289,42.37,1,1,0.00,0.0,10711,139,-963,-68,976,1,43.6610485,-79.3949350,112.20,1.28,0.75,12,1,00:15:45,00
1244531,-17,24289,42.35,1,1,0.00,0.0,10711,155,-966,-42,979,1,43.6610470,-79.3949300,112.80,1.76,0.75,12,1,00:15:46,00
1244825,-18,24289,42.35,1,1,0.00,0.0,10711,131,-967,-61,978,1,43.6610470,-79.3949300,112.80,1.76,0.75,12,1,00:15:46,00
1245119,-19,24289,42.36,1,1,0.00,0.0,10711,132,-968,-66,979,1,43.6610470,-79.3949300,112.80,1.76,0.75,12,1,00:15:46,00
1245391,-9,24289,42.40,1,1,0.00,0.0,10711,130,-967,-68,978,1,43.6610470,-79.3949300,112.80,1.76,0.75,12,1,00:15:46,00
1245690,-31,24289,42.36,1,1,0.00,0.0,10712,129,-970,-66,980,1,43.6610478,-79.3949335,112.80,2.50,0.73,12,1,00:15:47,00
1245987,-23,24289,42.35,1,1,0.00,0.0,10712,129,-966,-63,977,1,43.6610478,-79.3949335,112.80,2.50,0.73,12,1,00:15:47,00
1246284,-16,24289,42.36,1,1,0.00,0.0,10712,177,-963,-45,980,1,43.6610478,-79.3949335,112.80,2.50,0.73,12,1,00:15:47,00
1246582,-16,24289,42.34,1,1,0.00,0.0,10712,125,-972,-68,982,1,43.6610490,-79.3949308,112.80,0.94,0.75,12,1,00:15:48,00
1246877,-16,24289,42.34,1,1,0.00,0.0,10712,128,-968,-64,978,1,43.6610490,-79.3949308,112.80,0.94,0.75,12,1,00:15:48,00
1247173,-19,24289,42.35,1,1,0.00,0.0,10712,127,-971,-71,981,1,43.6610490,-79.3949308,112.80,0.94,0.75,12,1,00:15:48,00
1247460,-8,24289,42.35,1,1,0.00,0.0,10712,183,-964,-33,981,1,43.6610545,-79.3949313,112.80,1.89,0.75,12,1,00:15:49,00
1247757,-17,24289,42.36,1,1,7.48,78.1,10714,121,-968,-70,978,1,43.6610545,-79.3949313,114.00,1.89,0.75,12,1,00:15:49,00
1248113,-37,24289,42.36,1,1,1.66,17.3,10715,126,-966,-74,977,1,43.6610545,-79.3949313,114.00,1.89,0.75,12,1,00:15:49,00
1248400,-25,24289,42.38,1,1,1.66,17.3,10715,126,-969,-69,979,1,43.6610545,-79.3949313,114.00,1.89,0.75,12,1,00:15:49,00
1248701,-22,24289,42.36,1,1,1.66,17.3,10715,130,-970,-69,981,1,43.6610590,-79.3949337,114.30,2.04,0.75,12,1,00:15:50,00
1248995,-15,24289,42.35,1,1,1.66,17.3,10715,126,-974,-72,984,1,43.6610590,-79.3949337,114.30,2.04,0.75,12,1,00:15:50,00
1249293,-18,24289,42.36,1,1,0.44,4.6,10716,128,-973,-56,983,1,43.6610590,-79.3949337,114.30,2.04,0.75,12,1,00:15:50,00
1249592,-18,24289,42.35,1,1,0.44,4.6,10716,139,-966,-77,979,1,43.6610682,-79.3949388,114.90,4.24,0.75,12,1,00:15:51,00
1249889,-20,24289,42.36,1,1,0.82,8.5,10717,129,-963,-58,973,1,43.6610682,-79.3949388,114.90,4.24,0.75,12,1,00:15:51,00
1250188,-34,24289,42.33,1,1,0.82,8.5,10717,135,-967,-50,978,1,43.6610682,-79.3949388,114.90,4.24,0.75,12,1,00:15:51,00
1250470,-12,24289,42.33,1,1,0.97,10.1,10718,184,-963,-46,981,1,43.6610697,-79.3949415,114.90,1.09,0.75,12,1,00:15:52,00
1250774,-27,24289,42.34,1,1,0.97,10.1,10718,169,-964,-55,980,1,43.6610697,-79.3949415,114.00,1.09,0.73,12,1,00:15:52,00
1251077,-40,24289,42.35,1,1,0.74,7.8,10719,122,-968,-91,980,1,43.6610697,-79.3949415,114.00,1.09,0.73,12,1,00:15:52,00
1251377,-33,24289,42.35,1,1,0.74,7.8,10719,127,-974,-55,984,1,43.6610697,-79.3949415,114.00,1.09,0.73,12,1,00:15:52,00
1251682,-38,24289,42.35,1,1,0.74,7.8,10719,136,-957,-43,968,1,43.6610713,-79.3949420,113.60,0.30,0.73,12,1,00:15:53,00
1251982,-36,24289,42.33,1,1,0.74,7.8,10719,152,-964,-45,977,1,43.6610713,-79.3949420,113.60,0.30,0.73,12,1,00:15:53,00
1252289,-37,24289,42.33,1,1,0.74,7.8,10719,139,-968,-81,981,1,43.6610713,-79.3949420,113.60,0.30,0.73,12,1,00:15:53,00
1252597,-39,24289,42.33,1,1,0.74,7.8,10719,178,-966,-34,982,1,43.6610617,-79.3949447,111.30,1.00,0.73,12,1,00:15:54,00
1252963,-33,24289,42.34,1,1,0.00,0.0,10719,157,-954,-58,968,1,43.6610617,-79.3949447,111.30,1.00,0.73,12,1,00:15:54,00
1253260,-34,24289,42.33,1,1,0.00,0.0,10719,161,-966,-58,981,1,43.6610617,-79.3949447,111.30,1.00,0.73,12,1,00:15:54,00
1253566,-32,24289,42.31,1,1,0.00,0.0,10719,145,-964,-56,976,1,43.6610512,-79.3949450,109.80,3.06,0.75,12,1,00:15:55,00
1253866,-34,24289,42.33,1,1,0.00,0.0,10719,123,-965,-73,976,1,43.6610512,-79.3949450,109.80,3.06,0.75,12,1,00:15:55,00
1254165,-41,24289,42.31,1,1,0.00,0.0,10719,132,-972,-63,983,1,43.6610512,-79.3949450,109.80,3.06,0.75,12,1,00:15:55,00
1254453,-26,24289,42.33,1,1,0.00,0.0,10719,138,-967,-68,979,1,43.6610560,-79.3949432,109.80,0.87,0.75,12,1,00:15:56,00
1254759,-36,24289,42.32,1,1,0.00,0.0,10719,137,-969,-67,981,1,43.6610560,-79.3949432,110.60,0.87,0.75,12,1,00:15:56,00
1255071,-32,24289,42.32,1,1,0.00,0.0,10719,135,-967,-67,979,1,43.6610560,-79.3949432,110.60,0.87,0.75,12,1,00:15:56,00
1255373,787,24289,42.30,1,1,0.00,0.0,10719,122,-969,-73,979,1,43.6610560,-79.3949432,110.60,0.87,0.75,12,1,00:15:56,00
1255680,2041,24289,42.29,1,1,0.00,0.0,10719,116,-961,-75,971,1,43.6610582,-79.3949442,110.70,1.02,0.78,12,1,00:15:57,00
1255981,2301,24289,42.33,1,1,0.00,0.0,10719,136,-968,-64,980,1,43.6610582,-79.3949442,110.70,1.02,0.78,12,1,00:15:57,00
1256290,-22,24289,42.31,1,1,0.00,0.0,10719,138,-965,-68,978,1,43.6610582,-79.3949442,110.70,1.02,0.78,12,1,00:15:57,00
1256602,1303,24289,42.28,1,1,0.00,0.0,10720,109,-969,-69,978,1,43.6610610,-79.3949460,110.70,1.26,0.75,12,1,00:15:58,00
1256912,2609,24289,42.31,1,1,0.00,0.0,10720,104,-974,-80,982,1,43.6610610,-79.3949460,110.70,1.26,0.75,12,1,00:15:58,00
1257220,3325,24289,42.33,1,1,0.64,6.6,10721,104,-967,-63,975,1,43.6610610,-79.3949460,110.70,1.26,0.75,12,1,00:15:58,00
1257526,3656,24289,42.33,1,1,0.64,6.6,10721,112,-976,-75,985,1,43.6610638,-79.3949450,110.80,0.76,0.75,12,1,00:15:59,00
1257906,8090,24289,42.31,1,1,1.42,14.8,10723,140,-968,-82,982,1,43.6610638,-79.3949450,110.80,0.76,0.75,12,1,00:15:59,00
1258210,-17,24289,42.29,1,1,1.97,20.5,10724,130,-949,-92,962,1,43.6610638,-79.3949450,110.80,0.76,0.75,12,1,00:15:59,00
1258514,131,24289,42.31,1,1,2.25,23.5,10725,113,-978,-59,987,1,43.6610633,-79.3949410,110.80,1.17,0.75,12,1,00:16:00,00
1258821,-8,24289,42.29,1,1,2.32,24.2,10727,120,-989,-71,999,1,43.6610633,-79.3949410,111.10,1.17,0.75,12,1,00:16:00,00
1259127,631,24289,42.29,1,1,2.47,25.8,10728,130,-962,-36,972,1,43.6610633,-79.3949410,111.10,1.17,0.75,12,1,00:16:00,00
1259423,2896,24289,42.32,1,1,2.38,24.9,10730,99,-997,-75,1005,1,43.6610573,-79.3949353,111.10,1.91,0.75,12,1,00:16:01,00
1259734,6613,24289,42.30,1,1,2.99,31.2,10732,120,-955,-55,964,1,43.6610573,-79.3949353,110.40,1.91,0.75,12,1,00:16:01,00
1260047,8027,24289,42.29,1,1,3.03,31.7,10734,93,-977,-92,986,1,43.6610573,-79.3949353,110.40,1.91,0.75,12,1,00:16:01,00
1260362,8661,24289,42.29,1,1,3.30,34.5,10736,123,-993,-50,1002,1,43.6610573,-79.3949353,110.40,1.91,0.75,12,1,00:16:01,00
1260712,7352,24289,42.28,1,1,3.88,40.5,10739,120,-977,-152,996,1,43.6610602,-79.3949263,110.10,3.63,0.73,12,1,00:16:02,00
1261001,6107,24289,42.27,1,1,4.27,44.6,10742,105,-949,-70,957,1,43.6610602,-79.3949263,110.10,3.63,0.73,12,1,00:16:02,00
1261287,7067,24289,42.26,1,1,4.56,47.6,10743,105,-926,-51,933,1,43.6610602,-79.3949263,110.10,3.63,0.73,12,1,00:16:02,00
1261579,6652,24289,42.29,1,1,3.14,32.8,10745,93,-985,-50,990,1,43.6610743,-79.3949070,111.50,8.15,0.74,12,1,00:16:03,00
1261876,5348,24289,42.26,1,1,3.05,31.8,10748,133,-940,-100,954,1,43.6610743,-79.3949070,111.50,8.15,0.74,12,1,00:16:03,00
1262165,6262,24289,42.26,1,1,5.46,57.0,10751,114,-929,-85,940,1,43.6610743,-79.3949070,111.50,8.15,0.74,12,1,00:16:03,00
1262446,5838,24289,42.20,1,1,5.42,56.6,10754,135,-1001,-97,1014,1,43.6610753,-79.3948960,111.50,2.56,0.74,12,1,00:16:04,00
1262795,9979,24289,42.22,1,1,4.96,51.8,10758,88,-939,-16,944,1,43.6610753,-79.3948960,110.60,2.56,0.74,12,1,00:16:04,00
1263087,15485,24289,42.21,1,1,6.38,66.7,10762,111,-1031,-169,1051,1,43.6610753,-79.3948960,110.60,2.56,0.74,12,1,00:16:04,00
1263371,16794,24289,42.26,1,1,5.13,53.6,10765,86,-928,-25,932,1,43.6610753,-79.3948960,110.60,2.56,0.74,12,1,00:16:04,00
1263664,8731,24289,42.23,1,1,5.52,57.7,10768,57,-988,-110,996,1,43.6610768,-79.3948820,109.40,5.20,0.74,12,1,00:16:05,00
1263954,11456,24289,42.24,1,1,6.18,64.5,10772,179,-849,-85,872,1,43.6610768,-79.3948820,109.40,5.20,0.74,12,1,00:16:05,00
1264251,17507,24289,42.21,1,1,6.51,68.0,10776,117,-973,-131,989,1,43.6610768,-79.3948820,109.40,5.20,0.74,12,1,00:16:05,00
1264542,20324,24289,42.24,1,1,6.86,71.7,10780,98,-846,-172,869,1,43.6610822,-79.3948668,110.10,4.04,0.73,12,1,00:16:06,00
1264836,24031,24289,42.19,1,1,7.60,79.4,10785,53,-1022,-81,1026,1,43.6610822,-79.3948668,110.10,4.04,0.73,12,1,00:16:06,00
1265130,24491,24289,42.18,1,1,8.14,85.0,10790,96,-857,-64,865,1,43.6610822,-79.3948668,110.10,4.04,0.73,12,1,00:16:06,00
1265417,24520,24289,42.22,1,1,8.61,89.9,10795,119,-1075,-164,1094,1,43.6610922,-79.3948478,110.10,7.02,0.73,12,1,00:16:07,00
1265716,24520,24289,42.22,1,1,9.51,99.3,10801,102,-982,-148,998,1,43.6610922,-79.3948478,110.70,7.02,0.73,12,1,00:16:07,00
1266011,24520,24289,42.20,1,1,10.08,105.3,10807,-21,-1184,-64,1186,1,43.6610922,-79.3948478,110.70,7.02,0.73,12,1,00:16:07,00
1266306,24520,24289,42.20,1,1,10.71,111.8,10814,123,-913,-156,934,1,43.6610922,-79.3948478,110.70,7.02,0.73,12,1,00:16:07,00
1266605,24520,24289,42.20,1,1,11.48,119.9,10821,20,-922,19,923,1,43.6611068,-79.3948182,111.00,10.43,0.71,12,1,00:16:08,00
1266900,24520,24289,42.21,1,1,11.88,124.1,10828,34,-979,-76,983,1,43.6611068,-79.3948182,111.00,10.43,0.71,12,1,00:16:08,00
1267197,24520,24289,42.23,1,1,12.56,131.1,10836,59,-1044,-117,1052,1,43.6611068,-79.3948182,111.00,10.43,0.71,12,1,00:16:08,00
1267554,24520,24289,42.19,1,1,12.17,127.1,10845,108,-926,-88,937,1,43.6611218,-79.3947802,111.10,12.46,0.71,12,1,00:16:09,00
1267854,24520,24289,42.20,1,1,12.48,130.3,10853,133,-1032,-10,1040,1,43.6611218,-79.3947802,111.10,12.46,0.71,12,1,00:16:09,00
1268149,24520,24289,42.19,1,1,14.56,152.0,10862,-28,-1129,48,1131,1,43.6611218,-79.3947802,111.10,12.46,0.71,12,1,00:16:09,00
1268428,24520,24289,42.20,1,1,15.35,160.3,10872,52,-1137,-48,1139,1,43.6611408,-79.3947383,111.10,14.85,0.71,12,1,00:16:10,00
1268728,24520,24289,42.19,1,1,15.61,163.0,10881,90,-1069,-181,1088,1,43.6611408,-79.3947383,109.90,14.85,0.71,12,1,00:16:10,00
1269046,82,24289,42.18,1,1,14.87,155.3,10891,150,-855,-59,870,1,43.6611408,-79.3947383,109.90,14.85,0.71,12,1,00:16:10,00
1269340,-649,24289,42.19,1,1,16.34,170.6,10901,133,-1226,-243,1257,1,43.6611408,-79.3947383,109.90,14.85,0.71,12,1,00:16:10,00
1269638,-609,24289,42.17,1,1,16.40,171.2,10911,116,-911,0,919,1,43.6611657,-79.3946873,109.40,18.30,0.71,12,1,00:16:11,00
1269940,-574,24289,42.16,1,1,16.12,168.4,10921,67,-1017,-54,1021,1,43.6611657,-79.3946873,109.40,18.30,0.71,12,1,00:16:11,00
1270237,-490,24289,42.16,1,1,15.96,166.7,10931,217,-965,-266,1024,1,43.6611657,-79.3946873,109.40,18.30,0.71,12,1,00:16:11,00
1270536,-149,24289,42.16,1,1,15.75,164.5,10941,54,-1070,32,1071,1,43.6611953,-79.3946400,109.40,16.78,0.71,12,1,00:16:12,00
1270832,165,24289,42.12,1,1,15.33,160.1,10950,224,-706,-162,758,1,43.6611953,-79.3946400,109.80,16.78,0.71,12,1,00:16:12,00
1271132,1063,24289,42.13,1,1,15.25,159.2,10960,93,-926,-124,939,1,43.6611953,-79.3946400,109.80,16.78,0.71,12,1,00:16:12,00
1271419,-173,24289,42.13,1,1,14.91,155.7,10969,151,-931,33,944,1,43.6612243,-79.3945972,109.80,16.69,0.71,12,1,00:16:13,00
1271720,-338,24289,42.13,1,1,13.07,136.5,10977,223,-914,-119,949,1,43.6612243,-79.3945972,109.40,16.69,0.72,12,1,00:16:13,00
1272027,-301,24289,42.15,1,1,14.41,150.5,10986,110,-1103,1,1108,1,43.6612243,-79.3945972,109.40,16.69,0.72,12,1,00:16:13,00
1272383,-269,24289,42.16,1,1,13.05,136.2,10996,105,-1049,-8,1055,1,43.6612243,-79.3945972,109.40,16.69,0.72,12,1,00:16:13,00
1272681,-259,24289,42.15,1,1,13.81,144.2,11005,28,-1038,53,1040,1,43.6612592,-79.3945593,108.80,18.00,0.72,12,1,00:16:14,00
1272983,-233,24289,42.20,1,1,11.76,122.8,11012,200,-747,-31,774,1,43.6612592,-79.3945593,108.80,18.00,0.72,12,1,00:16:14,00
1273283,-213,24289,42.20,1,1,13.12,137.0,11020,-53,-1053,149,1065,1,43.6612592,-79.3945593,108.80,18.00,0.72,12,1,00:16:14,00
1273585,-199,24289,42.19,1,1,12.94,135.1,11028,182,-904,-243,954,1,43.6612857,-79.3945287,108.40,12.72,0.71,12,1,00:16:15,00
1273883,-206,24289,42.15,1,1,12.73,132.9,11036,118,-1106,-43,1113,1,43.6612857,-79.3945287,108.40,12.72,0.71,12,1,00:16:15,00
1274190,-178,24289,42.15,1,1,12.68,132.5,11044,46,-903,5,904,1,43.6612857,-79.3945287,108.40,12.72,0.71,12,1,00:16:15,00
1274488,-167,24289,42.16,1,1,12.56,131.1,11052,114,-914,-78,924,1,43.6613088,-79.3945073,108.40,9.24,0.71,12,1,00:16:16,00
1274794,-162,24289,42.16,1,1,12.48,130.3,11060,113,-1164,-141,1178,1,43.6613088,-79.3945073,109.10,9.24,0.89,12,1,00:16:16,00
1275102,-166,24289,42.15,1,1,12.36,129.0,11068,146,-868,-148,893,1,43.6613088,-79.3945073,109.10,9.24,0.89,12,1,00:16:16,00
1275398,-147,24289,42.13,1,1,12.28,128.2,11076,162,-864,-18,879,1,43.6613088,-79.3945073,109.10,9.24,0.89,12,1,00:16:16,00
1275701,-126,24289,42.13,1,1,12.10,126.4,11083,19,-1122,-106,1127,1,43.6613392,-79.3944895,109.90,12.98,0.90,12,1,00:16:17,00
1276008,-121,24289,42.15,1,1,12.20,127.4,11091,104,-960,-102,971,1,43.6613392,-79.3944895,109.90,12.98,0.90,12,1,00:16:17,00
1276322,-122,24289,42.13,1,1,12.16,127.0,11099,121,-921,-25,929,1,43.6613392,-79.3944895,109.90,12.98,0.90,12,1,00:16:17,00
1276630,-133,24289,42.15,1,1,12.16,127.0,11107,83,-1113,-55,1117,1,43.6613630,-79.3944695,110.30,10.54,0.90,12,1,00:16:18,00
1276936,-134,24289,42.16,1,1,12.24,127.8,11115,27,-1170,111,1176,1,43.6613630,-79.3944695,110.30,10.54,0.90,12,1,00:16:18,00
1277301,-130,24289,42.16,1,1,11.01,114.9,11123,167,-872,62,890,1,43.6613630,-79.3944695,110.30,10.54,0.90,12,1,00:16:18,00
1277603,-114,24289,42.16,1,1,12.20,127.4,11131,133,-1067,-181,1090,1,43.6613945,-79.3944395,110.40,15.52,0.87,12,1,00:16:19,00
1277910,-107,24289,42.21,1,1,12.24,127.8,11139,159,-812,-14,828,1,43.6613945,-79.3944395,110.40,15.52,0.87,12,1,00:16:19,00
1278215,-119,24289,42.19,1,1,11.88,124.1,11146,140,-1003,-91,1017,1,43.6613945,-79.3944395,110.40,15.52,0.87,12,1,00:16:19,00
1278524,-119,24289,42.23,1,1,11.97,125.0,11154,132,-876,-132,896,1,43.6614148,-79.3944202,110.40,9.85,0.87,12,1,00:16:20,00
1278829,-110,24289,42.23,1,1,11.82,123.5,11162,171,-862,-73,882,1,43.6614148,-79.3944202,109.80,9.85,0.87,12,1,00:16:20,00
1279140,-102,24289,42.26,1,1,11.64,121.5,11169,48,-1207,16,1208,1,43.6614148,-79.3944202,109.80,9.85,0.87,12,1,00:16:20,00
1279430,-91,24289,42.26,1,1,11.64,121.6,11177,183,-948,-149,977,1,43.6614373,-79.3944058,109.80,9.22,0.87,12,1,00:16:21,00
1279737,-86,24289,42.23,1,1,11.13,116.3,11183,-14,-1112,42,1112,1,43.6614373,-79.3944058,110.40,9.22,0.90,12,1,00:16:21,00
1280045,-88,24289,42.26,1,1,11.37,118.7,11191,114,-932,3,938,1,43.6614373,-79.3944058,110.40,9.22,0.90,12,1,00:16:21,00
1280355,-95,24289,42.28,1,1,11.02,115.1,11198,228,-848,-160,893,1,43.6614373,-79.3944058,110.40,9.22,0.90,12,1,00:16:21,00
1280670,50,24289,42.26,1,1,10.71,111.8,11205,0,-1160,91,1164,1,43.6614622,-79.3943855,111.40,11.83,0.88,12,1,00:16:22,00
1280983,288,24289,42.26,1,1,10.47,109.4,11212,153,-995,-30,1007,1,43.6614622,-79.3943855,111.40,11.83,0.88,12,1,00:16:22,00
1281294,1388,24289,42.24,1,1,9.97,104.2,11218,141,-1013,-23,1023,1,43.6614622,-79.3943855,111.40,11.83,0.88,12,1,00:16:22,00
1281603,4518,24289,42.27,1,1,9.92,103.6,11225,131,-924,-150,945,1,43.6614867,-79.3943717,112.10,10.33,0.71,12,1,00:16:23,00
1281915,9514,24289,42.25,1,1,9.58,100.0,11231,121,-892,-128,909,1,43.6614867,-79.3943717,112.10,10.33,0.71,12,1,00:16:23,00
1282287,16341,24289,42.24,1,1,8.30,86.7,11237,75,-1044,-79,1049,1,43.6614867,-79.3943717,112.10,10.33,0.71,12,1,00:16:23,00
1282631,20884,24289,42.23,1,1,8.18,85.5,11243,47,-1048,-85,1053,1,43.6615020,-79.3943538,108.40,7.33,0.71,12,1,00:16:24,00
1282926,24218,24289,42.26,1,1,9.30,97.1,11249,80,-1096,-160,1111,1,43.6615020,-79.3943538,108.40,7.33,0.71,12,1,00:16:24,00
1283219,23762,24289,42.29,1,1,9.33,97.4,11255,97,-971,-152,988,1,43.6615020,-79.3943538,108.40,7.33,0.71,12,1,00:16:24,00
1283503,24226,24289,42.28,1,1,9.14,95.4,11260,49,-960,11,961,1,43.6615282,-79.3943455,108.40,10.74,0.71,12,1,00:16:25,00
1283788,24520,24289,42.31,1,1,9.51,99.3,11266,96,-982,-187,1004,1,43.6615282,-79.3943455,108.90,10.74,0.74,12,1,00:16:25,00
1284080,24520,24289,42.28,1,1,9.74,101.7,11272,73,-910,-128,922,1,43.6615282,-79.3943455,108.90,10.74,0.74,12,1,00:16:25,00
1284375,24520,24289,42.31,1,1,9.97,104.2,11278,59,-1023,-55,1027,1,43.6615282,-79.3943455,108.90,10.74,0.74,12,1,00:16:25,00
1284666,24520,24289,42.32,1,1,10.19,106.4,11284,-55,-1091,-56,1094,1,43.6615450,-79.3943333,109.40,7.04,0.71,12,1,00:16:26,00
1284963,24520,24289,42.30,1,1,10.78,112.5,11291,120,-616,-93,635,1,43.6615450,-79.3943333,109.40,7.04,0.71,12,1,00:16:26,00
1285256,24520,24289,42.31,1,1,10.80,112.8,11297,115,-777,-138,798,1,43.6615450,-79.3943333,109.40,7.04,0.71,12,1,00:16:26,00
1285552,24520,24289,42.31,1,1,11.61,121.2,11305,44,-1074,-63,1077,1,43.6615740,-79.3943198,109.90,12.45,0.73,12,1,00:16:27,00
1285844,24520,24289,42.36,1,1,11.84,123.7,11312,152,-911,-163,938,1,43.6615740,-79.3943198,109.90,12.45,0.73,12,1,00:16:27,00
1286139,24520,24289,42.39,1,1,12.14,126.8,11319,136,-911,-35,921,1,43.6615740,-79.3943198,109.90,12.45,0.73,12,1,00:16:27,00
1286423,24520,24289,42.38,1,1,12.72,132.9,11327,109,-893,-7,900,1,43.6616058,-79.3943045,109.90,11.76,0.73,12,1,00:16:28,00
1286719,24520,24289,42.40,1,1,13.16,137.5,11335,-14,-836,-149,849,1,43.6616058,-79.3943045,111.70,11.76,0.71,12,1,00:16:28,00
1287079,24520,24289,42.40,1,1,12.38,129.3,11344,17,-1204,-76,1207,1,43.6616058,-79.3943045,111.70,11.76,0.71,12,1,00:16:28,00
1287367,24520,24289,42.42,1,1,14.08,147.1,11353,82,-908,11,912,1,43.6616058,-79.3943045,111.70,11.76,0.71,12,1,00:16:28,00
1287653,24520,24289,42.39,1,1,14.19,148.1,11361,23,-1115,-77,1118,1,43.6616345,-79.3942757,111.40,14.65,0.71,12,1,00:16:29,00
1287948,24520,24289,42.40,1,1,14.87,155.3,11371,-54,-878,251,915,1,43.6616345,-79.3942757,111.40,14.65,0.71,12,1,00:16:29,00
1288242,24520,24289,42.46,1,1,15.01,156.8,11380,11,-1250,-335,1294,1,43.6616345,-79.3942757,111.40,14.65,0.71,12,1,00:16:29,00
1288537,24520,24289,42.45,1,1,13.63,142.3,11388,113,-884,-53,893,1,43.6616533,-79.3942627,109.60,8.70,0.73,12,1,00:16:30,00
1288831,24510,24289,42.49,1,1,15.75,164.5,11398,-10,-1119,138,1127,1,43.6616533,-79.3942627,109.60,8.70,0.73,12,1,00:16:30,00
1289134,24520,24289,42.49,1,1,15.91,166.1,11408,172,-988,-100,1008,1,43.6616533,-79.3942627,109.60,8.70,0.73,12,1,00:16:30,00
1289414,24483,24289,42.54,1,1,16.17,168.9,11418,76,-927,-26,931,1,43.6616533,-79.3942627,109.60,8.70,0.73,12,1,00:16:30,00
1289708,24520,24289,42.51,1,1,16.45,171.8,11428,124,-918,-128,935,1,43.6616855,-79.3942598,108.30,13.69,0.73,12,1,00:16:31,00
1290002,24492,24289,42.55,1,1,16.57,173.0,11438,120,-992,-179,1015,1,43.6616855,-79.3942598,108.30,13.69,0.73,12,1,00:16:31,00
1290302,24501,24289,42.61,1,1,15.01,156.8,11447,28,-1067,41,1068,1,43.6616855,-79.3942598,108.30,13.69,0.73,12,1,00:16:31,00
1290603,24520,24289,42.63,1,1,17.15,179.2,11458,45,-930,-98,936,1,43.6617258,-79.3942525,108.80,15.39,0.76,12,1,00:16:32,00
1290900,24467,24289,42.64,1,1,15.60,162.9,11468,62,-1258,-146,1268,1,43.6617258,-79.3942525,108.80,15.39,0.76,12,1,00:16:32,00
1291202,24497,24289,42.69,1,1,15.80,165.0,11478,74,-990,11,993,1,43.6617258,-79.3942525,108.80,15.39,0.76,12,1,00:16:32,00
1291503,24516,24289,42.72,1,1,15.91,166.1,11488,136,-1177,-360,1238,1,43.6617753,-79.3942377,108.80,20.33,0.76,12,1,00:16:33,00
1291864,24435,24289,42.78,1,1,15.22,159.0,11499,206,-941,72,966,1,43.6617753,-79.3942377,109.00,20.33,1.02,12,1,00:16:33,00
1292156,24520,24289,42.79,1,1,17.91,187.1,11510,258,-772,-235,847,1,43.6617753,-79.3942377,109.00,20.33,1.02,12,1,00:16:33,00
1292432,24489,24289,42.78,1,1,18.22,190.3,11521,44,-899,-47,901,1,43.6618135,-79.3942375,109.00,14.87,1.02,12,1,00:16:34,00
1292728,24212,24289,42.82,1,1,16.68,174.2,11531,241,-705,-210,774,1,43.6618135,-79.3942375,109.60,14.87,0.95,12,1,00:16:34,00
1293027,24224,24289,42.85,1,1,17.15,179.2,11542,142,-801,-144,826,1,43.6618135,-79.3942375,109.60,14.87,0.95,12,1,00:16:34,00
1293333,24238,24289,42.86,1,1,17.32,180.9,11553,61,-1134,-97,1140,1,43.6618135,-79.3942375,109.60,14.87,0.95,12,1,00:16:34,00
1293627,24222,24289,42.89,1,1,18.94,197.8,11564,124,-982,-103,995,1,43.6618503,-79.3942435,114.20,12.58,0.84,12,1,00:16:35,00
1293931,23917,24289,42.91,1,1,17.90,186.9,11576,197,-700,-47,729,1,43.6618503,-79.3942435,114.20,12.58,0.84,12,1,00:16:35,00
1294237,21810,24289,42.98,1,1,17.73,185.2,11587,137,-1110,-143,1128,1,43.6618503,-79.3942435,114.20,12.58,0.84,12,1,00:16:35,00
1294536,-775,24289,42.96,1,1,17.73,185.2,11598,71,-1146,66,1150,1,43.6618967,-79.3942528,116.00,19.48,0.94,12,1,00:16:36,00
1294835,-754,24289,42.99,1,1,17.56,183.3,11609,180,-1164,-120,1184,1,43.6618967,-79.3942528,116.00,19.48,0.94,12,1,00:16:36,00
1295138,-722,24289,43.04,1,1,17.21,179.7,11620,220,-782,-202,837,1,43.6618967,-79.3942528,116.00,19.48,0.94,12,1,00:16:36,00
1295432,-663,24289,43.07,1,1,16.99,177.4,11631,137,-867,-164,893,1,43.6619433,-79.3942765,116.00,18.33,0.94,12,1,00:16:37,00
1295731,-638,24289,43.09,1,1,16.40,171.2,11641,164,-828,-81,848,1,43.6619433,-79.3942765,118.60,18.33,0.94,12,1,00:16:37,00
1296034,-581,24289,43.12,1,1,16.17,168.9,11651,141,-769,-28,783,1,43.6619433,-79.3942765,118.60,18.33,0.94,12,1,00:16:37,00
1296340,-542,24289,43.18,1,1,17.50,182.7,11662,207,-848,-30,873,1,43.6619433,-79.3942765,118.60,18.33,0.94,12,1,00:16:37,00
1296708,-490,24289,43.20,1,1,14.79,154.5,11673,152,-851,-121,873,1,43.6619885,-79.3943067,121.70,17.59,0.90,12,1,00:16:38,00
1297007,-453,24289,43.23,1,1,16.99,177.4,11684,78,-878,-55,883,1,43.6619885,-79.3943067,121.70,17.59,0.90,12,1,00:16:38,00
1297307,-438,24289,43.27,1,1,15.25,159.2,11694,207,-1098,-302,1157,1,43.6619885,-79.3943067,121.70,17.59,0.90,12,1,00:16:38,00
1297617,-416,24289,43.28,1,1,16.28,170.1,11704,265,-885,-68,927,1,43.6620322,-79.3943385,122.30,20.54,1.02,12,1,00:16:39,00
1297921,-379,24289,43.33,1,1,16.07,167.8,11714,193,-1060,-221,1100,1,43.6620322,-79.3943385,122.30,20.54,1.02,12,1,00:16:39,00
1298227,-351,24289,43.33,1,1,14.17,148.0,11723,143,-782,-62,797,1,43.6620322,-79.3943385,122.30,20.54,1.02,12,1,00:16:39,00
1298533,-331,24289,43.38,1,1,14.08,147.1,11732,101,-1028,-128,1041,1,43.6620732,-79.3943668,122.30,18.41,1.02,12,1,00:16:40,00
1298834,-321,24289,43.41,1,1,15.35,160.3,11742,88,-1046,-18,1050,1,43.6620732,-79.3943668,122.60,18.41,1.10,12,1,00:16:40,00
1299143,-296,24289,43.46,1,1,15.10,157.7,11752,156,-827,-107,848,1,43.6620732,-79.3943668,122.60,18.41,1.10,12,1,00:16:40,00
1299432,-275,24289,43.50,1,1,14.66,153.1,11761,54,-950,-77,955,1,43.6621103,-79.3944005,122.60,15.96,1.10,12,1,00:16:41,00
1299749,-278,24289,43.53,1,1,14.51,151.5,11770,114,-876,-37,884,1,43.6621103,-79.3944005,124.30,15.96,1.10,12,1,00:16:41,00
1300060,-287,24289,43.58,1,1,14.27,149.0,11779,62,-1043,27,1046,1,43.6621103,-79.3944005,124.30,15.96,1.10,12,1,00:16:41,00
1300370,-276,24289,43.64,1,1,14.33,149.7,11789,163,-847,-84,867,1,43.6621103,-79.3944005,124.30,15.96,1.10,12,1,00:16:41,00
1300677,-256,24289,43.66,1,1,14.04,146.6,11798,162,-955,-55,970,1,43.6621408,-79.3944330,124.90,14.65,0.90,12,1,00:16:42,00
1300987,-239,24289,43.72,1,1,13.95,145.6,11807,199,-973,-115,1000,1,43.6621408,-79.3944330,124.90,14.65,0.90,12,1,00:16:42,00
1301302,-234,24289,43.76,1,1,13.81,144.2,11816,222,-975,-115,1006,1,43.6621408,-79.3944330,124.90,14.65,0.90,12,1,00:16:42,00
1301673,-231,24289,43.80,1,1,12.57,131.2,11826,122,-875,33,885,1,43.6621683,-79.3944588,123.00,15.26,0.76,12,1,00:16:43,00
1301983,-221,24289,43.81,1,1,13.16,137.5,11834,167,-703,-19,723,1,43.6621683,-79.3944588,123.00,15.26,0.76,12,1,00:16:43,00
1302292,-205,24289,43.86,1,1,12.94,135.1,11842,178,-932,-76,952,1,43.6621683,-79.3944588,123.00,15.26,0.76,12,1,00:16:43,00
1302596,-206,24289,43.90,1,1,13.02,136.0,11851,266,-895,-146,945,1,43.6621872,-79.3944980,122.70,13.96,0.78,12,1,00:16:44,00
1302903,-209,24289,43.95,1,1,12.81,133.8,11859,90,-1256,-161,1269,1,43.6621872,-79.3944980,122.70,13.96,0.78,12,1,00:16:44,00
1303212,-198,24289,43.97,1,1,12.85,134.2,11867,240,-914,-314,996,1,43.6621872,-79.3944980,122.70,13.96,0.78,12,1,00:16:44,00
1303526,-186,24289,44.01,1,1,13.02,136.0,11876,8,-1077,3,1077,1,43.6622047,-79.3945412,122.70,12.67,0.78,12,1,00:16:45,00
1303840,-188,24289,44.01,1,1,11.25,117.4,11883,141,-873,-157,898,1,43.6622047,-79.3945412,123.40,12.67,0.74,12,1,00:16:45,00
1304153,-176,24289,44.05,1,1,13.02,136.0,11892,33,-1055,-29,1056,1,43.6622047,-79.3945412,123.40,12.67,0.74,12,1,00:16:45,00
1304496,-179,24289,44.08,1,1,11.43,119.4,11900,66,-1059,-32,1062,1,43.6622115,-79.3945873,123.40,12.45,0.74,12,1,00:16:46,00
1304787,-184,24289,44.13,1,1,12.68,132.5,11908,144,-907,-152,931,1,43.6622115,-79.3945873,125.00,12.45,0.74,12,1,00:16:46,00
1305086,-174,24289,44.17,1,1,12.19,127.3,11915,133,-814,97,831,1,43.6622115,-79.3945873,125.00,12.45,0.74,12,1,00:16:46,00
1305378,-157,24289,44.20,1,1,12.32,128.6,11923,98,-846,-207,876,1,43.6622115,-79.3945873,125.00,12.45,0.74,12,1,00:16:46,00
1305674,-159,24289,44.25,1,1,11.80,123.2,11930,236,-958,-237,1015,1,43.6622357,-79.3946250,123.20,15.33,0.83,12,1,00:16:47,00
1305961,-169,24289,44.31,1,1,11.68,122.0,11937,121,-862,-73,874,1,43.6622357,-79.3946250,123.20,15.33,0.83,12,1,00:16:47,00
1306259,-188,24289,44.33,1,1,11.48,119.9,11944,160,-963,-94,981,1,43.6622357,-79.3946250,123.20,15.33,0.83,12,1,00:16:47,00
1306613,-184,24289,44.40,1,1,10.32,107.8,11952,172,-1087,-269,1133,1,43.6622575,-79.3946515,121.30,10.72,0.81,12,1,00:16:48,00
1306901,-177,24289,44.44,1,1,10.84,113.2,11958,75,-906,160,923,1,43.6622575,-79.3946515,121.30,10.72,0.81,12,1,00:16:48,00
1307187,-176,24289,44.48,1,1,10.85,113.3,11965,153,-949,-120,969,1,43.6622575,-79.3946515,121.30,10.72,0.81,12,1,00:16:48,00
1307462,-170,24289,44.53,1,1,10.45,109.1,11971,40,-959,57,961,1,43.6622743,-79.3946767,121.30,9.61,0.81,12,1,00:16:49,00
1307755,-162,24289,44.57,1,1,10.30,107.5,11977,137,-1023,-116,1038,1,43.6622743,-79.3946767,119.20,9.61,0.81,12,1,00:16:49,00
1308051,-170,24289,44.62,1,1,10.12,105.6,11983,151,-1048,-90,1063,1,43.6622743,-79.3946767,119.20,9.61,0.81,12,1,00:16:49,00
1308344,-174,24289,44.64,1,1,9.91,103.4,11989,179,-938,-61,957,1,43.6622743,-79.3946767,119.20,9.61,0.81,12,1,00:16:49,00
1308642,-168,24289,44.68,1,1,9.70,101.4,11995,101,-1044,-47,1050,1,43.6623000,-79.3947048,117.80,13.28,0.83,12,1,00:16:50,00
1308935,-177,24289,44.71,1,1,9.54,99.7,12001,136,-967,-127,985,1,43.6623000,-79.3947048,117.80,13.28,0.83,12,1,00:16:50,00
1309228,-161,24289,44.74,1,1,9.30,97.1,12007,151,-883,-111,902,1,43.6623000,-79.3947048,117.80,13.28,0.83,12,1,00:16:50,00
1309518,-147,24289,44.76,1,1,8.90,92.9,12012,110,-1023,-99,1034,1,43.6623163,-79.3947273,117.80,8.09,0.83,12,1,00:16:51,00
1309811,-152,24289,44.79,1,1,9.03,94.3,12018,60,-1020,53,1023,1,43.6623163,-79.3947273,115.70,8.09,0.81,12,1,00:16:51,00
1310103,-151,24289,44.80,1,1,8.71,90.9,12023,130,-989,-135,1007,1,43.6623163,-79.3947273,115.70,8.09,0.81,12,1,00:16:51,00
1310387,-149,24289,44.83,1,1,8.84,92.3,12029,152,-1009,-74,1023,1,43.6623163,-79.3947273,115.70,8.09,0.81,12,1,00:16:51,00
1310680,-160,24289,44.82,1,1,8.18,85.5,12033,172,-961,-173,991,1,43.6623317,-79.3947478,115.40,6.87,0.81,12,1,00:16:52,00
1310978,-150,24289,44.87,1,1,10.13,105.7,12040,152,-864,-34,878,1,43.6623317,-79.3947478,115.40,6.87,0.81,12,1,00:16:52,00
1311338,-151,24289,44.91,1,1,8.60,89.8,12046,138,-933,-13,943,1,43.6623317,-79.3947478,115.40,6.87,0.81,12,1,00:16:52,00
1311630,-139,24289,44.93,1,1,8.28,86.5,12051,191,-993,-65,1013,1,43.6623342,-79.3947673,115.00,5.74,0.81,12,1,00:16:53,00
1311923,-138,24289,44.98,1,1,8.20,85.6,12056,115,-995,46,1002,1,43.6623342,-79.3947673,115.00,5.74,0.81,12,1,00:16:53,00
1312218,-133,24289,44.98,1,1,8.17,85.3,12061,153,-1065,-151,1086,1,43.6623342,-79.3947673,115.00,5.74,0.81,12,1,00:16:53,00
1312518,-139,24289,45.02,1,1,8.03,83.9,12066,161,-910,40,925,1,43.6623447,-79.3947962,115.00,10.67,0.81,12,1,00:16:54,00
1312814,-145,24289,45.06,1,1,7.93,82.8,12071,109,-943,-59,952,1,43.6623447,-79.3947962,113.70,10.67,0.81,12,1,00:16:54,00
1313109,-128,24289,45.11,1,1,7.90,82.5,12076,139,-957,-125,975,1,43.6623447,-79.3947962,113.70,10.67,0.81,12,1,00:16:54,00
1313398,-119,24289,45.16,1,1,7.93,82.8,12081,114,-908,18,916,1,43.6623447,-79.3947962,113.70,10.67,0.81,12,1,00:16:54,00
1313697,-121,24289,45.18,1,1,7.98,83.3,12086,154,-1023,-138,1044,1,43.6623502,-79.3948202,111.30,7.20,0.81,12,1,00:16:55,00
1313999,-124,24289,45.19,1,1,9.74,101.7,12092,91,-1014,-13,1018,1,43.6623502,-79.3948202,111.30,7.20,0.81,12,1,00:16:55,00
1314301,-129,24289,45.22,1,1,8.14,85.0,12097,158,-928,-99,947,1,43.6623502,-79.3948202,111.30,7.20,0.81,12,1,00:16:55,00
1314610,-131,24289,45.24,1,1,8.45,88.2,12103,167,-976,-118,998,1,43.6623553,-79.3948455,110.20,7.54,0.80,12,1,00:16:56,00
1314911,-124,24289,45.27,1,1,9.91,103.4,12109,109,-1041,-64,1049,1,43.6623553,-79.3948455,110.20,7.54,0.80,12,1,00:16:56,00
1315209,-122,24289,45.29,1,1,8.31,86.8,12114,88,-1046,-45,1051,1,43.6623553,-79.3948455,110.20,7.54,0.80,12,1,00:16:56,00
1315512,-125,24289,45.35,1,1,8.34,87.1,12119,87,-1041,-39,1045,1,43.6623665,-79.3948725,110.20,9.52,0.80,12,1,00:16:57,00
1315815,-129,24289,45.38,1,1,8.63,90.1,12125,152,-867,-69,883,1,43.6623665,-79.3948725,109.00,9.52,0.69,12,1,00:16:57,00
1316179,-135,24289,45.40,1,1,7.23,75.5,12130,189,-817,-151,852,1,43.6623665,-79.3948725,109.00,9.52,0.69,12,1,00:16:57,00
1316474,-111,24289,45.43,1,1,8.71,90.9,12136,186,-977,-201,1015,1,43.6623737,-79.3948960,109.00,7.50,0.69,12,1,00:16:58,00
1316779,-112,24289,45.46,1,1,8.49,88.7,12141,68,-955,69,960,1,43.6623737,-79.3948960,107.70,7.50,0.69,12,1,00:16:58,00
1317077,-108,24289,45.48,1,1,8.84,92.3,12147,161,-848,-80,867,1,43.6623737,-79.3948960,107.70,7.50,0.69,12,1,00:16:58,00
1317380,-118,24289,45.52,1,1,8.58,89.6,12152,96,-1120,-31,1125,1,43.6623737,-79.3948960,107.70,7.50,0.69,12,1,00:16:58,00
1317682,-123,24289,45.55,1,1,8.81,92.0,12158,86,-1001,20,1004,1,43.6623750,-79.3949107,107.70,4.56,0.69,12,1,00:16:59,00
1317982,-124,24289,45.57,1,1,8.61,89.9,12163,120,-1038,-118,1051,1,43.6623750,-79.3949107,107.70,4.56,0.69,12,1,00:16:59,00
1318286,-125,24289,45.61,1,1,8.92,93.2,12169,167,-899,9,914,1,43.6623750,-79.3949107,107.70,4.56,0.69,12,1,00:16:59,00
1318588,-121,24289,45.59,1,1,10.37,108.3,12175,151,-903,5,916,1,43.6623803,-79.3949377,107.30,9.45,0.67,12,1,00:17:00,00
1318896,-116,24289,45.64,1,1,8.98,93.8,12181,109,-879,-41,886,1,43.6623803,-79.3949377,107.30,9.45,0.67,12,1,00:17:00,00
1319207,-119,24289,45.64,1,1,9.03,94.3,12187,71,-997,67,1001,1,43.6623803,-79.3949377,107.30,9.45,0.67,12,1,00:17:00,00
1319505,-116,24289,45.67,1,1,9.09,94.9,12193,160,-1002,-121,1022,1,43.6623978,-79.3949603,107.30,8.63,0.67,12,1,00:17:01,00
1319806,-119,24289,45.65,1,1,8.90,92.9,12198,110,-1123,-203,1147,1,43.6623978,-79.3949603,109.80,8.63,0.67,12,1,00:17:01,00
1320111,-114,24289,45.70,1,1,9.15,95.5,12204,88,-971,25,975,1,43.6623978,-79.3949603,109.80,8.63,0.67,12,1,00:17:01,00
1320422,-107,24289,45.70,1,1,9.12,95.2,12210,162,-927,-123,949,1,43.6624035,-79.3949798,109.80,5.96,0.67,12,1,00:17:02,00
1320731,-113,24289,45.71,1,1,9.21,96.2,12216,180,-1066,-83,1084,1,43.6624035,-79.3949798,110.60,5.96,0.70,12,1,00:17:02,00
1321099,-111,24289,45.72,1,1,8.02,83.8,12222,200,-800,-156,839,1,43.6624035,-79.3949798,110.60,5.96,0.70,12,1,00:17:02,00
1321397,-102,24289,45.79,1,1,9.18,95.8,12228,100,-1021,101,1030,1,43.6624035,-79.3949798,110.60,5.96,0.70,12,1,00:17:02,00
1321699,-110,24289,45.78,1,1,8.90,92.9,12233,108,-985,-12,991,1,43.6624025,-79.3950152,109.10,9.37,0.70,12,1,00:17:03,00
1322003,-107,24289,45.77,1,1,9.21,96.2,12239,134,-974,-58,985,1,43.6624025,-79.3950152,109.10,9.37,0.70,12,1,00:17:03,00
1322306,-111,24289,45.80,1,1,9.24,96.5,12245,83,-995,49,1000,1,43.6624025,-79.3950152,109.10,9.37,0.70,12,1,00:17:03,00
1322610,-116,24289,45.80,1,1,9.39,98.0,12251,110,-897,-36,904,1,43.6623965,-79.3950450,108.20,7.80,0.75,12,1,00:17:04,00
1322918,-109,24289,45.84,1,1,9.39,98.0,12257,172,-894,-140,921,1,43.6623965,-79.3950450,108.20,7.80,0.75,12,1,00:17:04,00
1323245,-119,24289,45.79,1,1,9.33,97.4,12263,109,-1030,8,1036,1,43.6623965,-79.3950450,108.20,7.80,0.75,12,1,00:17:04,00
1323554,-117,24289,45.79,1,1,9.27,96.8,12269,104,-1005,-64,1012,1,43.6623803,-79.3950633,107.30,8.07,0.87,12,1,00:17:05,00
1323860,-121,24289,45.83,1,1,9.15,95.5,12275,142,-950,-94,965,1,43.6623803,-79.3950633,107.30,8.07,0.87,12,1,00:17:05,00
1324173,-109,24289,45.85,1,1,9.06,94.6,12281,103,-1007,63,1014,1,43.6623803,-79.3950633,107.30,8.07,0.87,12,1,00:17:05,00
1324466,-100,24289,45.84,1,1,8.95,93.5,12287,170,-987,-144,1012,1,43.6623898,-79.3951017,107.30,11.72,0.87,12,1,00:17:06,00
1324774,-119,24289,45.83,1,1,8.58,89.6,12292,165,-879,-71,897,1,43.6623898,-79.3951017,106.20,11.72,0.87,12,1,00:17:06,00
1325087,-119,24289,45.81,1,1,8.68,90.6,12298,85,-1077,-52,1081,1,43.6623898,-79.3951017,106.20,11.72,0.87,12,1,00:17:06,00
1325397,-104,24289,45.80,1,1,8.20,85.6,12303,104,-949,-12,954,1,43.6623898,-79.3951017,106.20,11.72,0.87,12,1,00:17:06,00
1325711,-108,24289,45.76,1,1,8.11,84.7,12308,126,-1027,-68,1037,1,43.6623868,-79.3951310,105.20,8.46,0.75,12,1,00:17:07,00
1326087,-105,24289,45.76,1,1,7.11,74.3,12314,68,-1050,-34,1053,1,43.6623868,-79.3951310,105.20,8.46,0.75,12,1,00:17:07,00
1326425,-88,24289,45.76,1,1,7.89,82.4,12320,114,-1061,-51,1068,1,43.6623892,-79.3951545,105.20,5.19,0.75,12,1,00:17:08,00
1326721,-99,24289,45.78,1,1,7.15,74.6,12324,143,-977,-25,988,1,43.6623892,-79.3951545,104.70,5.19,0.66,12,1,00:17:08,00
1327010,-104,24289,45.79,1,1,7.04,73.5,12328,115,-986,-71,995,1,43.6623892,-79.3951545,104.70,5.19,0.66,12,1,00:17:08,00
1327298,-105,24289,45.80,1,1,8.52,89.0,12333,50,-947,73,951,1,43.6623892,-79.3951545,104.70,5.19,0.66,12,1,00:17:08,00
1327587,-110,24289,45.81,1,1,8.31,86.8,12338,182,-970,-172,1001,1,43.6623967,-79.3951870,105.20,9.65,0.65,12,1,00:17:09,00
1327879,-104,24289,45.84,1,1,8.03,83.9,12343,89,-981,70,987,1,43.6623967,-79.3951870,105.20,9.65,0.65,12,1,00:17:09,00
1328172,-106,24289,45.84,1,1,6.26,65.4,12347,152,-1008,-77,1022,1,43.6623967,-79.3951870,105.20,9.65,0.65,12,1,00:17:09,00
1328464,-94,24289,45.86,1,1,7.60,79.4,12352,157,-934,-14,947,1,43.6624047,-79.3952160,105.20,6.83,0.65,12,1,00:17:10,00
1328755,-104,24289,45.91,1,1,7.34,76.6,12356,91,-991,-15,995,1,43.6624047,-79.3952160,104.60,6.83,0.79,12,1,00:17:10,00
1329046,-98,24289,45.91,1,1,7.17,74.9,12360,126,-943,-58,954,1,43.6624047,-79.3952160,104.60,6.83,0.79,12,1,00:17:10,00
1329334,-98,24289,45.85,1,1,5.62,58.7,12364,103,-1155,-57,1160,1,43.6624047,-79.3952160,104.60,6.83,0.79,12,1,00:17:10,00
1329632,-95,24289,45.90,1,1,5.06,52.8,12367,162,-958,-111,978,1,43.6624068,-79.3952383,105.10,5.59,0.78,12,1,00:17:11,00
1329923,-93,24289,45.87,1,1,4.92,51.4,12370,93,-1012,12,1016,1,43.6624068,-79.3952383,105.10,5.59,0.78,12,1,00:17:11,00
1330214,-93,24289,45.90,1,1,4.74,49.5,12373,98,-975,-69,982,1,43.6624068,-79.3952383,105.10,5.59,0.78,12,1,00:17:11,00
1330513,-95,24289,45.91,1,1,5.82,60.7,12376,126,-942,-20,950,1,43.6624063,-79.3952587,105.10,4.76,0.78,12,1,00:17:12,00
1330867,-92,24289,45.94,1,1,4.82,50.4,12380,80,-987,91,994,1,43.6624063,-79.3952587,105.40,4.76,0.78,12,1,00:17:12,00
1331154,-86,24289,45.95,1,1,5.68,59.3,12383,180,-932,-99,955,1,43.6624063,-79.3952587,105.40,4.76,0.78,12,1,00:17:12,00
1331442,-79,24289,45.99,1,1,5.13,53.6,12386,103,-1009,22,1015,1,43.6624135,-79.3952792,105.40,4.37,0.78,12,1,00:17:13,00
1331737,-95,24289,45.97,1,1,4.12,43.0,12389,109,-983,4,989,1,43.6624135,-79.3952792,105.20,4.37,0.72,12,1,00:17:13,00
1332031,-94,24289,46.02,1,1,4.99,52.1,12392,146,-954,-135,974,1,43.6624135,-79.3952792,105.20,4.37,0.72,12,1,00:17:13,00
1332332,-88,24289,46.05,1,1,4.89,51.0,12395,120,-965,-30,972,1,43.6624135,-79.3952792,105.20,4.37,0.72,12,1,00:17:13,00
1332625,-96,24289,46.04,1,1,4.74,49.5,12398,113,-982,-3,988,1,43.6624163,-79.3952968,106.30,3.69,0.72,12,1,00:17:14,00
1332920,-96,24289,46.07,1,1,4.65,48.5,12399,114,-972,-44,980,1,43.6624163,-79.3952968,106.30,3.69,0.72,12,1,00:17:14,00
1333213,-95,24289,46.08,1,1,3.29,34.4,12402,121,-976,-57,986,1,43.6624163,-79.3952968,106.30,3.69,0.72,12,1,00:17:14,00
1333508,-91,24289,46.10,1,1,4.20,43.9,12405,116,-939,-39,947,1,43.6624198,-79.3953088,106.30,1.70,0.72,12,1,00:17:15,00
1333809,-61,24289,46.10,1,1,3.96,41.3,12407,113,-986,-23,993,1,43.6624198,-79.3953088,106.60,1.70,0.72,12,1,00:17:15,00
1334109,1405,24289,46.13,1,1,3.91,40.8,12409,108,-978,-25,984,1,43.6624198,-79.3953088,106.60,1.70,0.72,12,1,00:17:15,00
1334395,1409,24289,46.16,1,1,3.74,39.1,12412,111,-988,-57,996,1,43.6624198,-79.3953088,106.60,1.70,0.72,12,1,00:17:15,00
1334691,-81,24289,46.17,1,1,3.63,37.9,12414,104,-984,-22,990,1,43.6624170,-79.3953278,106.00,6.13,0.78,12,1,00:17:16,00
1334990,839,24289,46.17,1,1,3.27,34.1,12416,114,-951,-20,958,1,43.6624170,-79.3953278,106.00,6.13,0.78,12,1,00:17:16,00
1335287,3228,24289,46.19,1,1,3.23,33.8,12418,93,-951,-63,957,1,43.6624170,-79.3953278,106.00,6.13,0.78,12,1,00:17:16,00
1335648,8006,24289,46.20,1,1,2.38,24.8,12420,97,-965,-40,971,1,43.6624232,-79.3953472,105.50,3.46,0.76,12,1,00:17:17,00
1335948,13009,24289,46.21,1,1,3.51,36.6,12422,84,-980,-54,985,1,43.6624232,-79.3953472,105.50,3.46,0.76,12,1,00:17:17,00
1336245,17350,24289,46.23,1,1,3.43,35.8,12424,66,-997,-51,1001,1,43.6624232,-79.3953472,105.50,3.46,0.76,12,1,00:17:17,00
1336539,22547,24289,46.24,1,1,4.37,45.6,12427,71,-1008,-8,1011,1,43.6624220,-79.3953643,105.50,4.00,0.76,12,1,00:17:18,00
1336836,24520,24289,46.26,1,1,4.59,47.9,12430,53,-976,-41,978,1,43.6624220,-79.3953643,106.60,4.00,0.71,12,1,00:17:18,00
1337130,24520,24289,46.25,1,1,5.13,53.6,12433,71,-963,-114,972,1,43.6624220,-79.3953643,106.60,4.00,0.71,12,1,00:17:18,00
1337421,24520,24289,46.28,1,1,5.52,57.6,12436,12,-997,-9,997,1,43.6624315,-79.3953880,106.60,5.65,0.71,12,1,00:17:19,00
1337717,24520,24289,46.28,1,1,6.35,66.3,12440,79,-970,-113,980,1,43.6624315,-79.3953880,105.20,5.65,0.72,12,1,00:17:19,00
1338018,24520,24289,46.28,1,1,7.04,73.5,12445,35,-976,-4,976,1,43.6624315,-79.3953880,105.20,5.65,0.72,12,1,00:17:19,00
1338324,24520,24289,46.29,1,1,7.77,81.2,12450,23,-938,78,942,1,43.6624315,-79.3953880,105.20,5.65,0.72,12,1,00:17:19,00
1338623,24520,24289,46.30,1,1,6.70,69.9,12454,33,-1000,-135,1010,1,43.6624408,-79.3954010,105.40,4.57,0.71,12,1,00:17:20,00
1338925,24520,24289,46.32,1,1,9.01,94.0,12460,128,-942,-229,978,1,43.6624408,-79.3954010,105.40,4.57,0.71,12,1,00:17:20,00
1339231,24520,24289,46.29,1,1,9.54,99.7,12466,41,-938,-7,939,1,43.6624408,-79.3954010,105.40,4.57,0.71,12,1,00:17:20,00
1339533,24520,24289,46.27,1,1,10.08,105.3,12472,69,-907,-34,910,1,43.6624387,-79.3954250,105.40,8.13,0.71,12,1,00:17:21,00
1339837,24520,24289,46.24,1,1,9.06,94.6,12478,76,-1069,-53,1073,1,43.6624387,-79.3954250,104.70,8.13,0.71,12,1,00:17:21,00
1340151,24520,24289,46.25,1,1,9.42,98.4,12484,102,-904,-197,931,1,43.6624387,-79.3954250,104.70,8.13,0.71,12,1,00:17:21,00
1340512,24520,24289,46.19,1,1,8.99,93.8,12491,21,-1062,-45,1063,1,43.6624323,-79.3954650,104.70,11.96,0.71,12,1,00:17:22,00
1340809,24520,24289,46.16,1,1,10.30,107.5,12497,22,-1063,35,1064,1,43.6624323,-79.3954650,106.10,11.96,0.71,12,1,00:17:22,00
1341111,24520,24289,46.16,1,1,10.92,114.0,12504,84,-806,-141,823,1,43.6624323,-79.3954650,106.10,11.96,0.71,12,1,00:17:22,00
1341404,24520,24289,46.15,1,1,11.25,117.4,12511,39,-1034,-101,1039,1,43.6624323,-79.3954650,106.10,11.96,0.71,12,1,00:17:22,00
1341706,24520,24289,46.15,1,1,11.79,123.1,12519,124,-945,-304,1000,1,43.6624237,-79.3955102,108.50,12.95,0.71,12,1,00:17:23,00
1342009,24520,24289,46.15,1,1,11.93,124.6,12526,49,-960,-127,969,1,43.6624237,-79.3955102,108.50,12.95,0.71,12,1,00:17:23,00
1342322,24520,24289,46.12,1,1,12.52,130.7,12534,175,-575,30,602,1,43.6624237,-79.3955102,108.50,12.95,0.71,12,1,00:17:23,00
1342622,24520,24289,46.15,1,1,13.02,136.0,12543,89,-935,-155,952,1,43.6624175,-79.3955597,107.60,14.15,0.71,12,1,00:17:24,00
1342929,24520,24289,46.16,1,1,11.56,120.7,12550,85,-996,-45,1001,1,43.6624175,-79.3955597,107.60,14.15,0.71,12,1,00:17:24,00
1343240,24520,24289,46.19,1,1,13.72,143.3,12559,121,-852,-80,865,1,43.6624175,-79.3955597,107.60,14.15,0.71,12,1,00:17:24,00
1343549,24520,24289,46.15,1,1,14.13,147.5,12568,158,-932,-83,949,1,43.6623945,-79.3956073,108.90,16.30,0.71,12,1,00:17:25,00
1343853,24520,24289,46.16,1,1,14.46,151.0,12577,-58,-1142,64,1146,1,43.6623945,-79.3956073,108.90,16.30,0.71,12,1,00:17:25,00
1344159,24520,24289,46.18,1,1,14.82,154.8,12587,69,-612,176,640,1,43.6623945,-79.3956073,108.90,16.30,0.71,12,1,00:17:25,00
1344473,24520,24289,46.19,1,1,13.72,143.3,12596,160,-836,-132,862,1,43.6623790,-79.3956603,108.90,15.76,0.71,12,1,00:17:26,00
1344781,24479,24289,46.21,1,1,15.49,161.8,12606,76,-862,-64,868,1,43.6623790,-79.3956603,107.80,15.76,0.71,12,1,00:17:26,00
1345091,24461,24289,46.24,1,1,15.80,165.0,12616,15,-1088,111,1094,1,43.6623790,-79.3956603,107.80,15.76,0.71,12,1,00:17:26,00
1345464,24460,24289,46.26,1,1,13.97,145.9,12627,142,-837,-144,861,1,43.6623657,-79.3957135,107.80,15.46,0.71,12,1,00:17:27,00
1345767,24426,24289,46.32,1,1,16.51,172.4,12637,121,-962,-169,984,1,43.6623657,-79.3957135,108.30,15.46,0.78,12,1,00:17:27,00
1346076,24362,24289,46.33,1,1,16.93,176.8,12648,51,-993,108,1000,1,43.6623657,-79.3957135,108.30,15.46,0.78,12,1,00:17:27,00
1346388,24352,24289,46.34,1,1,17.36,181.3,12660,54,-1213,-111,1219,1,43.6623657,-79.3957135,108.30,15.46,0.78,12,1,00:17:27,00
1346701,24425,24289,46.34,1,1,16.07,167.8,12670,95,-840,-82,850,1,43.6623432,-79.3957710,107.90,18.72,0.75,12,1,00:17:28,00
1347015,24052,24289,46.34,1,1,16.67,174.1,12681,-99,-1200,17,1204,1,43.6623432,-79.3957710,107.90,18.72,0.75,12,1,00:17:28,00
1347323,23986,24289,46.38,1,1,17.21,179.7,12692,142,-943,-181,970,1,43.6623432,-79.3957710,107.90,18.72,0.75,12,1,00:17:28,00
1347634,23653,24289,46.43,1,1,17.90,186.9,12704,44,-863,56,866,1,43.6623077,-79.3958257,107.30,20.72,0.75,12,1,00:17:29,00
1347979,4591,24289,46.43,1,1,15.58,162.7,12715,156,-779,54,797,1,43.6623077,-79.3958257,107.30,20.72,0.75,12,1,00:17:29,00
1348273,-975,24289,46.44,1,1,18.10,189.0,12726,123,-971,-10,978,1,43.6623077,-79.3958257,107.30,20.72,0.75,12,1,00:17:29,00
1348561,-920,24289,46.47,1,1,18.10,189.0,12737,115,-913,36,921,1,43.6622740,-79.3958815,108.00,19.04,0.75,12,1,00:17:30,00
1348859,-877,24289,46.46,1,1,17.91,187.1,12748,229,-1111,-454,1222,1,43.6622740,-79.3958815,108.00,19.04,0.75,12,1,00:17:30,00
1349147,-817,24289,46.50,1,1,19.54,204.1,12760,74,-946,-51,950,1,43.6622740,-79.3958815,108.00,19.04,0.75,12,1,00:17:30,00
1349441,-759,24289,46.54,1,1,17.91,187.1,12771,128,-911,-55,921,1,43.6622440,-79.3959442,108.00,20.80,0.75,12,1,00:17:31,00
1349735,-720,24289,46.56,1,1,17.85,186.4,12782,169,-1054,-37,1068,1,43.6622440,-79.3959442,107.50,20.80,0.69,12,1,00:17:31,00
1350040,-689,24289,46.60,1,1,17.79,185.8,12793,183,-1175,-368,1245,1,43.6622440,-79.3959442,107.50,20.80,0.69,12,1,00:17:31,00
1350392,-633,24289,46.58,1,1,17.01,177.6,12806,137,-1166,-177,1187,1,43.6622440,-79.3959442,107.50,20.80,0.69,12,1,00:17:31,00
1350682,-599,24289,46.60,1,1,17.41,181.8,12816,149,-962,-196,993,1,43.6622048,-79.3959977,107.60,20.39,0.75,12,1,00:17:32,00
1350975,-571,24289,46.64,1,1,19.22,200.7,12828,-55,-1035,-86,1040,1,43.6622048,-79.3959977,107.60,20.39,0.75,12,1,00:17:32,00
1351270,-534,24289,46.66,1,1,17.56,183.3,12839,273,-619,-115,686,1,43.6622048,-79.3959977,107.60,20.39,0.75,12,1,00:17:32,00
1351563,-516,24289,46.66,1,1,17.22,179.9,12849,123,-835,-176,862,1,43.6621528,-79.3960237,106.50,22.06,0.75,12,1,00:17:33,00
1351856,-489,24289,46.69,1,1,17.32,180.9,12860,157,-1104,-214,1135,1,43.6621528,-79.3960237,106.50,22.06,0.75,12,1,00:17:33,00
1352147,-459,24289,46.73,1,1,16.98,177.3,12870,121,-1105,23,1112,1,43.6621528,-79.3960237,106.50,22.06,0.75,12,1,00:17:33,00
1352439,-443,24289,46.75,1,1,17.10,178.6,12881,5,-945,43,946,1,43.6621083,-79.3960422,106.50,18.72,0.75,12,1,00:17:34,00
1352729,-450,24289,46.77,1,1,18.41,192.3,12892,162,-900,-152,927,1,43.6621083,-79.3960422,105.40,18.72,0.81,12,1,00:17:34,00
1353031,-440,24289,46.79,1,1,16.88,176.3,12903,62,-939,60,943,1,43.6621083,-79.3960422,105.40,18.72,0.81,12,1,00:17:34,00
1353327,-413,24289,46.83,1,1,16.62,173.6,12913,62,-1140,46,1143,1,43.6621083,-79.3960422,105.40,18.72,0.81,12,1,00:17:34,00
1353624,-416,24289,46.88,1,1,18.22,190.3,12924,110,-995,17,1001,1,43.6620532,-79.3960565,105.10,22.00,0.83,12,1,00:17:35,00
1353916,-403,24289,46.92,1,1,16.51,172.4,12934,134,-1080,-168,1101,1,43.6620532,-79.3960565,105.10,22.00,0.83,12,1,00:17:35,00
1354214,-392,24289,46.95,1,1,16.67,174.1,12945,165,-1085,1,1098,1,43.6620532,-79.3960565,105.10,22.00,0.83,12,1,00:17:35,00
1354511,-365,24289,46.99,1,1,16.45,171.8,12955,61,-1003,-62,1006,1,43.6620040,-79.3960773,105.10,20.35,0.83,12,1,00:17:36,00
1354811,-363,24289,47.03,1,1,18.10,189.0,12966,237,-865,85,901,1,43.6620040,-79.3960773,103.50,20.35,0.98,12,1,00:17:36,00
1355186,-350,24289,47.07,1,1,16.08,168.0,12979,81,-1054,26,1057,1,43.6620040,-79.3960773,103.50,20.35,0.98,12,1,00:17:36,00
1355485,-329,24289,47.08,1,1,16.40,171.2,12989,190,-914,-75,937,1,43.6619638,-79.3961020,103.50,17.89,0.98,12,1,00:17:37,00
1355775,-327,24289,47.11,1,1,18.04,188.4,13000,276,-677,-140,745,1,43.6619638,-79.3961020,103.10,17.89,0.87,12,1,00:17:37,00
1356070,-312,24289,47.11,1,1,18.04,188.4,13011,156,-766,-97,788,1,43.6619638,-79.3961020,103.10,17.89,0.87,12,1,00:17:37,00
1356367,-316,24289,47.15,1,1,18.10,189.0,13022,189,-1003,67,1023,1,43.6619638,-79.3961020,103.10,17.89,0.87,12,1,00:17:37,00
1356664,-316,24289,47.17,1,1,16.88,176.3,13033,211,-1080,-321,1146,1,43.6619212,-79.3961312,102.40,20.17,0.87,12,1,00:17:38,00
1356959,-312,24289,47.21,1,1,18.41,192.3,13044,-14,-1163,39,1164,1,43.6619212,-79.3961312,102.40,20.17,0.87,12,1,00:17:38,00
1357258,-301,24289,47.24,1,1,18.35,191.6,13055,324,-757,-264,865,1,43.6619212,-79.3961312,102.40,20.17,0.87,12,1,00:17:38,00
1357557,-304,24289,47.24,1,1,16.93,176.8,13066,95,-1023,-125,1035,1,43.6618798,-79.3961515,101.90,17.30,0.98,12,1,00:17:39,00
1357856,-300,24289,47.29,1,1,17.04,178.0,13077,234,-658,-350,782,1,43.6618798,-79.3961515,101.90,17.30,0.98,12,1,00:17:39,00
1358152,-300,24289,47.29,1,1,18.48,193.0,13088,205,-817,-79,846,1,43.6618798,-79.3961515,101.90,17.30,0.98,12,1,00:17:39,00
1358450,-277,24289,47.34,1,1,16.99,177.4,13099,163,-970,-242,1013,1,43.6618353,-79.3961653,101.90,21.30,0.98,12,1,00:17:40,00
1358756,-282,24289,47.37,1,1,16.80,175.4,13109,149,-1040,-187,1067,1,43.6618353,-79.3961653,102.40,21.30,0.87,12,1,00:17:40,00
1359061,-276,24289,47.36,1,1,17.10,178.6,13120,163,-995,-42,1009,1,43.6618353,-79.3961653,102.40,21.30,0.87,12,1,00:17:40,00
1359368,-275,24289,47.40,1,1,17.10,178.6,13131,137,-882,-82,896,1,43.6618353,-79.3961653,102.40,21.30,0.87,12,1,00:17:40,00
1359671,-272,24289,47.42,1,1,17.27,180.3,13142,116,-1019,77,1028,1,43.6617828,-79.3961602,101.90,19.06,1.16,12,1,00:17:41,00
1360035,-279,24289,47.47,1,1,15.32,160.0,13154,170,-745,-110,772,1,43.6617828,-79.3961602,101.90,19.06,1.16,12,1,00:17:41,00
1360329,-283,24289,47.51,1,1,18.74,195.7,13165,116,-688,122,709,1,43.6617828,-79.3961602,101.90,19.06,1.16,12,1,00:17:41,00
1360627,-281,24289,47.53,1,1,17.50,182.7,13176,126,-790,-105,807,1,43.6617517,-79.3961460,103.60,15.24,1.15,12,1,00:17:42,00
1360930,-268,24289,47.54,1,1,17.44,182.1,13187,27,-971,34,972,1,43.6617517,-79.3961460,103.60,15.24,1.15,12,1,00:17:42,00
1361236,-266,24289,47.60,1,1,17.44,182.1,13198,159,-900,-42,915,1,43.6617517,-79.3961460,103.60,15.24,1.15,12,1,00:17:42,00
1361548,-264,24289,47.64,1,1,17.73,185.2,13210,132,-931,-94,945,1,43.6616955,-79.3961567,102.50,21.17,0.89,12,1,00:17:43,00
1361849,-258,24289,47.69,1,1,17.56,183.3,13221,115,-1016,-75,1026,1,43.6616955,-79.3961567,102.50,21.17,0.89,12,1,00:17:43,00
1362152,-254,24289,47.71,1,1,17.50,182.7,13232,38,-1137,-19,1138,1,43.6616955,-79.3961567,102.50,21.17,0.89,12,1,00:17:43,00
1362444,-250,24289,47.77,1,1,17.61,183.9,13243,121,-1108,-145,1124,1,43.6616533,-79.3961375,102.50,18.22,0.89,12,1,00:17:44,00
1362751,-245,24289,47.77,1,1,17.56,183.3,13254,190,-940,162,973,1,43.6616533,-79.3961375,102.50,18.22,0.73,12,1,00:17:44,00
1363054,-246,24289,47.84,1,1,17.67,184.6,13265,63,-1183,-207,1202,1,43.6616533,-79.3961375,102.50,18.22,0.73,12,1,00:17:44,00
1363357,-252,24289,47.86,1,1,17.61,183.9,13276,39,-953,-17,954,1,43.6616533,-79.3961375,102.50,18.22,0.73,12,1,00:17:44,00
1363666,-244,24289,47.91,1,1,19.39,202.5,13289,220,-907,-271,971,1,43.6616272,-79.3961137,104.30,13.17,0.73,12,1,00:17:45,00
1363973,-252,24289,47.93,1,1,17.73,185.2,13300,76,-675,-213,712,1,43.6616272,-79.3961137,104.30,13.17,0.73,12,1,00:17:45,00
1364283,-259,24289,47.98,1,1,17.90,186.9,13312,167,-607,-20,630,1,43.6616272,-79.3961137,104.30,13.17,0.73,12,1,00:17:45,00
1364590,-250,24289,47.99,1,1,17.67,184.6,13323,27,-1125,-244,1152,1,43.6615947,-79.3961012,102.40,11.02,0.74,12,1,00:17:46,00
1364968,-245,24289,48.03,1,1,15.92,166.2,13336,209,-666,3,699,1,43.6615947,-79.3961012,102.40,11.02,0.74,12,1,00:17:46,00
1365270,-247,24289,48.04,1,1,17.56,183.3,13347,90,-958,-11,962,1,43.6615947,-79.3961012,102.40,11.02,0.74,12,1,00:17:46,00
1365573,-256,24289,48.05,1,1,19.15,200.0,13359,2,-986,115,993,1,43.6615552,-79.3960857,101.90,16.15,0.74,12,1,00:17:47,00
1365883,-247,24289,48.07,1,1,17.50,182.7,13370,256,-985,-209,1039,1,43.6615552,-79.3960857,101.90,16.15,0.74,12,1,00:17:47,00
1366191,-236,24289,48.08,1,1,17.44,182.1,13381,59,-1185,-11,1187,1,43.6615552,-79.3960857,101.90,16.15,0.74,12,1,00:17:47,00
1366480,-236,24289,48.13,1,1,18.90,197.4,13393,131,-1195,-135,1209,1,43.6615083,-79.3960548,101.90,21.82,0.74,12,1,00:17:48,00
1366787,-252,24289,48.15,1,1,17.27,180.3,13404,114,-1008,49,1015,1,43.6615083,-79.3960548,102.00,21.82,0.73,12,1,00:17:48,00
1367094,-238,24289,48.18,1,1,18.65,194.8,13416,116,-991,-94,1002,1,43.6615083,-79.3960548,102.00,21.82,0.73,12,1,00:17:48,00
1367395,-225,24289,48.17,1,1,18.47,192.9,13428,260,-874,-204,934,1,43.6615083,-79.3960548,102.00,21.82,0.73,12,1,00:17:48,00
1367702,-238,24289,48.17,1,1,16.34,170.6,13438,66,-1085,-56,1088,1,43.6614905,-79.3960653,102.30,6.67,0.82,12,1,00:17:49,00
1368015,-236,24289,48.19,1,1,17.84,186.3,13450,259,-815,-27,855,1,43.6614905,-79.3960653,102.30,6.67,0.82,12,1,00:17:49,00
1368324,-235,24289,48.17,1,1,15.91,166.1,13460,187,-1035,-257,1082,1,43.6614905,-79.3960653,102.30,6.67,0.82,12,1,00:17:49,00
1368635,-231,24289,48.17,1,1,17.32,180.9,13471,281,-1272,-231,1323,1,43.6614677,-79.3960622,103.10,5.69,0.78,12,1,00:17:50,00
1368945,-223,24289,48.20,1,1,17.27,180.3,13482,164,-1081,-201,1112,1,43.6614677,-79.3960622,103.10,5.69,0.78,12,1,00:17:50,00
1369259,-233,24289,48.21,1,1,17.05,178.0,13494,216,-800,-180,848,1,43.6614677,-79.3960622,103.10,5.69,0.78,12,1,00:17:50,00
1369575,-248,24289,48.22,1,1,16.67,174.1,13505,67,-1038,6,1040,1,43.6614487,-79.3960507,103.80,6.33,0.76,12,1,00:17:51,00
1369981,-227,24289,48.27,1,1,14.36,150.0,13517,172,-967,25,983,1,43.6614487,-79.3960507,103.80,6.33,0.76,12,1,00:17:51,00
1370271,-228,24289,48.29,1,1,16.23,169.5,13527,130,-891,95,905,1,43.6614487,-79.3960507,103.80,6.33,0.76,12,1,00:17:51,00
1370561,-215,24289,48.30,1,1,16.08,167.9,13536,106,-1136,-215,1161,1,43.6614035,-79.3960305,99.60,10.04,0.80,12,1,00:17:52,00
1370851,-209,24289,48.31,1,1,14.71,153.6,13545,90,-990,220,1018,1,43.6614035,-79.3960305,99.60,10.04,0.80,12,1,00:17:52,00
1371143,-207,24289,48.35,1,1,14.71,153.6,13554,174,-1238,-156,1259,1,43.6614035,-79.3960305,99.60,10.04,0.80,12,1,00:17:52,00
1371417,-191,24289,48.37,1,1,14.81,154.6,13563,201,-639,108,678,1,43.6613925,-79.3960147,99.60,4.07,0.80,12,1,00:17:53,00
1371708,-207,24289,48.38,1,1,16.62,173.6,13573,147,-1103,-218,1134,1,43.6613925,-79.3960147,100.10,4.07,0.80,12,1,00:17:53,00
1371996,-214,24289,48.38,1,1,16.74,174.8,13583,142,-1104,-158,1124,1,43.6613925,-79.3960147,100.10,4.07,0.80,12,1,00:17:53,00
1372295,-208,24289,48.37,1,1,15.12,157.9,13592,166,-841,28,858,1,43.6613925,-79.3960147,100.10,4.07,0.80,12,1,00:17:53,00
1372588,-214,24289,48.41,1,1,17.04,178.0,13603,131,-1080,-184,1104,1,43.6613733,-79.3959682,101.80,11.06,0.77,12,1,00:17:54,00
1372879,-207,24289,48.38,1,1,15.28,159.6,13612,345,-958,-137,1027,1,43.6613733,-79.3959682,101.80,11.06,0.77,12,1,00:17:54,00
1373174,-205,24289,48.39,1,1,17.21,179.7,13623,167,-902,-222,944,1,43.6613733,-79.3959682,101.80,11.06,0.77,12,1,00:17:54,00
1373452,-193,24289,48.41,1,1,17.10,178.6,13633,42,-1026,167,1040,1,43.6613218,-79.3959343,101.80,17.11,0.77,12,1,00:17:55,00
1373745,-198,24289,48.40,1,1,17.16,179.2,13643,11,-1302,-91,1306,1,43.6613218,-79.3959343,99.80,17.11,0.77,12,1,00:17:55,00
1374040,-208,24289,48.41,1,1,17.32,180.9,13654,120,-1056,-95,1067,1,43.6613218,-79.3959343,99.80,17.11,0.77,12,1,00:17:55,00
1374341,-205,24289,48.43,1,1,15.80,165.0,13664,-3,-1210,100,1214,1,43.6613218,-79.3959343,99.80,17.11,0.77,12,1,00:17:55,00
1374702,-202,24289,48.43,1,1,13.60,142.0,13674,143,-894,28,906,1,43.6612842,-79.3958720,100.60,19.98,0.79,12,1,00:17:56,00
1374998,-200,24289,48.44,1,1,17.56,183.3,13685,123,-860,-98,875,1,43.6612842,-79.3958720,100.60,19.98,0.79,12,1,00:17:56,00
1375293,-203,24289,48.49,1,1,16.01,167.2,13695,201,-801,-27,826,1,43.6612842,-79.3958720,100.60,19.98,0.79,12,1,00:17:56,00
1375587,-209,24289,48.49,1,1,16.01,167.2,13705,166,-733,-67,755,1,43.6612480,-79.3958157,100.10,12.59,0.90,12,1,00:17:57,00
1375877,-208,24289,48.50,1,1,17.47,182.5,13715,64,-974,28,976,1,43.6612480,-79.3958157,100.10,12.59,0.90,12,1,00:17:57,00
1376176,-206,24289,48.51,1,1,17.67,184.6,13726,189,-839,-123,869,1,43.6612480,-79.3958157,100.10,12.59,0.90,12,1,00:17:57,00
1376467,-190,24289,48.49,1,1,17.67,184.6,13737,226,-845,-161,890,1,43.6612172,-79.3957350,100.10,19.54,0.90,12,1,00:17:58,00
1376764,-195,24289,48.48,1,1,17.67,184.6,13748,172,-942,-90,962,1,43.6612172,-79.3957350,103.80,19.54,0.90,12,1,00:17:58,00
1377057,-193,24289,48.49,1,1,17.67,184.6,13759,134,-1095,-183,1118,1,43.6612172,-79.3957350,103.80,19.54,0.90,12,1,00:17:58,00
1377356,-194,24289,48.51,1,1,16.07,167.8,13769,94,-869,4,874,1,43.6612172,-79.3957350,103.80,19.54,0.90,12,1,00:17:58,00
1377655,-192,24289,48.51,1,1,17.67,184.6,13780,28,-1004,30,1004,1,43.6611892,-79.3956622,103.20,17.63,0.90,12,1,00:17:59,00
1377952,-185,24289,48.53,1,1,16.07,167.8,13790,137,-839,78,853,1,43.6611892,-79.3956622,103.20,17.63,0.90,12,1,00:17:59,00
1378247,-191,24289,48.55,1,1,16.01,167.2,13800,61,-1073,-261,1106,1,43.6611892,-79.3956622,103.20,17.63,0.90,12,1,00:17:59,00
1378548,-193,24289,48.55,1,1,15.96,166.7,13810,182,-697,66,723,1,43.6611582,-79.3955908,103.60,19.93,0.75,12,1,00:18:00,00
1378848,-188,24289,48.53,1,1,15.96,166.7,13820,93,-1168,-226,1193,1,43.6611582,-79.3955908,103.60,19.93,0.75,12,1,00:18:00,00
1379148,-176,24289,48.51,1,1,15.91,166.1,13830,101,-1077,-84,1085,1,43.6611582,-79.3955908,103.60,19.93,0.75,12,1,00:18:00,00
1379508,-178,24289,48.51,1,1,14.92,155.8,13841,160,-1111,-248,1150,1,43.6611305,-79.3955288,103.60,17.37,0.75,12,1,00:18:01,00
1379801,-173,24289,48.53,1,1,15.44,161.3,13850,127,-885,257,930,1,43.6611305,-79.3955288,103.30,17.37,0.94,12,1,00:18:01,00
1380105,-171,24289,48.54,1,1,17.27,180.3,13861,150,-1058,-41,1069,1,43.6611305,-79.3955288,103.30,17.37,0.94,12,1,00:18:01,00
1380393,-183,24289,48.59,1,1,16.77,175.2,13872,134,-1123,160,1142,1,43.6611305,-79.3955288,103.30,17.37,0.94,12,1,00:18:01,00
1380693,-176,24289,48.56,1,1,15.33,160.1,13881,303,-853,66,907,1,43.6610945,-79.3954648,103.40,20.11,0.91,12,1,00:18:02,00
1380989,-186,24289,48.57,1,1,14.13,147.5,13890,189,-1076,80,1096,1,43.6610945,-79.3954648,103.40,20.11,0.91,12,1,00:18:02,00
1381292,-179,24289,48.58,1,1,12.23,127.7,13897,201,-855,133,888,1,43.6610945,-79.3954648,103.40,20.11,0.91,12,1,00:18:02,00
1381590,-174,24289,48.62,1,1,10.99,114.8,13904,239,-990,-156,1030,1,43.6610687,-79.3954117,103.00,16.48,1.16,12,1,00:18:03,00
1381886,-168,24289,48.62,1,1,9.51,99.3,13910,157,-957,-52,971,1,43.6610687,-79.3954117,103.00,16.48,1.16,12,1,00:18:03,00
1382186,-168,24289,48.63,1,1,8.74,91.2,13915,214,-873,-140,910,1,43.6610687,-79.3954117,103.00,16.48,1.16,12,1,00:18:03,00
1382484,-157,24289,48.65,1,1,8.89,92.9,13921,155,-1023,-123,1042,1,43.6610800,-79.3953695,103.00,10.41,1.16,12,1,00:18:04,00
1382791,-169,24289,48.67,1,1,8.89,92.9,13927,94,-1026,-83,1033,1,43.6610800,-79.3953695,106.00,10.41,1.10,12,1,00:18:04,00
1383092,-165,24289,48.68,1,1,10.41,108.7,13933,237,-873,-201,927,1,43.6610800,-79.3953695,106.00,10.41,1.10,12,1,00:18:04,00
1383390,-164,24289,48.68,1,1,8.92,93.2,13939,102,-1038,-71,1045,1,43.6610800,-79.3953695,106.00,10.41,1.10,12,1,00:18:04,00
1383699,-176,24289,48.73,1,1,8.80,91.9,13944,64,-981,36,984,1,43.6610687,-79.3953398,106.90,10.41,0.87,12,1,00:18:05,00
1384005,-171,24289,48.76,1,1,9.06,94.6,13950,135,-1011,-155,1032,1,43.6610687,-79.3953398,106.90,10.41,0.87,12,1,00:18:05,00
1384373,-170,24289,48.78,1,1,7.98,83.3,13956,192,-857,-108,885,1,43.6610687,-79.3953398,106.90,10.41,0.87,12,1,00:18:05,00
1384676,-160,24289,48.82,1,1,9.15,95.5,13962,71,-1085,-60,1089,1,43.6610302,-79.3953108,103.00,11.37,0.87,12,1,00:18:06,00
1384981,-154,24289,48.85,1,1,9.15,95.5,13968,37,-1080,37,1082,1,43.6610302,-79.3953108,103.00,11.37,0.87,12,1,00:18:06,00
1385285,-153,24289,48.87,1,1,9.15,95.5,13974,206,-846,-94,876,1,43.6610302,-79.3953108,103.00,11.37,0.87,12,1,00:18:06,00
1385591,-152,24289,48.89,1,1,9.18,95.8,13980,84,-1001,-22,1004,1,43.6610248,-79.3952812,102.90,7.82,1.15,12,1,00:18:07,00
1385899,-152,24289,48.92,1,1,8.93,93.3,13985,142,-957,-129,976,1,43.6610248,-79.3952812,102.90,7.82,1.15,12,1,00:18:07,00
1386207,-153,24289,48.94,1,1,9.18,95.8,13991,134,-948,44,958,1,43.6610248,-79.3952812,102.90,7.82,1.15,12,1,00:18:07,00
1386510,-154,24289,48.97,1,1,9.18,95.8,13997,61,-990,84,996,1,43.6610538,-79.3952603,102.90,9.74,1.15,12,1,00:18:08,00
1386817,-151,24289,48.98,1,1,9.21,96.2,14003,111,-998,-89,1008,1,43.6610538,-79.3952603,105.20,9.74,1.21,12,1,00:18:08,00
1387129,-140,24289,49.03,1,1,9.27,96.8,14009,144,-947,-76,961,1,43.6610538,-79.3952603,105.20,9.74,1.21,12,1,00:18:08,00
1387428,-129,24289,49.02,1,1,9.27,96.8,14015,190,-853,-126,883,1,43.6610555,-79.3952272,105.20,8.45,1.21,12,1,00:18:09,00
1387738,-140,24289,49.03,1,1,9.24,96.5,14021,170,-902,-99,923,1,43.6610555,-79.3952272,107.40,8.45,0.87,12,1,00:18:09,00
1388044,-139,24289,49.05,1,1,9.27,96.8,14027,172,-925,98,946,1,43.6610555,-79.3952272,107.40,8.45,0.87,12,1,00:18:09,00
1388352,200,24289,49.08,1,1,9.24,96.5,14033,165,-824,-24,840,1,43.6610555,-79.3952272,107.40,8.45,0.87,12,1,00:18:09,00
1388656,721,24289,49.07,1,1,9.27,96.8,14039,161,-960,-159,986,1,43.6610427,-79.3951932,108.10,9.19,0.87,12,1,00:18:10,00
1388966,2000,24289,49.08,1,1,9.36,97.7,14045,126,-1157,-122,1171,1,43.6610427,-79.3951932,108.10,9.19,0.87,12,1,00:18:10,00
1389339,6631,24289,49.14,1,1,8.33,87.0,14051,162,-767,-155,799,1,43.6610427,-79.3951932,108.10,9.19,0.87,12,1,00:18:10,00
1389651,575,24289,49.08,1,1,9.86,102.9,14058,96,-1020,-135,1033,1,43.6610295,-79.3951632,106.70,7.06,1.19,12,1,00:18:11,00
1389961,972,24289,49.13,1,1,9.77,102.0,14064,76,-1044,23,1047,1,43.6610295,-79.3951632,106.70,7.06,1.19,12,1,00:18:11,00
1390273,2584,24289,49.13,1,1,10.13,105.7,14071,142,-994,-127,1012,1,43.6610295,-79.3951632,106.70,7.06,1.19,12,1,00:18:11,00
1390581,6235,24289,49.13,1,1,10.04,104.9,14077,160,-1009,-82,1025,1,43.6610323,-79.3951308,108.00,7.78,1.19,12,1,00:18:12,00
1390888,11823,24289,49.16,1,1,10.51,109.7,14084,63,-1100,-178,1116,1,43.6610323,-79.3951308,108.00,7.78,1.19,12,1,00:18:12,00
1391205,16879,24289,49.17,1,1,10.85,113.3,14091,108,-899,-127,914,1,43.6610323,-79.3951308,108.00,7.78,1.19,12,1,00:18:12,00
1391563,20840,24289,49.15,1,1,10.32,107.8,14099,50,-1007,-2,1009,1,43.6610392,-79.3950888,108.30,11.15,1.08,12,1,00:18:13,00
1391847,23783,24289,49.14,1,1,11.80,123.2,14106,117,-926,-223,960,1,43.6610392,-79.3950888,108.30,11.15,1.08,12,1,00:18:13,00
1392135,24520,24289,49.17,1,1,12.28,128.2,14113,77,-910,-138,924,1,43.6610392,-79.3950888,108.30,11.15,1.08,12,1,00:18:13,00
1392410,24520,24289,49.17,1,1,12.94,135.1,14121,128,-937,-399,1026,1,43.6610392,-79.3950888,108.30,11.15,1.08,12,1,00:18:13,00
1392701,24520,24289,49.13,1,1,13.53,141.3,14129,202,-941,-23,963,1,43.6610407,-79.3950398,105.40,14.91,0.84,12,1,00:18:14,00
1392989,24520,24289,49.19,1,1,14.03,146.5,14137,62,-980,-129,990,1,43.6610407,-79.3950398,105.40,14.91,0.84,12,1,00:18:14,00
1393281,23758,24289,49.14,1,1,14.76,154.1,14146,67,-882,14,885,1,43.6610407,-79.3950398,105.40,14.91,0.84,12,1,00:18:14,00
1393581,15373,24289,49.17,1,1,13.86,144.7,14155,101,-852,-22,858,1,43.6610515,-79.3949930,104.30,13.85,0.85,12,1,00:18:15,00
1393877,14801,24289,49.20,1,1,15.75,164.5,14165,80,-1241,-111,1248,1,43.6610515,-79.3949930,104.30,13.85,0.85,12,1,00:18:15,00
1394231,2793,24289,49.20,1,1,14.92,155.8,14176,204,-923,-97,950,1,43.6610515,-79.3949930,104.30,13.85,0.85,12,1,00:18:15,00
1394525,1705,24289,49.20,1,1,16.01,167.2,14186,79,-989,-167,1006,1,43.6610732,-79.3949442,104.30,17.32,0.85,12,1,00:18:16,00
1394816,1494,24289,49.22,1,1,14.03,146.5,14194,128,-1093,-115,1107,1,43.6610732,-79.3949442,103.50,17.32,0.87,12,1,00:18:16,00
1395108,2324,24289,49.26,1,1,15.91,166.1,14204,99,-1030,-96,1039,1,43.6610732,-79.3949442,103.50,17.32,0.87,12,1,00:18:16,00
1395398,4092,24289,49.26,1,1,15.61,163.0,14213,139,-818,-175,848,1,43.6610732,-79.3949442,103.50,17.32,0.87,12,1,00:18:16,00
1395694,7829,24289,49.25,1,1,15.75,164.5,14223,58,-945,41,948,1,43.6611205,-79.3948997,107.60,19.37,0.87,12,1,00:18:17,00
1395985,12541,24289,49.27,1,1,15.96,166.7,14233,-22,-1032,66,1034,1,43.6611205,-79.3948997,107.60,19.37,0.87,12,1,00:18:17,00
1396283,17645,24289,49.26,1,1,16.23,169.5,14243,155,-890,-128,913,1,43.6611205,-79.3948997,107.60,19.37,0.87,12,1,00:18:17,00
1396573,21892,24289,49.28,1,1,16.51,172.4,14253,80,-1207,-218,1229,1,43.6611542,-79.3948535,109.00,20.15,0.87,12,1,00:18:18,00
1396869,24435,24289,49.28,1,1,15.07,157.3,14262,153,-945,-132,966,1,43.6611542,-79.3948535,109.00,20.15,0.87,12,1,00:18:18,00
1397165,24519,24289,49.27,1,1,17.44,182.1,14273,43,-1179,-119,1186,1,43.6611542,-79.3948535,109.00,20.15,0.87,12,1,00:18:18,00
1397460,24487,24289,49.30,1,1,17.91,187.1,14284,113,-915,-159,936,1,43.6611793,-79.3947998,109.00,19.52,0.87,12,1,00:18:19,00
1397759,24520,24289,49.29,1,1,18.41,192.3,14296,131,-1115,-240,1148,1,43.6611793,-79.3947998,109.80,19.52,0.87,12,1,00:18:19,00
1398060,24509,24289,49.28,1,1,16.80,175.4,14306,118,-930,-91,942,1,43.6611793,-79.3947998,109.80,19.52,0.87,12,1,00:18:19,00
1398363,24478,24289,49.27,1,1,17.27,180.3,14317,163,-955,-138,979,1,43.6611793,-79.3947998,109.80,19.52,0.87,12,1,00:18:19,00
1398662,24441,24289,49.27,1,1,17.44,182.1,14328,149,-912,-262,960,1,43.6612088,-79.3947438,108.70,22.35,0.87,12,1,00:18:20,00
1399025,24268,24289,49.25,1,1,15.66,163.5,14340,144,-874,-74,889,1,43.6612088,-79.3947438,108.70,22.35,0.87,12,1,00:18:20,00
1399319,387,24289,49.25,1,1,17.79,185.8,14351,142,-1059,-124,1075,1,43.6612088,-79.3947438,108.70,22.35,0.87,12,1,00:18:20,00
1399611,-455,24289,49.23,1,1,19.01,198.6,14362,138,-844,22,856,1,43.6612452,-79.3946913,109.60,20.96,0.88,12,1,00:18:21,00
1399915,-465,24289,49.20,1,1,17.32,180.9,14373,129,-1011,-199,1039,1,43.6612452,-79.3946913,109.60,20.96,0.88,12,1,00:18:21,00
1400210,-457,24289,49.18,1,1,17.04,178.0,14384,108,-856,11,863,1,43.6612452,-79.3946913,109.60,20.96,0.88,12,1,00:18:21,00
1400508,-437,24289,49.20,1,1,16.51,172.4,14394,88,-969,157,985,1,43.6612712,-79.3946400,109.60,18.09,0.88,12,1,00:18:22,00
1400806,-431,24289,49.18,1,1,16.40,171.2,14404,42,-1271,-123,1277,1,43.6612712,-79.3946400,109.30,18.09,0.88,12,1,00:18:22,00
1401103,-394,24289,49.19,1,1,16.61,173.5,14415,59,-1065,89,1071,1,43.6612712,-79.3946400,109.30,18.09,0.88,12,1,00:18:22,00
1401388,-365,24289,49.22,1,1,16.29,170.1,14425,58,-843,-26,845,1,43.6612712,-79.3946400,109.30,18.09,0.88,12,1,00:18:22,00
1401688,-333,24289,49.22,1,1,15.96,166.7,14434,226,-1149,-373,1229,1,43.6612948,-79.3945907,107.30,18.69,0.87,12,1,00:18:23,00
1401991,-297,24289,49.23,1,1,16.41,171.3,14445,196,-565,117,609,1,43.6612948,-79.3945907,107.30,18.69,0.87,12,1,00:18:23,00
1402291,-272,24289,49.21,1,1,16.12,168.4,14455,131,-969,-112,984,1,43.6612948,-79.3945907,107.30,18.69,0.87,12,1,00:18:23,00
1402591,-278,24289,49.21,1,1,17.67,184.6,14466,152,-971,-134,992,1,43.6613372,-79.3945497,107.90,19.96,0.92,12,1,00:18:24,00
1402887,-269,24289,49.20,1,1,17.61,183.9,14477,63,-1140,15,1142,1,43.6613372,-79.3945497,107.90,19.96,0.92,12,1,00:18:24,00
1403193,13,24289,49.23,1,1,16.01,167.2,14487,68,-853,-19,856,1,43.6613372,-79.3945497,107.90,19.96,0.92,12,1,00:18:24,00
1403486,222,24289,49.21,1,1,17.61,183.9,14498,225,-750,-46,785,1,43.6613683,-79.3945133,107.90,15.76,0.92,12,1,00:18:25,00
1403851,429,24289,49.21,1,1,15.44,161.3,14510,47,-1087,-15,1088,1,43.6613683,-79.3945133,107.60,15.76,0.90,12,1,00:18:25,00
1404157,1577,24289,49.20,1,1,15.91,166.1,14520,340,-815,-250,917,1,43.6613683,-79.3945133,107.60,15.76,0.90,12,1,00:18:25,00
1404435,3212,24289,49.17,1,1,15.85,165.6,14530,27,-1059,-59,1061,1,43.6613867,-79.3944830,107.60,10.46,0.90,12,1,00:18:26,00
1404738,6124,24289,49.15,1,1,15.56,162.5,14539,174,-961,-47,978,1,43.6613867,-79.3944830,107.40,10.46,0.88,12,1,00:18:26,00
1405049,10916,24289,49.14,1,1,15.85,165.6,14549,122,-1040,-273,1082,1,43.6613867,-79.3944830,107.40,10.46,0.88,12,1,00:18:26,00
1405350,16529,24289,49.15,1,1,17.50,182.7,14560,166,-930,-123,953,1,43.6613867,-79.3944830,107.40,10.46,0.88,12,1,00:18:26,00
1405650,21240,24289,49.15,1,1,17.56,183.3,14571,-15,-1109,-27,1109,1,43.6614230,-79.3944638,109.30,15.28,0.91,12,1,00:18:27,00
1405950,24312,24289,49.15,1,1,17.67,184.6,14582,154,-840,-113,861,1,43.6614230,-79.3944638,109.30,15.28,0.91,12,1,00:18:27,00
1406269,24520,24289,49.19,1,1,16.46,171.9,14593,5,-890,-125,899,1,43.6614230,-79.3944638,109.30,15.28,0.91,12,1,00:18:27,00
1406572,24506,24289,49.15,1,1,17.85,186.4,14604,13,-1066,61,1067,1,43.6614688,-79.3944410,110.60,18.91,0.91,12,1,00:18:28,00
1406875,24520,24289,49.19,1,1,16.46,171.9,14615,84,-1085,-417,1165,1,43.6614688,-79.3944410,110.60,18.91,0.91,12,1,00:18:28,00
1407182,24520,24289,49.19,1,1,17.67,184.6,14626,-6,-961,-16,961,1,43.6614688,-79.3944410,110.60,18.91,0.91,12,1,00:18:28,00
1407484,24520,24289,49.17,1,1,17.84,186.3,14638,141,-1085,-28,1095,1,43.6615197,-79.3944277,110.60,16.30,0.91,12,1,00:18:29,00
1407786,24502,24289,49.16,1,1,17.73,185.2,14649,-15,-1017,73,1019,1,43.6615197,-79.3944277,113.70,16.30,0.90,12,1,00:18:29,00
1408091,24520,24289,49.24,1,1,16.17,168.9,14659,106,-649,-140,672,1,43.6615197,-79.3944277,113.70,16.30,0.90,12,1,00:18:29,00
1408398,24443,24289,49.20,1,1,18.07,188.7,14671,-20,-1283,-75,1285,1,43.6615197,-79.3944277,113.70,16.30,0.90,12,1,00:18:29,00
1408770,24520,24289,49.23,1,1,15.87,165.7,14683,146,-897,-65,911,1,43.6615670,-79.3944020,114.70,19.19,0.90,12,1,00:18:30,00
1409087,13066,24289,49.27,1,1,16.99,177.4,14694,242,-940,-203,991,1,43.6615670,-79.3944020,114.70,19.19,0.90,12,1,00:18:30,00
1409391,-533,24289,49.32,1,1,17.04,178.0,14705,131,-820,21,830,1,43.6615670,-79.3944020,114.70,19.19,0.90,12,1,00:18:30,00
1409694,-523,24289,49.31,1,1,18.30,191.1,14717,210,-770,-232,831,1,43.6616130,-79.3943722,114.00,20.58,0.93,12,1,00:18:31,00
1410008,-504,24289,49.33,1,1,16.34,170.6,14727,162,-948,-102,967,1,43.6616130,-79.3943722,114.00,20.58,0.93,12,1,00:18:31,00
1410312,-468,24289,49.36,1,1,17.84,186.3,14739,138,-1016,-152,1037,1,43.6616130,-79.3943722,114.00,20.58,0.93,12,1,00:18:31,00
1410623,-443,24289,49.37,1,1,15.85,165.6,14749,127,-1036,-108,1050,1,43.6616710,-79.3943472,115.60,22.43,1.20,12,1,00:18:32,00
1410930,-415,24289,49.38,1,1,15.60,162.9,14759,184,-1125,-114,1146,1,43.6616710,-79.3943472,115.60,22.43,1.20,12,1,00:18:32,00
1411243,-387,24289,49.41,1,1,15.39,160.8,14769,225,-986,-322,1061,1,43.6616710,-79.3943472,115.60,22.43,1.20,12,1,00:18:32,00
1411557,-369,24289,49.43,1,1,15.20,158.7,14779,23,-1037,62,1039,1,43.6617237,-79.3943310,115.00,22.91,1.20,12,1,00:18:33,00
1411863,-356,24289,49.48,1,1,16.28,170.1,14789,85,-1040,-87,1047,1,43.6617237,-79.3943310,115.00,22.91,1.20,12,1,00:18:33,00
1412173,-319,24289,49.44,1,1,16.20,169.2,14800,67,-973,-134,985,1,43.6617237,-79.3943310,115.00,22.91,1.20,12,1,00:18:33,00
1412478,-298,24289,49.48,1,1,15.65,163.4,14810,77,-1024,137,1036,1,43.6617662,-79.3943213,115.00,19.46,1.20,12,1,00:18:34,00
1412797,-277,24289,49.48,1,1,15.44,161.3,14820,261,-880,-242,949,1,43.6617662,-79.3943213,115.50,19.46,1.09,12,1,00:18:34,00
1413109,-254,24289,49.51,1,1,15.01,156.7,14830,90,-987,-129,1000,1,43.6617662,-79.3943213,115.50,19.46,1.09,12,1,00:18:34,00
1413446,-229,24289,49.53,1,1,12.10,126.4,14839,43,-852,-65,855,1,43.6618147,-79.3943038,115.50,18.93,1.09,12,1,00:18:35,00
1413798,-241,24289,49.56,1,1,11.47,119.8,14847,125,-1095,-101,1107,1,43.6618147,-79.3943038,116.10,18.93,1.10,12,1,00:18:35,00
1414091,-227,24289,49.56,1,1,13.73,143.4,14855,157,-1021,-70,1035,1,43.6618147,-79.3943038,116.10,18.93,1.10,12,1,00:18:35,00
1414376,-199,24289,49.60,1,1,13.44,140.4,14863,80,-1032,-54,1036,1,43.6618147,-79.3943038,116.10,18.93,1.10,12,1,00:18:35,00
1414661,-201,24289,49.63,1,1,13.12,137.0,14871,217,-857,-117,891,1,43.6618597,-79.3943092,117.30,18.06,0.95,12,1,00:18:36,00
1414952,-189,24289,49.63,1,1,13.07,136.5,14879,124,-1047,-21,1055,1,43.6618597,-79.3943092,117.30,18.06,0.95,12,1,00:18:36,00
1415239,-187,24289,49.68,1,1,12.85,134.2,14887,94,-1022,-21,1027,1,43.6618597,-79.3943092,117.30,18.06,0.95,12,1,00:18:36,00
1415527,-187,24289,49.71,1,1,12.41,129.6,14894,97,-882,-72,890,1,43.6618960,-79.3943043,117.30,16.56,0.95,12,1,00:18:37,00
1415817,-188,24289,49.73,1,1,12.44,129.9,14902,86,-1015,35,1019,1,43.6618960,-79.3943043,116.70,16.56,0.97,12,1,00:18:37,00
1416110,-184,24289,49.74,1,1,12.01,125.4,14909,114,-1024,-111,1036,1,43.6618960,-79.3943043,116.70,16.56,0.97,12,1,00:18:37,00
1416393,-177,24289,49.79,1,1,11.88,124.1,14916,131,-1006,-25,1015,1,43.6618960,-79.3943043,116.70,16.56,0.97,12,1,00:18:37,00
1416684,165,24289,49.76,1,1,11.60,121.1,14923,124,-933,-105,947,1,43.6619328,-79.3943168,118.50,14.95,0.90,12,1,00:18:38,00
1416981,458,24289,49.79,1,1,11.52,120.3,14930,164,-963,-162,990,1,43.6619328,-79.3943168,118.50,14.95,0.90,12,1,00:18:38,00
1417274,945,24289,49.80,1,1,11.21,117.1,14937,118,-979,-69,988,1,43.6619328,-79.3943168,118.50,14.95,0.90,12,1,00:18:38,00
1417573,3697,24289,49.85,1,1,11.06,115.5,14944,168,-964,-114,985,1,43.6619677,-79.3943205,120.20,12.74,0.90,12,1,00:18:39,00
1417876,7986,24289,49.87,1,1,10.99,114.8,14951,101,-1019,-160,1036,1,43.6619677,-79.3943205,120.20,12.74,0.90,12,1,00:18:39,00
1418171,13041,24289,49.85,1,1,10.85,113.3,14958,140,-992,-236,1030,1,43.6619677,-79.3943205,120.20,12.74,0.90,12,1,00:18:39,00
1418527,18438,24289,49.86,1,1,9.71,101.4,14965,139,-982,-147,1003,1,43.6619925,-79.3943203,120.20,12.78,0.90,12,1,00:18:40,00
1418817,22583,24289,49.91,1,1,11.10,115.9,14972,154,-892,-91,909,1,43.6619925,-79.3943203,118.30,12.78,1.03,12,1,00:18:40,00
1419111,24410,24289,49.87,1,1,11.05,115.4,14978,137,-1010,-118,1026,1,43.6619925,-79.3943203,118.30,12.78,1.03,12,1,00:18:40,00
1419393,24520,24289,49.89,1,1,11.75,122.7,14986,22,-1096,-12,1096,1,43.6619925,-79.3943203,118.30,12.78,1.03,12,1,00:18:40,00
1419690,24520,24289,49.93,1,1,11.93,124.6,14993,101,-1061,-183,1081,1,43.6620207,-79.3943355,118.40,13.80,0.88,12,1,00:18:41,00
1419988,24520,24289,49.92,1,1,12.23,127.7,15000,-5,-957,-46,958,1,43.6620207,-79.3943355,118.40,13.80,0.88,12,1,00:18:41,00
1420280,24520,24289,49.95,1,1,12.73,132.9,15008,105,-927,-28,933,1,43.6620207,-79.3943355,118.40,13.80,0.88,12,1,00:18:41,00
1420575,24520,24289,49.94,1,1,12.98,135.6,15016,111,-956,-131,972,1,43.6620517,-79.3943570,120.30,13.65,0.81,12,1,00:18:42,00
1420871,24520,24289,49.96,1,1,13.59,142.0,15025,52,-1279,-260,1306,1,43.6620517,-79.3943570,120.30,13.65,0.81,12,1,00:18:42,00
1421173,24520,24289,50.02,1,1,13.68,142.9,15033,60,-1017,-106,1025,1,43.6620517,-79.3943570,120.30,13.65,0.81,12,1,00:18:42,00
1421451,24520,24289,49.98,1,1,14.17,148.0,15042,25,-1068,-203,1088,1,43.6620918,-79.3943765,120.30,15.82,0.81,12,1,00:18:43,00
1421750,24520,24289,50.02,1,1,14.29,149.3,15050,81,-1096,-26,1099,1,43.6620918,-79.3943765,121.40,15.82,0.80,12,1,00:18:43,00
1422048,24520,24289,50.01,1,1,14.96,156.3,15060,-1,-997,-97,1001,1,43.6620918,-79.3943765,121.40,15.82,0.80,12,1,00:18:43,00
1422349,24520,24289,50.07,1,1,13.39,139.9,15068,73,-762,-25,766,1,43.6620918,-79.3943765,121.40,15.82,0.80,12,1,00:18:43,00
1422644,24520,24289,50.08,1,1,15.44,161.3,15078,31,-1010,-143,1020,1,43.6621327,-79.3944018,122.30,17.00,0.80,12,1,00:18:44,00
1422940,24520,24289,50.08,1,1,15.56,162.5,15087,112,-1019,-95,1030,1,43.6621327,-79.3944018,122.30,17.00,0.80,12,1,00:18:44,00
1423305,24520,24289,50.12,1,1,13.90,145.1,15098,95,-1078,-127,1089,1,43.6621327,-79.3944018,122.30,17.00,0.80,12,1,00:18:44,00
1423599,24489,24289,50.14,1,1,16.34,170.6,15108,109,-1109,-88,1118,1,43.6621742,-79.3944275,122.70,17.80,0.80,12,1,00:18:45,00
1423898,24520,24289,50.13,1,1,14.91,155.7,15117,43,-809,-32,811,1,43.6621742,-79.3944275,122.70,17.80,0.80,12,1,00:18:45,00
1424190,24489,24289,50.17,1,1,17.04,178.0,15128,108,-966,-150,983,1,43.6621742,-79.3944275,122.70,17.80,0.80,12,1,00:18:45,00
1424473,24411,24289,50.20,1,1,15.33,160.1,15137,139,-755,-87,773,1,43.6622120,-79.3944468,122.70,17.83,0.80,12,1,00:18:46,00
1424775,24462,24289,50.22,1,1,15.91,166.1,15147,93,-1248,-231,1273,1,43.6622120,-79.3944468,122.20,17.83,0.90,12,1,00:18:46,00
1425072,24446,24289,50.22,1,1,17.85,186.4,15158,155,-811,-161,841,1,43.6622120,-79.3944468,122.20,17.83,0.90,12,1,00:18:46,00
1425373,24332,24289,50.22,1,1,18.30,191.1,15170,15,-1197,-63,1198,1,43.6622120,-79.3944468,122.20,17.83,0.90,12,1,00:18:46,00
1425678,24332,24289,50.26,1,1,16.86,176.1,15180,103,-891,-40,898,1,43.6622448,-79.3944850,123.20,18.08,0.80,12,1,00:18:47,00
1425979,24136,24289,50.22,1,1,17.21,179.7,15191,-59,-870,-205,896,1,43.6622448,-79.3944850,123.20,18.08,0.80,12,1,00:18:47,00
1426280,23843,24289,50.22,1,1,17.50,182.7,15202,205,-394,-49,446,1,43.6622448,-79.3944850,123.20,18.08,0.80,12,1,00:18:47,00
1426582,21081,24289,50.21,1,1,17.73,185.2,15213,-10,-1147,-167,1159,1,43.6622757,-79.3945220,122.70,18.39,0.80,12,1,00:18:48,00
1426887,5984,24289,50.25,1,1,18.07,188.7,15225,163,-790,-508,953,1,43.6622757,-79.3945220,122.70,18.39,0.80,12,1,00:18:48,00
1427192,7581,24289,50.23,1,1,17.91,187.1,15236,241,-965,-65,997,1,43.6622757,-79.3945220,122.70,18.39,0.80,12,1,00:18:48,00
1427498,11828,24289,50.30,1,1,19.82,207.0,15249,9,-1049,31,1050,1,43.6623015,-79.3945653,122.70,17.87,0.80,12,1,00:18:49,00
1427804,17712,24289,50.26,1,1,18.59,194.2,15261,154,-637,-53,658,1,43.6623015,-79.3945653,122.30,17.87,0.78,12,1,00:18:49,00
1428168,32,24289,50.28,1,1,17.83,186.2,15274,228,-933,-114,967,1,43.6623015,-79.3945653,122.30,17.87,0.78,12,1,00:18:49,00
1428462,-604,24289,50.34,1,1,18.71,195.4,15286,295,-453,-190,573,1,43.6623370,-79.3946080,122.30,19.52,0.78,12,1,00:18:50,00
1428772,-552,24289,50.36,1,1,18.53,193.5,15298,57,-800,106,809,1,43.6623370,-79.3946080,122.50,19.52,0.82,12,1,00:18:50,00
1429074,-535,24289,50.35,1,1,18.16,189.7,15309,182,-949,-341,1025,1,43.6623370,-79.3946080,122.50,19.52,0.82,12,1,00:18:50,00
1429373,-527,24289,50.39,1,1,19.63,205.0,15322,37,-1101,-56,1103,1,43.6623370,-79.3946080,122.50,19.52,0.82,12,1,00:18:50,00
1429680,-485,24289,50.36,1,1,19.28,201.3,15334,72,-1188,-114,1195,1,43.6623592,-79.3946875,125.80,21.13,0.82,12,1,00:18:51,00
1430003,-450,24289,50.35,1,1,17.73,185.2,15346,151,-1167,-178,1190,1,43.6623592,-79.3946875,125.80,21.13,0.82,12,1,00:18:51,00
1430311,-431,24289,50.37,1,1,17.21,179.7,15357,186,-823,-91,848,1,43.6623592,-79.3946875,125.80,21.13,0.82,12,1,00:18:51,00
1430614,-411,24289,50.36,1,1,18.59,194.2,15369,116,-995,-169,1016,1,43.6623888,-79.3947375,126.90,19.78,0.98,12,1,00:18:52,00
1430925,-380,24289,50.37,1,1,16.77,175.2,15380,208,-1061,-272,1114,1,43.6623888,-79.3947375,126.90,19.78,0.98,12,1,00:18:52,00
1431232,-360,24289,50.37,1,1,16.28,170.1,15390,222,-931,-222,983,1,43.6623888,-79.3947375,126.90,19.78,0.98,12,1,00:18:52,00
1431539,-357,24289,50.39,1,1,17.95,187.5,15402,150,-1093,-112,1109,1,43.6624052,-79.3947803,126.90,17.41,0.98,12,1,00:18:53,00
1431853,-352,24289,50.39,1,1,16.07,167.8,15412,151,-1313,-299,1355,1,43.6624052,-79.3947803,126.40,17.41,0.75,12,1,00:18:53,00
1432164,-337,24289,50.42,1,1,17.68,184.6,15424,212,-854,-181,898,1,43.6624052,-79.3947803,126.40,17.41,0.75,12,1,00:18:53,00
1432471,-303,24289,50.38,1,1,15.85,165.6,15434,124,-891,-366,971,1,43.6624092,-79.3948095,126.40,12.65,0.75,12,1,00:18:54,00
1432780,-314,24289,50.40,1,1,15.75,164.5,15444,66,-924,-178,943,1,43.6624092,-79.3948095,126.00,12.65,0.82,12,1,00:18:54,00
1433155,-294,24289,50.42,1,1,14.92,155.8,15456,260,-962,-313,1045,1,43.6624092,-79.3948095,126.00,12.65,0.82,12,1,00:18:54,00
1433445,-277,24289,50.43,1,1,15.60,162.9,15466,166,-1106,-218,1140,1,43.6624252,-79.3948477,126.00,13.20,0.82,12,1,00:18:55,00
1433758,-289,24289,50.43,1,1,15.39,160.7,15475,181,-971,-148,999,1,43.6624252,-79.3948477,125.20,13.20,0.77,12,1,00:18:55,00
1434069,-273,24289,50.43,1,1,17.21,179.7,15486,48,-992,199,1013,1,43.6624252,-79.3948477,125.20,13.20,0.77,12,1,00:18:55,00
1434377,-276,24289,50.47,1,1,17.41,181.8,15498,52,-1232,15,1233,1,43.6624252,-79.3948477,125.20,13.20,0.77,12,1,00:18:55,00
1434683,-263,24289,50.55,1,1,17.27,180.3,15509,75,-1139,-125,1148,1,43.6624313,-79.3948887,124.70,14.09,0.82,12,1,00:18:56,00
1434998,-251,24289,50.56,1,1,15.70,163.9,15519,213,-684,-95,723,1,43.6624313,-79.3948887,124.70,14.09,0.82,12,1,00:18:56,00
1435349,-245,24289,50.58,1,1,16.18,169.0,15531,107,-1035,59,1042,1,43.6624313,-79.3948887,124.70,14.09,0.82,12,1,00:18:56,00
1435639,-250,24289,50.60,1,1,15.50,161.9,15540,15,-1143,205,1161,1,43.6624308,-79.3949305,123.60,14.26,0.71,12,1,00:18:57,00
1435929,-248,24289,50.65,1,1,17.27,180.3,15551,162,-922,-280,977,1,43.6624308,-79.3949305,123.60,14.26,0.71,12,1,00:18:57,00
1436224,-236,24289,50.64,1,1,15.44,161.3,15560,186,-926,-280,985,1,43.6624308,-79.3949305,123.60,14.26,0.71,12,1,00:18:57,00
1436515,-230,24289,50.67,1,1,15.80,165.0,15570,6,-958,136,968,1,43.6624380,-79.3949880,123.60,17.04,0.71,12,1,00:18:58,00
1436808,-230,24289,50.69,1,1,15.80,165.0,15580,26,-1217,-75,1220,1,43.6624380,-79.3949880,123.60,17.04,0.74,12,1,00:18:58,00
1437103,-224,24289,50.72,1,1,15.50,161.9,15589,132,-1140,-314,1190,1,43.6624380,-79.3949880,123.60,17.04,0.74,12,1,00:18:58,00
1437394,-207,24289,50.73,1,1,17.32,180.9,15600,268,-633,-363,777,1,43.6624380,-79.3949880,123.60,17.04,0.74,12,1,00:18:58,00
1437686,-208,24289,50.76,1,1,15.39,160.7,15609,194,-866,-212,913,1,43.6624360,-79.3950315,123.40,15.06,0.74,12,1,00:18:59,00
1438036,-204,24289,50.79,1,1,16.18,169.0,15621,62,-1087,100,1093,1,43.6624360,-79.3950315,123.40,15.06,0.74,12,1,00:18:59,00
1438332,-210,24289,50.82,1,1,15.85,165.6,15631,61,-1107,-185,1124,1,43.6624360,-79.3950315,123.40,15.06,0.74,12,1,00:18:59,00
1438626,-213,24289,50.83,1,1,15.44,161.3,15640,153,-973,-221,1010,1,43.6624328,-79.3950770,124.20,14.89,0.74,12,1,00:19:00,00
1438918,-215,24289,50.85,1,1,17.21,179.7,15651,31,-1101,22,1101,1,43.6624328,-79.3950770,124.20,14.89,0.74,12,1,00:19:00,00
1439207,-212,24289,50.89,1,1,15.28,159.6,15660,229,-906,-234,964,1,43.6624328,-79.3950770,124.20,14.89,0.74,12,1,00:19:00,00
1439489,-219,24289,50.88,1,1,15.12,157.9,15669,13,-1076,18,1076,1,43.6624442,-79.3951497,124.20,18.61,0.74,12,1,00:19:01,00
1439782,-213,24289,50.90,1,1,14.96,156.3,15678,54,-1101,-93,1106,1,43.6624442,-79.3951497,123.30,18.61,0.74,12,1,00:19:01,00
1440080,-211,24289,50.92,1,1,14.81,154.6,15687,133,-1018,-109,1032,1,43.6624442,-79.3951497,123.30,18.61,0.74,12,1,00:19:01,00
1440384,-204,24289,50.96,1,1,16.41,171.3,15698,46,-1200,20,1201,1,43.6624442,-79.3951497,123.30,18.61,0.74,12,1,00:19:01,00
1440685,-213,24289,50.97,1,1,16.07,167.8,15708,5,-1087,86,1090,1,43.6624463,-79.3952045,123.60,17.26,0.74,12,1,00:19:02,00
1440977,-215,24289,50.98,1,1,15.61,163.0,15717,191,-703,-12,728,1,43.6624463,-79.3952045,123.60,17.26,0.74,12,1,00:19:02,00
1441276,-217,24289,51.00,1,1,14.04,146.6,15726,17,-1130,60,1131,1,43.6624463,-79.3952045,123.60,17.26,0.74,12,1,00:19:02,00
1441572,-206,24289,51.05,1,1,15.30,159.7,15736,81,-1061,117,1070,1,43.6624497,-79.3952568,123.30,16.06,0.77,12,1,00:19:03,00
1441869,-204,24289,51.05,1,1,15.01,156.8,15745,46,-1065,41,1067,1,43.6624497,-79.3952568,123.30,16.06,0.77,12,1,00:19:03,00
1442165,-193,24289,51.08,1,1,13.12,137.0,15753,97,-971,95,980,1,43.6624497,-79.3952568,123.30,16.06,0.77,12,1,00:19:03,00
1442458,-186,24289,51.12,1,1,12.94,135.1,15761,66,-928,121,938,1,43.6624573,-79.3953172,123.30,16.89,0.77,12,1,00:19:04,00
1442818,-185,24289,51.17,1,1,13.23,138.1,15771,148,-927,-58,941,1,43.6624573,-79.3953172,122.10,16.89,0.82,12,1,00:19:04,00
1443113,-192,24289,51.19,1,1,13.88,144.9,15779,63,-783,75,789,1,43.6624573,-79.3953172,122.10,16.89,0.82,12,1,00:19:04,00
1443401,-171,24289,51.20,1,1,13.90,145.2,15788,98,-1083,52,1088,1,43.6624573,-79.3953172,122.10,16.89,0.82,12,1,00:19:04,00
1443698,-188,24289,51.26,1,1,13.44,140.4,15796,155,-1014,-24,1026,1,43.6624513,-79.3953593,121.80,14.50,0.82,12,1,00:19:05,00
1443996,-190,24289,51.25,1,1,13.39,139.9,15804,75,-1057,-62,1062,1,43.6624513,-79.3953593,121.80,14.50,0.82,12,1,00:19:05,00
1444295,-185,24289,51.24,1,1,13.38,139.8,15813,157,-916,-10,929,1,43.6624513,-79.3953593,121.80,14.50,0.82,12,1,00:19:05,00
1444597,-187,24289,51.32,1,1,13.03,136.1,15821,179,-923,-211,963,1,43.6624433,-79.3954013,122.00,13.59,0.74,12,1,00:19:06,00
1444894,-191,24289,51.33,1,1,12.85,134.2,15829,120,-952,49,961,1,43.6624433,-79.3954013,122.00,13.59,0.74,12,1,00:19:06,00
1445189,-187,24289,51.37,1,1,12.60,131.6,15837,121,-937,-87,949,1,43.6624433,-79.3954013,122.00,13.59,0.74,12,1,00:19:06,00
1445477,-179,24289,51.39,1,1,12.23,127.7,15844,159,-920,5,934,1,43.6624270,-79.3954372,122.00,12.76,0.74,12,1,00:19:07,00
1445774,-179,24289,51.42,1,1,12.16,127.0,15852,183,-1035,-87,1055,1,43.6624270,-79.3954372,121.70,12.76,0.79,12,1,00:19:07,00
1446078,-186,24289,51.45,1,1,11.76,122.8,15859,155,-961,-68,976,1,43.6624270,-79.3954372,121.70,12.76,0.79,12,1,00:19:07,00
1446373,-176,24289,51.48,1,1,11.48,119.9,15866,43,-1129,-3,1130,1,43.6624270,-79.3954372,121.70,12.76,0.79,12,1,00:19:07,00
1446683,-180,24289,51.53,1,1,11.50,120.1,15874,149,-902,-25,915,1,43.6624037,-79.3954635,122.00,12.06,0.87,12,1,00:19:08,00
1446986,-178,24289,51.54,1,1,10.80,112.8,15880,92,-1008,-50,1014,1,43.6624037,-79.3954635,122.00,12.06,0.87,12,1,00:19:08,00
1447294,-178,24289,51.59,1,1,10.85,113.3,15887,140,-939,-121,957,1,43.6624037,-79.3954635,122.00,12.06,0.87,12,1,00:19:08,00
1447657,-169,24289,51.62,1,1,9.67,101.0,15895,130,-992,-4,1000,1,43.6623940,-79.3955093,121.20,12.41,0.87,12,1,00:19:09,00
1447959,-173,24289,51.64,1,1,10.01,104.5,15901,152,-771,65,788,1,43.6623940,-79.3955093,121.20,12.41,0.87,12,1,00:19:09,00
1448254,22,24289,51.69,1,1,11.52,120.3,15908,68,-1057,43,1060,1,43.6623940,-79.3955093,121.20,12.41,0.87,12,1,00:19:09,00
1448554,263,24289,51.73,1,1,9.70,101.4,15914,164,-946,-82,963,1,43.6623862,-79.3955440,120.50,10.33,0.82,12,1,00:19:10,00
1448855,900,24289,51.76,1,1,9.45,98.7,15920,105,-893,-37,900,1,43.6623862,-79.3955440,120.50,10.33,0.82,12,1,00:19:10,00
1449158,1277,24289,51.74,1,1,9.30,97.1,15926,160,-1021,-126,1041,1,43.6623862,-79.3955440,120.50,10.33,0.82,12,1,00:19:10,00
1449458,4221,24289,51.73,1,1,9.15,95.5,15932,90,-970,-128,983,1,43.6623745,-79.3955778,120.50,10.20,0.82,12,1,00:19:11,00
1449761,8509,24289,51.76,1,1,8.87,92.6,15937,107,-976,-37,982,1,43.6623745,-79.3955778,120.10,10.20,0.78,12,1,00:19:11,00
1450070,13160,24289,51.79,1,1,9.09,94.9,15943,135,-954,-119,971,1,43.6623745,-79.3955778,120.10,10.20,0.78,12,1,00:19:11,00
1450371,17514,24289,51.84,1,1,9.21,96.2,15949,66,-1045,-119,1053,1,43.6623745,-79.3955778,120.10,10.20,0.78,12,1,00:19:11,00
1450675,22526,24289,51.84,1,1,9.42,98.4,15955,145,-856,-95,873,1,43.6623618,-79.3955995,120.70,7.74,0.78,12,1,00:19:12,00
1450985,24252,24289,51.89,1,1,9.67,101.0,15961,187,-843,19,864,1,43.6623618,-79.3955995,120.70,7.74,0.78,12,1,00:19:12,00
1451293,24520,24289,51.91,1,1,10.28,107.4,15968,55,-909,-153,923,1,43.6623618,-79.3955995,120.70,7.74,0.78,12,1,00:19:12,00
1451599,24520,24289,51.91,1,1,10.67,111.5,15975,-31,-1006,-81,1010,1,43.6623613,-79.3956288,119.00,7.59,0.78,12,1,00:19:13,00
1451904,24520,24289,51.94,1,1,11.10,115.9,15982,49,-787,-101,795,1,43.6623613,-79.3956288,119.00,7.59,0.78,12,1,00:19:13,00
1452213,24520,24289,51.97,1,1,11.64,121.5,15989,29,-990,-80,994,1,43.6623613,-79.3956288,119.00,7.59,0.78,12,1,00:19:13,00
1452589,24520,24289,51.98,1,1,11.28,117.8,15998,50,-1231,-26,1233,1,43.6623498,-79.3956592,118.20,9.37,0.78,12,1,00:19:14,00
1452889,-533,24289,52.02,1,1,12.68,132.5,16006,9,-991,155,1003,1,43.6623498,-79.3956592,118.20,9.37,0.78,12,1,00:19:14,00
1453197,-518,24289,52.06,1,1,12.56,131.1,16014,88,-1021,57,1027,1,43.6623498,-79.3956592,118.20,9.37,0.78,12,1,00:19:14,00
1453497,-514,24289,52.06,1,1,12.52,130.7,16022,157,-949,-9,962,1,43.6623245,-79.3956982,118.20,13.43,0.78,12,1,00:19:15,00
1453805,-522,24289,52.09,1,1,12.36,129.0,16030,191,-909,-302,976,1,43.6623245,-79.3956982,118.20,13.43,0.78,12,1,00:19:15,00
1454111,-493,24289,52.11,1,1,12.32,128.6,16038,76,-1260,-66,1264,1,43.6623245,-79.3956982,118.20,13.43,0.78,12,1,00:19:15,00
1454418,-453,24289,52.09,1,1,12.28,128.2,16046,80,-976,48,981,1,43.6623012,-79.3957475,118.20,15.28,0.78,12,1,00:19:16,00
1454728,-427,24289,52.10,1,1,12.40,129.4,16054,165,-992,-215,1028,1,43.6623012,-79.3957475,118.00,15.28,0.75,12,1,00:19:16,00
1455041,-400,24289,52.12,1,1,12.40,129.4,16062,168,-899,-104,921,1,43.6623012,-79.3957475,118.00,15.28,0.75,12,1,00:19:16,00
1455351,-384,24289,52.10,1,1,12.40,129.4,16070,146,-1096,57,1108,1,43.6623012,-79.3957475,118.00,15.28,0.75,12,1,00:19:16,00
1455663,-346,24289,52.12,1,1,10.85,113.3,16077,58,-1038,13,1040,1,43.6622728,-79.3957897,118.90,15.83,0.72,12,1,00:19:17,00
1455975,-334,24289,52.13,1,1,12.36,129.0,16085,196,-870,-130,901,1,43.6622728,-79.3957897,118.90,15.83,0.72,12,1,00:19:17,00
1456289,-305,24289,52.16,1,1,12.40,129.4,16093,201,-917,-15,939,1,43.6622728,-79.3957897,118.90,15.83,0.72,12,1,00:19:17,00
1456599,-283,24289,52.19,1,1,12.36,129.0,16101,67,-1010,-62,1014,1,43.6622523,-79.3958277,119.10,13.59,0.77,12,1,00:19:18,00
1456912,-276,24289,52.22,1,1,12.24,127.8,16109,166,-946,-162,975,1,43.6622523,-79.3958277,119.10,13.59,0.77,12,1,00:19:18,00
1457266,-265,24289,52.19,1,1,11.07,115.6,16117,107,-936,-48,943,1,43.6622523,-79.3958277,119.10,13.59,0.77,12,1,00:19:18,00
1457621,-253,24289,52.25,1,1,11.34,118.4,16126,94,-1083,-64,1089,1,43.6622227,-79.3958562,119.70,13.50,0.79,12,1,00:19:19,00
1457906,-251,24289,52.25,1,1,12.23,127.7,16133,179,-954,-250,1003,1,43.6622227,-79.3958562,119.70,13.50,0.79,12,1,00:19:19,00
1458194,-240,24289,52.24,1,1,12.32,128.7,16140,143,-972,-142,992,1,43.6622227,-79.3958562,119.70,13.50,0.79,12,1,00:19:19,00
1458475,-223,24289,52.24,1,1,12.56,131.1,16148,129,-941,9,950,1,43.6621983,-79.3958927,119.70,13.96,0.79,12,1,00:19:20,00
1458764,-240,24289,52.26,1,1,12.37,129.2,16155,151,-979,37,991,1,43.6621983,-79.3958927,120.40,13.96,0.73,12,1,00:19:20,00
1459057,-231,24289,52.28,1,1,12.68,132.5,16163,130,-1036,-103,1049,1,43.6621983,-79.3958927,120.40,13.96,0.73,12,1,00:19:20,00
1459348,-226,24289,52.31,1,1,12.64,132.0,16171,111,-917,-160,937,1,43.6621983,-79.3958927,120.40,13.96,0.73,12,1,00:19:20,00
1459646,-228,24289,52.31,1,1,12.68,132.4,16179,97,-961,74,969,1,43.6621713,-79.3959223,120.70,13.80,0.73,12,1,00:19:21,00
1459940,-205,24289,52.33,1,1,12.41,129.6,16186,160,-923,-145,948,1,43.6621713,-79.3959223,120.70,13.80,0.73,12,1,00:19:21,00
1460237,-200,24289,52.35,1,1,12.60,131.6,16194,164,-966,-32,981,1,43.6621713,-79.3959223,120.70,13.80,0.73,12,1,00:19:21,00
1460533,-207,24289,52.34,1,1,12.64,132.0,16202,69,-898,130,910,1,43.6621523,-79.3959468,120.70,11.19,0.73,12,1,00:19:22,00
1460823,-208,24289,52.37,1,1,12.28,128.2,16209,100,-1027,-80,1035,1,43.6621523,-79.3959468,120.50,11.19,0.73,12,1,00:19:22,00
1461117,-202,24289,52.34,1,1,12.40,129.4,16217,106,-1078,-38,1084,1,43.6621523,-79.3959468,120.50,11.19,0.73,12,1,00:19:22,00
1461411,-196,24289,52.36,1,1,12.06,125.9,16224,90,-923,1,928,1,43.6621523,-79.3959468,120.50,11.19,0.73,12,1,00:19:22,00
1461712,-194,24289,52.40,1,1,12.12,126.6,16232,125,-980,-168,1002,1,43.6621228,-79.3959750,120.00,14.17,0.73,12,1,00:19:23,00
1462002,-196,24289,52.40,1,1,11.76,122.8,16239,190,-871,-9,892,1,43.6621228,-79.3959750,120.00,14.17,0.73,12,1,00:19:23,00
1462356,-190,24289,52.43,1,1,10.70,111.7,16247,243,-818,-51,855,1,43.6621228,-79.3959750,120.00,14.17,0.73,12,1,00:19:23,00
1462652,-182,24289,52.44,1,1,11.52,120.3,16254,120,-934,-22,942,1,43.6621055,-79.3959992,118.80,10.72,0.73,12,1,00:19:24,00
1462942,-185,24289,52.45,1,1,11.52,120.3,16261,137,-945,-82,959,1,43.6621055,-79.3959992,118.80,10.72,0.73,12,1,00:19:24,00
1463233,-193,24289,52.48,1,1,11.40,119.0,16268,179,-971,-115,994,1,43.6621055,-79.3959992,118.80,10.72,0.73,12,1,00:19:24,00
1463526,104,24289,52.50,1,1,11.40,119.0,16275,146,-898,-10,910,1,43.6620825,-79.3960358,118.80,12.46,0.73,12,1,00:19:25,00
1463826,173,24289,52.50,1,1,11.40,119.0,16282,154,-962,-113,981,1,43.6620825,-79.3960358,118.10,12.46,0.70,12,1,00:19:25,00
1464121,533,24289,52.49,1,1,11.36,118.6,16289,128,-897,-74,910,1,43.6620825,-79.3960358,118.10,12.46,0.70,12,1,00:19:25,00
1464423,616,24289,52.50,1,1,11.32,118.2,16296,139,-920,-39,931,1,43.6620825,-79.3960358,118.10,12.46,0.70,12,1,00:19:25,00
1464713,55,24289,52.49,1,1,11.36,118.6,16303,134,-972,-110,987,1,43.6620613,-79.3960638,117.20,11.20,0.70,12,1,00:19:26,00
1465019,514,24289,52.48,1,1,11.40,119.0,16310,111,-1029,-13,1035,1,43.6620613,-79.3960638,117.20,11.20,0.70,12,1,00:19:26,00
1465316,1678,24289,52.45,1,1,11.40,119.0,16317,102,-1038,-83,1047,1,43.6620613,-79.3960638,117.20,11.20,0.70,12,1,00:19:26,00
1465612,3791,24289,52.47,1,1,11.68,122.0,16325,119,-905,-89,917,1,43.6620392,-79.3960837,116.50,10.19,0.70,12,1,00:19:27,00
1465911,-162,24289,52.48,1,1,11.60,121.1,16332,212,-835,-204,885,1,43.6620392,-79.3960837,116.50,10.19,0.70,12,1,00:19:27,00
1466212,-173,24289,52.49,1,1,11.68,122.0,16339,95,-1123,-104,1132,1,43.6620392,-79.3960837,116.50,10.19,0.70,12,1,00:19:27,00
1466502,-168,24289,52.51,1,1,11.93,124.6,16347,238,-740,-179,798,1,43.6620148,-79.3961042,116.50,10.83,0.70,12,1,00:19:28,00
1466798,-179,24289,52.52,1,1,11.72,122.4,16354,98,-1040,-43,1045,1,43.6620148,-79.3961042,115.80,10.83,0.70,12,1,00:19:28,00
1467163,-170,24289,52.52,1,1,10.67,111.4,16362,152,-921,-60,936,1,43.6620148,-79.3961042,115.80,10.83,0.70,12,1,00:19:28,00
1467456,-167,24289,52.52,1,1,11.72,122.4,16369,147,-992,40,1003,1,43.6619913,-79.3961218,115.80,10.67,0.70,12,1,00:19:29,00
1467750,-174,24289,52.54,1,1,11.64,121.5,16376,62,-1054,41,1057,1,43.6619913,-79.3961218,115.00,10.67,0.80,12,1,00:19:29,00
1468053,-179,24289,52.57,1,1,11.86,123.8,16384,169,-916,-164,946,1,43.6619913,-79.3961218,115.00,10.67,0.80,12,1,00:19:29,00
1468351,-168,24289,52.59,1,1,11.72,122.4,16391,101,-1054,-97,1064,1,43.6619913,-79.3961218,115.00,10.67,0.80,12,1,00:19:29,00
1468655,-170,24289,52.62,1,1,12.12,126.6,16399,82,-1038,-65,1043,1,43.6619627,-79.3961362,114.50,11.82,0.79,12,1,00:19:30,00
1468954,-169,24289,52.60,1,1,11.93,124.6,16406,135,-952,-27,962,1,43.6619627,-79.3961362,114.50,11.82,0.79,12,1,00:19:30,00
1469255,-162,24289,52.63,1,1,12.32,128.6,16414,124,-924,-67,935,1,43.6619627,-79.3961362,114.50,11.82,0.79,12,1,00:19:30,00
1469557,-166,24289,52.63,1,1,12.36,129.0,16422,227,-916,-221,969,1,43.6619427,-79.3961493,114.20,10.45,0.79,12,1,00:19:31,00
1469861,-177,24289,52.65,1,1,12.40,129.4,16430,142,-953,20,964,1,43.6619427,-79.3961493,114.20,10.45,0.79,12,1,00:19:31,00
1470167,-169,24289,52.63,1,1,12.23,127.7,16437,206,-823,-56,851,1,43.6619427,-79.3961493,114.20,10.45,0.79,12,1,00:19:31,00
1470462,-152,24289,52.63,1,1,12.52,130.7,16445,100,-1102,-119,1113,1,43.6619172,-79.3961532,114.20,10.72,0.79,12,1,00:19:32,00
1470769,-164,24289,52.68,1,1,12.60,131.6,16453,167,-854,-86,875,1,43.6619172,-79.3961532,114.30,10.72,0.79,12,1,00:19:32,00
1471078,-176,24289,52.66,1,1,12.60,131.6,16461,102,-1053,-127,1066,1,43.6619172,-79.3961532,114.30,10.72,0.79,12,1,00:19:32,00
1471386,-161,24289,52.67,1,1,12.79,133.5,16470,119,-1009,-62,1018,1,43.6619172,-79.3961532,114.30,10.72,0.79,12,1,00:19:32,00
1471692,-162,24289,52.71,1,1,12.68,132.5,16478,119,-1113,-141,1128,1,43.6618950,-79.3961588,113.70,9.69,0.80,12,1,00:19:33,00
1472060,-168,24289,52.70,1,1,11.74,122.6,16487,149,-1015,-188,1043,1,43.6618950,-79.3961588,113.70,9.69,0.80,12,1,00:19:33,00
1472369,-164,24289,52.73,1,1,12.81,133.8,16495,217,-886,-24,912,1,43.6618950,-79.3961588,113.70,9.69,0.80,12,1,00:19:33,00
1472670,-150,24289,52.71,1,1,12.90,134.7,16503,118,-1092,-127,1105,1,43.6618698,-79.3961495,114.00,10.91,0.87,12,1,00:19:34,00
1472973,-143,24289,52.73,1,1,12.98,135.6,16511,127,-942,-42,951,1,43.6618698,-79.3961495,114.00,10.91,0.87,12,1,00:19:34,00
1473276,-143,24289,52.74,1,1,13.26,138.5,16520,103,-930,-102,941,1,43.6618698,-79.3961495,114.00,10.91,0.87,12,1,00:19:34,00
1473581,-144,24289,52.77,1,1,13.12,137.0,16528,97,-944,-32,950,1,43.6618253,-79.3961490,113.80,14.32,1.14,12,1,00:19:35,00
1473884,-150,24289,52.79,1,1,13.38,139.7,16537,102,-1105,-123,1117,1,43.6618253,-79.3961490,113.80,14.32,1.14,12,1,00:19:35,00
1474188,-147,24289,52.79,1,1,13.30,138.9,16545,135,-904,-39,915,1,43.6618253,-79.3961490,113.80,14.32,1.14,12,1,00:19:35,00
1474493,-142,24289,52.77,1,1,13.51,141.1,16554,154,-926,-77,942,1,43.6617752,-79.3961568,113.80,16.22,1.14,12,1,00:19:36,00
1474805,-149,24289,52.78,1,1,13.44,140.4,16562,114,-759,-8,767,1,43.6617752,-79.3961568,113.20,16.22,1.14,12,1,00:19:36,00
1475112,-142,24289,52.80,1,1,13.59,142.0,16571,270,-838,-186,900,1,43.6617752,-79.3961568,113.20,16.22,1.14,12,1,00:19:36,00
1475412,-137,24289,52.79,1,1,13.72,143.3,16580,114,-1084,-41,1090,1,43.6617752,-79.3961568,113.20,16.22,1.14,12,1,00:19:36,00
1475718,-147,24289,52.80,1,1,13.58,141.8,16588,95,-1103,-99,1111,1,43.6617370,-79.3961542,113.40,15.20,1.15,12,1,00:19:37,00
1476036,-151,24289,52.81,1,1,13.96,145.8,16598,147,-929,-79,944,1,43.6617370,-79.3961542,113.40,15.20,1.15,12,1,00:19:37,00
1476352,-148,24289,52.84,1,1,13.86,144.7,16607,166,-618,-86,646,1,43.6617370,-79.3961542,113.40,15.20,1.15,12,1,00:19:37,00
1476662,-153,24289,52.80,1,1,13.86,144.7,16616,176,-1037,-79,1055,1,43.6617008,-79.3961438,114.10,14.72,0.87,12,1,00:19:38,00
1477038,-147,24289,52.83,1,1,11.61,121.3,16625,152,-910,-13,923,1,43.6617008,-79.3961438,114.10,14.72,0.87,12,1,00:19:38,00
1477344,-131,24289,52.81,1,1,13.99,146.1,16634,0,-1293,131,1300,1,43.6617008,-79.3961438,114.10,14.72,0.87,12,1,00:19:38,00
1477650,-123,24289,52.81,1,1,13.99,146.1,16643,111,-1102,-129,1115,1,43.6616813,-79.3961212,114.20,11.95,0.81,12,1,00:19:39,00
1477954,-139,24289,52.77,1,1,14.08,147.1,16652,133,-972,20,981,1,43.6616813,-79.3961212,114.20,11.95,0.81,12,1,00:19:39,00
1478264,-143,24289,52.80,1,1,14.13,147.5,16661,247,-570,-4,621,1,43.6616813,-79.3961212,114.20,11.95,0.81,12,1,00:19:39,00
1478575,-144,24289,52.78,1,1,14.13,147.5,16670,94,-1142,-48,1147,1,43.6616538,-79.3961112,114.80,11.30,0.82,12,1,00:19:40,00
1478928,-145,24289,52.76,1,1,11.87,124.0,16679,88,-1050,2,1053,1,43.6616538,-79.3961112,114.80,11.30,0.82,12,1,00:19:40,00
1479222,-160,24289,52.78,1,1,14.03,146.5,16687,198,-844,-93,872,1,43.6616538,-79.3961112,114.80,11.30,0.82,12,1,00:19:40,00
1479510,-126,24289,52.80,1,1,14.13,147.5,16696,195,-736,-75,765,1,43.6616208,-79.3960997,114.80,12.43,0.82,12,1,00:19:41,00
1479797,-136,24289,52.77,1,1,13.88,144.9,16704,127,-897,-8,906,1,43.6616208,-79.3960997,114.70,12.43,0.91,12,1,00:19:41,00
1480087,-109,24289,52.81,1,1,14.08,147.1,16713,135,-966,-141,986,1,43.6616208,-79.3960997,114.70,12.43,0.91,12,1,00:19:41,00
1480378,-120,24289,52.78,1,1,13.83,144.4,16721,106,-1057,-111,1068,1,43.6616208,-79.3960997,114.70,12.43,0.91,12,1,00:19:41,00
1480668,-124,24289,52.77,1,1,14.04,146.6,16730,166,-782,-186,821,1,43.6615963,-79.3960930,115.40,11.07,0.96,12,1,00:19:42,00
1480961,-129,24289,52.79,1,1,13.83,144.4,16738,183,-929,-162,960,1,43.6615963,-79.3960930,115.40,11.07,0.96,12,1,00:19:42,00
1481254,-132,24289,52.77,1,1,13.95,145.6,16747,76,-947,139,961,1,43.6615963,-79.3960930,115.40,11.07,0.96,12,1,00:19:42,00
1481548,-138,24289,52.79,1,1,13.73,143.4,16755,165,-1022,-184,1051,1,43.6615832,-79.3960862,115.50,7.74,1.38,12,1,00:19:43,00
1481904,-138,24289,52.79,1,1,11.55,120.6,16764,64,-1033,84,1039,1,43.6615832,-79.3960862,115.50,7.74,1.38,12,1,00:19:43,00
1482191,-132,24289,52.82,1,1,13.63,142.3,16772,199,-877,-104,905,1,43.6615832,-79.3960862,115.50,7.74,1.38,12,1,00:19:43,00
1482468,-122,24289,52.83,1,1,13.44,140.4,16780,82,-1107,-121,1117,1,43.6615390,-79.3960667,115.50,14.17,1.38,12,1,00:19:44,00
1482762,-134,24289,52.80,1,1,11.72,122.4,16787,177,-1147,-272,1192,1,43.6615390,-79.3960667,115.60,14.17,0.90,12,1,00:19:44,00
1483066,-147,24289,52.83,1,1,13.25,138.4,16795,188,-866,-188,905,1,43.6615390,-79.3960667,115.60,14.17,0.90,12,1,00:19:44,00
1483359,-150,24289,52.85,1,1,13.07,136.5,16803,234,-1090,-190,1131,1,43.6615390,-79.3960667,115.60,14.17,0.90,12,1,00:19:44,00
1483648,-144,24289,52.83,1,1,12.85,134.2,16811,186,-893,-105,918,1,43.6615130,-79.3960552,115.60,12.48,1.04,12,1,00:19:45,00
1483944,-152,24289,52.84,1,1,12.68,132.5,16819,164,-1032,-25,1045,1,43.6615130,-79.3960552,115.60,12.48,1.04,12,1,00:19:45,00
1484237,-147,24289,52.83,1,1,12.22,127.6,16826,150,-1037,-261,1080,1,43.6615130,-79.3960552,115.60,12.48,1.04,12,1,00:19:45,00
1484536,-137,24289,52.84,1,1,12.21,127.5,16834,57,-1171,41,1174,1,43.6614943,-79.3960353,115.60,11.06,1.04,12,1,00:19:46,00
1484826,-144,24289,52.84,1,1,11.88,124.1,16841,184,-987,-137,1013,1,43.6614943,-79.3960353,116.00,11.06,0.90,12,1,00:19:46,00
1485130,-151,24289,52.78,1,1,11.90,124.2,16849,105,-885,121,900,1,43.6614943,-79.3960353,116.00,11.06,0.90,12,1,00:19:46,00
1485414,-140,24289,52.76,1,1,11.56,120.7,16856,220,-729,-89,766,1,43.6614943,-79.3960353,116.00,11.06,0.90,12,1,00:19:46,00
1485708,-153,24289,52.73,1,1,11.18,116.7,16862,16,-1115,82,1118,1,43.6614650,-79.3960140,116.10,11.85,0.90,12,1,00:19:47,00
1486006,-140,24289,52.75,1,1,11.21,117.1,16869,108,-854,71,864,1,43.6614650,-79.3960140,116.10,11.85,0.90,12,1,00:19:47,00
1486307,-141,24289,52.70,1,1,11.02,115.1,16876,110,-1037,-132,1051,1,43.6614650,-79.3960140,116.10,11.85,0.90,12,1,00:19:47,00
1486662,108,24289,52.71,1,1,9.55,99.7,16883,124,-1151,-133,1165,1,43.6614395,-79.3959988,115.60,10.33,0.71,12,1,00:19:48,00
1486955,797,24289,52.67,1,1,10.61,110.8,16890,107,-824,-64,833,1,43.6614395,-79.3959988,115.60,10.33,0.71,12,1,00:19:48,00
1487255,1999,24289,52.70,1,1,10.19,106.4,16896,134,-867,34,878,1,43.6614395,-79.3959988,115.60,10.33,0.71,12,1,00:19:48,00
1487551,4338,24289,52.67,1,1,10.54,110.1,16903,121,-1124,-154,1141,1,43.6614057,-79.3959882,115.60,11.09,0.74,12,1,00:19:49,00
1487850,7365,24289,52.67,1,1,10.33,107.9,16909,53,-1093,-12,1094,1,43.6614057,-79.3959882,115.60,11.09,0.74,12,1,00:19:49,00
1488147,7362,24289,52.74,1,1,10.78,112.5,16916,233,-690,-109,737,1,43.6614057,-79.3959882,115.60,11.09,0.74,12,1,00:19:49,00
1488429,212,24289,52.70,1,1,11.02,115.1,16923,137,-1119,-155,1138,1,43.6613833,-79.3959905,115.60,7.59,0.74,12,1,00:19:50,00
1488730,284,24289,52.71,1,1,10.84,113.2,16929,209,-826,-83,856,1,43.6613833,-79.3959905,114.30,7.59,0.71,12,1,00:19:50,00
1489026,1115,24289,52.68,1,1,11.13,116.3,16936,164,-1000,-122,1021,1,43.6613833,-79.3959905,114.30,7.59,0.71,12,1,00:19:50,00
1489329,2820,24289,52.74,1,1,11.28,117.8,16943,182,-905,-144,934,1,43.6613833,-79.3959905,114.30,7.59,0.71,12,1,00:19:50,00
1489638,6723,24289,52.72,1,1,10.19,106.4,16950,83,-1101,-42,1105,1,43.6613528,-79.3959793,113.40,8.32,0.76,12,1,00:19:51,00
1489941,11523,24289,52.73,1,1,11.76,122.8,16957,52,-894,19,896,1,43.6613528,-79.3959793,113.40,8.32,0.76,12,1,00:19:51,00
1490238,16105,24289,52.77,1,1,12.32,128.6,16965,150,-1033,-240,1071,1,43.6613528,-79.3959793,113.40,8.32,0.76,12,1,00:19:51,00
1490537,-145,24289,52.78,1,1,12.68,132.5,16973,172,-783,-2,802,1,43.6613215,-79.3959537,113.40,10.65,0.76,12,1,00:19:52,00
1490851,-142,24289,52.78,1,1,12.77,133.3,16981,117,-1037,-142,1053,1,43.6613215,-79.3959537,112.00,10.65,0.76,12,1,00:19:52,00
1491156,-145,24289,52.77,1,1,12.94,135.1,16989,172,-933,-194,968,1,43.6613215,-79.3959537,112.00,10.65,0.76,12,1,00:19:52,00
1491520,-142,24289,52.77,1,1,12.21,127.6,16999,121,-993,-53,1002,1,43.6612937,-79.3959218,112.00,12.39,0.76,12,1,00:19:53,00
1491819,-142,24289,52.79,1,1,13.07,136.5,17007,136,-1110,-112,1124,1,43.6612937,-79.3959218,111.70,12.39,0.72,12,1,00:19:53,00
1492118,-144,24289,52.75,1,1,13.16,137.5,17015,105,-1019,38,1026,1,43.6612937,-79.3959218,111.70,12.39,0.72,12,1,00:19:53,00
1492406,-129,24289,52.80,1,1,13.16,137.5,17023,62,-1066,-9,1068,1,43.6612937,-79.3959218,111.70,12.39,0.72,12,1,00:19:53,00
1492704,-140,24289,52.73,1,1,13.21,137.9,17031,108,-951,-23,957,1,43.6612630,-79.3958890,111.10,13.58,0.72,12,1,00:19:54,00
1493007,-144,24289,52.73,1,1,13.51,141.1,17040,171,-997,-135,1021,1,43.6612630,-79.3958890,111.10,13.58,0.72,12,1,00:19:54,00
1493310,-137,24289,52.69,1,1,13.35,139.4,17048,205,-1029,-207,1070,1,43.6612630,-79.3958890,111.10,13.58,0.72,12,1,00:19:54,00
1493630,-130,24289,52.66,1,1,12.04,125.8,17056,129,-1050,-128,1066,1,43.6612310,-79.3958458,111.00,13.98,0.80,12,1,00:19:55,00
1493934,-128,24289,52.63,1,1,13.64,142.4,17065,159,-872,-114,893,1,43.6612310,-79.3958458,111.00,13.98,0.80,12,1,00:19:55,00
1494237,-132,24289,52.63,1,1,13.81,144.2,17074,171,-1025,-215,1061,1,43.6612310,-79.3958458,111.00,13.98,0.80,12,1,00:19:55,00
1494546,-138,24289,52.61,1,1,13.86,144.7,17083,201,-909,-76,934,1,43.6612090,-79.3957958,110.30,13.39,0.80,12,1,00:19:56,00
1494853,-137,24289,52.59,1,1,13.95,145.6,17092,171,-956,-146,982,1,43.6612090,-79.3957958,110.30,13.39,0.80,12,1,00:19:56,00
1495159,-143,24289,52.57,1,1,13.78,143.9,17100,131,-952,-92,965,1,43.6612090,-79.3957958,110.30,13.39,0.80,12,1,00:19:56,00
1495459,-122,24289,52.53,1,1,13.99,146.1,17109,104,-1047,-32,1053,1,43.6611942,-79.3957433,110.30,14.20,0.80,12,1,00:19:57,00
1495774,-130,24289,52.53,1,1,12.48,130.3,17117,98,-1033,-49,1039,1,43.6611942,-79.3957433,110.90,14.20,0.80,12,1,00:19:57,00
1496087,-131,24289,52.51,1,1,14.21,148.4,17127,129,-924,-63,935,1,43.6611942,-79.3957433,110.90,14.20,0.80,12,1,00:19:57,00
1496451,-117,24289,52.53,1,1,13.05,136.2,17137,125,-1012,-151,1031,1,43.6611843,-79.3956887,110.90,15.87,0.80,12,1,00:19:58,00
1496757,-126,24289,52.51,1,1,14.17,148.0,17146,115,-1024,-77,1033,1,43.6611843,-79.3956887,112.00,15.87,0.80,12,1,00:19:58,00
1497070,-121,24289,52.49,1,1,14.22,148.5,17155,126,-1014,-31,1022,1,43.6611843,-79.3956887,112.00,15.87,0.80,12,1,00:19:58,00
1497374,-128,24289,52.49,1,1,14.17,148.0,17164,210,-794,-169,839,1,43.6611843,-79.3956887,112.00,15.87,0.80,12,1,00:19:58,00
1497677,-116,24289,52.49,1,1,14.17,148.0,17173,1,-1211,45,1212,1,43.6611710,-79.3956408,112.00,14.91,0.80,12,1,00:19:59,00
1497990,-121,24289,52.48,1,1,14.17,148.0,17182,71,-996,53,1000,1,43.6611710,-79.3956408,112.00,14.91,0.80,12,1,00:19:59,00
1498300,-128,24289,52.47,1,1,12.64,132.0,17190,281,-724,-200,802,1,43.6611710,-79.3956408,112.00,14.91,0.80,12,1,00:19:59,00
1498614,-124,24289,52.45,1,1,14.33,149.7,17200,103,-978,67,986,1,43.6611680,-79.3955905,113.20,14.35,0.81,12,1,00:20:00,00
1498924,-114,24289,52.46,1,1,14.22,148.5,17209,96,-1129,-52,1134,1,43.6611680,-79.3955905,113.20,14.35,0.81,12,1,00:20:00,00
1499230,-119,24289,52.45,1,1,14.17,148.0,17218,121,-1030,293,1078,1,43.6611680,-79.3955905,113.20,14.35,0.81,12,1,00:20:00,00
1499536,-111,24289,52.48,1,1,14.17,148.0,17227,257,-774,-162,831,1,43.6611458,-79.3955438,113.20,15.37,0.81,12,1,00:20:01,00
1499845,-121,24289,52.51,1,1,12.56,131.1,17235,270,-916,-113,962,1,43.6611458,-79.3955438,113.60,15.37,0.81,12,1,00:20:01,00
1500159,-122,24289,52.47,1,1,14.33,149.7,17245,160,-954,-96,972,1,43.6611458,-79.3955438,113.60,15.37,0.81,12,1,00:20:01,00
1500460,-106,24289,52.47,1,1,14.08,147.1,17254,65,-1006,53,1010,1,43.6611318,-79.3954983,113.60,14.96,0.81,12,1,00:20:02,00
1500818,-116,24289,52.45,1,1,12.82,133.9,17263,74,-1103,120,1112,1,43.6611318,-79.3954983,112.80,14.96,0.78,12,1,00:20:02,00
1501105,-114,24289,52.42,1,1,13.88,144.9,17271,139,-941,-108,958,1,43.6611318,-79.3954983,112.80,14.96,0.78,12,1,00:20:02,00
1501453,-104,24289,52.43,1,1,11.65,121.6,17280,126,-1000,16,1009,1,43.6611208,-79.3954558,112.80,13.46,0.78,12,1,00:20:03,00
1501741,-119,24289,52.44,1,1,13.73,143.4,17288,279,-656,-108,721,1,43.6611208,-79.3954558,113.60,13.46,0.78,12,1,00:20:03,00
1502030,-127,24289,52.41,1,1,13.83,144.4,17296,90,-1025,179,1045,1,43.6611208,-79.3954558,113.60,13.46,0.78,12,1,00:20:03,00
1502329,-115,24289,52.41,1,1,13.95,145.6,17305,220,-753,-104,791,1,43.6611208,-79.3954558,113.60,13.46,0.78,12,1,00:20:03,00
1502616,-122,24289,52.44,1,1,13.78,143.9,17313,95,-984,99,994,1,43.6611077,-79.3954058,114.90,16.04,0.92,12,1,00:20:04,00
1502908,-118,24289,52.43,1,1,13.99,146.1,17322,160,-1150,-176,1174,1,43.6611077,-79.3954058,114.90,16.04,0.92,12,1,00:20:04,00
1503193,-108,24289,52.44,1,1,13.78,143.9,17330,170,-1039,-154,1064,1,43.6611077,-79.3954058,114.90,16.04,0.92,12,1,00:20:04,00
1503475,-99,24289,52.45,1,1,13.78,143.9,17338,126,-724,24,735,1,43.6610955,-79.3953585,114.90,15.00,0.92,12,1,00:20:05,00
1503767,-111,24289,52.47,1,1,12.32,128.6,17346,153,-1035,-64,1048,1,43.6610955,-79.3953585,115.80,15.00,0.92,12,1,00:20:05,00
1504064,-107,24289,52.49,1,1,13.73,143.4,17354,259,-1168,-197,1213,1,43.6610955,-79.3953585,115.80,15.00,0.92,12,1,00:20:05,00
1504364,-120,24289,52.45,1,1,12.32,128.6,17362,50,-1029,41,1031,1,43.6610955,-79.3953585,115.80,15.00,0.92,12,1,00:20:05,00
1504654,-112,24289,52.44,1,1,13.68,142.9,17370,183,-860,-174,896,1,43.6610715,-79.3953142,116.60,16.06,1.16,12,1,00:20:06,00
1504950,-106,24289,52.40,1,1,13.77,143.8,17379,145,-1004,-32,1015,1,43.6610715,-79.3953142,116.60,16.06,1.16,12,1,00:20:06,00
1505244,-114,24289,52.40,1,1,13.58,141.8,17387,79,-1054,-85,1060,1,43.6610715,-79.3953142,116.60,16.06,1.16,12,1,00:20:06,00
1505536,-112,24289,52.35,1,1,13.68,142.9,17395,131,-922,-58,933,1,43.6610455,-79.3952658,116.60,17.59,1.16,12,1,00:20:07,00
1505832,-107,24289,52.31,1,1,13.72,143.3,17404,207,-894,-304,967,1,43.6610455,-79.3952658,117.20,17.59,1.09,12,1,00:20:07,00
1506189,-105,24289,52.33,1,1,12.42,129.7,17413,125,-923,-91,936,1,43.6610455,-79.3952658,117.20,17.59,1.09,12,1,00:20:07,00
1506483,-97,24289,52.31,1,1,13.35,139.4,17421,147,-892,-55,906,1,43.6610303,-79.3952123,117.20,17.22,1.09,12,1,00:20:08,00
1506776,111,24289,52.33,1,1,13.59,142.0,17430,120,-1240,-309,1284,1,43.6610303,-79.3952123,118.00,17.22,1.09,12,1,00:20:08,00
1507066,327,24289,52.30,1,1,13.44,140.4,17438,164,-954,-171,983,1,43.6610303,-79.3952123,118.00,17.22,1.09,12,1,00:20:08,00
1507360,304,24289,52.32,1,1,13.39,139.9,17446,230,-857,-177,905,1,43.6610303,-79.3952123,118.00,17.22,1.09,12,1,00:20:08,00
1507649,-106,24289,52.32,1,1,13.39,139.9,17454,183,-1059,-270,1108,1,43.6610347,-79.3951697,118.20,13.06,1.16,12,1,00:20:09,00
1507941,-91,24289,52.35,1,1,13.44,140.3,17462,123,-1005,-78,1015,1,43.6610347,-79.3951697,118.20,13.06,1.16,12,1,00:20:09,00
1508237,-100,24289,52.36,1,1,12.20,127.4,17470,139,-1001,5,1011,1,43.6610347,-79.3951697,118.20,13.06,1.16,12,1,00:20:09,00
1508534,-105,24289,52.33,1,1,13.63,142.3,17478,200,-1033,-210,1073,1,43.6610508,-79.3951317,118.20,12.33,1.16,12,1,00:20:10,00
1508831,-95,24289,52.31,1,1,12.28,128.2,17486,112,-1078,-51,1085,1,43.6610508,-79.3951317,118.20,12.33,1.13,12,1,00:20:10,00
1509131,-94,24289,52.31,1,1,13.68,142.9,17494,330,-834,-214,922,1,43.6610508,-79.3951317,118.20,12.33,1.13,12,1,00:20:10,00
1509418,-78,24289,52.33,1,1,13.86,144.7,17503,122,-1007,-157,1027,1,43.6610508,-79.3951317,118.20,12.33,1.13,12,1,00:20:10,00
1509714,-96,24289,52.29,1,1,13.63,142.3,17511,375,-550,-45,667,1,43.6610638,-79.3950888,118.30,13.33,0.91,12,1,00:20:11,00
1510030,-94,24289,52.26,1,1,12.24,127.8,17519,126,-984,-221,1016,1,43.6610638,-79.3950888,118.30,13.33,0.91,12,1,00:20:11,00
1510327,137,24289,52.29,1,1,13.90,145.2,17528,123,-911,27,919,1,43.6610638,-79.3950888,118.30,13.33,0.91,12,1,00:20:11,00
1510630,327,24289,52.25,1,1,13.90,145.2,17537,192,-947,-60,968,1,43.6610825,-79.3950455,118.50,13.76,0.90,12,1,00:20:12,00
1510992,135,24289,52.24,1,1,12.67,132.4,17546,104,-1155,-152,1170,1,43.6610825,-79.3950455,118.50,13.76,0.90,12,1,00:20:12,00
1511292,163,24289,52.24,1,1,12.40,129.5,17554,143,-1025,15,1035,1,43.6610825,-79.3950455,118.50,13.76,0.90,12,1,00:20:12,00
1511585,401,24289,52.25,1,1,13.95,145.6,17563,191,-978,-281,1036,1,43.6611017,-79.3950028,118.80,13.82,0.90,12,1,00:20:13,00
1511878,1049,24289,52.22,1,1,13.68,142.9,17571,80,-1118,11,1120,1,43.6611017,-79.3950028,118.80,13.82,0.90,12,1,00:20:13,00
1512176,2945,24289,52.23,1,1,13.53,141.3,17579,135,-966,-26,976,1,43.6611017,-79.3950028,118.80,13.82,0.90,12,1,00:20:13,00
1512454,5984,24289,52.24,1,1,13.64,142.4,17588,227,-843,-282,917,1,43.6611232,-79.3949610,118.80,13.76,0.90,12,1,00:20:14,00
1512763,12132,24289,52.28,1,1,13.53,141.3,17596,101,-767,66,777,1,43.6611232,-79.3949610,118.70,13.76,0.91,12,1,00:20:14,00
1513069,17013,24289,52.28,1,1,13.86,144.7,17605,9,-1067,-17,1068,1,43.6611232,-79.3949610,118.70,13.76,0.91,12,1,00:20:14,00
1513372,20570,24289,52.26,1,1,14.27,149.0,17614,151,-1002,-190,1031,1,43.6611232,-79.3949610,118.70,13.76,0.91,12,1,00:20:14,00
1513671,24043,24289,52.26,1,1,14.61,152.5,17623,87,-1095,-96,1103,1,43.6611353,-79.3949208,118.10,13.04,0.67,12,1,00:20:15,00
1513972,24520,24289,52.25,1,1,15.25,159.2,17633,64,-952,-52,955,1,43.6611353,-79.3949208,118.10,13.04,0.67,12,1,00:20:15,00
1514280,24520,24289,52.19,1,1,15.75,164.5,17643,39,-1028,55,1030,1,43.6611353,-79.3949208,118.10,13.04,0.67,12,1,00:20:15,00
1514582,24520,24289,52.17,1,1,16.28,170.1,17653,238,-901,-151,944,1,43.6611552,-79.3948757,117.60,14.87,0.68,12,1,00:20:16,00
1514892,24520,24289,52.17,1,1,15.35,160.3,17663,47,-1145,-252,1173,1,43.6611552,-79.3948757,117.60,14.87,0.68,12,1,00:20:16,00
1515201,24520,24289,52.17,1,1,15.80,165.0,17673,32,-1157,-56,1159,1,43.6611552,-79.3948757,117.60,14.87,0.68,12,1,00:20:16,00
1515493,24516,24289,52.17,1,1,17.84,186.3,17685,223,-627,-201,696,1,43.6611755,-79.3948225,117.60,16.41,0.68,12,1,00:20:17,00
1515861,24520,24289,52.11,1,1,14.04,146.6,17695,189,-1017,-358,1095,1,43.6611755,-79.3948225,117.60,16.41,0.70,12,1,00:20:17,00
1516166,24520,24289,52.06,1,1,16.83,175.7,17706,60,-1169,-187,1185,1,43.6611755,-79.3948225,117.60,16.41,0.70,12,1,00:20:17,00
1516463,24520,24289,52.10,1,1,18.59,194.2,17718,135,-1059,-181,1083,1,43.6611947,-79.3947758,117.60,14.22,0.70,12,1,00:20:18,00
1516772,24452,24289,52.11,1,1,17.21,179.7,17729,111,-697,85,711,1,43.6611947,-79.3947758,117.90,14.22,0.70,12,1,00:20:18,00
1517080,24381,24289,52.11,1,1,19.02,198.7,17741,200,-770,-172,814,1,43.6611947,-79.3947758,117.90,14.22,0.70,12,1,00:20:18,00
1517383,24335,24289,52.12,1,1,19.15,200.0,17753,-130,-1008,-17,1016,1,43.6611947,-79.3947758,117.90,14.22,0.70,12,1,00:20:18,00
1517690,24325,24289,52.10,1,1,17.61,183.9,17764,228,-834,-239,897,1,43.6612200,-79.3947400,118.40,12.91,0.98,12,1,00:20:19,00
1517994,24282,24289,52.02,1,1,18.12,189.3,17776,128,-1028,-164,1049,1,43.6612200,-79.3947400,118.40,12.91,0.98,12,1,00:20:19,00
1518297,24134,24289,52.05,1,1,17.97,187.7,17787,128,-1091,-104,1103,1,43.6612200,-79.3947400,118.40,12.91,0.98,12,1,00:20:19,00
1518603,24052,24289,52.05,1,1,19.95,208.3,17800,71,-883,-72,888,1,43.6612537,-79.3947047,118.00,14.96,0.77,12,1,00:20:20,00
1518907,23935,24289,52.05,1,1,20.34,212.4,17813,108,-1372,-311,1411,1,43.6612537,-79.3947047,118.00,14.96,0.77,12,1,00:20:20,00
1519224,23370,24289,51.99,1,1,19.33,201.9,17826,8,-856,-25,856,1,43.6612537,-79.3947047,118.00,14.96,0.77,12,1,00:20:20,00
1519533,23296,24289,51.99,1,1,19.41,202.7,17838,116,-1023,-225,1054,1,43.6613047,-79.3946548,118.00,21.67,0.77,12,1,00:20:21,00
1519845,23053,24289,52.01,1,1,19.95,208.3,17851,68,-871,24,874,1,43.6613047,-79.3946548,117.30,21.67,0.75,12,1,00:20:21,00
1520155,22014,24289,51.99,1,1,20.34,212.4,17864,118,-1062,-320,1116,1,43.6613047,-79.3946548,117.30,21.67,0.75,12,1,00:20:21,00
1520456,22129,24289,51.99,1,1,20.82,217.4,17878,176,-538,53,568,1,43.6613468,-79.3946092,117.30,20.80,0.75,12,1,00:20:22,00
1520834,21681,24289,52.02,1,1,19.20,200.5,17893,107,-834,-62,843,1,43.6613468,-79.3946092,116.80,20.80,0.75,12,1,00:20:22,00
1521144,21047,24289,52.02,1,1,21.32,222.6,17906,36,-748,199,775,1,43.6613468,-79.3946092,116.80,20.80,0.75,12,1,00:20:22,00
1521455,20973,24289,52.02,1,1,21.96,229.4,17921,172,-411,-65,451,1,43.6614032,-79.3945577,116.80,24.72,0.75,12,1,00:20:23,00
1521761,20602,24289,51.99,1,1,22.20,231.8,17935,-109,-1355,53,1360,1,43.6614032,-79.3945577,116.80,24.72,0.74,12,1,00:20:23,00
1522071,20298,24289,52.02,1,1,22.34,233.3,17949,102,-1069,-136,1083,1,43.6614032,-79.3945577,116.80,24.72,0.74,12,1,00:20:23,00
1522380,21012,24289,52.06,1,1,22.51,235.1,17964,-97,-873,89,882,1,43.6614032,-79.3945577,116.80,24.72,0.74,12,1,00:20:23,00
1522733,20769,24289,52.08,1,1,20.23,211.3,17979,217,-712,-201,771,1,43.6614543,-79.3945103,116.00,24.52,0.80,12,1,00:20:24,00
1523021,20999,24289,52.05,1,1,22.07,230.5,17992,33,-1192,-223,1213,1,43.6614543,-79.3945103,116.00,24.52,0.80,12,1,00:20:24,00
1523309,21197,24289,52.07,1,1,21.92,228.9,18005,315,-912,-384,1038,1,43.6614543,-79.3945103,116.00,24.52,0.80,12,1,00:20:24,00
1523605,21690,24289,52.03,1,1,21.90,228.8,18019,4,-1193,-87,1196,1,43.6615078,-79.3944720,115.20,24.48,0.77,12,1,00:20:25,00
1523897,21555,24289,52.06,1,1,21.46,224.1,18032,213,-834,-341,926,1,43.6615078,-79.3944720,115.20,24.48,0.77,12,1,00:20:25,00
1524190,21513,24289,52.06,1,1,21.46,224.1,18045,-25,-928,141,939,1,43.6615078,-79.3944720,115.20,24.48,0.77,12,1,00:20:25,00
1524474,56,24289,52.05,1,1,21.32,222.6,18058,262,-1078,-154,1120,1,43.6615585,-79.3944502,115.20,22.91,0.77,12,1,00:20:26,00
1524773,-470,24289,52.07,1,1,19.54,204.1,18070,164,-1125,-268,1168,1,43.6615585,-79.3944502,114.80,22.91,0.72,12,1,00:20:26,00
1525066,-453,24289,52.04,1,1,20.96,218.9,18083,305,-770,-64,831,1,43.6615585,-79.3944502,114.80,22.91,0.72,12,1,00:20:26,00
1525359,-429,24289,52.17,1,1,20.52,214.3,18095,93,-1220,-13,1223,1,43.6615585,-79.3944502,114.80,22.91,0.72,12,1,00:20:26,00
1525714,-394,24289,52.08,1,1,18.36,191.8,18109,256,-802,-121,851,1,43.6616030,-79.3944110,114.70,21.39,0.72,12,1,00:20:27,00
1526003,-361,24289,52.09,1,1,19.95,208.3,18121,69,-869,113,879,1,43.6616030,-79.3944110,114.70,21.39,0.72,12,1,00:20:27,00
1526294,-335,24289,52.10,1,1,19.81,206.9,18133,143,-1064,-313,1118,1,43.6616030,-79.3944110,114.70,21.39,0.72,12,1,00:20:27,00
1526583,-324,24289,52.08,1,1,19.41,202.7,18145,169,-1169,-192,1197,1,43.6616482,-79.3943905,114.30,21.06,0.67,12,1,00:20:28,00
1526876,-298,24289,52.13,1,1,18.94,197.8,18156,209,-630,-189,690,1,43.6616482,-79.3943905,114.30,21.06,0.67,12,1,00:20:28,00
1527169,-298,24289,52.13,1,1,18.90,197.4,18168,321,-521,-3,612,1,43.6616482,-79.3943905,114.30,21.06,0.67,12,1,00:20:28,00
1527450,-266,24289,52.16,1,1,18.48,193.0,18179,165,-890,-111,912,1,43.6617065,-79.3943773,114.30,23.67,0.67,12,1,00:20:29,00
1527748,-266,24289,52.17,1,1,18.16,189.7,18190,256,-1067,-246,1124,1,43.6617065,-79.3943773,113.80,23.67,0.67,12,1,00:20:29,00
1528048,-251,24289,52.16,1,1,17.97,187.7,18201,-14,-856,44,858,1,43.6617065,-79.3943773,113.80,23.67,0.67,12,1,00:20:29,00
1528343,-238,24289,52.21,1,1,19.22,200.7,18213,20,-1177,-74,1179,1,43.6617065,-79.3943773,113.80,23.67,0.67,12,1,00:20:29,00
1528638,-235,24289,52.22,1,1,17.32,180.9,18224,150,-1034,-224,1068,1,43.6617695,-79.3943717,114.20,23.89,0.72,12,1,00:20:30,00
1528933,-225,24289,52.22,1,1,18.48,193.0,18235,128,-992,38,1001,1,43.6617695,-79.3943717,114.20,23.89,0.72,12,1,00:20:30,00
1529229,-204,24289,52.24,1,1,16.57,173.0,18245,133,-1121,-211,1148,1,43.6617695,-79.3943717,114.20,23.89,0.72,12,1,00:20:30,00
1529525,-187,24289,52.26,1,1,16.67,174.1,18256,186,-1215,-119,1235,1,43.6618128,-79.3943673,114.20,20.26,0.72,12,1,00:20:31,00
1529828,-193,24289,52.26,1,1,16.12,168.4,18266,447,-302,-176,568,1,43.6618128,-79.3943673,112.60,20.26,0.77,12,1,00:20:31,00
1530126,-185,24289,52.25,1,1,15.85,165.6,18276,123,-799,108,816,1,43.6618128,-79.3943673,112.60,20.26,0.77,12,1,00:20:31,00
1530474,-155,24289,52.27,1,1,14.75,154.1,18287,129,-846,-196,878,1,43.6618580,-79.3943657,112.60,18.93,0.77,12,1,00:20:32,00
1530770,-161,24289,52.28,1,1,16.80,175.4,18297,158,-805,-155,835,1,43.6618580,-79.3943657,111.90,18.93,0.76,12,1,00:20:32,00
1531068,-158,24289,52.29,1,1,16.51,172.4,18307,134,-1061,-164,1082,1,43.6618580,-79.3943657,111.90,18.93,0.76,12,1,00:20:32,00
1531363,-173,24289,52.32,1,1,16.28,170.1,18317,124,-965,-128,981,1,43.6618580,-79.3943657,111.90,18.93,0.76,12,1,00:20:32,00
1531658,-162,24289,52.28,1,1,15.96,166.7,18327,55,-965,-18,967,1,43.6618987,-79.3943715,111.20,17.32,0.81,12,1,00:20:33,00
1531963,-151,24289,52.30,1,1,15.75,164.5,18337,168,-930,-124,953,1,43.6618987,-79.3943715,111.20,17.32,0.81,12,1,00:20:33,00
1532258,-156,24289,52.27,1,1,15.17,158.4,18346,109,-1060,-6,1065,1,43.6618987,-79.3943715,111.20,17.32,0.81,12,1,00:20:33,00
1532552,-157,24289,52.32,1,1,14.96,156.3,18355,102,-1034,-75,1042,1,43.6619478,-79.3943805,110.60,19.54,0.80,12,1,00:20:34,00
1532846,-149,24289,52.30,1,1,14.71,153.6,18364,192,-882,-187,921,1,43.6619478,-79.3943805,110.60,19.54,0.80,12,1,00:20:34,00
1533145,-147,24289,52.28,1,1,14.41,150.5,18373,44,-1035,-43,1037,1,43.6619478,-79.3943805,110.60,19.54,0.80,12,1,00:20:34,00
1533427,-135,24289,52.34,1,1,14.08,147.1,18382,120,-1068,8,1075,1,43.6619907,-79.3943853,110.60,17.78,0.80,12,1,00:20:35,00
1533728,-136,24289,52.32,1,1,13.63,142.3,18390,131,-1117,-100,1129,1,43.6619907,-79.3943853,110.40,17.78,0.73,12,1,00:20:35,00
1534035,-132,24289,52.35,1,1,13.55,141.5,18399,110,-1084,-61,1092,1,43.6619907,-79.3943853,110.40,17.78,0.73,12,1,00:20:35,00
1534338,-142,24289,52.42,1,1,13.07,136.5,18407,224,-860,8,889,1,43.6619907,-79.3943853,110.40,17.78,0.73,12,1,00:20:35,00
1534645,-126,24289,52.45,1,1,13.14,137.2,18416,155,-923,-171,951,1,43.6620183,-79.3944012,110.00,14.54,0.69,12,1,00:20:36,00
1534949,-134,24289,52.49,1,1,12.60,131.6,18424,101,-979,7,984,1,43.6620183,-79.3944012,110.00,14.54,0.69,12,1,00:20:36,00
1535311,-130,24289,52.52,1,1,11.13,116.3,18432,202,-1066,-149,1095,1,43.6620183,-79.3944012,110.00,14.54,0.69,12,1,00:20:36,00
1535607,-120,24289,52.52,1,1,12.16,127.0,18440,165,-1014,-141,1037,1,43.6620390,-79.3944232,109.90,11.85,0.67,12,1,00:20:37,00
1535908,-111,24289,52.55,1,1,11.68,122.0,18447,162,-827,10,842,1,43.6620390,-79.3944232,109.90,11.85,0.67,12,1,00:20:37,00
1536212,-118,24289,52.61,1,1,11.40,119.0,18454,57,-1131,-28,1133,1,43.6620390,-79.3944232,109.90,11.85,0.67,12,1,00:20:37,00
1536518,-114,24289,52.61,1,1,11.13,116.3,18461,248,-888,-156,935,1,43.6620662,-79.3944343,109.90,11.61,0.67,12,1,00:20:38,00
1536818,-128,24289,52.65,1,1,10.92,114.0,18468,114,-962,-17,969,1,43.6620662,-79.3944343,110.00,11.61,0.70,12,1,00:20:38,00
1537119,-126,24289,52.67,1,1,10.64,111.1,18475,123,-929,-110,943,1,43.6620662,-79.3944343,110.00,11.61,0.70,12,1,00:20:38,00
1537408,-108,24289,52.71,1,1,10.22,106.8,18481,85,-1051,-62,1057,1,43.6620662,-79.3944343,110.00,11.61,0.70,12,1,00:20:38,00
1537714,-109,24289,52.70,1,1,10.01,104.5,18487,143,-971,-64,983,1,43.6620975,-79.3944273,109.20,11.30,0.70,12,1,00:20:39,00
1538016,-104,24289,52.70,1,1,9.74,101.7,18493,109,-983,-43,990,1,43.6620975,-79.3944273,109.20,11.30,0.70,12,1,00:20:39,00
1538324,-82,24289,52.77,1,1,9.71,101.4,18500,90,-966,1,971,1,43.6620975,-79.3944273,109.20,11.30,0.70,12,1,00:20:39,00
1538634,83,24289,52.76,1,1,9.27,96.8,18506,157,-856,-176,888,1,43.6621220,-79.3944402,108.90,10.72,0.70,12,1,00:20:40,00
1538941,-101,24289,52.82,1,1,8.83,92.3,18511,102,-1005,-29,1011,1,43.6621220,-79.3944402,108.90,10.72,0.70,12,1,00:20:40,00
1539251,-112,24289,52.82,1,1,8.89,92.9,18517,156,-919,-97,937,1,43.6621220,-79.3944402,108.90,10.72,0.70,12,1,00:20:40,00
1539560,-110,24289,52.84,1,1,8.76,91.5,18523,148,-1008,-166,1032,1,43.6621490,-79.3944575,108.90,11.13,0.70,12,1,00:20:41,00
1539874,-112,24289,52.84,1,1,8.43,88.0,18528,128,-939,-66,950,1,43.6621490,-79.3944575,108.90,11.13,0.70,12,1,00:20:41,00
1540250,-105,24289,52.83,1,1,7.48,78.1,18534,168,-1003,-81,1020,1,43.6621490,-79.3944575,108.90,11.13,0.70,12,1,00:20:41,00
1540558,-113,24289,52.83,1,1,8.45,88.2,18540,183,-936,-158,967,1,43.6621720,-79.3944672,108.60,8.72,0.73,12,1,00:20:42,00
1540864,-106,24289,52.82,1,1,8.11,84.7,18545,163,-917,-125,940,1,43.6621720,-79.3944672,108.60,8.72,0.73,12,1,00:20:42,00
1541174,-106,24289,52.84,1,1,7.98,83.3,18550,211,-829,-220,883,1,43.6621720,-79.3944672,108.60,8.72,0.73,12,1,00:20:42,00
1541469,-86,24289,52.81,1,1,9.39,98.0,18556,103,-992,-27,997,1,43.6621900,-79.3944803,108.60,8.57,0.73,12,1,00:20:43,00
1541773,-100,24289,52.82,1,1,7.70,80.4,18561,199,-857,-160,894,1,43.6621900,-79.3944803,107.90,8.57,0.72,12,1,00:20:43,00
1542081,-97,24289,52.84,1,1,7.25,75.8,18565,100,-1106,30,1111,1,43.6621900,-79.3944803,107.90,8.57,0.72,12,1,00:20:43,00
1542390,-102,24289,52.83,1,1,8.87,92.6,18571,94,-989,-15,994,1,43.6621900,-79.3944803,107.90,8.57,0.72,12,1,00:20:43,00
1542702,47,24289,52.88,1,1,7.17,74.9,18576,104,-1038,-96,1048,1,43.6622098,-79.3944952,107.70,8.93,0.68,12,1,00:20:44,00
1543012,355,24289,52.94,1,1,6.79,70.9,18580,130,-944,-70,956,1,43.6622098,-79.3944952,107.70,8.93,0.68,12,1,00:20:44,00
1543324,1858,24289,52.95,1,1,6.96,72.7,18585,96,-961,-7,966,1,43.6622098,-79.3944952,107.70,8.93,0.68,12,1,00:20:44,00
1543636,5040,24289,53.00,1,1,8.34,87.1,18590,85,-997,-116,1008,1,43.6622252,-79.3945062,106.90,7.65,0.68,12,1,00:20:45,00
1543949,9550,24289,53.00,1,1,7.06,73.7,18595,156,-1006,-131,1026,1,43.6622252,-79.3945062,106.90,7.65,0.68,12,1,00:20:45,00
1544263,14902,24289,53.04,1,1,7.02,73.3,18599,101,-949,-74,957,1,43.6622252,-79.3945062,106.90,7.65,0.68,12,1,00:20:45,00
1544612,20075,24289,53.02,1,1,6.54,68.3,18604,70,-1059,-137,1070,1,43.6622385,-79.3945245,106.60,7.37,0.72,12,1,00:20:46,00
1544911,22743,24289,53.02,1,1,8.14,85.0,18609,81,-984,-113,993,1,43.6622385,-79.3945245,106.60,7.37,0.72,12,1,00:20:46,00
1545261,24520,24289,52.97,1,1,7.79,81.3,18615,11,-1051,56,1053,1,43.6622385,-79.3945245,106.60,7.37,0.72,12,1,00:20:46,00
1545548,24520,24289,53.00,1,1,9.54,99.7,18621,35,-1139,-94,1143,1,43.6622605,-79.3945378,106.60,8.89,0.72,12,1,00:20:47,00
1545831,24520,24289,52.97,1,1,9.77,102.0,18626,50,-995,-58,998,1,43.6622605,-79.3945378,106.20,8.89,0.72,12,1,00:20:47,00
1546122,24520,24289,52.96,1,1,10.78,112.5,18633,90,-990,-58,996,1,43.6622605,-79.3945378,106.20,8.89,0.72,12,1,00:20:47,00
1546412,24520,24289,52.94,1,1,11.40,119.0,18640,5,-1012,-101,1017,1,43.6622605,-79.3945378,106.20,8.89,0.72,12,1,00:20:47,00
1546702,24520,24289,52.95,1,1,11.80,123.2,18647,86,-1080,-34,1084,1,43.6622768,-79.3945595,105.40,10.19,0.68,12,1,00:20:48,00
1546996,24520,24289,52.93,1,1,12.32,128.6,18655,25,-1021,-115,1028,1,43.6622768,-79.3945595,105.40,10.19,0.68,12,1,00:20:48,00
1547288,24520,24289,52.94,1,1,12.51,130.6,18662,115,-969,-160,989,1,43.6622768,-79.3945595,105.40,10.19,0.68,12,1,00:20:48,00
1547581,24520,24289,52.97,1,1,12.98,135.6,18670,154,-915,-281,969,1,43.6622963,-79.3945810,103.80,11.46,0.67,12,1,00:20:49,00
1547876,24520,24289,52.97,1,1,13.55,141.5,18679,93,-968,-78,975,1,43.6622963,-79.3945810,103.80,11.46,0.67,12,1,00:20:49,00
1548173,24520,24289,52.99,1,1,13.73,143.4,18687,36,-845,-12,846,1,43.6622963,-79.3945810,103.80,11.46,0.67,12,1,00:20:49,00
1548450,24520,24289,52.98,1,1,12.60,131.6,18695,144,-942,-203,974,1,43.6623107,-79.3946122,103.80,11.61,0.67,12,1,00:20:50,00
1548754,24520,24289,53.05,1,1,14.61,152.5,18704,33,-1021,43,1023,1,43.6623107,-79.3946122,102.80,11.61,0.67,12,1,00:20:50,00
1549058,24520,24289,53.08,1,1,14.81,154.6,18713,56,-920,-43,923,1,43.6623107,-79.3946122,102.80,11.61,0.67,12,1,00:20:50,00
1549352,24520,24289,53.06,1,1,15.17,158.5,18722,206,-679,-164,728,1,43.6623107,-79.3946122,102.80,11.61,0.67,12,1,00:20:50,00
1549646,24520,24289,53.05,1,1,14.04,146.6,18731,77,-1093,-71,1098,1,43.6623445,-79.3946417,102.20,14.58,0.68,12,1,00:20:51,00
1550012,24503,24289,53.10,1,1,13.41,140.1,18741,79,-915,-215,944,1,43.6623445,-79.3946417,102.20,14.58,0.68,12,1,00:20:51,00
1550302,24388,24289,53.10,1,1,14.51,151.5,18750,147,-907,-149,931,1,43.6623445,-79.3946417,102.20,14.58,0.68,12,1,00:20:51,00
1550588,24497,24289,53.12,1,1,16.45,171.8,18760,80,-1039,-12,1042,1,43.6623702,-79.3946858,101.10,16.87,0.67,12,1,00:20:52,00
1550875,20775,24289,53.15,1,1,16.80,175.4,18770,15,-1008,63,1010,1,43.6623702,-79.3946858,101.10,16.87,0.67,12,1,00:20:52,00
1551178,3415,24289,53.13,1,1,15.65,163.4,18780,166,-887,-168,918,1,43.6623702,-79.3946858,101.10,16.87,0.67,12,1,00:20:52,00
1551455,2933,24289,53.17,1,1,15.39,160.7,18789,81,-968,-203,992,1,43.6624060,-79.3947463,101.10,21.65,0.67,12,1,00:20:53,00
1551748,3281,24289,53.22,1,1,15.39,160.7,18798,193,-996,-284,1054,1,43.6624060,-79.3947463,100.30,21.65,0.67,12,1,00:20:53,00
1552044,3114,24289,53.23,1,1,17.27,180.3,18809,111,-934,-153,953,1,43.6624060,-79.3947463,100.30,21.65,0.67,12,1,00:20:53,00
1552345,-301,24289,53.26,1,1,15.65,163.4,18819,140,-863,-24,875,1,43.6624060,-79.3947463,100.30,21.65,0.67,12,1,00:20:53,00
1552642,-287,24289,53.25,1,1,15.39,160.7,18828,49,-971,211,994,1,43.6624318,-79.3948040,99.80,20.37,0.69,12,1,00:20:54,00
1552941,-517,24289,53.26,1,1,17.38,181.5,18839,105,-1028,-37,1034,1,43.6624318,-79.3948040,99.80,20.37,0.69,12,1,00:20:54,00
1553245,-483,24289,53.30,1,1,17.38,181.5,18850,143,-869,-98,886,1,43.6624318,-79.3948040,99.80,20.37,0.69,12,1,00:20:54,00
1553543,-462,24289,53.35,1,1,17.38,181.5,18861,149,-1076,-118,1093,1,43.6624650,-79.3948597,99.80,21.19,0.69,12,1,00:20:55,00
1553845,-434,24289,53.36,1,1,15.86,165.6,18871,229,-1255,-407,1339,1,43.6624650,-79.3948597,99.50,21.19,0.69,12,1,00:20:55,00
1554147,-396,24289,53.40,1,1,17.38,181.5,18882,218,-1105,-189,1142,1,43.6624650,-79.3948597,99.50,21.19,0.69,12,1,00:20:55,00
1554438,-372,24289,53.39,1,1,15.85,165.6,18892,264,-1027,-402,1134,1,43.6624735,-79.3948985,99.50,14.65,0.69,12,1,00:20:56,00
1554801,-369,24289,53.43,1,1,14.92,155.8,18903,227,-848,-191,899,1,43.6624735,-79.3948985,98.60,14.65,0.69,12,1,00:20:56,00
1555095,-341,24289,53.48,1,1,15.85,165.6,18913,156,-737,43,755,1,43.6624735,-79.3948985,98.60,14.65,0.69,12,1,00:20:56,00
1555392,-310,24289,53.51,1,1,15.85,165.6,18923,78,-872,78,879,1,43.6624735,-79.3948985,98.60,14.65,0.69,12,1,00:20:56,00
1555690,-302,24289,53.50,1,1,17.22,179.9,18933,210,-784,-25,813,1,43.6624838,-79.3949500,98.10,16.13,0.76,12,1,00:20:57,00
1555995,-286,24289,53.48,1,1,17.56,183.3,18944,-4,-1050,140,1059,1,43.6624838,-79.3949500,98.10,16.13,0.76,12,1,00:20:57,00
1556297,-270,24289,53.49,1,1,17.38,181.5,18955,179,-999,-127,1023,1,43.6624838,-79.3949500,98.10,16.13,0.76,12,1,00:20:57,00
1556597,-266,24289,53.50,1,1,17.38,181.5,18966,37,-810,-77,814,1,43.6624835,-79.3950072,97.70,17.37,0.76,12,1,00:20:58,00
1556899,-253,24289,53.52,1,1,17.38,181.5,18977,144,-1116,-127,1133,1,43.6624835,-79.3950072,97.70,17.37,0.76,12,1,00:20:58,00
1557201,-245,24289,53.50,1,1,17.38,181.5,18988,149,-891,4,903,1,43.6624835,-79.3950072,97.70,17.37,0.76,12,1,00:20:58,00
1557494,-229,24289,53.52,1,1,17.44,182.1,18999,96,-1004,42,1010,1,43.6624867,-79.3950608,97.70,16.06,0.76,12,1,00:20:59,00
1557797,-228,24289,53.52,1,1,15.80,165.0,19009,90,-1073,-65,1079,1,43.6624867,-79.3950608,97.20,16.06,0.76,12,1,00:20:59,00
1558106,-214,24289,53.55,1,1,15.70,163.9,19019,311,-949,-179,1015,1,43.6624867,-79.3950608,97.20,16.06,0.76,12,1,00:20:59,00
1558410,-206,24289,53.58,1,1,15.49,161.8,19029,135,-1134,2,1142,1,43.6624867,-79.3950608,97.20,16.06,0.76,12,1,00:20:59,00
1558720,-210,24289,53.57,1,1,15.44,161.3,19039,71,-900,-32,903,1,43.6624792,-79.3950988,97.00,12.52,0.76,12,1,00:21:00,00
1559022,-191,24289,53.57,1,1,16.62,173.6,19049,155,-1151,-166,1173,1,43.6624792,-79.3950988,97.00,12.52,0.76,12,1,00:21:00,00
1559329,-194,24289,53.62,1,1,16.46,171.9,19060,258,-937,-74,975,1,43.6624792,-79.3950988,97.00,12.52,0.76,12,1,00:21:00,00
1559712,-180,24289,53.67,1,1,13.90,145.1,19071,178,-1042,-114,1063,1,43.6624870,-79.3951445,97.30,12.54,0.76,12,1,00:21:01,00
1560017,-187,24289,53.69,1,1,15.70,163.9,19081,203,-847,-268,911,1,43.6624870,-79.3951445,97.30,12.54,0.76,12,1,00:21:01,00
1560317,-175,24289,53.69,1,1,15.12,157.9,19090,101,-955,-120,968,1,43.6624870,-79.3951445,97.30,12.54,0.76,12,1,00:21:01,00
1560618,-175,24289,53.76,1,1,15.10,157.7,19100,139,-1088,-12,1097,1,43.6624857,-79.3951855,96.70,12.39,0.76,12,1,00:21:02,00
1560922,-180,24289,53.79,1,1,13.07,136.5,19108,216,-934,-85,962,1,43.6624857,-79.3951855,96.70,12.39,0.76,12,1,00:21:02,00
1561228,-185,24289,53.82,1,1,13.89,145.1,19117,169,-981,5,995,1,43.6624857,-79.3951855,96.70,12.39,0.76,12,1,00:21:02,00
1561528,-174,24289,53.87,1,1,12.32,128.7,19125,140,-979,68,991,1,43.6624933,-79.3952410,96.70,14.35,0.76,12,1,00:21:03,00
1561839,-169,24289,53.88,1,1,11.36,118.6,19132,65,-989,133,1000,1,43.6624933,-79.3952410,97.20,14.35,0.68,12,1,00:21:03,00
1562146,-169,24289,53.94,1,1,11.06,115.5,19139,226,-900,-20,929,1,43.6624933,-79.3952410,97.20,14.35,0.68,12,1,00:21:03,00
1562435,-152,24289,53.97,1,1,10.78,112.5,19146,147,-822,-71,838,1,43.6624898,-79.3952842,97.20,12.24,0.68,12,1,00:21:04,00
1562750,-163,24289,53.99,1,1,10.67,111.5,19153,122,-897,27,905,1,43.6624898,-79.3952842,97.60,12.24,0.66,12,1,00:21:04,00
1563061,-161,24289,54.01,1,1,10.30,107.5,19159,113,-1032,-92,1042,1,43.6624898,-79.3952842,97.60,12.24,0.66,12,1,00:21:04,00
1563368,-164,24289,54.06,1,1,10.38,108.4,19166,165,-1192,-201,1220,1,43.6624898,-79.3952842,97.60,12.24,0.66,12,1,00:21:04,00
1563677,-168,24289,54.12,1,1,10.25,107.0,19173,200,-800,87,829,1,43.6624833,-79.3953247,97.80,11.17,0.66,12,1,00:21:05,00
1563991,-167,24289,54.09,1,1,9.87,103.1,19179,148,-984,-135,1004,1,43.6624833,-79.3953247,97.80,11.17,0.66,12,1,00:21:05,00
1564299,-166,24289,54.11,1,1,10.13,105.7,19186,100,-948,-26,954,1,43.6624833,-79.3953247,97.80,11.17,0.66,12,1,00:21:05,00
1564670,-152,24289,54.15,1,1,8.55,89.3,19192,151,-905,28,918,1,43.6624770,-79.3953582,97.00,10.13,0.71,12,1,00:21:06,00
1564975,-142,24289,54.16,1,1,9.86,102.9,19199,114,-893,-25,901,1,43.6624770,-79.3953582,97.00,10.13,0.71,12,1,00:21:06,00
1565284,-146,24289,54.18,1,1,9.54,99.7,19205,165,-947,-165,976,1,43.6624770,-79.3953582,97.00,10.13,0.71,12,1,00:21:06,00
1565595,-147,24289,54.22,1,1,9.39,98.0,19211,74,-1009,-13,1012,1,43.6624688,-79.3953807,97.20,6.89,0.78,12,1,00:21:07,00
1565904,-142,24289,54.24,1,1,9.09,94.9,19217,75,-1051,-15,1053,1,43.6624688,-79.3953807,97.20,6.89,0.78,12,1,00:21:07,00
1566261,-150,24289,54.28,1,1,7.41,77.4,19222,119,-1009,-26,1017,1,43.6624688,-79.3953807,97.20,6.89,0.78,12,1,00:21:07,00
1566557,-146,24289,54.27,1,1,8.60,89.8,19228,155,-853,-97,873,1,43.6624608,-79.3954102,97.30,8.19,0.78,12,1,00:21:08,00
1566843,-151,24289,54.33,1,1,9.81,102.5,19233,131,-895,-69,907,1,43.6624608,-79.3954102,97.30,8.19,0.78,12,1,00:21:08,00
1567132,-147,24289,54.37,1,1,7.95,83.1,19238,115,-892,-72,902,1,43.6624608,-79.3954102,97.30,8.19,0.78,12,1,00:21:08,00
1567412,-89,24289,54.37,1,1,9.27,96.8,19244,86,-1016,-123,1027,1,43.6624608,-79.3954102,97.30,8.19,0.78,12,1,00:21:08,00
1567703,298,24289,54.45,1,1,7.25,75.8,19248,152,-979,-54,992,1,43.6624537,-79.3954392,97.30,7.93,0.78,12,1,00:21:09,00
1567999,1128,24289,54.44,1,1,7.39,77.2,19253,110,-918,-109,931,1,43.6624537,-79.3954392,97.30,7.93,0.78,12,1,00:21:09,00
1568291,4221,24289,54.47,1,1,6.91,72.2,19257,77,-1023,32,1026,1,43.6624537,-79.3954392,97.30,7.93,0.78,12,1,00:21:09,00
1568581,8199,24289,54.51,1,1,6.86,71.7,19261,83,-911,-16,915,1,43.6624477,-79.3954633,97.50,6.50,0.72,12,1,00:21:10,00
1568877,13011,24289,54.54,1,1,6.86,71.7,19265,55,-1017,-30,1019,1,43.6624477,-79.3954633,97.50,6.50,0.72,12,1,00:21:10,00
1569170,17527,24289,54.54,1,1,8.71,90.9,19271,35,-1045,-50,1047,1,43.6624477,-79.3954633,97.50,6.50,0.72,12,1,00:21:10,00
1569530,21806,24289,54.59,1,1,5.95,62.1,19275,121,-921,-70,931,1,43.6624403,-79.3954937,97.50,7.96,0.72,12,1,00:21:11,00
1569821,23699,24289,54.61,1,1,7.75,80.9,19280,-6,-1009,-3,1009,1,43.6624403,-79.3954937,97.50,7.96,0.78,12,1,00:21:11,00
1570109,24239,24289,54.66,1,1,9.64,100.7,19286,138,-849,-119,868,1,43.6624403,-79.3954937,97.50,7.96,0.78,12,1,00:21:11,00
1570396,24389,24289,54.66,1,1,8.28,86.5,19291,-52,-1033,105,1039,1,43.6624403,-79.3954937,97.50,7.96,0.78,12,1,00:21:11,00
1570687,24520,24289,54.70,1,1,8.71,90.9,19296,116,-994,-135,1010,1,43.6624400,-79.3955238,97.00,6.80,0.66,12,1,00:21:12,00
1570978,24520,24289,54.73,1,1,9.30,97.1,19302,122,-1032,-203,1058,1,43.6624400,-79.3955238,97.00,6.80,0.66,12,1,00:21:12,00
1571271,24520,24289,54.77,1,1,9.77,102.0,19308,79,-1048,-119,1057,1,43.6624400,-79.3955238,97.00,6.80,0.66,12,1,00:21:12,00
1571566,24520,24289,54.75,1,1,10.22,106.8,19314,91,-881,19,886,1,43.6624282,-79.3955517,96.70,8.28,0.72,12,1,00:21:13,00
1571859,24520,24289,54.76,1,1,10.92,114.0,19321,117,-984,-253,1023,1,43.6624282,-79.3955517,96.70,8.28,0.72,12,1,00:21:13,00
1572154,24520,24289,54.81,1,1,11.36,118.6,19328,-88,-798,383,890,1,43.6624282,-79.3955517,96.70,8.28,0.72,12,1,00:21:13,00
1572437,24520,24289,54.81,1,1,11.80,123.2,19335,67,-1043,-183,1061,1,43.6624157,-79.3955850,96.70,9.76,0.72,12,1,00:21:14,00
1572735,24520,24289,54.86,1,1,12.32,128.6,19343,35,-963,68,966,1,43.6624157,-79.3955850,96.30,9.76,0.70,12,1,00:21:14,00
1573037,24520,24289,54.87,1,1,11.17,116.7,19350,26,-1152,-31,1153,1,43.6624157,-79.3955850,96.30,9.76,0.70,12,1,00:21:14,00
1573332,24520,24289,54.87,1,1,13.12,137.0,19358,87,-874,43,879,1,43.6624157,-79.3955850,96.30,9.76,0.70,12,1,00:21:14,00
1573625,24520,24289,54.87,1,1,13.44,140.4,19366,70,-1251,-167,1264,1,43.6623958,-79.3956313,96.90,14.22,0.69,12,1,00:21:15,00
1573924,24520,24289,54.86,1,1,13.99,146.1,19375,36,-977,-64,980,1,43.6623958,-79.3956313,96.90,14.22,0.69,12,1,00:21:15,00
1574292,24520,24289,54.82,1,1,10.67,111.4,19383,64,-1085,-37,1088,1,43.6623958,-79.3956313,96.90,14.22,0.69,12,1,00:21:15,00
1574586,24520,24289,54.85,1,1,13.16,137.5,19391,80,-1015,-131,1027,1,43.6623820,-79.3956820,96.90,14.56,0.63,12,1,00:21:16,00
1574877,24520,24289,54.86,1,1,15.17,158.4,19400,207,-830,-98,861,1,43.6623820,-79.3956820,96.90,14.56,0.63,12,1,00:21:16,00
1575175,24520,24289,54.88,1,1,14.13,147.5,19409,60,-991,-85,997,1,43.6623820,-79.3956820,96.90,14.56,0.63,12,1,00:21:16,00
1575458,24447,24289,54.84,1,1,14.61,152.5,19418,-30,-1173,6,1173,1,43.6623573,-79.3957287,96.90,15.24,0.63,12,1,00:21:17,00
1575752,24410,24289,54.85,1,1,16.80,175.4,19428,142,-992,-231,1028,1,43.6623573,-79.3957287,96.90,15.24,0.63,12,1,00:21:17,00
1576068,24470,24289,54.86,1,1,17.52,182.9,19440,112,-1102,-111,1113,1,43.6623573,-79.3957287,96.90,15.24,0.63,12,1,00:21:17,00
1576371,23927,24289,54.92,1,1,16.28,170.1,19450,81,-983,-136,995,1,43.6623573,-79.3957287,96.90,15.24,0.63,12,1,00:21:17,00
1576675,24196,24289,54.93,1,1,16.93,176.8,19461,100,-855,-46,862,1,43.6623297,-79.3957880,97.20,18.46,0.63,12,1,00:21:18,00
1576986,23923,24289,54.92,1,1,17.32,180.9,19472,146,-951,-135,972,1,43.6623297,-79.3957880,97.20,18.46,0.63,12,1,00:21:18,00
1577288,23678,24289,54.94,1,1,17.79,185.8,19483,-12,-1213,-44,1214,1,43.6623297,-79.3957880,97.20,18.46,0.63,12,1,00:21:18,00
1577586,23562,24289,54.93,1,1,19.76,206.3,19496,-66,-1077,111,1085,1,43.6623022,-79.3958407,96.60,18.00,0.68,12,1,00:21:19,00
1577895,23057,24289,54.96,1,1,18.71,195.4,19508,102,-712,-7,719,1,43.6623022,-79.3958407,96.60,18.00,0.68,12,1,00:21:19,00
1578196,22634,24289,54.98,1,1,19.15,200.0,19520,112,-949,-98,961,1,43.6623022,-79.3958407,96.60,18.00,0.68,12,1,00:21:19,00
1578489,22260,24289,55.02,1,1,19.48,203.4,19532,20,-899,-83,903,1,43.6622580,-79.3959042,96.60,22.50,0.68,12,1,00:21:20,00
1578799,-790,24289,55.04,1,1,20.01,209.0,19545,47,-1299,25,1300,1,43.6622580,-79.3959042,97.40,22.50,0.72,12,1,00:21:20,00
1579174,-749,24289,55.02,1,1,18.02,188.2,19559,215,-957,-197,1000,1,43.6622580,-79.3959042,97.40,22.50,0.72,12,1,00:21:20,00
1579471,-694,24289,55.04,1,1,19.74,206.2,19571,213,-979,-285,1042,1,43.6622277,-79.3959725,97.40,21.82,0.72,12,1,00:21:21,00
1579768,-672,24289,55.07,1,1,19.74,206.2,19583,115,-994,-106,1006,1,43.6622277,-79.3959725,97.20,21.82,0.70,12,1,00:21:21,00
1580071,-641,24289,55.10,1,1,19.89,207.7,19596,144,-1248,-150,1266,1,43.6622277,-79.3959725,97.20,21.82,0.70,12,1,00:21:21,00
1580383,-599,24289,55.13,1,1,19.70,205.7,19609,111,-980,-78,989,1,43.6622277,-79.3959725,97.20,21.82,0.70,12,1,00:21:21,00
1580684,-566,24289,55.13,1,1,19.41,202.7,19621,-40,-1122,-33,1123,1,43.6621950,-79.3960347,97.20,21.17,0.70,12,1,00:21:22,00
1580989,-537,24289,55.19,1,1,19.22,200.7,19633,106,-968,-120,981,1,43.6621950,-79.3960347,97.20,21.17,0.70,12,1,00:21:22,00
1581293,-511,24289,55.21,1,1,19.15,200.0,19645,177,-841,-106,866,1,43.6621950,-79.3960347,97.20,21.17,0.70,12,1,00:21:22,00
1581601,-473,24289,55.22,1,1,19.33,201.9,19658,124,-1135,-162,1153,1,43.6621520,-79.3960898,97.20,21.89,0.70,12,1,00:21:23,00
1581911,-449,24289,55.25,1,1,19.09,199.3,19670,244,-780,-115,825,1,43.6621520,-79.3960898,97.20,21.89,0.70,12,1,00:21:23,00
1582216,-423,24289,55.25,1,1,19.09,199.3,19682,157,-971,19,984,1,43.6621520,-79.3960898,97.20,21.89,0.70,12,1,00:21:23,00
1582518,-395,24289,55.24,1,1,19.02,198.7,19694,119,-640,-367,748,1,43.6620798,-79.3961082,97.20,22.59,0.70,12,1,00:21:24,00
1582824,-385,24289,55.22,1,1,19.09,199.3,19706,198,-593,148,642,1,43.6620798,-79.3961082,97.40,22.59,0.83,12,1,00:21:24,00
1583138,-369,24289,55.19,1,1,19.33,201.9,19719,28,-1215,-251,1241,1,43.6620798,-79.3961082,97.40,22.59,0.83,12,1,00:21:24,00
1583434,-353,24289,55.14,1,1,19.02,198.7,19731,115,-957,-123,972,1,43.6620243,-79.3961465,97.40,22.96,0.83,12,1,00:21:25,00
1583739,-356,24289,55.20,1,1,20.61,215.2,19744,230,-873,-57,905,1,43.6620243,-79.3961465,97.80,22.96,0.91,12,1,00:21:25,00
1584106,-337,24289,55.17,1,1,16.91,176.6,19757,146,-807,276,865,1,43.6620243,-79.3961465,97.80,22.96,0.91,12,1,00:21:25,00
1584402,-318,24289,55.21,1,1,20.54,214.5,19770,215,-1187,-383,1265,1,43.6620243,-79.3961465,97.80,22.96,0.91,12,1,00:21:25,00
1584706,-314,24289,55.21,1,1,18.96,198.0,19782,49,-1269,81,1273,1,43.6619517,-79.3961542,97.60,24.41,0.89,12,1,00:21:26,00
1585013,-305,24289,55.20,1,1,19.09,199.3,19794,191,-859,-20,880,1,43.6619517,-79.3961542,97.60,24.41,0.89,12,1,00:21:26,00
1585328,-320,24289,55.20,1,1,19.27,201.2,19807,206,-981,-237,1030,1,43.6619517,-79.3961542,97.60,24.41,0.89,12,1,00:21:26,00
1585641,-308,24289,55.18,1,1,19.09,199.3,19819,417,-478,-176,658,1,43.6618915,-79.3961567,97.80,23.54,0.82,12,1,00:21:27,00
1585946,-308,24289,55.20,1,1,19.09,199.3,19831,52,-1280,-53,1282,1,43.6618915,-79.3961567,97.80,23.54,0.82,12,1,00:21:27,00
1586256,-296,24289,55.25,1,1,19.33,201.9,19844,104,-1096,-156,1112,1,43.6618915,-79.3961567,97.80,23.54,0.82,12,1,00:21:27,00
1586563,-289,24289,55.23,1,1,19.09,199.3,19856,163,-951,-21,965,1,43.6618445,-79.3961545,97.50,20.48,1.36,12,1,00:21:28,00
1586871,-297,24289,55.26,1,1,19.09,199.3,19868,316,-1031,-164,1091,1,43.6618445,-79.3961545,97.50,20.48,1.36,12,1,00:21:28,00
1587181,-286,24289,55.24,1,1,19.51,203.8,19881,175,-647,9,670,1,43.6618445,-79.3961545,97.50,20.48,1.36,12,1,00:21:28,00
1587489,-256,24289,55.27,1,1,19.51,203.8,19894,36,-1248,40,1249,1,43.6617830,-79.3961445,97.50,22.22,1.36,12,1,00:21:29,00
1587802,-256,24289,55.27,1,1,19.28,201.3,19906,243,-815,-113,857,1,43.6617830,-79.3961445,98.20,22.22,1.35,12,1,00:21:29,00
1588149,-246,24289,55.27,1,1,17.34,181.1,19919,143,-944,-1,955,1,43.6617830,-79.3961445,98.20,22.22,1.35,12,1,00:21:29,00
1588427,-236,24289,55.32,1,1,19.15,200.0,19930,141,-948,-11,959,1,43.6617295,-79.3961263,98.20,21.50,1.35,12,1,00:21:30,00
1588716,-241,24289,55.32,1,1,19.15,200.0,19941,126,-827,-199,860,1,43.6617295,-79.3961263,98.40,21.50,0.87,12,1,00:21:30,00
1589073,-252,24289,55.37,1,1,17.43,182.1,19954,141,-1119,-99,1133,1,43.6617295,-79.3961263,98.40,21.50,0.87,12,1,00:21:30,00
1589362,-261,24289,55.38,1,1,19.54,204.1,19966,265,-689,-106,746,1,43.6617295,-79.3961263,98.40,21.50,0.87,12,1,00:21:30,00
1589652,-257,24289,55.38,1,1,19.54,204.1,19978,79,-1144,-250,1173,1,43.6616712,-79.3961090,98.40,22.04,0.89,12,1,00:21:31,00
1589943,-261,24289,55.38,1,1,19.54,204.1,19990,397,-546,-135,688,1,43.6616712,-79.3961090,98.40,22.04,0.89,12,1,00:21:31,00
1590227,-249,24289,55.39,1,1,21.03,219.6,20002,-44,-983,-29,985,1,43.6616712,-79.3961090,98.40,22.04,0.89,12,1,00:21:31,00
1590521,-213,24289,55.38,1,1,19.83,207.1,20015,246,-875,-64,911,1,43.6616263,-79.3960928,98.40,18.85,0.89,12,1,00:21:32,00
1590807,-213,24289,55.39,1,1,19.36,202.2,20026,110,-816,-240,858,1,43.6616263,-79.3960928,98.60,18.85,0.89,12,1,00:21:32,00
1591097,-201,24289,55.40,1,1,19.68,205.5,20038,14,-985,50,987,1,43.6616263,-79.3960928,98.60,18.85,0.89,12,1,00:21:32,00
1591385,-208,24289,55.49,1,1,19.68,205.5,20050,146,-806,-187,840,1,43.6616263,-79.3960928,98.60,18.85,0.89,12,1,00:21:32,00
1591680,-228,24289,55.44,1,1,19.68,205.5,20062,66,-1021,-42,1024,1,43.6615742,-79.3960640,99.10,19.45,0.82,12,1,00:21:33,00
1591973,-223,24289,55.46,1,1,19.54,204.1,20074,167,-834,-137,861,1,43.6615742,-79.3960640,99.10,19.45,0.82,12,1,00:21:33,00
1592265,-217,24289,55.44,1,1,19.54,204.1,20086,184,-944,-146,973,1,43.6615742,-79.3960640,99.10,19.45,0.82,12,1,00:21:33,00
1592557,-222,24289,55.44,1,1,19.48,203.4,20098,50,-1137,-43,1139,1,43.6615222,-79.3960297,98.70,20.61,0.82,12,1,00:21:34,00
1592853,-218,24289,55.46,1,1,19.41,202.7,20110,205,-840,-1,864,1,43.6615222,-79.3960297,98.70,20.61,0.82,12,1,00:21:34,00
1593152,-222,24289,55.49,1,1,19.41,202.7,20122,95,-1083,-90,1091,1,43.6615222,-79.3960297,98.70,20.61,0.82,12,1,00:21:34,00
1593432,-199,24289,55.53,1,1,19.28,201.3,20134,228,-936,-54,965,1,43.6614723,-79.3960057,98.70,17.93,0.82,12,1,00:21:35,00
1593795,-213,24289,55.52,1,1,16.85,176.0,20146,100,-1274,-136,1286,1,43.6614723,-79.3960057,98.40,17.93,0.80,12,1,00:21:35,00
1594088,-221,24289,55.54,1,1,18.81,196.4,20157,213,-798,-21,826,1,43.6614723,-79.3960057,98.40,17.93,0.80,12,1,00:21:35,00
1594381,-206,24289,55.55,1,1,18.96,198.0,20169,-93,-1139,113,1148,1,43.6614723,-79.3960057,98.40,17.93,0.80,12,1,00:21:35,00
1594675,-218,24289,55.59,1,1,18.78,196.1,20181,247,-577,-212,662,1,43.6614233,-79.3959980,97.40,17.04,0.80,12,1,00:21:36,00
1594965,-207,24289,55.58,1,1,18.22,190.3,20192,263,-805,-91,852,1,43.6614233,-79.3959980,97.40,17.04,0.80,12,1,00:21:36,00
1595262,-207,24289,55.62,1,1,18.04,188.4,20203,138,-904,-312,967,1,43.6614233,-79.3959980,97.40,17.04,0.80,12,1,00:21:36,00
1595552,-208,24289,55.64,1,1,17.85,186.4,20214,198,-864,-53,888,1,43.6613905,-79.3959688,97.10,15.28,0.80,12,1,00:21:37,00
1595854,-214,24289,55.65,1,1,17.73,185.2,20225,250,-819,-241,889,1,43.6613905,-79.3959688,97.10,15.28,0.80,12,1,00:21:37,00
1596153,-214,24289,55.63,1,1,17.44,182.1,20236,117,-1015,25,1023,1,43.6613905,-79.3959688,97.10,15.28,0.80,12,1,00:21:37,00
1596441,-210,24289,55.68,1,1,17.04,177.9,20246,198,-841,-219,891,1,43.6613605,-79.3959258,97.10,16.58,0.80,12,1,00:21:38,00
1596736,-208,24289,55.67,1,1,18.48,193.0,20257,59,-1018,-131,1028,1,43.6613605,-79.3959258,97.70,16.58,0.91,12,1,00:21:38,00
1597031,-200,24289,55.72,1,1,16.99,177.4,20268,154,-1002,94,1018,1,43.6613605,-79.3959258,97.70,16.58,0.91,12,1,00:21:38,00
1597336,-197,24289,55.73,1,1,16.99,177.4,20279,113,-937,-12,944,1,43.6613605,-79.3959258,97.70,16.58,0.91,12,1,00:21:38,00
1597635,-199,24289,55.76,1,1,18.48,193.0,20290,137,-909,84,923,1,43.6613260,-79.3958867,98.50,15.83,0.88,12,1,00:21:39,00
1597942,-192,24289,55.77,1,1,17.21,179.7,20301,140,-676,12,691,1,43.6613260,-79.3958867,98.50,15.83,0.88,12,1,00:21:39,00
1598246,-208,24289,55.74,1,1,17.32,180.9,20312,319,-915,-259,1003,1,43.6613260,-79.3958867,98.50,15.83,0.88,12,1,00:21:39,00
1598610,-199,24289,55.72,1,1,15.44,161.3,20324,289,-805,-85,859,1,43.6613005,-79.3958410,97.60,15.65,0.93,12,1,00:21:40,00
1598905,-207,24289,55.74,1,1,17.61,183.9,20335,20,-1086,2,1086,1,43.6613005,-79.3958410,97.60,15.65,0.93,12,1,00:21:40,00
1599206,-210,24289,55.71,1,1,17.61,183.9,20346,368,-633,-7,733,1,43.6613005,-79.3958410,97.60,15.65,0.93,12,1,00:21:40,00
1599500,-183,24289,55.71,1,1,17.67,184.6,20357,329,-168,-211,426,1,43.6612687,-79.3957897,97.60,17.56,0.93,12,1,00:21:41,00
1599805,-193,24289,55.67,1,1,17.61,183.9,20368,164,-989,-110,1009,1,43.6612687,-79.3957897,97.00,17.56,0.89,12,1,00:21:41,00
1600108,-196,24289,55.66,1,1,17.67,184.6,20379,89,-1091,-2,1095,1,43.6612687,-79.3957897,97.00,17.56,0.89,12,1,00:21:41,00
1600402,-190,24289,55.68,1,1,17.73,185.2,20390,90,-1042,-176,1061,1,43.6612687,-79.3957897,97.00,17.56,0.89,12,1,00:21:41,00
1600706,-189,24289,55.65,1,1,17.79,185.8,20401,96,-759,79,769,1,43.6612537,-79.3957322,97.80,17.39,0.86,12,1,00:21:42,00
1601010,-194,24289,55.66,1,1,18.07,188.7,20413,162,-1007,-99,1024,1,43.6612537,-79.3957322,97.80,17.39,0.86,12,1,00:21:42,00
1601311,-186,24289,55.65,1,1,17.85,186.4,20424,43,-1122,23,1123,1,43.6612537,-79.3957322,97.80,17.39,0.86,12,1,00:21:42,00
1601616,-199,24289,55.65,1,1,17.91,187.1,20435,218,-1000,-167,1037,1,43.6612192,-79.3956785,97.60,19.32,0.84,12,1,00:21:43,00
1601915,-205,24289,55.64,1,1,19.70,205.7,20448,171,-878,-128,904,1,43.6612192,-79.3956785,97.60,19.32,0.84,12,1,00:21:43,00
1602227,-196,24289,55.63,1,1,18.24,190.5,20460,49,-1086,18,1087,1,43.6612192,-79.3956785,97.60,19.32,0.84,12,1,00:21:43,00
1602533,-190,24289,55.63,1,1,18.04,188.4,20471,174,-836,-80,858,1,43.6612085,-79.3956343,97.60,16.35,0.84,12,1,00:21:44,00
1602840,-202,24289,55.66,1,1,18.36,191.7,20483,198,-1257,-347,1319,1,43.6612085,-79.3956343,96.70,16.35,0.84,12,1,00:21:44,00
1603148,-188,24289,55.66,1,1,18.30,191.1,20495,154,-904,38,918,1,43.6612085,-79.3956343,96.70,16.35,0.84,12,1,00:21:44,00
1603509,-178,24289,55.69,1,1,16.00,167.1,20507,205,-557,202,627,1,43.6612018,-79.3955963,96.70,13.78,0.84,12,1,00:21:45,00
1603812,-175,24289,55.71,1,1,18.10,189.0,20518,42,-938,85,943,1,43.6612018,-79.3955963,95.40,13.78,0.84,12,1,00:21:45,00
1604119,-174,24289,55.71,1,1,18.30,191.1,20530,83,-904,-18,908,1,43.6612018,-79.3955963,95.40,13.78,0.84,12,1,00:21:45,00
1604414,-167,24289,55.74,1,1,18.24,190.5,20542,249,-894,-197,948,1,43.6612018,-79.3955963,95.40,13.78,0.84,12,1,00:21:45,00
1604718,-171,24289,55.74,1,1,17.97,187.7,20553,224,-889,-160,931,1,43.6611898,-79.3955478,95.20,14.54,1.40,12,1,00:21:46,00
1605021,-169,24289,55.77,1,1,17.97,187.7,20564,44,-789,59,792,1,43.6611898,-79.3955478,95.20,14.54,1.40,12,1,00:21:46,00
1605329,-186,24289,55.78,1,1,18.12,189.3,20576,-19,-943,98,948,1,43.6611898,-79.3955478,95.20,14.54,1.40,12,1,00:21:46,00
1605635,-174,24289,55.77,1,1,17.85,186.4,20587,40,-1184,-147,1194,1,43.6611795,-79.3955000,95.10,13.91,1.36,12,1,00:21:47,00
1605941,-173,24289,55.81,1,1,17.67,184.6,20598,187,-780,-194,826,1,43.6611795,-79.3955000,95.10,13.91,1.36,12,1,00:21:47,00
1606247,-168,24289,55.81,1,1,19.51,203.8,20611,128,-1003,-91,1016,1,43.6611795,-79.3955000,95.10,13.91,1.36,12,1,00:21:47,00
1606560,-168,24289,55.83,1,1,17.61,183.9,20622,136,-987,-98,1001,1,43.6611547,-79.3954373,95.20,17.95,1.36,12,1,00:21:48,00
1606870,-177,24289,55.85,1,1,17.79,185.8,20634,312,-645,-18,717,1,43.6611547,-79.3954373,95.20,17.95,1.36,12,1,00:21:48,00
1607181,-167,24289,55.85,1,1,17.50,182.7,20645,117,-1068,-82,1077,1,43.6611547,-79.3954373,95.20,17.95,1.36,12,1,00:21:48,00
1607482,-161,24289,55.86,1,1,17.73,185.2,20657,107,-922,35,929,1,43.6611395,-79.3953808,95.20,17.78,1.36,12,1,00:21:49,00
1607801,-166,24289,55.88,1,1,17.21,179.7,20668,210,-939,-155,975,1,43.6611395,-79.3953808,95.40,17.78,1.36,12,1,00:21:49,00
1608110,-164,24289,55.88,1,1,18.30,191.1,20680,183,-1090,5,1105,1,43.6611395,-79.3953808,95.40,17.78,1.36,12,1,00:21:49,00
1608473,-153,24289,55.87,1,1,13.49,140.8,20690,111,-1060,82,1069,1,43.6611320,-79.3953248,95.40,17.50,1.36,12,1,00:21:50,00
1608783,-167,24289,55.87,1,1,16.07,167.8,20700,217,-1163,-187,1198,1,43.6611320,-79.3953248,95.30,17.50,1.38,12,1,00:21:50,00
1609091,-165,24289,55.86,1,1,15.06,157.2,20710,200,-1053,32,1072,1,43.6611320,-79.3953248,95.30,17.50,1.38,12,1,00:21:50,00
1609393,-141,24289,55.90,1,1,13.68,142.9,20719,178,-1005,102,1026,1,43.6611320,-79.3953248,95.30,17.50,1.38,12,1,00:21:50,00
1609701,-153,24289,55.89,1,1,12.48,130.3,20727,209,-1054,-11,1075,1,43.6611313,-79.3952692,95.10,16.02,1.09,12,1,00:21:51,00
1610051,-145,24289,55.89,1,1,9.94,103.9,20734,220,-914,10,940,1,43.6611313,-79.3952692,95.10,16.02,1.09,12,1,00:21:51,00
1610339,-147,24289,55.92,1,1,9.87,103.1,20740,239,-885,24,917,1,43.6611313,-79.3952692,95.10,16.02,1.09,12,1,00:21:51,00
1610630,-149,24289,55.94,1,1,8.74,91.2,20745,182,-1012,23,1028,1,43.6611350,-79.3952207,95.40,13.17,1.07,12,1,00:21:52,00
1610926,-141,24289,55.97,1,1,7.65,79.9,20750,215,-876,38,903,1,43.6611350,-79.3952207,95.40,13.17,1.07,12,1,00:21:52,00
1611218,-140,24289,55.98,1,1,8.03,83.9,20755,211,-1047,80,1072,1,43.6611350,-79.3952207,95.40,13.17,1.07,12,1,00:21:52,00
1611503,-125,24289,56.00,1,1,5.13,53.6,20758,166,-1094,-3,1106,1,43.6611215,-79.3951937,95.40,7.78,1.07,12,1,00:21:53,00
1611794,-138,24289,56.01,1,1,5.77,60.2,20761,246,-915,-49,948,1,43.6611215,-79.3951937,95.30,7.78,1.07,12,1,00:21:53,00
1612087,-131,24289,56.01,1,1,4.60,48.1,20764,215,-980,-12,1003,1,43.6611215,-79.3951937,95.30,7.78,1.07,12,1,00:21:53,00
1612378,-129,24289,56.03,1,1,3.43,35.8,20766,220,-958,-11,983,1,43.6611215,-79.3951937,95.30,7.78,1.07,12,1,00:21:53,00
1612669,-130,24289,56.05,1,1,2.59,27.0,20767,222,-960,-22,985,1,43.6611185,-79.3951688,95.60,5.80,1.07,12,1,00:21:54,00
1612968,-130,24289,56.10,1,1,1.75,18.3,20768,208,-973,-1,995,1,43.6611185,-79.3951688,95.60,5.80,1.07,12,1,00:21:54,00
1613322,-127,24289,56.13,1,1,1.75,18.3,20768,136,-967,-42,977,1,43.6611185,-79.3951688,95.60,5.80,1.07,12,1,00:21:54,00
1613614,-123,24289,56.18,1,1,1.75,18.3,20768,124,-967,-59,977,1,43.6611085,-79.3951512,96.10,3.17,1.07,12,1,00:21:55,00
1613905,-123,24289,56.23,1,1,1.75,18.3,20768,120,-967,-54,976,1,43.6611085,-79.3951512,96.10,3.17,1.07,12,1,00:21:55,00
1614196,-120,24289,56.26,1,1,1.75,18.3,20768,107,-970,-57,978,1,43.6611085,-79.3951512,96.10,3.17,1.07,12,1,00:21:55,00
1614485,-129,24289,56.32,1,1,0.29,3.0,20769,121,-970,-57,979,1,43.6611023,-79.3951473,96.10,0.52,1.07,12,1,00:21:56,00
1614781,-113,24289,56.35,1,1,0.29,3.0,20769,131,-951,-53,962,1,43.6611023,-79.3951473,96.10,0.52,1.07,12,1,00:21:56,00
1615077,-125,24289,56.36,1,1,0.76,8.0,20770,121,-974,-41,982,1,43.6611023,-79.3951473,96.10,0.52,1.07,12,1,00:21:56,00
1615370,-112,24289,56.43,1,1,0.76,8.0,20770,148,-960,-42,972,1,43.6611023,-79.3951473,96.10,0.52,1.07,12,1,00:21:56,00
1615665,-121,24289,56.42,1,1,0.89,9.3,20771,115,-972,-53,980,1,43.6610958,-79.3951437,96.90,1.59,1.07,12,1,00:21:57,00
1615958,-105,24289,56.49,1,1,0.89,9.3,20771,149,-973,-39,985,1,43.6610958,-79.3951437,96.90,1.59,1.07,12,1,00:21:57,00
1616251,-109,24289,56.53,1,1,0.94,9.8,20772,198,-968,-43,989,1,43.6610958,-79.3951437,96.90,1.59,1.07,12,1,00:21:57,00
1616548,-103,24289,56.56,1,1,0.94,9.8,20772,137,-965,-60,977,1,43.6610847,-79.3951407,96.90,2.17,1.07,12,1,00:21:58,00
1616849,-106,24289,56.56,1,1,0.94,9.8,20772,129,-970,-54,980,1,43.6610847,-79.3951407,96.60,2.17,0.84,12,1,00:21:58,00
1617152,-102,24289,56.59,1,1,0.94,9.8,20772,151,-958,-113,976,1,43.6610847,-79.3951407,96.60,2.17,0.84,12,1,00:21:58,00
1617435,-90,24289,56.62,1,1,0.94,9.8,20772,123,-972,-43,980,1,43.6610768,-79.3951427,96.60,1.93,0.84,12,1,00:21:59,00
1617731,-96,24289,56.65,1,1,0.94,9.8,20772,135,-970,-60,981,1,43.6610768,-79.3951427,96.50,1.93,0.83,12,1,00:21:59,00
1618091,-91,24289,56.69,1,1,0.94,9.8,20772,134,-970,-61,981,1,43.6610768,-79.3951427,96.50,1.93,0.83,12,1,00:21:59,00
1618382,-96,24289,56.71,1,1,0.00,0.0,20772,131,-968,-53,979,1,43.6610768,-79.3951427,96.50,1.93,0.83,12,1,00:21:59,00
1618673,-89,24289,56.72,1,1,0.00,0.0,20772,134,-969,-59,980,1,43.6610688,-79.3951403,96.90,1.02,0.83,12,1,00:22:00,00
1618966,-91,24289,56.74,1,1,0.00,0.0,20772,131,-972,-52,982,1,43.6610688,-79.3951403,96.90,1.02,0.83,12,1,00:22:00,00
1619271,-94,24289,56.76,1,1,0.00,0.0,20772,138,-968,-74,981,1,43.6610688,-79.3951403,96.90,1.02,0.83,12,1,00:22:00,00
1619566,-91,24289,56.79,1,1,0.00,0.0,20772,132,-968,-52,978,1,43.6610580,-79.3951323,97.70,1.81,0.84,12,1,00:22:01,00
1619859,-86,24289,56.77,1,1,0.00,0.0,20772,129,-970,-53,980,1,43.6610580,-79.3951323,97.70,1.81,0.84,12,1,00:22:01,00
1620157,-83,24289,56.81,1,1,0.00,0.0,20772,136,-969,-68,981,1,43.6610580,-79.3951323,97.70,1.81,0.84,12,1,00:22:01,00
1620443,-80,24289,56.85,1,1,0.00,0.0,20772,130,-970,-50,980,1,43.6610427,-79.3951257,97.70,2.93,0.84,12,1,00:22:02,00
1620743,-87,24289,56.86,1,1,0.00,0.0,20772,137,-967,-64,979,1,43.6610427,-79.3951257,98.30,2.93,0.69,12,1,00:22:02,00
1621044,-87,24289,56.88,1,1,0.00,0.0,20772,130,-971,-55,981,1,43.6610427,-79.3951257,98.30,2.93,0.69,12,1,00:22:02,00
1621354,-85,24289,56.88,1,1,0.00,0.0,20772,134,-970,-52,981,1,43.6610427,-79.3951257,98.30,2.93,0.69,12,1,00:22:02,00
1621657,-85,24289,56.92,1,1,0.00,0.0,20772,134,-970,-59,981,1,43.6610342,-79.3951192,99.00,2.46,0.69,12,1,00:22:03,00
1621962,-84,24289,56.88,1,1,0.00,0.0,20772,138,-971,-62,983,1,43.6610342,-79.3951192,99.00,2.46,0.69,12,1,00:22:03,00
1622271,-78,24289,56.94,1,1,0.00,0.0,20772,136,-966,-54,977,1,43.6610342,-79.3951192,99.00,2.46,0.69,12,1,00:22:03,00
1622579,-83,24289,56.92,1,1,0.00,0.0,20772,132,-969,-65,980,1,43.6610240,-79.3951157,99.30,2.24,0.70,12,1,00:22:04,00
1622945,-76,24289,56.93,1,1,0.00,0.0,20772,136,-966,-62,978,1,43.6610240,-79.3951157,99.30,2.24,0.70,12,1,00:22:04,00
1623243,-78,24289,56.94,1,1,0.00,0.0,20772,134,-966,-56,977,1,43.6610240,-79.3951157,99.30,2.24,0.70,12,1,00:22:04,00
1623551,-70,24289,56.95,1,1,0.00,0.0,20772,134,-965,-52,976,1,43.6610188,-79.3951150,99.70,1.00,0.69,12,1,00:22:05,00
1623854,-71,24289,56.95,1,1,0.00,0.0,20772,126,-972,-47,982,1,43.6610188,-79.3951150,99.70,1.00,0.69,12,1,00:22:05,00
1624155,-80,24289,57.00,1,1,0.00,0.0,20772,129,-972,-39,981,1,43.6610188,-79.3951150,99.70,1.00,0.69,12,1,00:22:05,00
1624440,-57,24289,56.99,1,1,0.00,0.0,20772,134,-972,-56,983,1,43.6610222,-79.3951102,99.70,0.37,0.69,12,1,00:22:06,00
1624747,-40,24289,57.02,1,1,0.00,0.0,20772,133,-971,-59,982,1,43.6610222,-79.3951102,101.40,0.37,0.78,12,1,00:22:06,00
1625049,-38,24289,57.00,1,1,0.00,0.0,20772,137,-971,-68,983,1,43.6610222,-79.3951102,101.40,0.37,0.78,12,1,00:22:06,00
1625351,-47,24289,57.02,1,1,0.00,0.0,20772,137,-965,-72,977,1,43.6610222,-79.3951102,101.40,0.37,0.78,12,1,00:22:06,00
1625665,-47,24289,57.04,1,1,0.00,0.0,20772,140,-969,-66,981,1,43.6610267,-79.3951080,100.70,0.13,0.66,12,1,00:22:07,00
1625971,-55,24289,57.04,1,1,0.00,0.0,20772,136,-967,-67,979,1,43.6610267,-79.3951080,100.70,0.13,0.66,12,1,00:22:07,00
1626281,-57,24289,57.03,1,1,0.00,0.0,20772,135,-968,-57,980,1,43.6610267,-79.3951080,100.70,0.13,0.66,12,1,00:22:07,00
1626590,-69,24289,57.01,1,1,0.00,0.0,20772,133,-968,-55,979,1,43.6610328,-79.3951057,101.80,0.11,0.63,12,1,00:22:08,00
1626900,-63,24289,57.03,1,1,0.00,0.0,20772,138,-967,-58,979,1,43.6610328,-79.3951057,101.80,0.11,0.63,12,1,00:22:08,00
1627206,-70,24289,57.01,1,1,0.00,0.0,20772,132,-972,-59,983,1,43.6610328,-79.3951057,101.80,0.11,0.63,12,1,00:22:08,00
1627510,-61,24289,57.04,1,1,0.00,0.0,20772,135,-971,-59,982,1,43.6610355,-79.3951035,101.80,0.00,0.63,12,1,00:22:09,00
1627884,-74,24289,57.03,1,1,0.00,0.0,20772,130,-970,-69,981,1,43.6610355,-79.3951035,102.70,0.00,0.63,12,1,00:22:09,00
1628191,-73,24289,57.04,1,1,0.00,0.0,20772,133,-971,-62,982,1,43.6610355,-79.3951035,102.70,0.00,0.63,12,1,00:22:09,00
1628474,-52,24289,56.98,1,1,0.00,0.0,20772,133,-973,-58,984,1,43.6610357,-79.3951023,102.70,0.02,0.63,12,1,00:22:10,00
1628781,-64,24289,57.02,1,1,0.00,0.0,20772,134,-968,-64,980,1,43.6610357,-79.3951023,103.20,0.02,0.66,12,1,00:22:10,00
1629092,-78,24289,57.01,1,1,0.00,0.0,20772,132,-969,-54,979,1,43.6610357,-79.3951023,103.20,0.02,0.66,12,1,00:22:10,00
1629392,-74,24289,57.02,1,1,0.00,0.0,20772,134,-965,-59,976,1,43.6610357,-79.3951023,103.20,0.02,0.66,12,1,00:22:10,00
1629698,-67,24289,56.99,1,1,0.00,0.0,20772,134,-969,-64,981,1,43.6610312,-79.3950965,103.80,0.96,0.64,12,1,00:22:11,00
1630011,-72,24289,57.03,1,1,0.00,0.0,20772,133,-968,-58,979,1,43.6610312,-79.3950965,103.80,0.96,0.64,12,1,00:22:11,00
1630319,-69,24289,56.99,1,1,0.00,0.0,20772,135,-970,-63,981,1,43.6610312,-79.3950965,103.80,0.96,0.64,12,1,00:22:11,00
1630630,-79,24289,57.00,1,1,0.00,0.0,20772,133,-968,-61,979,1,43.6610285,-79.3950907,103.90,0.43,0.67,12,1,00:22:12,00
1630940,-76,24289,57.01,1,1,0.00,0.0,20772,134,-971,-65,982,1,43.6610285,-79.3950907,103.90,0.43,0.67,12,1,00:22:12,00
1631245,-76,24289,56.98,1,1,0.00,0.0,20772,132,-967,-57,978,1,43.6610285,-79.3950907,103.90,0.43,0.67,12,1,00:22:12,00
1631564,-58,24289,57.01,1,1,0.00,0.0,20772,132,-971,-56,981,1,43.6610285,-79.3950875,104.00,0.04,0.67,12,1,00:22:13,00
1631915,-44,24289,57.01,1,1,0.00,0.0,20772,130,-971,-55,981,1,43.6610285,-79.3950875,104.00,0.04,0.67,12,1,00:22:13,00
1632208,-60,24289,57.01,1,1,0.00,0.0,20772,135,-971,-52,982,1,43.6610285,-79.3950875,104.00,0.04,0.67,12,1,00:22:13,00
1632473,-36,24289,57.02,1,1,0.00,0.0,20772,136,-972,-58,984,1,43.6610270,-79.3950848,104.00,0.09,0.67,12,1,00:22:14,00
1632820,-47,24289,57.05,1,1,0.00,0.0,20772,132,-969,-54,979,1,43.6610270,-79.3950848,104.00,0.09,0.70,12,1,00:22:14,00
1633101,-63,24289,57.05,1,1,0.00,0.0,20772,134,-969,-58,980,1,43.6610270,-79.3950848,104.00,0.09,0.70,12,1,00:22:14,00
1633388,-41,24289,56.94,1,1,0.00,0.0,20772,134,-968,-60,979,1,43.6610270,-79.3950848,104.00,0.09,0.70,12,1,00:22:14,00
1633677,-54,24289,57.05,1,1,0.00,0.0,20772,135,-968,-53,979,1,43.6610268,-79.3950815,104.10,0.02,0.65,12,1,00:22:15,00
1633963,-53,24289,56.98,1,1,0.00,0.0,20772,133,-965,-63,976,1,43.6610268,-79.3950815,104.10,0.02,0.65,12,1,00:22:15,00
1634255,-56,24289,56.96,1,1,0.00,0.0,20772,137,-968,-57,979,1,43.6610268,-79.3950815,104.10,0.02,0.65,12,1,00:22:15,00
1634542,-41,24289,56.99,1,1,0.00,0.0,20772,134,-966,-56,977,1,43.6610257,-79.3950788,104.10,0.04,0.65,12,1,00:22:16,00
1634838,-59,24289,57.04,1,1,0.00,0.0,20772,135,-969,-57,980,1,43.6610257,-79.3950788,104.10,0.04,0.65,12,1,00:22:16,00
1635128,-49,24289,57.01,1,1,0.00,0.0,20772,136,-972,-54,983,1,43.6610257,-79.3950788,104.10,0.04,0.65,12,1,00:22:16,00
1635415,-47,24289,56.91,1,1,0.00,0.0,20772,136,-972,-54,983,1,43.6610257,-79.3950788,104.10,0.04,0.65,12,1,00:22:16,00
1635710,-43,24289,57.07,1,1,0.00,0.0,20772,134,-969,-59,980,1,43.6610250,-79.3950748,104.10,0.07,0.72,12,1,00:22:17,00
1636000,-42,24289,57.01,1,1,0.00,0.0,20772,132,-970,-55,980,1,43.6610250,-79.3950748,104.10,0.07,0.72,12,1,00:22:17,00
1636300,-45,24289,56.97,1,1,0.00,0.0,20772,128,-972,-58,982,1,43.6610250,-79.3950748,104.10,0.07,0.72,12,1,00:22:17,00
1636594,-52,24289,56.96,1,1,0.00,0.0,20772,135,-969,-56,980,1,43.6610245,-79.3950722,104.40,0.20,0.65,12,1,00:22:18,00
1636893,-42,24289,56.92,1,1,0.00,0.0,20772,135,-968,-56,979,1,43.6610245,-79.3950722,104.40,0.20,0.65,12,1,00:22:18,00
1637192,-43,24289,56.95,1,1,0.00,0.0,20772,133,-969,-59,979,1,43.6610245,-79.3950722,104.40,0.20,0.65,12,1,00:22:18,00
1637554,-33,24289,56.90,1,1,0.00,0.0,20772,134,-968,-64,979,1,43.6610238,-79.3950690,104.40,0.19,0.65,12,1,00:22:19,00
1637850,-40,24289,56.79,1,1,0.00,0.0,20772,131,-971,-52,981,1,43.6610238,-79.3950690,104.60,0.19,0.66,12,1,00:22:19,00
1638145,-50,24289,56.91,1,1,0.00,0.0,20772,130,-970,-56,981,1,43.6610238,-79.3950690,104.60,0.19,0.66,12,1,00:22:19,00
1638433,-42,24289,56.78,1,1,0.00,0.0,20772,135,-967,-62,978,1,43.6610238,-79.3950690,104.60,0.19,0.66,12,1,00:22:19,00
1638727,-38,24289,56.79,1,1,0.00,0.0,20772,131,-970,-58,980,1,43.6610227,-79.3950662,104.30,0.43,0.66,12,1,00:22:20,00
1639022,-50,24289,56.77,1,1,0.00,0.0,20772,134,-969,-61,980,1,43.6610227,-79.3950662,104.30,0.43,0.66,12,1,00:22:20,00
1639319,-45,24289,56.80,1,1,0.00,0.0,20772,134,-968,-61,979,1,43.6610227,-79.3950662,104.30,0.43,0.66,12,1,00:22:20,00
1639613,-49,24289,56.84,1,1,0.00,0.0,20772,133,-973,-51,983,1,43.6610217,-79.3950648,104.40,0.19,0.65,12,1,00:22:21,00
1639906,-53,24289,56.78,1,1,0.00,0.0,20772,134,-970,-61,981,1,43.6610217,-79.3950648,104.40,0.19,0.65,12,1,00:22:21,00
1640200,-49,24289,56.83,1,1,0.00,0.0,20772,132,-968,-62,979,1,43.6610217,-79.3950648,104.40,0.19,0.65,12,1,00:22:21,00
1640495,-40,24289,56.82,1,1,0.00,0.0,20772,128,-969,-52,979,1,43.6610207,-79.3950643,104.40,0.13,0.65,12,1,00:22:22,00
1640800,-40,24289,56.83,1,1,0.00,0.0,20772,132,-972,-60,983,1,43.6610207,-79.3950643,104.60,0.13,0.70,12,1,00:22:22,00
1641100,-37,24289,56.74,1,1,0.00,0.0,20772,134,-974,-57,985,1,43.6610207,-79.3950643,104.60,0.13,0.70,12,1,00:22:22,00
1641392,-40,24289,56.73,1,1,0.00,0.0,20772,133,-970,-51,980,1,43.6610207,-79.3950643,104.60,0.13,0.70,12,1,00:22:22,00
1641694,-56,24289,56.65,1,1,0.00,0.0,20772,128,-972,-51,981,1,43.6610228,-79.3950622,104.70,0.07,0.66,12,1,00:22:23,00
1642002,-49,24289,56.61,1,1,0.00,0.0,20772,137,-967,-67,979,1,43.6610228,-79.3950622,104.70,0.07,0.66,12,1,00:22:23,00
1642365,-43,24289,56.58,1,1,0.00,0.0,20772,134,-954,-60,966,1,43.6610228,-79.3950622,104.70,0.07,0.66,12,1,00:22:23,00
1642664,-44,24289,56.60,1,1,0.00,0.0,20772,136,-980,-45,991,1,43.6610240,-79.3950608,104.80,0.06,0.63,12,1,00:22:24,00
1642961,-38,24289,56.52,1,1,0.00,0.0,20772,130,-969,-52,979,1,43.6610240,-79.3950608,104.80,0.06,0.63,12,1,00:22:24,00
1643261,-48,24289,56.51,1,1,0.00,0.0,20772,138,-975,-89,989,1,43.6610240,-79.3950608,104.80,0.06,0.63,12,1,00:22:24,00
1643557,-45,24289,56.44,1,1,0.00,0.0,20772,145,-964,-62,977,1,43.6610248,-79.3950587,104.80,0.04,0.63,12,1,00:22:25,00
1643854,-36,24289,56.47,1,1,0.00,0.0,20772,133,-964,-58,975,1,43.6610248,-79.3950587,104.80,0.04,0.63,12,1,00:22:25,00
1644158,-46,24289,56.55,1,1,0.00,0.0,20772,136,-968,-64,980,1,43.6610248,-79.3950587,104.80,0.04,0.63,12,1,00:22:25,00
1644434,-44,24289,56.47,1,1,0.00,0.0,20772,133,-967,-59,977,1,43.6610248,-79.3950587,104.80,0.04,0.63,12,1,00:22:25,00
1644739,-49,24289,56.44,1,1,0.00,0.0,20772,135,-971,-60,982,1,43.6610252,-79.3950573,104.70,0.04,0.65,12,1,00:22:26,00
1645048,-54,24289,56.47,1,1,0.00,0.0,20772,134,-968,-61,979,1,43.6610252,-79.3950573,104.70,0.04,0.65,12,1,00:22:26,00
1645353,-40,24289,56.46,1,1,0.00,0.0,20772,134,-966,-62,977,1,43.6610252,-79.3950573,104.70,0.04,0.65,12,1,00:22:26,00
1645653,-37,24289,56.36,1,1,0.00,0.0,20772,135,-968,-63,980,1,43.6610260,-79.3950558,104.80,0.04,0.63,12,1,00:22:27,00
1645956,-49,24289,56.46,1,1,0.00,0.0,20772,133,-967,-59,978,1,43.6610260,-79.3950558,104.80,0.04,0.63,12,1,00:22:27,00
1646258,-48,24289,56.45,1,1,0.00,0.0,20772,136,-971,-52,982,1,43.6610260,-79.3950558,104.80,0.04,0.63,12,1,00:22:27,00
1646561,-52,24289,56.35,1,1,0.00,0.0,20772,156,-961,-99,978,1,43.6610263,-79.3950543,104.70,0.09,0.63,12,1,00:22:28,00
1646869,-56,24289,56.45,1,1,0.00,0.0,20772,138,-961,-89,975,1,43.6610263,-79.3950543,104.70,0.09,0.63,12,1,00:22:28,00
1647239,-62,24289,56.45,1,1,0.00,0.0,20772,149,-965,-69,979,1,43.6610263,-79.3950543,104.70,0.09,0.63,12,1,00:22:28,00
1647542,-56,24289,56.39,1,1,0.00,0.0,20772,117,-976,-31,984,1,43.6610265,-79.3950535,104.70,0.09,0.63,12,1,00:22:29,00
1647848,-55,24289,56.38,1,1,0.00,0.0,20772,137,-965,-66,977,1,43.6610265,-79.3950535,104.80,0.09,0.66,12,1,00:22:29,00
1648152,-70,24289,56.33,1,1,0.00,0.0,20772,136,-970,-68,982,1,43.6610265,-79.3950535,104.80,0.09,0.66,12,1,00:22:29,00
1648443,-64,24289,56.29,1,1,0.00,0.0,20772,136,-966,-56,977,1,43.6610272,-79.3950528,104.80,0.11,0.66,12,1,00:22:30,00
1648754,-50,24289,56.37,1,1,0.00,0.0,20772,135,-970,-68,982,1,43.6610272,-79.3950528,104.90,0.11,0.69,12,1,00:22:30,00
1649067,-52,24289,56.34,1,1,0.00,0.0,20772,133,-966,-60,977,1,43.6610272,-79.3950528,104.90,0.11,0.69,12,1,00:22:30,00
1649371,-64,24289,56.35,1,1,0.00,0.0,20772,132,-968,-59,979,1,43.6610272,-79.3950528,104.90,0.11,0.69,12,1,00:22:30,00
1649681,-60,24289,56.33,1,1,0.00,0.0,20772,129,-963,-57,973,1,43.6610277,-79.3950518,104.90,0.02,0.66,12,1,00:22:31,00
1649990,-51,24289,56.38,1,1,0.00,0.0,20772,130,-964,-66,975,1,43.6610277,-79.3950518,104.90,0.02,0.66,12,1,00:22:31,00
1650301,-40,24289,56.35,1,1,0.00,0.0,20772,133,-968,-57,979,1,43.6610277,-79.3950518,104.90,0.02,0.66,12,1,00:22:31,00
1650605,-33,24289,56.41,1,1,0.00,0.0,20772,136,-969,-63,980,1,43.6610285,-79.3950513,105.10,0.19,0.68,12,1,00:22:32,00
1650923,-43,24289,56.34,1,1,0.00,0.0,20772,133,-972,-55,982,1,43.6610285,-79.3950513,105.10,0.19,0.68,12,1,00:22:32,00
1651239,-39,24289,56.35,1,1,0.00,0.0,20772,134,-969,-56,980,1,43.6610285,-79.3950513,105.10,0.19,0.68,12,1,00:22:32,00
1651545,-51,24289,56.40,1,1,0.00,0.0,20772,136,-967,-59,978,1,43.6610290,-79.3950500,105.10,0.07,0.68,12,1,00:22:33,00
1651856,-51,24289,56.32,1,1,0.00,0.0,20772,134,-968,-61,979,1,43.6610290,-79.3950500,105.10,0.07,0.69,12,1,00:22:33,00
1652229,-57,24289,56.22,1,1,0.00,0.0,20772,133,-968,-62,979,1,43.6610290,-79.3950500,105.10,0.07,0.69,12,1,00:22:33,00
1652536,-60,24289,56.18,1,1,0.00,0.0,20772,129,-973,-58,984,1,43.6610297,-79.3950487,105.10,0.02,0.69,12,1,00:22:34,00
1652846,-67,24289,56.14,1,1,0.00,0.0,20772,113,-968,-42,975,1,43.6610297,-79.3950487,105.20,0.02,0.66,12,1,00:22:34,00
1653156,-56,24289,56.04,1,1,0.00,0.0,20772,131,-966,-48,976,1,43.6610297,-79.3950487,105.20,0.02,0.66,12,1,00:22:34,00
1653498,-36,24289,55.97,1,1,0.00,0.0,20772,114,-970,-25,977,1,43.6610295,-79.3950472,105.20,0.09,0.66,12,1,00:22:35,00
1653791,-37,24289,55.95,1,1,0.00,0.0,20772,135,-966,-66,977,1,43.6610295,-79.3950472,105.20,0.09,0.69,12,1,00:22:35,00
1654078,-44,24289,55.95,1,1,0.00,0.0,20772,137,-970,-65,982,1,43.6610295,-79.3950472,105.20,0.09,0.69,12,1,00:22:35,00
1654368,-63,24289,55.91,1,1,0.00,0.0,20772,131,-969,-50,979,1,43.6610295,-79.3950472,105.20,0.09,0.69,12,1,00:22:35,00
1654654,-66,24289,55.91,1,1,0.00,0.0,20772,136,-969,-63,981,1,43.6610290,-79.3950450,105.20,0.22,0.70,12,1,00:22:36,00
1654945,-73,24289,55.89,1,1,0.00,0.0,20772,133,-972,-57,983,1,43.6610290,-79.3950450,105.20,0.22,0.70,12,1,00:22:36,00
1655241,-73,24289,55.92,1,1,0.00,0.0,20772,130,-970,-54,980,1,43.6610290,-79.3950450,105.20,0.22,0.70,12,1,00:22:36,00
1655536,-31,24289,55.94,1,1,0.00,0.0,20772,133,-970,-54,980,1,43.6610292,-79.3950442,105.20,0.09,0.70,12,1,00:22:37,00
1655832,-42,24289,55.96,1,1,0.00,0.0,20772,134,-969,-56,980,1,43.6610292,-79.3950442,105.20,0.09,0.68,12,1,00:22:37,00
1656120,-40,24289,55.97,1,1,0.00,0.0,20772,132,-969,-59,980,1,43.6610292,-79.3950442,105.20,0.09,0.68,12,1,00:22:37,00
1656426,-39,24289,55.99,1,1,0.00,0.0,20772,129,-972,-52,982,1,43.6610292,-79.3950442,105.20,0.09,0.68,12,1,00:22:37,00
1656717,-42,24289,55.97,1,1,0.00,0.0,20772,133,-964,-59,975,1,43.6610293,-79.3950435,105.30,0.09,0.67,12,1,00:22:38,00
1657073,-37,24289,55.88,1,1,0.00,0.0,20772,129,-976,-45,985,1,43.6610293,-79.3950435,105.30,0.09,0.67,12,1,00:22:38,00
1657362,-43,24289,55.98,1,1,0.00,0.0,20772,121,-963,-56,972,1,43.6610293,-79.3950435,105.30,0.09,0.67,12,1,00:22:38,00
1657658,-36,24289,56.03,1,1,0.00,0.0,20772,142,-965,-59,978,1,43.6610308,-79.3950417,105.60,0.20,0.70,12,1,00:22:39,00
1657945,-32,24289,56.05,1,1,0.00,0.0,20772,136,-970,-68,982,1,43.6610308,-79.3950417,105.60,0.20,0.70,12,1,00:22:39,00
1658235,-40,24289,56.07,1,1,0.00,0.0,20772,123,-972,-40,981,1,43.6610308,-79.3950417,105.60,0.20,0.70,12,1,00:22:39,00
1658526,-23,24289,55.99,1,1,0.00,0.0,20772,138,-971,-64,983,1,43.6610310,-79.3950408,105.60,0.07,0.70,12,1,00:22:40,00
1658821,-38,24289,56.06,1,1,0.00,0.0,20772,132,-971,-58,982,1,43.6610310,-79.3950408,105.70,0.07,0.71,12,1,00:22:40,00
1659124,-30,24289,56.08,1,1,0.00,0.0,20772,129,-971,-54,981,1,43.6610310,-79.3950408,105.70,0.07,0.71,12,1,00:22:40,00
1659421,-22,24289,56.02,1,1,0.00,0.0,20772,139,-969,-57,980,1,43.6610310,-79.3950408,105.70,0.07,0.71,12,1,00:22:40,00
1659721,-43,24289,55.94,1,1,0.00,0.0,20772,129,-972,-47,982,1,43.6610315,-79.3950403,105.80,0.24,0.71,12,1,00:22:41,00
1660022,-49,24289,55.93,1,1,0.00,0.0,20772,135,-964,-55,975,1,43.6610315,-79.3950403,105.80,0.24,0.71,12,1,00:22:41,00
1660319,-46,24289,55.93,1,1,0.00,0.0,20772,140,-966,-69,978,1,43.6610315,-79.3950403,105.80,0.24,0.71,12,1,00:22:41,00
1660616,-46,24289,55.94,1,1,0.00,0.0,20772,127,-973,-48,982,1,43.6610320,-79.3950398,105.90,0.07,0.71,12,1,00:22:42,00
1660914,-36,24289,55.93,1,1,0.00,0.0,20772,133,-968,-60,979,1,43.6610320,-79.3950398,105.90,0.07,0.71,12,1,00:22:42,00
1661212,-41,24289,55.94,1,1,0.00,0.0,20772,140,-968,-62,980,1,43.6610320,-79.3950398,105.90,0.07,0.71,12,1,00:22:42,00
1661517,-32,24289,55.93,1,1,0.00,0.0,20772,130,-968,-57,978,1,43.6610320,-79.3950392,105.90,0.02,0.71,12,1,00:22:43,00
1661877,-43,24289,55.92,1,1,0.00,0.0,20772,131,-967,-58,978,1,43.6610320,-79.3950392,105.90,0.02,0.66,12,1,00:22:43,00
1662175,-41,24289,55.91,1,1,0.00,0.0,20772,135,-971,-57,982,1,43.6610320,-79.3950392,105.90,0.02,0.66,12,1,00:22:43,00
1662476,-34,24289,55.87,1,1,0.00,0.0,20772,132,-969,-60,980,1,43.6610317,-79.3950383,105.90,0.22,0.66,12,1,00:22:44,00
1662773,-38,24289,55.81,1,1,0.00,0.0,20772,128,-970,-55,980,1,43.6610317,-79.3950383,106.00,0.22,0.66,12,1,00:22:44,00
1663066,-46,24289,55.76,1,1,0.00,0.0,20772,143,-966,-61,979,1,43.6610317,-79.3950383,106.00,0.22,0.66,12,1,00:22:44,00
1663365,-45,24289,55.80,1,1,0.00,0.0,20772,133,-968,-65,979,1,43.6610317,-79.3950383,106.00,0.22,0.66,12,1,00:22:44,00
1663664,-49,24289,55.75,1,1,0.00,0.0,20772,137,-969,-63,981,1,43.6610315,-79.3950375,106.00,0.06,0.66,12,1,00:22:45,00
1663975,-36,24289,55.71,1,1,0.00,0.0,20772,132,-968,-58,979,1,43.6610315,-79.3950375,106.00,0.06,0.66,12,1,00:22:45,00
1664270,-49,24289,55.69,1,1,0.00,0.0,20772,133,-971,-63,982,1,43.6610315,-79.3950375,106.00,0.06,0.66,12,1,00:22:45,00
1664570,-42,24289,55.73,1,1,0.00,0.0,20772,133,-968,-58,979,1,43.6610298,-79.3950328,106.40,0.17,0.69,12,1,00:22:46,00
1664867,-50,24289,55.74,1,1,0.00,0.0,20772,134,-970,-59,981,1,43.6610298,-79.3950328,106.40,0.17,0.69,12,1,00:22:46,00
1665168,-52,24289,55.67,1,1,0.00,0.0,20772,133,-969,-56,979,1,43.6610298,-79.3950328,106.40,0.17,0.69,12,1,00:22:46,00
1665469,-37,24289,55.64,1,1,0.00,0.0,20772,133,-968,-58,979,1,43.6610288,-79.3950298,106.40,0.11,0.69,12,1,00:22:47,00
1665774,-43,24289,55.57,1,1,0.00,0.0,20772,134,-969,-62,980,1,43.6610288,-79.3950298,106.70,0.11,0.79,12,1,00:22:47,00
1666081,-41,24289,55.45,1,1,0.00,0.0,20772,132,-970,-53,981,1,43.6610288,-79.3950298,106.70,0.11,0.79,12,1,00:22:47,00
1666380,-28,24289,55.47,1,1,0.00,0.0,20772,129,-968,-58,978,1,43.6610288,-79.3950298,106.70,0.11,0.79,12,1,00:22:47,00
1666745,-23,24289,55.33,1,1,0.00,0.0,20772,131,-969,-59,979,1,43.6610298,-79.3950250,107.00,0.04,0.69,12,1,00:22:48,00
1667049,-21,24289,55.25,1,1,0.00,0.0,20772,135,-967,-59,978,1,43.6610298,-79.3950250,107.00,0.04,0.69,12,1,00:22:48,00
1667351,-23,24289,55.11,1,1,0.00,0.0,20772,135,-966,-63,977,1,43.6610298,-79.3950250,107.00,0.04,0.69,12,1,00:22:48,00
1667657,-24,24289,55.05,1,1,0.00,0.0,20772,134,-968,-63,979,1,43.6610308,-79.3950205,107.10,0.06,0.69,12,1,00:22:49,00
1667958,-21,24289,55.01,1,1,0.00,0.0,20772,132,-969,-55,979,1,43.6610308,-79.3950205,107.10,0.06,0.69,12,1,00:22:49,00
1668266,-27,24289,55.00,1,1,0.00,0.0,20772,132,-968,-59,979,1,43.6610308,-79.3950205,107.10,0.06,0.69,12,1,00:22:49,00
1668566,-28,24289,54.99,1,1,0.00,0.0,20772,133,-970,-61,981,1,43.6610305,-79.3950197,107.40,0.15,0.67,12,1,00:22:50,00
1668866,-31,24289,55.00,1,1,0.00,0.0,20772,136,-968,-66,980,1,43.6610305,-79.3950197,107.40,0.15,0.67,12,1,00:22:50,00
1669167,-35,24289,55.03,1,1,0.00,0.0,20772,133,-968,-60,978,1,43.6610305,-79.3950197,107.40,0.15,0.67,12,1,00:22:50,00
1669473,-14,24289,55.05,1,1,0.00,0.0,20772,135,-972,-69,984,1,43.6610302,-79.3950185,107.40,0.09,0.67,12,1,00:22:51,00
1669781,-20,24289,54.17,1,1,0.00,0.0,20772,130,-970,-47,980,1,43.6610302,-79.3950185,107.60,0.09,0.71,12,1,00:22:51,00
1670087,-28,24289,47.78,1,1,0.00,0.0,20772,132,-968,-51,978,1,43.6610302,-79.3950185,107.60,0.09,0.71,12,1,00:22:51,00
1670397,-23,24289,39.91,1,1,0.00,0.0,20772,131,-969,-57,980,1,43.6610302,-79.3950185,107.60,0.09,0.71,12,1,00:22:51,00
1670704,-34,24289,32.92,1,1,0.00,0.0,20772,133,-972,-58,983,1,43.6610308,-79.3950170,107.60,0.11,0.66,12,1,00:22:52,00
1671013,-26,24289,27.18,1,1,0.00,0.0,20772,135,-967,-58,978,1,43.6610308,-79.3950170,107.60,0.11,0.66,12,1,00:22:52,00
1671320,-20,24289,22.35,1,1,0.00,0.0,20772,133,-968,-61,979,1,43.6610308,-79.3950170,107.60,0.11,0.66,12,1,00:22:52,00
1671687,-24,24289,17.43,1,1,0.00,0.0,20772,136,-966,-59,978,1,43.6610307,-79.3950165,107.70,0.19,0.66,12,1,00:22:53,00
1671995,-33,24289,14.20,1,1,0.00,0.0,20772,132,-971,-62,982,1,43.6610307,-79.3950165,107.70,0.19,0.66,12,1,00:22:53,00
1672296,-20,24289,11.71,1,1,0.00,0.0,20772,133,-970,-59,980,1,43.6610307,-79.3950165,107.70,0.19,0.66,12,1,00:22:53,00
1672607,-24,24289,9.42,1,1,0.00,0.0,20772,131,-967,-58,978,1,43.6610305,-79.3950168,107.80,0.19,0.71,12,1,00:22:54,00
1672909,-27,24289,6.94,1,1,0.00,0.0,20772,129,-969,-54,979,1,43.6610305,-79.3950168,107.80,0.19,0.71,12,1,00:22:54,00
1673215,-30,24289,4.21,1,1,0.00,0.0,20772,137,-969,-58,981,1,43.6610305,-79.3950168,107.80,0.19,0.71,12,1,00:22:54,00
1673536,-30,24289,1.83,1,1,0.00,0.0,20772,138,-968,-60,980,1,43.6610305,-79.3950172,107.80,0.09,0.71,12,1,00:22:55,00
1673839,-28,24289,-0.08,1,1,0.00,0.0,20772,132,-968,-60,979,1,43.6610305,-79.3950172,107.90,0.09,0.73,12,1,00:22:55,00
1674149,-27,24289,-1.52,1,1,0.00,0.0,20772,134,-969,-64,980,1,43.6610305,-79.3950172,107.90,0.09,0.73,12,1,00:22:55,00
1674456,-7,24289,-2.41,1,1,0.00,0.0,20772,131,-971,-58,981,1,43.6610315,-79.3950165,107.90,0.11,0.73,12,1,00:22:56,00
1674770,-22,24289,-3.09,1,1,0.00,0.0,20772,138,-967,-69,979,1,43.6610315,-79.3950165,107.80,0.11,0.73,12,1,00:22:56,00
1675081,-16,24289,-3.65,1,1,0.00,0.0,20772,141,-967,-63,980,1,43.6610315,-79.3950165,107.80,0.11,0.73,12,1,00:22:56,00
1675431,-19,24289,-4.54,1,1,0.00,0.0,20772,145,-967,-67,980,1,43.6610320,-79.3950167,107.80,0.00,0.73,12,1,00:22:57,00
1675721,-35,24289,-5.14,1,1,0.00,0.0,20772,128,-969,-56,979,1,43.6610320,-79.3950167,107.70,0.00,0.73,12,1,00:22:57,00
1676010,-36,24289,-5.48,1,1,0.00,0.0,20772,137,-969,-54,980,1,43.6610320,-79.3950167,107.70,0.00,0.73,12,1,00:22:57,00
1676303,-30,24289,-5.54,1,1,0.00,0.0,20772,140,-968,-51,980,1,43.6610320,-79.3950167,107.70,0.00,0.73,12,1,00:22:57,00
1676656,-36,24289,-5.24,1,1,0.00,0.0,20772,135,-967,-59,979,1,43.6610318,-79.3950167,107.60,0.00,0.71,12,1,00:22:58,00
1676943,-33,24289,-5.07,1,1,0.00,0.0,20772,136,-972,-51,982,1,43.6610318,-79.3950167,107.60,0.00,0.71,12,1,00:22:58,00
1677232,-32,24289,-4.80,1,1,0.00,0.0,20772,129,-970,-55,980,1,43.6610318,-79.3950167,107.60,0.00,0.71,12,1,00:22:58,00
1677519,-28,24289,-4.55,1,1,0.00,0.0,20772,130,-964,-71,975,1,43.6610315,-79.3950168,107.60,0.13,0.71,12,1,00:22:59,00
1677810,-41,24289,-4.27,1,1,0.00,0.0,20772,131,-968,-52,978,1,43.6610315,-79.3950168,107.40,0.13,0.75,12,1,00:22:59,00
1678104,-44,24289,-4.01,1,1,0.00,0.0,20772,140,-973,-53,985,1,43.6610315,-79.3950168,107.40,0.13,0.75,12,1,00:22:59,00
1678392,-45,24289,-3.72,1,1,0.00,0.0,20772,134,-969,-67,980,1,43.6610315,-79.3950168,107.40,0.13,0.75,12,1,00:22:59,00
1678681,-50,24289,-3.59,1,1,0.00,0.0,20772,144,-966,-62,979,1,43.6610325,-79.3950172,107.30,0.09,0.71,12,1,00:23:00,00
1678977,-49,24289,-3.47,1,1,0.00,0.0,20772,130,-970,-60,981,1,43.6610325,-79.3950172,107.30,0.09,0.71,12,1,00:23:00,00
1679277,-52,24289,-3.51,1,1,0.00,0.0,20772,126,-973,-45,982,1,43.6610325,-79.3950172,107.30,0.09,0.71,12,1,00:23:00,00
1679570,-40,24289,-3.44,1,1,0.00,0.0,20772,129,-970,-55,980,1,43.6610332,-79.3950168,107.10,0.11,0.66,12,1,00:23:01,00
1679866,-38,24289,-3.34,1,1,0.00,0.0,20772,130,-977,-57,987,1,43.6610332,-79.3950168,107.10,0.11,0.66,12,1,00:23:01,00
1680167,-36,24289,-3.12,1,1,0.00,0.0,20772,139,-969,-63,981,1,43.6610332,-79.3950168,107.10,0.11,0.66,12,1,00:23:01,00
1680458,-19,24289,-2.75,1,1,0.00,0.0,20772,135,-969,-61,980,1,43.6610337,-79.3950168,107.10,0.06,0.66,12,1,00:23:02,00
1680753,-32,24289,-2.38,1,1,0.00,0.0,20772,121,-968,-70,978,1,43.6610337,-79.3950168,106.90,0.06,0.66,12,1,00:23:02,00
1681058,-34,24289,-1.73,1,1,0.00,0.0,20772,127,-970,-51,980,1,43.6610337,-79.3950168,106.90,0.06,0.66,12,1,00:23:02,00
1681417,-30,24289,-0.86,1,1,0.00,0.0,20772,139,-969,-77,982,1,43.6610337,-79.3950168,106.90,0.06,0.66,12,1,00:23:02,00
1681713,-49,24289,-0.14,1,1,0.00,0.0,20772,135,-968,-67,980,1,43.6610342,-79.3950173,107.00,0.06,0.61,12,1,00:23:03,00
1682003,-47,24289,0.67,1,1,0.00,0.0,20772,121,-972,-46,981,1,43.6610342,-79.3950173,107.00,0.06,0.61,12,1,00:23:03,00
1682299,-36,24289,1.54,1,1,0.00,0.0,20772,134,-970,-53,981,1,43.6610342,-79.3950173,107.00,0.06,0.61,12,1,00:23:03,00
1682598,-41,24289,2.33,1,1,0.00,0.0,20772,133,-969,-60,980,1,43.6610343,-79.3950172,107.00,0.09,0.61,12,1,00:23:04,00
1682890,-33,24289,3.20,1,1,0.00,0.0,20772,134,-970,-60,981,1,43.6610343,-79.3950172,107.00,0.09,0.61,12,1,00:23:04,00
1683187,-35,24289,4.10,1,1,0.00,0.0,20772,136,-966,-57,978,1,43.6610343,-79.3950172,107.00,0.09,0.61,12,1,00:23:04,00
1683478,-23,24289,4.91,1,1,0.00,0.0,20772,132,-969,-55,979,1,43.6610345,-79.3950175,107.00,0.00,0.61,12,1,00:23:05,00
1683773,-30,24289,5.83,1,1,0.00,0.0,20772,134,-968,-59,979,1,43.6610345,-79.3950175,106.90,0.00,0.67,12,1,00:23:05,00
1684078,-32,24289,6.54,1,1,0.00,0.0,20772,133,-969,-57,980,1,43.6610345,-79.3950175,106.90,0.00,0.67,12,1,00:23:05,00
1684376,-29,24289,7.33,1,1,0.00,0.0,20772,131,-969,-57,979,1,43.6610345,-79.3950175,106.90,0.00,0.67,12,1,00:23:05,00
1684676,-27,24289,8.09,1,1,0.00,0.0,20772,133,-968,-63,979,1,43.6610350,-79.3950175,106.90,0.09,0.64,12,1,00:23:06,00
1684977,-23,24289,8.96,1,1,0.00,0.0,20772,131,-971,-51,982,1,43.6610350,-79.3950175,106.90,0.09,0.64,12,1,00:23:06,00
1685279,-20,24289,9.74,1,1,0.00,0.0,20772,135,-969,-57,980,1,43.6610350,-79.3950175,106.90,0.09,0.64,12,1,00:23:06,00
1685582,-19,24289,10.58,1,1,0.00,0.0,20772,134,-970,-54,981,1,43.6610352,-79.3950170,106.80,0.15,0.66,12,1,00:23:07,00
1685883,-14,24289,11.37,1,1,0.00,0.0,20772,139,-973,-56,984,1,43.6610352,-79.3950170,106.80,0.15,0.66,12,1,00:23:07,00
1686250,-17,24289,12.37,1,1,0.00,0.0,20772,136,-972,-61,983,1,43.6610352,-79.3950170,106.80,0.15,0.66,12,1,00:23:07,00
1686549,-15,24289,13.16,1,1,0.00,0.0,20772,134,-970,-58,981,1,43.6610347,-79.3950170,106.80,0.09,0.66,12,1,00:23:08,00
1686845,-21,24289,13.80,1,1,0.00,0.0,20772,130,-969,-60,980,1,43.6610347,-79.3950170,106.80,0.09,0.66,12,1,00:23:08,00
1687142,-21,24289,14.56,1,1,0.00,0.0,20772,129,-970,-50,980,1,43.6610347,-79.3950170,106.80,0.09,0.66,12,1,00:23:08,00
1687449,-12,24289,15.34,1,1,0.00,0.0,20772,134,-966,-66,977,1,43.6610347,-79.3950170,106.80,0.09,0.66,12,1,00:23:08,00
1687751,-25,24289,15.97,1,1,0.00,0.0,20772,129,-967,-59,978,1,43.6610347,-79.3950177,106.90,0.26,0.67,12,1,00:23:09,00
1688048,-30,24289,16.71,1,1,0.00,0.0,20772,132,-969,-48,979,1,43.6610347,-79.3950177,106.90,0.26,0.67,12,1,00:23:09,00
1688350,-26,24289,17.37,1,1,0.00,0.0,20772,133,-968,-64,979,1,43.6610347,-79.3950177,106.90,0.26,0.67,12,1,00:23:09,00
1688655,-16,24289,18.09,1,1,0.00,0.0,20772,135,-967,-66,978,1,43.6610343,-79.3950183,106.90,0.09,0.61,12,1,00:23:10,00
1688962,-19,24289,18.81,1,1,0.00,0.0,20772,132,-968,-62,979,1,43.6610343,-79.3950183,106.90,0.09,0.61,12,1,00:23:10,00
1689273,-18,24289,19.49,1,1,0.00,0.0,20772,133,-968,-52,979,1,43.6610343,-79.3950183,106.90,0.09,0.61,12,1,00:23:10,00
1689587,-16,24289,20.16,1,1,0.00,0.0,20772,127,-969,-58,979,1,43.6610337,-79.3950192,106.80,0.04,0.61,12,1,00:23:11,00
1689889,-18,24289,20.82,1,1,0.00,0.0,20772,136,-969,-63,980,1,43.6610337,-79.3950192,106.80,0.04,0.61,12,1,00:23:11,00
1690194,-18,24289,21.43,1,1,0.00,0.0,20772,131,-970,-59,981,1,43.6610337,-79.3950192,106.80,0.04,0.61,12,1,00:23:11,00
1690499,-16,24289,22.06,1,1,0.00,0.0,20772,132,-968,-55,979,1,43.6610342,-79.3950200,106.80,0.04,0.61,12,1,00:23:12,00
1690805,-22,24289,22.75,1,1,0.00,0.0,20772,133,-971,-58,981,1,43.6610342,-79.3950200,106.70,0.04,0.63,12,1,00:23:12,00
1691172,-28,24289,23.54,1,1,0.00,0.0,20772,133,-969,-58,980,1,43.6610342,-79.3950200,106.70,0.04,0.63,12,1,00:23:12,00
1691470,-16,24289,24.18,1,1,0.00,0.0,20772,133,-971,-55,981,1,43.6610342,-79.3950200,106.70,0.04,0.63,12,1,00:23:12,00
1691781,-18,24289,24.81,1,1,0.00,0.0,20772,133,-969,-59,979,1,43.6610348,-79.3950207,106.70,0.11,0.61,12,1,00:23:13,00
1692084,-18,24289,25.32,1,1,0.00,0.0,20772,135,-970,-67,982,1,43.6610348,-79.3950207,106.70,0.11,0.61,12,1,00:23:13,00
1692388,-14,24289,25.84,1,1,0.00,0.0,20772,134,-968,-60,979,1,43.6610348,-79.3950207,106.70,0.11,0.61,12,1,00:23:13,00
1692699,-17,24289,26.35,1,1,0.00,0.0,20772,132,-971,-58,982,1,43.6610360,-79.3950212,106.60,0.06,0.61,12,1,00:23:14,00
1693007,-19,24289,26.85,1,1,0.00,0.0,20772,131,-973,-60,984,1,43.6610360,-79.3950212,106.60,0.06,0.61,12,1,00:23:14,00
1693313,-20,24289,27.29,1,1,0.00,0.0,20772,134,-969,-60,980,1,43.6610360,-79.3950212,106.60,0.06,0.61,12,1,00:23:14,00
1693620,-29,24289,27.69,1,1,0.00,0.0,20772,129,-971,-63,982,1,43.6610362,-79.3950212,106.50,0.02,0.61,12,1,00:23:15,00
1693933,-29,24289,28.11,1,1,0.00,0.0,20772,136,-967,-67,979,1,43.6610362,-79.3950212,106.50,0.02,0.61,12,1,00:23:15,00
1694239,-25,24289,28.52,1,1,0.00,0.0,20772,132,-970,-60,980,1,43.6610362,-79.3950212,106.50,0.02,0.61,12,1,00:23:15,00
1694549,-26,24289,28.94,1,1,0.00,0.0,20772,131,-967,-59,978,1,43.6610362,-79.3950208,106.50,0.09,0.61,12,1,00:23:16,00
1694860,-34,24289,29.37,1,1,0.00,0.0,20772,132,-969,-56,979,1,43.6610362,-79.3950208,106.30,0.09,0.64,12,1,00:23:16,00
1695172,-35,24289,29.80,1,1,0.00,0.0,20772,131,-970,-55,980,1,43.6610362,-79.3950208,106.30,0.09,0.64,12,1,00:23:16,00
1695487,-22,24289,30.21,1,1,0.00,0.0,20772,128,-971,-59,981,1,43.6610362,-79.3950208,106.30,0.09,0.64,12,1,00:23:16,00
1695798,-33,24289,30.64,1,1,0.00,0.0,20772,133,-968,-56,979,1,43.6610357,-79.3950207,106.10,0.41,0.64,12,1,00:23:17,00
1696182,-30,24289,31.07,1,1,0.00,0.0,20772,127,-970,-45,979,1,43.6610357,-79.3950207,106.10,0.41,0.64,12,1,00:23:17,00
1696489,-17,24289,31.42,1,1,0.00,0.0,20772,133,-969,-49,980,1,43.6610357,-79.3950207,106.10,0.41,0.64,12,1,00:23:17,00
1696800,-27,24289,30.80,1,1,0.00,0.0,20772,150,-959,-87,974,1,43.6610357,-79.3950205,106.00,0.06,0.66,12,1,00:23:18,00
1697106,-25,24289,27.66,1,1,0.00,0.0,20772,145,-965,-68,978,1,43.6610357,-79.3950205,106.00,0.06,0.66,12,1,00:23:18,00
1697450,-24,24289,22.44,1,1,0.00,0.0,20772,134,-971,-43,981,1,43.6610357,-79.3950205,106.00,0.06,0.66,12,1,00:23:18,00
1697737,-31,24289,18.44,1,1,0.00,0.0,20772,126,-974,-44,983,1,43.6610358,-79.3950207,105.90,0.07,0.70,12,1,00:23:19,00
1698023,-31,24289,14.74,1,1,0.00,0.0,20772,140,-966,-61,978,1,43.6610358,-79.3950207,105.90,0.07,0.70,12,1,00:23:19,00
1698319,-32,24289,11.52,1,1,0.00,0.0,20772,129,-972,-48,982,1,43.6610358,-79.3950207,105.90,0.07,0.70,12,1,00:23:19,00
1698611,-29,24289,7.90,1,1,0.00,0.0,20772,136,-963,-56,974,1,43.6610362,-79.3950212,105.90,0.07,0.70,12,1,00:23:20,00
1698900,-23,24289,4.70,1,1,0.00,0.0,20772,134,-967,-53,978,1,43.6610362,-79.3950212,105.90,0.07,0.64,12,1,00:23:20,00
1699191,-7,24289,2.30,1,1,0.00,0.0,20772,130,-968,-49,978,1,43.6610362,-79.3950212,105.90,0.07,0.64,12,1,00:23:20,00
1699484,3,24289,0.39,1,1,0.00,0.0,20772,125,-969,-59,979,1,43.6610362,-79.3950212,105.90,0.07,0.64,12,1,00:23:20,00
1699777,-19,24289,-1.33,1,1,0.00,0.0,20772,144,-960,-69,973,1,43.6610367,-79.3950215,105.90,0.02,0.64,12,1,00:23:21,00
1700066,-18,24289,-2.67,1,1,0.00,0.0,20772,135,-969,-57,980,1,43.6610367,-79.3950215,105.90,0.02,0.64,12,1,00:23:21,00
1700367,-22,24289,-4.16,1,1,0.00,0.0,20772,136,-972,-69,984,1,43.6610367,-79.3950215,105.90,0.02,0.64,12,1,00:23:21,00
1700657,-19,24289,-5.59,1,1,0.00,0.0,20772,143,-968,-70,981,1,43.6610370,-79.3950218,105.90,0.09,0.64,12,1,00:23:22,00
1701016,-10,24289,-7.17,1,1,0.00,0.0,20772,141,-968,-55,979,1,43.6610370,-79.3950218,105.90,0.09,0.67,12,1,00:23:22,00
1701304,-15,24289,-8.15,1,1,0.00,0.0,20772,150,-968,-60,982,1,43.6610370,-79.3950218,105.90,0.09,0.67,12,1,00:23:22,00
1701593,-16,24289,-8.92,1,1,0.00,0.0,20772,134,-970,-70,982,1,43.6610370,-79.3950218,105.90,0.09,0.67,12,1,00:23:22,00
1701883,-19,24289,-9.35,1,1,0.00,0.0,20772,175,-953,-40,970,1,43.6610373,-79.3950223,105.80,0.11,0.69,12,1,00:23:23,00
1702181,-14,24289,-9.36,1,1,0.00,0.0,20772,129,-969,-44,979,1,43.6610373,-79.3950223,105.80,0.11,0.69,12,1,00:23:23,00
1702477,-2,24289,-9.55,1,1,0.00,0.0,20772,123,-977,-25,985,1,43.6610373,-79.3950223,105.80,0.11,0.69,12,1,00:23:23,00
1702774,-14,24289,-9.74,1,1,0.00,0.0,20772,122,-967,-65,977,1,43.6610372,-79.3950230,105.80,0.13,0.66,12,1,00:23:24,00
1703069,-13,24289,-10.00,1,1,0.00,0.0,20772,121,-980,-45,989,1,43.6610372,-79.3950230,105.80,0.13,0.66,12,1,00:23:24,00
1703362,-16,24289,-10.11,1,1,0.00,0.0,20772,143,-963,-73,976,1,43.6610372,-79.3950230,105.80,0.13,0.66,12,1,00:23:24,00
1703662,-22,24289,-10.41,1,1,0.00,0.0,20772,128,-969,-42,979,1,43.6610377,-79.3950235,105.80,0.22,0.66,12,1,00:23:25,00
1703961,-26,24289,-10.66,1,1,0.00,0.0,20772,130,-970,-60,980,1,43.6610377,-79.3950235,105.80,0.22,0.64,12,1,00:23:25,00
1704261,-22,24289,-10.97,1,1,0.00,0.0,20772,133,-971,-56,981,1,43.6610377,-79.3950235,105.80,0.22,0.64,12,1,00:23:25,00
1704566,-27,24289,-11.03,1,1,0.00,0.0,20772,140,-963,-64,975,1,43.6610377,-79.3950235,105.80,0.22,0.64,12,1,00:23:25,00
1704866,-33,24289,-11.23,1,1,0.00,0.0,20772,139,-975,-70,988,1,43.6610380,-79.3950237,105.70,0.07,0.76,12,1,00:23:26,00
1705164,-24,24289,-11.27,1,1,0.00,0.0,20772,142,-972,-61,984,1,43.6610380,-79.3950237,105.70,0.07,0.76,12,1,00:23:26,00
1705464,-18,24289,-11.32,1,1,0.00,0.0,20772,126,-967,-46,976,1,43.6610380,-79.3950237,105.70,0.07,0.76,12,1,00:23:26,00
1705825,-48,24289,-11.48,1,1,0.00,0.0,20772,147,-977,-58,990,1,43.6610382,-79.3950235,105.50,0.06,0.74,12,1,00:23:27,00
1706119,-43,24289,-11.32,1,1,0.00,0.0,20772,132,-976,-59,987,1,43.6610382,-79.3950235,105.50,0.06,0.74,12,1,00:23:27,00
1706415,-15,24289,-10.71,1,1,0.00,0.0,20772,128,-986,-54,996,1,43.6610382,-79.3950235,105.50,0.06,0.74,12,1,00:23:27,00
1706713,-15,24289,-9.92,1,1,0.00,0.0,20772,160,-961,-108,980,1,43.6610382,-79.3950240,105.50,0.17,0.74,12,1,00:23:28,00
1707007,-18,24289,-9.04,1,1,0.00,0.0,20772,129,-972,-48,981,1,43.6610382,-79.3950240,105.40,0.17,0.63,12,1,00:23:28,00
1707305,-22,24289,-8.14,1,1,0.00,0.0,20772,142,-963,-66,976,1,43.6610382,-79.3950240,105.40,0.17,0.63,12,1,00:23:28,00
1707604,-21,24289,-7.37,1,1,0.00,0.0,20772,131,-972,-52,982,1,43.6610382,-79.3950240,105.40,0.17,0.63,12,1,00:23:28,00
1707904,-23,24289,-6.30,1,1,0.00,0.0,20772,134,-966,-60,977,1,43.6610378,-79.3950242,105.30,0.07,0.68,12,1,00:23:29,00
1708200,-27,24289,-5.02,1,1,0.00,0.0,20772,135,-967,-64,979,1,43.6610378,-79.3950242,105.30,0.07,0.68,12,1,00:23:29,00
1708502,-21,24289,-3.44,1,1,0.00,0.0,20772,135,-970,-62,981,1,43.6610378,-79.3950242,105.30,0.07,0.68,12,1,00:23:29,00
1708809,-25,24289,-1.85,1,1,0.00,0.0,20772,137,-968,-57,980,1,43.6610378,-79.3950240,105.20,0.11,0.72,12,1,00:23:30,00
1709114,-35,24289,-0.30,1,1,0.00,0.0,20772,131,-968,-60,978,1,43.6610378,-79.3950240,105.20,0.11,0.72,12,1,00:23:30,00
1709415,-25,24289,1.01,1,1,0.00,0.0,20772,136,-965,-58,976,1,43.6610378,-79.3950240,105.20,0.11,0.72,12,1,00:23:30,00
1709721,-30,24289,1.86,1,1,0.00,0.0,20772,122,-970,-65,979,1,43.6610378,-79.3950238,105.20,0.06,0.72,12,1,00:23:31,00
1710025,-30,24289,0.60,1,1,0.00,0.0,20772,141,-966,-64,979,1,43.6610378,-79.3950238,105.20,0.06,0.65,12,1,00:23:31,00
1710331,-27,24289,-1.04,1,1,0.00,0.0,20772,138,-967,-64,979,1,43.6610378,-79.3950238,105.20,0.06,0.65,12,1,00:23:31,00
1710699,-24,24289,-2.32,1,1,0.00,0.0,20772,136,-968,-61,979,1,43.6610377,-79.3950237,105.20,0.17,0.65,12,1,00:23:32,00
1711003,-24,24289,-3.10,1,1,0.00,0.0,20772,136,-966,-59,977,1,43.6610377,-79.3950237,105.20,0.17,0.63,12,1,00:23:32,00
1711305,-20,24289,-3.67,1,1,0.00,0.0,20772,135,-967,-70,979,1,43.6610377,-79.3950237,105.20,0.17,0.63,12,1,00:23:32,00
1711604,-18,24289,-4.22,1,1,0.00,0.0,20772,138,-968,-68,980,1,43.6610377,-79.3950237,105.20,0.17,0.63,12,1,00:23:32,00
1711903,-27,24289,-4.61,1,1,0.00,0.0,20772,139,-964,-81,978,1,43.6610372,-79.3950233,105.20,0.13,0.61,12,1,00:23:33,00
1712208,-14,24289,-4.86,1,1,0.00,0.0,20772,130,-970,-61,981,1,43.6610372,-79.3950233,105.20,0.13,0.61,12,1,00:23:33,00
1712514,-10,24289,-5.03,1,1,0.00,0.0,20772,141,-968,-57,980,1,43.6610372,-79.3950233,105.20,0.13,0.61,12,1,00:23:33,00
1712817,-14,24289,-5.12,1,1,0.00,0.0,20772,120,-971,-40,980,1,43.6610368,-79.3950230,105.20,0.04,0.66,12,1,00:23:34,00
1713134,-26,24289,-5.02,1,1,0.00,0.0,20772,136,-970,-56,981,1,43.6610368,-79.3950230,105.20,0.04,0.66,12,1,00:23:34,00
1713441,-14,24289,-4.42,1,1,0.00,0.0,20772,129,-969,-52,979,1,43.6610368,-79.3950230,105.20,0.04,0.66,12,1,00:23:34,00
1713745,-25,24289,-3.70,1,1,0.00,0.0,20772,135,-968,-76,981,1,43.6610368,-79.3950233,105.20,0.11,0.66,12,1,00:23:35,00
1714055,-23,24289,-2.80,1,1,0.00,0.0,20772,136,-967,-37,977,1,43.6610368,-79.3950233,105.10,0.11,0.63,12,1,00:23:35,00
1714363,-26,24289,-1.82,1,1,0.00,0.0,20772,143,-965,-54,977,1,43.6610368,-79.3950233,105.10,0.11,0.63,12,1,00:23:35,00
1714666,-30,24289,-0.80,1,1,0.00,0.0,20772,136,-966,-68,978,1,43.6610368,-79.3950233,105.10,0.11,0.63,12,1,00:23:35,00
1714969,-30,24289,0.28,1,1,0.00,0.0,20772,135,-971,-59,982,1,43.6610370,-79.3950237,105.20,0.02,0.63,12,1,00:23:36,00
1715286,-28,24289,1.39,1,1,0.00,0.0,20772,126,-969,-85,981,1,43.6610370,-79.3950237,105.20,0.02,0.63,12,1,00:23:36,00
1715657,-23,24289,2.74,1,1,0.00,0.0,20772,143,-973,-52,985,1,43.6610370,-79.3950237,105.20,0.02,0.63,12,1,00:23:36,00
1715960,-21,24289,3.78,1,1,0.00,0.0,20772,134,-973,-36,983,1,43.6610373,-79.3950238,105.30,0.02,0.61,12,1,00:23:37,00
1716262,-15,24289,4.75,1,1,0.00,0.0,20772,129,-974,-60,984,1,43.6610373,-79.3950238,105.30,0.02,0.61,12,1,00:23:37,00
1716570,-24,24289,5.66,1,1,0.00,0.0,20772,145,-959,-98,975,1,43.6610373,-79.3950238,105.30,0.02,0.61,12,1,00:23:37,00
1716876,-24,24289,6.59,1,1,0.00,0.0,20772,121,-986,-33,994,1,43.6610373,-79.3950242,105.30,0.09,0.63,12,1,00:23:38,00
1717188,-28,24289,7.42,1,1,0.00,0.0,20772,151,-945,-80,960,1,43.6610373,-79.3950242,105.30,0.09,0.63,12,1,00:23:38,00
1717499,-12,24289,8.23,1,1,0.00,0.0,20772,135,-972,-70,984,1,43.6610373,-79.3950242,105.30,0.09,0.63,12,1,00:23:38,00
1717809,-10,24289,9.13,1,1,0.00,0.0,20772,133,-969,-55,980,1,43.6610373,-79.3950247,105.30,0.11,0.63,12,1,00:23:39,00
1718120,-11,24289,9.97,1,1,0.00,0.0,20772,142,-967,-72,980,1,43.6610373,-79.3950247,105.30,0.11,0.63,12,1,00:23:39,00
1718428,-1,24289,10.73,1,1,0.00,0.0,20772,138,-970,-67,982,1,43.6610373,-79.3950247,105.30,0.11,0.63,12,1,00:23:39,00
1718741,-4,24289,11.60,1,1,0.00,0.0,20772,132,-971,-67,982,1,43.6610375,-79.3950250,105.30,0.06,0.63,12,1,00:23:40,00
1719054,-11,24289,12.29,1,1,0.00,0.0,20772,135,-975,-62,986,1,43.6610375,-79.3950250,105.30,0.06,0.61,12,1,00:23:40,00
1719408,-15,24289,13.22,1,1,0.00,0.0,20772,125,-969,-64,979,1,43.6610375,-79.3950250,105.30,0.06,0.61,12,1,00:23:40,00
1719705,-9,24289,13.86,1,1,0.00,0.0,20772,133,-959,-54,970,1,43.6610378,-79.3950253,105.30,0.06,0.61,12,1,00:23:41,00
1720000,-11,24289,14.54,1,1,0.00,0.0,20772,132,-961,-61,972,1,43.6610378,-79.3950253,105.30,0.06,0.61,12,1,00:23:41,00
1720290,-9,24289,15.16,1,1,0.00,0.0,20772,123,-986,-41,995,1,43.6610378,-79.3950253,105.30,0.06,0.61,12,1,00:23:41,00
1720637,-9,24289,15.85,1,1,0.00,0.0,20772,138,-966,-71,979,1,43.6610378,-79.3950253,105.30,0.06,0.61,12,1,00:23:41,00
1720927,-9,24289,16.35,1,1,0.00,0.0,20772,137,-969,-62,980,1,43.6610378,-79.3950257,105.30,0.09,0.63,12,1,00:23:42,00
1721212,-15,24289,16.97,1,1,0.00,0.0,20772,135,-972,-49,982,1,43.6610378,-79.3950257,105.30,0.09,0.63,12,1,00:23:42,00
1721498,3,24289,17.44,1,1,0.00,0.0,20772,137,-970,-59,981,1,43.6610378,-79.3950257,105.30,0.09,0.63,12,1,00:23:42,00
1721793,-12,24289,18.03,1,1,0.00,0.0,20772,138,-971,-58,982,1,43.6610380,-79.3950257,105.30,0.17,0.63,12,1,00:23:43,00
1722090,-7,24289,18.62,1,1,0.00,0.0,20772,129,-976,-58,987,1,43.6610380,-79.3950257,105.40,0.17,0.63,12,1,00:23:43,00
1722388,-9,24289,19.17,1,1,0.00,0.0,20772,136,-968,-67,980,1,43.6610380,-79.3950257,105.40,0.17,0.63,12,1,00:23:43,00
1722680,-10,24289,19.63,1,1,0.00,0.0,20772,136,-967,-54,978,1,43.6610380,-79.3950257,105.40,0.17,0.63,12,1,00:23:43,00
1722971,-16,24289,20.09,1,1,0.00,0.0,20772,138,-979,-65,991,1,43.6610380,-79.3950260,105.50,0.09,0.61,12,1,00:23:44,00
1723265,-9,24289,20.60,1,1,0.00,0.0,20772,136,-968,-61,979,1,43.6610380,-79.3950260,105.50,0.09,0.61,12,1,00:23:44,00
1723566,-13,24289,21.08,1,1,0.00,0.0,20772,131,-971,-60,982,1,43.6610380,-79.3950260,105.50,0.09,0.61,12,1,00:23:44,00
1723867,-13,24289,21.54,1,1,0.00,0.0,20772,135,-968,-60,979,1,43.6610380,-79.3950262,105.60,0.11,0.61,12,1,00:23:45,00
1724160,-16,24289,22.07,1,1,0.00,0.0,20772,133,-972,-52,982,1,43.6610380,-79.3950262,105.60,0.11,0.61,12,1,00:23:45,00
1724453,-9,24289,22.43,1,1,0.00,0.0,20772,139,-971,-61,983,1,43.6610380,-79.3950262,105.60,0.11,0.61,12,1,00:23:45,00
1724750,-10,24289,22.85,1,1,0.00,0.0,20772,135,-971,-58,982,1,43.6610375,-79.3950265,105.60,0.07,0.61,12,1,00:23:46,00
1725049,-8,24289,23.31,1,1,0.00,0.0,20772,130,-970,-66,981,1,43.6610375,-79.3950265,105.80,0.07,0.61,12,1,00:23:46,00
1725408,-9,24289,23.81,1,1,0.00,0.0,20772,131,-969,-63,979,1,43.6610375,-79.3950265,105.80,0.07,0.61,12,1,00:23:46,00
1725703,-11,24289,24.24,1,1,0.00,0.0,20772,145,-964,-51,976,1,43.6610375,-79.3950265,105.80,0.07,0.61,12,1,00:23:46,00
1726003,-4,24289,24.69,1,1,0.00,0.0,20772,129,-965,-58,975,1,43.6610375,-79.3950267,105.90,0.06,0.61,12,1,00:23:47,00
1726294,-6,24289,25.04,1,1,0.00,0.0,20772,129,-972,-53,982,1,43.6610375,-79.3950267,105.90,0.06,0.61,12,1,00:23:47,00
1726597,-16,24289,25.44,1,1,0.00,0.0,20772,140,-967,-69,979,1,43.6610375,-79.3950267,105.90,0.06,0.61,12,1,00:23:47,00
1726891,-11,24289,25.84,1,1,0.00,0.0,20772,138,-963,-67,975,1,43.6610373,-79.3950268,105.90,0.06,0.66,12,1,00:23:48,00
1727187,-4,24289,26.19,1,1,0.00,0.0,20772,131,-967,-61,977,1,43.6610373,-79.3950268,105.90,0.06,0.66,12,1,00:23:48,00
1727480,1,24289,26.53,1,1,0.00,0.0,20772,139,-962,-74,975,1,43.6610373,-79.3950268,105.90,0.06,0.66,12,1,00:23:48,00
1727775,4,24289,26.84,1,1,0.00,0.0,20772,147,-970,-71,984,1,43.6610372,-79.3950272,105.90,0.09,0.66,12,1,00:23:49,00
1728076,-7,24289,27.22,1,1,0.00,0.0,20772,143,-976,-42,987,1,43.6610372,-79.3950272,105.90,0.09,0.63,12,1,00:23:49,00
1728369,-1,24289,27.56,1,1,0.00,0.0,20772,142,-972,-60,985,1,43.6610372,-79.3950272,105.90,0.09,0.63,12,1,00:23:49,00
1728668,-11,24289,27.87,1,1,0.00,0.0,20772,111,-972,-69,981,1,43.6610372,-79.3950272,105.90,0.09,0.63,12,1,00:23:49,00
