timestamp_ms,current_mA,voltage_mV,temperature_C,temperature_valid,wheel_speed_valid,wheel_speed_kmph,wheel_rpm,wheel_spoke_count,ax_x100,ay_x100,az_x100,amag_x100,gps_location_valid,gps_lat,gps_long,gps_alt_m,gps_speed_kmph,gps_hdop,gps_sats,gps_time_valid,gps_time_utc,gps_centisecond
3210090,33,24289,40.53,1,1,0.00,0.0,37718,133,-972,-63,983,1,43.6610562,-79.3950035,107.10,0.11,0.70,12,1,00:48:30,00
3210387,28,24289,40.54,1,1,0.00,0.0,37718,127,-974,-48,983,1,43.6610562,-79.3950035,107.10,0.11,0.72,12,1,00:48:30,00
3210681,26,24289,40.51,1,1,0.00,0.0,37718,125,-971,-61,981,1,43.6610562,-79.3950035,107.10,0.11,0.72,12,1,00:48:30,00
3210977,19,24289,40.59,1,1,0.00,0.0,37718,130,-970,-53,980,1,43.6610562,-79.3950035,107.10,0.11,0.72,12,1,00:48:30,00
3211271,17,24289,40.60,1,1,0.00,0.0,37718,129,-971,-58,981,1,43.6610562,-79.3950032,107.10,0.06,0.66,12,1,00:48:31,00
3211566,39,24289,40.60,1,1,0.00,0.0,37718,127,-971,-48,980,1,43.6610562,-79.3950032,107.10,0.06,0.66,12,1,00:48:31,00
3211863,41,24289,40.57,1,1,0.00,0.0,37718,131,-970,-60,981,1,43.6610562,-79.3950032,107.10,0.06,0.66,12,1,00:48:31,00
3212230,27,24289,40.68,1,1,0.00,0.0,37718,131,-971,-52,981,1,43.6610555,-79.3950022,107.20,0.54,0.66,12,1,00:48:32,00
3212527,40,24289,40.69,1,1,0.00,0.0,37718,131,-972,-61,982,1,43.6610555,-79.3950022,107.20,0.54,0.66,12,1,00:48:32,00
3212820,30,24289,40.65,1,1,0.00,0.0,37718,131,-972,-52,982,1,43.6610555,-79.3950022,107.20,0.54,0.66,12,1,00:48:32,00
3213119,34,24289,40.73,1,1,0.00,0.0,37718,127,-971,-46,980,1,43.6610537,-79.3950027,107.20,0.74,0.66,12,1,00:48:33,00
3213413,34,24289,40.74,1,1,0.00,0.0,37718,132,-970,-56,981,1,43.6610537,-79.3950027,107.90,0.74,0.72,12,1,00:48:33,00
3213702,8,24289,40.69,1,1,0.00,0.0,37718,132,-969,-56,979,1,43.6610537,-79.3950027,107.90,0.74,0.72,12,1,00:48:33,00
3213997,19,24289,40.75,1,1,0.00,0.0,37718,135,-969,-59,980,1,43.6610537,-79.3950027,107.90,0.74,0.72,12,1,00:48:33,00
3214292,14,24289,40.75,1,1,0.00,0.0,37718,135,-969,-70,981,1,43.6610535,-79.3950032,107.90,0.15,0.68,12,1,00:48:34,00
3214600,35,24289,40.78,1,1,0.00,0.0,37718,137,-970,-59,981,1,43.6610535,-79.3950032,107.90,0.15,0.68,12,1,00:48:34,00
3214905,40,24289,40.88,1,1,0.00,0.0,37718,128,-971,-57,982,1,43.6610535,-79.3950032,107.90,0.15,0.68,12,1,00:48:34,00
3215200,36,24289,40.87,1,1,0.00,0.0,37718,130,-970,-50,980,1,43.6610527,-79.3950028,108.00,0.31,0.66,12,1,00:48:35,00
3215496,34,24289,40.87,1,1,0.00,0.0,37718,134,-970,-54,981,1,43.6610527,-79.3950028,108.00,0.31,0.66,12,1,00:48:35,00
3215793,39,24289,40.85,1,1,0.00,0.0,37718,132,-971,-55,981,1,43.6610527,-79.3950028,108.00,0.31,0.66,12,1,00:48:35,00
3216102,31,24289,40.85,1,1,0.00,0.0,37718,130,-971,-54,981,1,43.6610523,-79.3950022,108.00,0.09,0.70,12,1,00:48:36,00
3216397,28,24289,40.85,1,1,0.00,0.0,37718,130,-971,-53,981,1,43.6610523,-79.3950022,108.00,0.09,0.70,12,1,00:48:36,00
3216699,13,24289,40.92,1,1,0.00,0.0,37718,132,-972,-54,982,1,43.6610523,-79.3950022,108.00,0.09,0.70,12,1,00:48:36,00
3217065,34,24289,40.92,1,1,0.00,0.0,37718,132,-970,-53,981,1,43.6610523,-79.3950022,108.00,0.04,0.70,12,1,00:48:37,00
3217357,22,24289,40.90,1,1,0.00,0.0,37718,132,-970,-53,980,1,43.6610523,-79.3950022,107.80,0.04,0.72,12,1,00:48:37,00
3217654,37,24289,40.94,1,1,0.00,0.0,37718,130,-970,-53,980,1,43.6610523,-79.3950022,107.80,0.04,0.72,12,1,00:48:37,00
3217947,24,24289,40.90,1,1,0.00,0.0,37718,133,-970,-54,981,1,43.6610523,-79.3950022,107.80,0.04,0.72,12,1,00:48:37,00
3218251,22,24289,40.93,1,1,0.00,0.0,37718,131,-971,-54,981,1,43.6610517,-79.3950023,107.80,0.02,0.66,12,1,00:48:38,00
3218551,42,24289,40.99,1,1,0.00,0.0,37718,133,-971,-53,981,1,43.6610517,-79.3950023,107.80,0.02,0.66,12,1,00:48:38,00
3218851,35,24289,40.97,1,1,0.00,0.0,37718,130,-970,-52,980,1,43.6610517,-79.3950023,107.80,0.02,0.66,12,1,00:48:38,00
3219150,27,24289,40.99,1,1,0.00,0.0,37718,131,-971,-54,981,1,43.6610508,-79.3950025,108.00,0.06,0.67,12,1,00:48:39,00
3219449,34,24289,41.01,1,1,0.00,0.0,37718,132,-970,-52,980,1,43.6610508,-79.3950025,108.00,0.06,0.67,12,1,00:48:39,00
3219747,21,24289,40.97,1,1,0.00,0.0,37718,130,-970,-52,980,1,43.6610508,-79.3950025,108.00,0.06,0.67,12,1,00:48:39,00
3220050,27,24289,40.98,1,1,0.00,0.0,37718,133,-971,-57,982,1,43.6610507,-79.3950023,107.90,0.06,0.70,12,1,00:48:40,00
3220351,28,24289,40.99,1,1,0.00,0.0,37718,132,-971,-54,982,1,43.6610507,-79.3950023,107.90,0.06,0.70,12,1,00:48:40,00
3220655,27,24289,41.04,1,1,0.00,0.0,37718,128,-972,-53,982,1,43.6610507,-79.3950023,107.90,0.06,0.70,12,1,00:48:40,00
3220961,23,24289,41.03,1,1,0.00,0.0,37718,133,-972,-49,982,1,43.6610497,-79.3950022,107.90,0.24,0.70,12,1,00:48:41,00
3221269,23,24289,41.04,1,1,0.00,0.0,37718,135,-970,-58,981,1,43.6610497,-79.3950022,108.00,0.24,0.66,12,1,00:48:41,00
3221581,36,24289,41.04,1,1,0.00,0.0,37718,135,-970,-57,981,1,43.6610497,-79.3950022,108.00,0.24,0.66,12,1,00:48:41,00
3221950,18,24289,40.99,1,1,0.00,0.0,37718,129,-971,-56,981,1,43.6610490,-79.3950018,108.00,0.11,0.66,12,1,00:48:42,00
3222250,27,24289,40.97,1,1,0.00,0.0,37718,128,-970,-44,979,1,43.6610490,-79.3950018,108.10,0.11,0.72,12,1,00:48:42,00
3222555,33,24289,41.02,1,1,0.00,0.0,37718,137,-970,-54,982,1,43.6610490,-79.3950018,108.10,0.11,0.72,12,1,00:48:42,00
3222859,16,24289,40.98,1,1,0.00,0.0,37718,134,-972,-64,983,1,43.6610490,-79.3950018,108.10,0.11,0.72,12,1,00:48:42,00
3223172,31,24289,40.93,1,1,0.00,0.0,37718,131,-972,-56,982,1,43.6610483,-79.3950012,108.00,0.04,0.70,12,1,00:48:43,00
3223472,39,24289,40.91,1,1,0.00,0.0,37718,135,-972,-56,982,1,43.6610483,-79.3950012,108.00,0.04,0.70,12,1,00:48:43,00
3223775,27,24289,40.91,1,1,0.00,0.0,37718,134,-970,-54,981,1,43.6610483,-79.3950012,108.00,0.04,0.70,12,1,00:48:43,00
3224083,27,24289,40.84,1,1,0.00,0.0,37718,131,-971,-57,981,1,43.6610480,-79.3950015,108.10,0.13,0.63,12,1,00:48:44,00
3224387,23,24289,40.79,1,1,0.00,0.0,37718,132,-971,-53,982,1,43.6610480,-79.3950015,108.10,0.13,0.63,12,1,00:48:44,00
3224695,26,24289,40.85,1,1,0.00,0.0,37718,132,-970,-52,981,1,43.6610480,-79.3950015,108.10,0.13,0.63,12,1,00:48:44,00
3225003,22,24289,40.85,1,1,0.00,0.0,37718,132,-970,-54,980,1,43.6610472,-79.3950018,108.10,0.28,0.69,12,1,00:48:45,00
3225317,32,24289,40.83,1,1,0.00,0.0,37718,132,-971,-54,981,1,43.6610472,-79.3950018,108.10,0.28,0.69,12,1,00:48:45,00
3225626,28,24289,40.83,1,1,0.00,0.0,37718,133,-971,-56,982,1,43.6610472,-79.3950018,108.10,0.28,0.69,12,1,00:48:45,00
3225936,27,24289,40.82,1,1,0.00,0.0,37718,132,-969,-51,979,1,43.6610463,-79.3950023,108.10,0.06,0.69,12,1,00:48:46,00
3226246,29,24289,40.84,1,1,0.00,0.0,37718,128,-972,-49,981,1,43.6610463,-79.3950023,108.20,0.06,0.68,12,1,00:48:46,00
3226558,40,24289,40.87,1,1,0.00,0.0,37718,133,-966,-49,977,1,43.6610463,-79.3950023,108.20,0.06,0.68,12,1,00:48:46,00
3226936,29,24289,40.85,1,1,0.00,0.0,37718,128,-968,-51,978,1,43.6610463,-79.3950025,108.20,0.13,0.68,12,1,00:48:47,00
3227239,19,24289,40.86,1,1,0.00,0.0,37718,132,-969,-49,979,1,43.6610463,-79.3950025,108.20,0.13,0.65,12,1,00:48:47,00
3227552,45,24289,40.84,1,1,0.00,0.0,37718,133,-971,-54,981,1,43.6610463,-79.3950025,108.20,0.13,0.65,12,1,00:48:47,00
3227860,22,24289,40.84,1,1,0.00,0.0,37718,132,-972,-53,983,1,43.6610467,-79.3950025,108.20,0.06,0.65,12,1,00:48:48,00
3228177,35,24289,40.83,1,1,0.00,0.0,37718,132,-969,-53,980,1,43.6610467,-79.3950025,108.10,0.06,0.69,12,1,00:48:48,00
3228485,44,24289,40.83,1,1,0.00,0.0,37718,132,-972,-50,982,1,43.6610467,-79.3950025,108.10,0.06,0.69,12,1,00:48:48,00
3228792,32,24289,40.88,1,1,0.00,0.0,37718,132,-971,-52,982,1,43.6610467,-79.3950025,108.10,0.06,0.69,12,1,00:48:48,00
3229101,28,24289,40.85,1,1,0.00,0.0,37718,135,-968,-60,979,1,43.6610473,-79.3950013,108.10,0.09,0.63,12,1,00:48:49,00
3229411,26,24289,40.89,1,1,0.00,0.0,37718,133,-973,-53,984,1,43.6610473,-79.3950013,108.10,0.09,0.63,12,1,00:48:49,00
3229724,25,24289,40.91,1,1,0.00,0.0,37718,140,-964,-60,976,1,43.6610473,-79.3950013,108.10,0.09,0.63,12,1,00:48:49,00
3230035,30,24289,40.84,1,1,0.00,0.0,37718,130,-974,-53,984,1,43.6610480,-79.3950005,108.10,0.11,0.62,12,1,00:48:50,00
3230344,34,24289,40.88,1,1,0.00,0.0,37718,137,-972,-52,983,1,43.6610480,-79.3950005,108.10,0.11,0.62,12,1,00:48:50,00
3230661,24,24289,40.89,1,1,0.00,0.0,37718,130,-970,-59,981,1,43.6610480,-79.3950005,108.10,0.11,0.62,12,1,00:48:50,00
3230987,19,24289,40.84,1,1,0.00,0.0,37718,130,-972,-48,982,1,43.6610485,-79.3949997,108.20,0.09,0.62,12,1,00:48:51,00
3231350,26,24289,40.91,1,1,0.00,0.0,37718,125,-969,-54,978,1,43.6610485,-79.3949997,108.20,0.09,0.62,12,1,00:48:51,00
3231643,9,24289,40.86,1,1,0.00,0.0,37718,130,-971,-51,981,1,43.6610485,-79.3949997,108.20,0.09,0.62,12,1,00:48:51,00
3232006,20,24289,40.88,1,1,0.00,0.0,37718,115,-962,-56,971,1,43.6610487,-79.3949988,108.30,0.02,0.64,12,1,00:48:52,00
3232301,31,24289,40.85,1,1,0.00,0.0,37718,133,-964,-58,975,1,43.6610487,-79.3949988,108.30,0.02,0.64,12,1,00:48:52,00
3232588,19,24289,40.88,1,1,0.00,0.0,37718,126,-974,-45,983,1,43.6610487,-79.3949988,108.30,0.02,0.64,12,1,00:48:52,00
3232879,16,24289,40.81,1,1,0.00,0.0,37718,145,-964,-76,978,1,43.6610490,-79.3949987,108.30,0.11,0.64,12,1,00:48:53,00
3233178,-11,24289,40.80,1,1,0.00,0.0,37719,136,-969,-44,979,1,43.6610490,-79.3949987,108.20,0.11,0.61,12,1,00:48:53,00
3233473,8,24289,40.82,1,1,0.00,0.0,37719,148,-969,-46,981,1,43.6610490,-79.3949987,108.20,0.11,0.61,12,1,00:48:53,00
3233766,33,24289,40.83,1,1,0.00,0.0,37719,139,-971,-60,983,1,43.6610490,-79.3949987,108.20,0.11,0.61,12,1,00:48:53,00
3234070,33,24289,40.81,1,1,0.00,0.0,37719,124,-972,-51,981,1,43.6610488,-79.3949983,108.20,0.17,0.64,12,1,00:48:54,00
3234358,52,24289,40.82,1,1,0.00,0.0,37719,117,-971,-58,980,1,43.6610488,-79.3949983,108.20,0.17,0.64,12,1,00:48:54,00
3234646,29,24289,40.79,1,1,0.00,0.0,37719,123,-971,-64,981,1,43.6610488,-79.3949983,108.20,0.17,0.64,12,1,00:48:54,00
3234943,27,24289,40.81,1,1,0.00,0.0,37719,120,-970,-63,980,1,43.6610487,-79.3949983,108.10,0.07,0.68,12,1,00:48:55,00
3235235,38,24289,40.76,1,1,0.00,0.0,37719,131,-967,-62,977,1,43.6610487,-79.3949983,108.10,0.07,0.68,12,1,00:48:55,00
3235530,32,24289,40.80,1,1,0.00,0.0,37719,135,-970,-63,982,1,43.6610487,-79.3949983,108.10,0.07,0.68,12,1,00:48:55,00
3235826,25,24289,40.78,1,1,0.00,0.0,37719,126,-972,-44,981,1,43.6610493,-79.3949988,108.10,0.13,0.68,12,1,00:48:56,00
3236126,0,24289,40.75,1,1,0.00,0.0,37720,145,-970,-49,982,1,43.6610493,-79.3949988,108.00,0.13,0.70,12,1,00:48:56,00
3236427,26,24289,40.81,1,1,0.00,0.0,37720,139,-968,-55,979,1,43.6610493,-79.3949988,108.00,0.13,0.70,12,1,00:48:56,00
3236792,24,24289,40.83,1,1,0.00,0.0,37720,140,-969,-55,981,1,43.6610497,-79.3949987,108.00,0.26,0.70,12,1,00:48:57,00
3237084,37,24289,40.83,1,1,0.00,0.0,37720,137,-970,-54,981,1,43.6610497,-79.3949987,107.90,0.26,0.68,12,1,00:48:57,00
3237379,37,24289,40.87,1,1,0.00,0.0,37720,129,-971,-54,981,1,43.6610497,-79.3949987,107.90,0.26,0.68,12,1,00:48:57,00
3237669,36,24289,40.88,1,1,0.00,0.0,37720,121,-971,-58,980,1,43.6610497,-79.3949987,107.90,0.26,0.68,12,1,00:48:57,00
3237968,41,24289,40.91,1,1,0.00,0.0,37720,122,-972,-56,981,1,43.6610500,-79.3949983,107.80,0.04,0.68,12,1,00:48:58,00
3238269,41,24289,40.90,1,1,0.00,0.0,37720,126,-971,-56,981,1,43.6610500,-79.3949983,107.80,0.04,0.68,12,1,00:48:58,00
3238563,45,24289,40.90,1,1,0.00,0.0,37720,137,-970,-52,981,1,43.6610500,-79.3949983,107.80,0.04,0.68,12,1,00:48:58,00
3238862,34,24289,40.90,1,1,0.00,0.0,37720,139,-970,-52,981,1,43.6610502,-79.3949985,107.80,0.07,0.68,12,1,00:48:59,00
3239158,52,24289,40.91,1,1,0.00,0.0,37720,143,-973,-59,986,1,43.6610502,-79.3949985,107.70,0.07,0.70,12,1,00:48:59,00
3239457,48,24289,40.94,1,1,0.00,0.0,37720,139,-968,-54,980,1,43.6610502,-79.3949985,107.70,0.07,0.70,12,1,00:48:59,00
3239756,41,24289,40.97,1,1,0.00,0.0,37720,137,-970,-53,981,1,43.6610503,-79.3949983,107.70,0.17,0.70,12,1,00:49:00,00
3240059,47,24289,40.95,1,1,0.00,0.0,37720,117,-973,-13,980,1,43.6610503,-79.3949983,107.70,0.17,0.68,12,1,00:49:00,00
3240365,49,24289,40.96,1,1,0.00,0.0,37720,122,-972,-53,981,1,43.6610503,-79.3949983,107.70,0.17,0.68,12,1,00:49:00,00
3240664,36,24289,40.96,1,1,0.00,0.0,37720,130,-973,-51,983,1,43.6610503,-79.3949983,107.70,0.17,0.68,12,1,00:49:00,00
3240965,41,24289,40.97,1,1,0.00,0.0,37720,115,-976,-21,983,1,43.6610493,-79.3949990,107.90,0.69,0.68,12,1,00:49:01,00
3241263,37,24289,41.00,1,1,0.00,0.0,37720,135,-973,-89,986,1,43.6610493,-79.3949990,107.90,0.69,0.68,12,1,00:49:01,00
3241630,31,24289,41.05,1,1,0.00,0.0,37720,131,-973,-38,983,1,43.6610493,-79.3949990,107.90,0.69,0.68,12,1,00:49:01,00
3241924,29,24289,41.06,1,1,0.00,0.0,37720,136,-970,-74,982,1,43.6610483,-79.3949960,108.10,1.31,0.68,12,1,00:49:02,00
3242225,26,24289,41.05,1,1,0.00,0.0,37720,123,-968,-59,978,1,43.6610483,-79.3949960,108.10,1.31,0.68,12,1,00:49:02,00
3242530,44,24289,41.06,1,1,0.00,0.0,37720,133,-969,-45,979,1,43.6610483,-79.3949960,108.10,1.31,0.68,12,1,00:49:02,00
3242829,43,24289,41.11,1,1,0.00,0.0,37720,134,-968,-64,980,1,43.6610495,-79.3949962,108.10,0.91,0.68,12,1,00:49:03,00
3243126,27,24289,41.04,1,1,0.00,0.0,37720,124,-974,-53,983,1,43.6610495,-79.3949962,108.40,0.91,0.68,12,1,00:49:03,00
3243427,28,24289,41.17,1,1,0.00,0.0,37720,128,-971,-44,980,1,43.6610495,-79.3949962,108.40,0.91,0.68,12,1,00:49:03,00
3243730,28,24289,41.16,1,1,0.00,0.0,37720,127,-971,-61,981,1,43.6610510,-79.3949993,108.40,1.02,0.68,12,1,00:49:04,00
3244036,34,24289,41.17,1,1,0.00,0.0,37720,142,-965,-48,976,1,43.6610510,-79.3949993,108.50,1.02,0.73,12,1,00:49:04,00
3244339,26,24289,41.20,1,1,0.00,0.0,37720,145,-965,-50,977,1,43.6610510,-79.3949993,108.50,1.02,0.73,12,1,00:49:04,00
3244650,24,24289,41.20,1,1,0.00,0.0,37720,130,-968,-49,978,1,43.6610510,-79.3949993,108.50,1.02,0.73,12,1,00:49:04,00
3244950,29,24289,41.21,1,1,0.00,0.0,37720,134,-970,-52,981,1,43.6610473,-79.3949963,108.40,1.89,0.73,12,1,00:49:05,00
3245259,23,24289,41.23,1,1,0.00,0.0,37720,127,-969,-59,979,1,43.6610473,-79.3949963,108.40,1.89,0.73,12,1,00:49:05,00
3245570,29,24289,41.24,1,1,0.00,0.0,37720,122,-972,-55,981,1,43.6610473,-79.3949963,108.40,1.89,0.73,12,1,00:49:05,00
3245872,32,24289,41.24,1,1,0.00,0.0,37720,126,-969,-54,979,1,43.6610487,-79.3949922,108.80,1.04,0.79,12,1,00:49:06,00
3246187,22,24289,41.25,1,1,0.00,0.0,37720,135,-971,-51,982,1,43.6610487,-79.3949922,108.80,1.04,0.79,12,1,00:49:06,00
3246554,37,24289,41.26,1,1,0.00,0.0,37720,136,-971,-49,981,1,43.6610487,-79.3949922,108.80,1.04,0.79,12,1,00:49:06,00
3246860,22,24289,41.28,1,1,0.00,0.0,37720,138,-969,-56,980,1,43.6610470,-79.3949958,108.20,1.13,0.77,12,1,00:49:07,00
3247170,26,24289,41.31,1,1,0.00,0.0,37720,140,-973,-39,984,1,43.6610470,-79.3949958,108.20,1.13,0.77,12,1,00:49:07,00
3247470,38,24289,41.32,1,1,0.00,0.0,37720,136,-969,-61,980,1,43.6610470,-79.3949958,108.20,1.13,0.77,12,1,00:49:07,00
3247779,21,24289,41.35,1,1,0.00,0.0,37720,123,-972,-57,981,1,43.6610468,-79.3949978,108.20,0.69,0.77,12,1,00:49:08,00
3248090,28,24289,41.42,1,1,0.00,0.0,37720,128,-971,-53,981,1,43.6610468,-79.3949978,107.60,0.69,0.77,12,1,00:49:08,00
3248398,25,24289,41.36,1,1,0.00,0.0,37720,136,-970,-52,981,1,43.6610468,-79.3949978,107.60,0.69,0.77,12,1,00:49:08,00
3248702,21,24289,41.41,1,1,0.00,0.0,37720,139,-968,-50,980,1,43.6610455,-79.3949935,107.60,1.83,0.77,12,1,00:49:09,00
3249014,175,24289,41.44,1,1,0.00,0.0,37720,121,-972,-74,983,1,43.6610455,-79.3949935,107.70,1.83,0.71,12,1,00:49:09,00
3249326,1815,24289,41.42,1,1,0.00,0.0,37720,114,-973,-53,982,1,43.6610455,-79.3949935,107.70,1.83,0.71,12,1,00:49:09,00
3249636,4753,24289,41.49,1,1,0.00,0.0,37720,120,-972,-62,982,1,43.6610455,-79.3949935,107.70,1.83,0.71,12,1,00:49:09,00
3249943,9052,24289,41.44,1,1,0.00,0.0,37721,105,-974,-66,982,1,43.6610498,-79.3949992,106.60,3.46,0.71,12,1,00:49:10,00
3250252,14281,24289,41.46,1,1,0.00,0.0,37721,99,-971,-84,980,1,43.6610498,-79.3949992,106.60,3.46,0.71,12,1,00:49:10,00
3250560,19900,24289,41.45,1,1,0.00,0.0,37721,85,-982,-69,988,1,43.6610498,-79.3949992,106.60,3.46,0.71,12,1,00:49:10,00
3250875,24517,24289,41.47,1,1,0.70,7.3,37722,77,-990,-77,996,1,43.6610502,-79.3949995,106.70,0.87,0.74,12,1,00:49:11,00
3251193,24520,24289,41.48,1,1,1.71,17.8,37724,60,-964,-76,969,1,43.6610502,-79.3949995,106.70,0.87,0.74,12,1,00:49:11,00
3251569,24520,24289,41.44,1,1,2.71,28.3,37726,72,-957,-106,965,1,43.6610502,-79.3949995,106.70,0.87,0.74,12,1,00:49:11,00
3251876,24520,24289,41.47,1,1,3.37,35.2,37728,74,-972,-119,982,1,43.6610495,-79.3949955,107.20,1.61,0.68,12,1,00:49:12,00
3252190,24520,24289,41.49,1,1,4.60,48.0,37731,34,-988,-80,992,1,43.6610495,-79.3949955,107.20,1.61,0.68,12,1,00:49:12,00
3252500,24520,24289,41.51,1,1,4.01,41.8,37734,114,-935,-149,954,1,43.6610495,-79.3949955,107.20,1.61,0.68,12,1,00:49:12,00
3252814,24520,24289,41.49,1,1,4.68,48.9,37737,49,-962,-48,964,1,43.6610478,-79.3949863,107.20,3.41,0.68,12,1,00:49:13,00
3253128,24520,24289,41.52,1,1,7.06,73.7,37742,74,-953,-89,960,1,43.6610478,-79.3949863,108.80,3.41,0.77,12,1,00:49:13,00
3253426,24520,24289,41.53,1,1,7.95,83.1,37747,66,-1066,-107,1074,1,43.6610478,-79.3949863,108.80,3.41,0.77,12,1,00:49:13,00
3253721,24520,24289,41.52,1,1,6.91,72.2,37751,26,-1053,77,1056,1,43.6610445,-79.3949705,108.80,5.09,0.77,12,1,00:49:14,00
3254009,24520,24289,41.55,1,1,9.48,99.0,37757,110,-980,-221,1011,1,43.6610445,-79.3949705,109.80,5.09,0.78,12,1,00:49:14,00
3254304,24520,24289,41.51,1,1,8.43,88.0,37762,75,-967,-30,971,1,43.6610445,-79.3949705,109.80,5.09,0.78,12,1,00:49:14,00
3254602,24520,24289,41.55,1,1,9.42,98.4,37768,76,-953,-84,959,1,43.6610445,-79.3949705,109.80,5.09,0.78,12,1,00:49:14,00
3254903,24520,24289,41.55,1,1,9.91,103.4,37774,171,-983,-166,1012,1,43.6610443,-79.3949417,109.30,8.89,0.65,12,1,00:49:15,00
3255194,24520,24289,41.50,1,1,10.74,112.2,37781,74,-872,-154,889,1,43.6610443,-79.3949417,109.30,8.89,0.65,12,1,00:49:15,00
3255494,24520,24289,41.58,1,1,11.25,117.4,37788,132,-948,-180,974,1,43.6610443,-79.3949417,109.30,8.89,0.65,12,1,00:49:15,00
3255790,24520,24289,41.58,1,1,11.72,122.4,37795,81,-979,-96,987,1,43.6610450,-79.3949115,109.30,7.69,0.65,12,1,00:49:16,00
3256083,24520,24289,41.55,1,1,12.44,129.9,37803,131,-881,-160,905,1,43.6610450,-79.3949115,106.00,7.69,0.64,12,1,00:49:16,00
3256436,24520,24289,41.53,1,1,11.68,122.0,37811,17,-1000,10,1000,1,43.6610450,-79.3949115,106.00,7.69,0.64,12,1,00:49:16,00
3256723,24520,24289,41.55,1,1,13.68,142.9,37820,196,-810,-193,855,1,43.6610515,-79.3948772,106.00,10.57,0.64,12,1,00:49:17,00
3257016,24520,24289,41.53,1,1,13.98,146.0,37828,51,-1015,-28,1016,1,43.6610515,-79.3948772,103.70,10.57,0.69,12,1,00:49:17,00
3257308,24520,24289,41.57,1,1,14.61,152.5,37837,124,-948,-57,958,1,43.6610515,-79.3948772,103.70,10.57,0.69,12,1,00:49:17,00
3257607,24448,24289,41.55,1,1,15.30,159.7,37847,83,-951,-125,962,1,43.6610515,-79.3948772,103.70,10.57,0.69,12,1,00:49:17,00
3257903,24502,24289,41.57,1,1,13.68,142.9,37855,96,-1020,-198,1044,1,43.6610573,-79.3948432,104.30,9.78,0.64,12,1,00:49:18,00
3258195,24517,24289,41.57,1,1,16.01,167.2,37865,65,-1046,-16,1048,1,43.6610573,-79.3948432,104.30,9.78,0.64,12,1,00:49:18,00
3258491,24403,24289,41.58,1,1,16.28,170.1,37875,24,-976,-93,981,1,43.6610573,-79.3948432,104.30,9.78,0.64,12,1,00:49:18,00
3258786,24414,24289,41.62,1,1,14.91,155.7,37884,30,-1049,-48,1050,1,43.6610597,-79.3948033,104.30,12.39,0.64,12,1,00:49:19,00
3259085,24349,24289,41.62,1,1,17.04,178.0,37895,155,-1094,-168,1117,1,43.6610597,-79.3948033,104.40,12.39,0.71,12,1,00:49:19,00
3259385,24317,24289,41.65,1,1,15.91,166.1,37905,127,-818,-3,828,1,43.6610597,-79.3948033,104.40,12.39,0.71,12,1,00:49:19,00
3259693,24397,24289,41.68,1,1,16.28,170.1,37915,246,-756,-61,798,1,43.6610597,-79.3948033,104.40,12.39,0.71,12,1,00:49:19,00
3259988,24288,24289,41.67,1,1,16.77,175.2,37926,130,-937,-121,954,1,43.6610700,-79.3947565,101.60,13.98,0.73,12,1,00:49:20,00
3260283,23949,24289,41.70,1,1,18.68,195.0,37937,146,-983,-147,1005,1,43.6610700,-79.3947565,101.60,13.98,0.73,12,1,00:49:20,00
3260586,23412,24289,41.69,1,1,17.44,182.1,37948,48,-923,63,926,1,43.6610700,-79.3947565,101.60,13.98,0.73,12,1,00:49:20,00
3260893,22947,24289,41.76,1,1,18.01,188.1,37960,139,-944,-167,969,1,43.6610772,-79.3947163,99.50,10.95,0.67,12,1,00:49:21,00
3261255,23052,24289,41.74,1,1,15.87,165.7,37972,11,-1233,-100,1237,1,43.6610772,-79.3947163,99.50,10.95,0.67,12,1,00:49:21,00
3261549,23114,24289,41.72,1,1,18.04,188.4,37983,131,-921,-127,939,1,43.6610772,-79.3947163,99.50,10.95,0.67,12,1,00:49:21,00
3261848,23074,24289,41.73,1,1,18.10,189.0,37994,293,-845,-277,936,1,43.6610918,-79.3946703,99.50,15.28,0.67,12,1,00:49:22,00
3262150,22790,24289,41.76,1,1,18.41,192.3,38006,-50,-1382,0,1383,1,43.6610918,-79.3946703,97.90,15.28,0.64,12,1,00:49:22,00
3262446,22467,24289,41.80,1,1,18.29,191.0,38017,196,-974,-139,1004,1,43.6610918,-79.3946703,97.90,15.28,0.64,12,1,00:49:22,00
3262744,23463,24289,41.81,1,1,18.53,193.5,38029,-36,-1102,-149,1113,1,43.6610918,-79.3946703,97.90,15.28,0.64,12,1,00:49:22,00
3263042,23507,24289,41.84,1,1,18.41,192.3,38040,-159,-939,134,961,1,43.6611155,-79.3946248,98.00,15.91,0.65,12,1,00:49:23,00
3263341,23332,24289,41.86,1,1,20.21,211.0,38053,37,-954,-471,1065,1,43.6611155,-79.3946248,98.00,15.91,0.65,12,1,00:49:23,00
3263644,23003,24289,41.89,1,1,18.71,195.4,38065,41,-591,89,600,1,43.6611155,-79.3946248,98.00,15.91,0.65,12,1,00:49:23,00
3263948,23196,24289,41.92,1,1,18.84,196.7,38077,257,-1020,-460,1148,1,43.6611473,-79.3945680,94.60,20.58,0.65,12,1,00:49:24,00
3264251,22465,24289,41.94,1,1,19.15,200.0,38089,159,-946,-83,963,1,43.6611473,-79.3945680,94.60,20.58,0.65,12,1,00:49:24,00
3264555,21645,24289,41.97,1,1,19.34,202.0,38101,177,-1075,-209,1110,1,43.6611473,-79.3945680,94.60,20.58,0.65,12,1,00:49:24,00
3264855,21421,24289,41.99,1,1,19.61,204.8,38113,226,-658,51,697,1,43.6611875,-79.3945180,94.60,20.24,0.65,12,1,00:49:25,00
3265161,20890,24289,41.96,1,1,20.08,209.7,38126,124,-1102,-169,1122,1,43.6611875,-79.3945180,93.00,20.24,0.64,12,1,00:49:25,00
3265463,20967,24289,42.01,1,1,20.34,212.4,38139,45,-914,-175,932,1,43.6611875,-79.3945180,93.00,20.24,0.64,12,1,00:49:25,00
3265769,20664,24289,42.06,1,1,20.68,215.9,38152,66,-952,-66,957,1,43.6611875,-79.3945180,93.00,20.24,0.64,12,1,00:49:25,00
3266144,20322,24289,42.08,1,1,19.05,198.9,38167,170,-782,-261,841,1,43.6612345,-79.3944660,93.00,21.95,0.68,12,1,00:49:26,00
3266448,20122,24289,42.11,1,1,21.48,224.4,38181,92,-1011,-145,1025,1,43.6612345,-79.3944660,93.00,21.95,0.68,12,1,00:49:26,00
3266748,19843,24289,42.20,1,1,21.39,223.4,38194,-33,-791,134,803,1,43.6612345,-79.3944660,93.00,21.95,0.68,12,1,00:49:26,00
3267057,19791,24289,42.13,1,1,21.83,228.0,38208,103,-1017,-138,1031,1,43.6613038,-79.3943957,93.30,36.58,0.65,12,1,00:49:27,00
3267362,19469,24289,42.19,1,1,21.98,229.5,38222,110,-1086,-41,1092,1,43.6613038,-79.3943957,93.30,36.58,0.65,12,1,00:49:27,00
3267666,19742,24289,42.24,1,1,21.98,229.5,38236,81,-1175,-156,1188,1,43.6613038,-79.3943957,93.30,36.58,0.65,12,1,00:49:27,00
3267970,19159,24289,42.23,1,1,22.05,230.3,38250,139,-1139,-240,1172,1,43.6613797,-79.3943530,94.30,30.91,0.64,12,1,00:49:28,00
3268284,20001,24289,42.30,1,1,22.23,232.2,38265,193,-891,-317,965,1,43.6613797,-79.3943530,94.30,30.91,0.64,12,1,00:49:28,00
3268591,20311,24289,42.34,1,1,21.69,226.5,38279,274,-803,-355,920,1,43.6613797,-79.3943530,94.30,30.91,0.64,12,1,00:49:28,00
3268895,20577,24289,42.36,1,1,21.32,222.6,38292,90,-984,-4,988,1,43.6614297,-79.3943072,94.30,22.69,0.64,12,1,00:49:29,00
3269203,20607,24289,42.40,1,1,21.21,221.5,38306,136,-910,-136,931,1,43.6614297,-79.3943072,94.40,22.69,0.69,12,1,00:49:29,00
3269513,20871,24289,42.42,1,1,20.82,217.4,38319,89,-810,-66,817,1,43.6614297,-79.3943072,94.40,22.69,0.69,12,1,00:49:29,00
3269817,20952,24289,42.50,1,1,21.01,219.4,38333,84,-970,-108,979,1,43.6614788,-79.3942668,94.40,22.95,0.69,12,1,00:49:30,00
3270129,21110,24289,42.48,1,1,20.82,217.4,38346,141,-1033,-318,1090,1,43.6614788,-79.3942668,94.10,22.95,0.64,12,1,00:49:30,00
3270441,21407,24289,42.51,1,1,21.01,219.4,38360,187,-825,-1,846,1,43.6614788,-79.3942668,94.10,22.95,0.64,12,1,00:49:30,00
3270756,20474,24289,42.54,1,1,21.08,220.1,38374,247,-979,-359,1071,1,43.6614788,-79.3942668,94.10,22.95,0.64,12,1,00:49:30,00
3271135,20909,24289,42.62,1,1,19.05,198.9,38389,50,-701,-62,706,1,43.6615287,-79.3942397,93.70,20.78,0.65,12,1,00:49:31,00
3271441,20674,24289,42.62,1,1,21.03,219.6,38402,144,-1140,-44,1150,1,43.6615287,-79.3942397,93.70,20.78,0.65,12,1,00:49:31,00
3271746,20915,24289,42.67,1,1,21.21,221.5,38416,8,-815,43,817,1,43.6615287,-79.3942397,93.70,20.78,0.65,12,1,00:49:31,00
3272054,20856,24289,42.66,1,1,21.03,219.6,38429,195,-794,-10,817,1,43.6615813,-79.3942138,91.80,22.84,0.69,12,1,00:49:32,00
3272367,20569,24289,42.68,1,1,21.28,222.2,38443,31,-777,-76,781,1,43.6615813,-79.3942138,91.80,22.84,0.69,12,1,00:49:32,00
3272681,21010,24289,42.70,1,1,21.28,222.2,38457,134,-1009,-190,1035,1,43.6615813,-79.3942138,91.80,22.84,0.69,12,1,00:49:32,00
3272994,20637,24289,42.69,1,1,21.28,222.2,38471,217,-947,-194,991,1,43.6616365,-79.3941863,91.50,23.54,0.67,12,1,00:49:33,00
3273302,21116,24289,42.72,1,1,21.28,222.2,38485,16,-1018,-53,1019,1,43.6616365,-79.3941863,91.50,23.54,0.67,12,1,00:49:33,00
3273615,21053,24289,42.78,1,1,21.14,220.8,38499,101,-908,-6,914,1,43.6616365,-79.3941863,91.50,23.54,0.67,12,1,00:49:33,00
3273924,19578,24289,42.83,1,1,21.03,219.6,38512,327,-726,-48,797,1,43.6616873,-79.3941523,90.50,21.46,0.67,12,1,00:49:34,00
3274236,-536,24289,42.84,1,1,21.01,219.4,38526,323,-596,-159,696,1,43.6616873,-79.3941523,90.50,21.46,0.67,12,1,00:49:34,00
3274545,-502,24289,42.84,1,1,20.54,214.5,38539,-61,-1133,-81,1138,1,43.6616873,-79.3941523,90.50,21.46,0.67,12,1,00:49:34,00
3274869,-490,24289,42.91,1,1,20.56,214.7,38553,132,-979,-212,1011,1,43.6617477,-79.3941215,90.50,27.32,0.67,12,1,00:49:35,00
3275220,-441,24289,42.95,1,1,17.68,184.7,38566,33,-1056,-20,1057,1,43.6617477,-79.3941215,90.30,27.32,0.83,12,1,00:49:35,00
3275514,-407,24289,42.99,1,1,19.61,204.8,38578,132,-1007,-111,1021,1,43.6617477,-79.3941215,90.30,27.32,0.83,12,1,00:49:35,00
3275805,-379,24289,43.02,1,1,19.34,202.0,38590,283,-722,28,775,1,43.6617977,-79.3940970,90.30,19.54,0.83,12,1,00:49:36,00
3276156,-369,24289,43.04,1,1,18.09,189.0,38603,127,-849,-111,865,1,43.6617977,-79.3940970,89.90,19.54,0.79,12,1,00:49:36,00
3276444,-336,24289,43.08,1,1,18.54,193.7,38614,209,-874,-92,903,1,43.6617977,-79.3940970,89.90,19.54,0.79,12,1,00:49:36,00
3276734,-321,24289,43.11,1,1,18.35,191.6,38625,147,-1010,26,1021,1,43.6617977,-79.3940970,89.90,19.54,0.79,12,1,00:49:36,00
3277030,-168,24289,43.17,1,1,18.24,190.5,38637,240,-1020,148,1058,1,43.6618505,-79.3940922,89.20,22.17,0.88,12,1,00:49:37,00
3277324,25,24289,43.18,1,1,17.79,185.8,38648,27,-583,291,653,1,43.6618505,-79.3940922,89.20,22.17,0.88,12,1,00:49:37,00
3277613,300,24289,43.25,1,1,18.94,197.8,38659,241,-1072,-201,1118,1,43.6618505,-79.3940922,89.20,22.17,0.88,12,1,00:49:37,00
3277908,977,24289,43.27,1,1,16.92,176.7,38669,-50,-1261,-28,1262,1,43.6619053,-79.3940932,88.40,22.76,0.72,12,1,00:49:38,00
3278201,2257,24289,43.32,1,1,16.93,176.8,38680,107,-1255,-190,1274,1,43.6619053,-79.3940932,88.40,22.76,0.72,12,1,00:49:38,00
3278496,4099,24289,43.38,1,1,18.16,189.7,38691,77,-1066,-235,1094,1,43.6619053,-79.3940932,88.40,22.76,0.72,12,1,00:49:38,00
3278791,8195,24289,43.44,1,1,16.34,170.6,38701,314,-599,-100,684,1,43.6619507,-79.3941362,88.40,20.28,0.72,12,1,00:49:39,00
3279095,13475,24289,43.49,1,1,16.28,170.1,38711,103,-927,-108,939,1,43.6619507,-79.3941362,90.10,20.28,0.69,12,1,00:49:39,00
3279391,18272,24289,43.52,1,1,16.28,170.1,38721,207,-872,-130,905,1,43.6619507,-79.3941362,90.10,20.28,0.69,12,1,00:49:39,00
3279690,22876,24289,43.57,1,1,16.51,172.4,38732,84,-988,-75,994,1,43.6619507,-79.3941362,90.10,20.28,0.69,12,1,00:49:39,00
3279993,24288,24289,43.65,1,1,16.34,170.6,38742,77,-948,-96,956,1,43.6619860,-79.3941733,89.10,17.93,0.84,12,1,00:49:40,00
3280288,24461,24289,43.68,1,1,18.10,189.0,38753,152,-850,15,864,1,43.6619860,-79.3941733,89.10,17.93,0.84,12,1,00:49:40,00
3280584,24250,24289,43.74,1,1,16.88,176.3,38764,177,-977,-148,1004,1,43.6619860,-79.3941733,89.10,17.93,0.84,12,1,00:49:40,00
3280950,24363,24289,43.83,1,1,16.05,167.6,38776,90,-1081,-178,1100,1,43.6620080,-79.3942003,87.70,10.56,0.94,12,1,00:49:41,00
3281249,24347,24289,43.83,1,1,18.65,194.8,38788,72,-921,-22,924,1,43.6620080,-79.3942003,87.70,10.56,0.94,12,1,00:49:41,00
3281548,24180,24289,43.88,1,1,16.98,177.3,38798,160,-889,-73,906,1,43.6620080,-79.3942003,87.70,10.56,0.94,12,1,00:49:41,00
3281854,24185,24289,43.92,1,1,15.80,165.0,38808,96,-991,-143,1006,1,43.6620553,-79.3942325,87.70,20.35,0.92,12,1,00:49:42,00
3282151,23846,24289,43.99,1,1,17.61,183.9,38819,38,-1048,-122,1056,1,43.6620553,-79.3942325,87.70,20.35,0.92,12,1,00:49:42,00
3282447,23738,24289,43.99,1,1,19.54,204.1,38831,287,-976,-377,1085,1,43.6620553,-79.3942325,87.70,20.35,0.92,12,1,00:49:42,00
3282745,23352,24289,44.02,1,1,18.30,191.1,38843,79,-950,-90,957,1,43.6620958,-79.3942740,87.70,19.02,0.92,12,1,00:49:43,00
3283053,23314,24289,44.06,1,1,18.22,190.3,38854,100,-806,-14,812,1,43.6620958,-79.3942740,88.60,19.02,0.86,12,1,00:49:43,00
3283351,23830,24289,44.09,1,1,18.47,192.9,38866,88,-683,4,689,1,43.6620958,-79.3942740,88.60,19.02,0.86,12,1,00:49:43,00
3283651,23016,24289,44.11,1,1,18.78,196.1,38878,-157,-1149,-105,1164,1,43.6621537,-79.3943100,88.60,18.63,0.86,12,1,00:49:44,00
3283953,22105,24289,44.11,1,1,19.02,198.7,38890,216,-850,-397,963,1,43.6621537,-79.3943100,93.70,18.63,0.80,12,1,00:49:44,00
3284250,22474,24289,44.15,1,1,19.41,202.7,38902,-27,-1057,-173,1071,1,43.6621537,-79.3943100,93.70,18.63,0.80,12,1,00:49:44,00
3284551,19777,24289,44.19,1,1,19.68,205.5,38914,194,-666,-171,714,1,43.6621537,-79.3943100,93.70,18.63,0.80,12,1,00:49:44,00
3284854,313,24289,44.19,1,1,20.08,209.7,38927,219,-743,-31,775,1,43.6622000,-79.3943605,96.50,20.26,0.74,12,1,00:49:45,00
3285161,-518,24289,44.22,1,1,19.89,207.7,38940,136,-760,-75,775,1,43.6622000,-79.3943605,96.50,20.26,0.74,12,1,00:49:45,00
3285471,-495,24289,44.27,1,1,19.54,204.1,38952,23,-811,285,860,1,43.6622000,-79.3943605,96.50,20.26,0.74,12,1,00:49:45,00
3285830,-488,24289,44.28,1,1,17.10,178.6,38965,228,-837,-55,869,1,43.6622402,-79.3944180,99.10,19.74,0.74,12,1,00:49:46,00
3286127,-457,24289,44.31,1,1,20.54,214.5,38978,86,-1035,49,1040,1,43.6622402,-79.3944180,99.10,19.74,0.74,12,1,00:49:46,00
3286425,-430,24289,44.33,1,1,20.23,211.3,38990,241,-939,-154,982,1,43.6622402,-79.3944180,99.10,19.74,0.74,12,1,00:49:46,00
3286721,-399,24289,44.34,1,1,18.53,193.6,39002,108,-995,2,1000,1,43.6622802,-79.3944930,101.10,23.95,0.70,12,1,00:49:47,00
3287019,-366,24289,44.39,1,1,18.10,189.0,39013,95,-1162,-38,1167,1,43.6622802,-79.3944930,101.10,23.95,0.70,12,1,00:49:47,00
3287324,-177,24289,44.44,1,1,18.12,189.3,39025,217,-869,-93,900,1,43.6622802,-79.3944930,101.10,23.95,0.70,12,1,00:49:47,00
3287632,136,24289,44.42,1,1,17.67,184.6,39036,63,-1211,-66,1215,1,43.6623143,-79.3945722,101.10,23.84,0.70,12,1,00:49:48,00
3287932,284,24289,44.46,1,1,17.56,183.3,39047,201,-1073,-236,1117,1,43.6623143,-79.3945722,103.60,23.84,0.72,12,1,00:49:48,00
3288236,1060,24289,44.53,1,1,17.44,182.1,39058,150,-880,-86,897,1,43.6623143,-79.3945722,103.60,23.84,0.72,12,1,00:49:48,00
3288548,2736,24289,44.54,1,1,17.38,181.5,39069,9,-1001,70,1003,1,43.6623143,-79.3945722,103.60,23.84,0.72,12,1,00:49:48,00
3288855,6013,24289,44.60,1,1,17.57,183.5,39081,52,-1229,-168,1242,1,43.6623408,-79.3946523,107.40,22.02,0.72,12,1,00:49:49,00
3289162,10472,24289,44.63,1,1,18.90,197.4,39093,317,-702,75,774,1,43.6623408,-79.3946523,107.40,22.02,0.72,12,1,00:49:49,00
3289468,15732,24289,44.67,1,1,17.38,181.5,39104,140,-999,-139,1019,1,43.6623408,-79.3946523,107.40,22.02,0.72,12,1,00:49:49,00
3289780,20418,24289,44.70,1,1,17.90,186.9,39116,23,-1063,-130,1071,1,43.6623632,-79.3947248,109.10,21.11,0.69,12,1,00:49:50,00
3290090,23421,24289,44.72,1,1,17.97,187.7,39127,130,-1210,-125,1223,1,43.6623632,-79.3947248,109.10,21.11,0.69,12,1,00:49:50,00
3290395,23739,24289,44.76,1,1,18.53,193.5,39139,55,-1137,-156,1149,1,43.6623632,-79.3947248,109.10,21.11,0.69,12,1,00:49:50,00
3290763,23062,24289,44.81,1,1,16.91,176.6,39152,172,-1153,-196,1183,1,43.6623740,-79.3948012,111.80,22.56,0.66,12,1,00:49:51,00
3291070,23030,24289,44.84,1,1,19.22,200.7,39164,119,-1046,-178,1067,1,43.6623740,-79.3948012,111.80,22.56,0.66,12,1,00:49:51,00
3291376,22068,24289,44.90,1,1,19.89,207.7,39177,126,-1002,-128,1018,1,43.6623740,-79.3948012,111.80,22.56,0.66,12,1,00:49:51,00
3291681,22000,24289,44.94,1,1,20.14,210.4,39190,168,-866,-271,923,1,43.6623775,-79.3948740,114.80,20.24,0.69,12,1,00:49:52,00
3291991,21581,24289,44.90,1,1,20.41,213.1,39203,-30,-1104,-159,1116,1,43.6623775,-79.3948740,114.80,20.24,0.69,12,1,00:49:52,00
3292310,21217,24289,45.01,1,1,20.95,218.8,39217,109,-1007,-89,1017,1,43.6623775,-79.3948740,114.80,20.24,0.69,12,1,00:49:52,00
3292620,20529,24289,45.07,1,1,21.28,222.2,39231,90,-1186,-34,1190,1,43.6623747,-79.3949385,114.80,20.22,0.69,12,1,00:49:53,00
3292929,20246,24289,45.06,1,1,21.48,224.4,39245,44,-1263,-177,1276,1,43.6623747,-79.3949385,115.00,20.22,0.75,12,1,00:49:53,00
3293237,20358,24289,45.10,1,1,21.76,227.3,39259,-35,-1376,30,1377,1,43.6623747,-79.3949385,115.00,20.22,0.75,12,1,00:49:53,00
3293552,20206,24289,45.15,1,1,22.05,230.3,39273,129,-1020,-8,1028,1,43.6623717,-79.3950015,115.00,18.43,0.75,12,1,00:49:54,00
3293868,-460,24289,45.15,1,1,22.51,235.1,39288,243,-902,-68,936,1,43.6623717,-79.3950015,116.20,18.43,0.89,12,1,00:49:54,00
3294185,-448,24289,45.18,1,1,22.44,234.4,39303,82,-1127,131,1137,1,43.6623717,-79.3950015,116.20,18.43,0.89,12,1,00:49:54,00
3294498,-429,24289,45.22,1,1,21.98,229.5,39317,87,-1220,-19,1224,1,43.6623717,-79.3950015,116.20,18.43,0.89,12,1,00:49:54,00
3294815,-400,24289,45.23,1,1,22.03,230.1,39332,175,-944,-234,988,1,43.6623700,-79.3950805,118.30,24.56,0.80,12,1,00:49:55,00
3295139,-378,24289,45.26,1,1,21.76,227.3,39347,128,-917,-182,944,1,43.6623700,-79.3950805,118.30,24.56,0.80,12,1,00:49:55,00
3295451,-363,24289,45.31,1,1,21.28,222.2,39361,145,-833,31,846,1,43.6623700,-79.3950805,118.30,24.56,0.80,12,1,00:49:55,00
3295823,-350,24289,45.34,1,1,18.62,194.4,39375,69,-1269,-107,1276,1,43.6623725,-79.3951582,119.30,22.08,0.80,12,1,00:49:56,00
3296132,-323,24289,45.35,1,1,20.41,213.1,39388,289,-628,-352,776,1,43.6623725,-79.3951582,119.30,22.08,0.80,12,1,00:49:56,00
3296447,-314,24289,45.39,1,1,20.37,212.8,39402,151,-989,-216,1024,1,43.6623725,-79.3951582,119.30,22.08,0.80,12,1,00:49:56,00
3296758,-295,24289,45.39,1,1,19.61,204.8,39414,166,-1040,-162,1066,1,43.6623718,-79.3952343,120.20,21.52,0.75,12,1,00:49:57,00
3297071,-286,24289,45.42,1,1,19.70,205.7,39427,57,-990,-130,1000,1,43.6623718,-79.3952343,120.20,21.52,0.75,12,1,00:49:57,00
3297426,-268,24289,45.43,1,1,17.15,179.1,39440,28,-903,-49,905,1,43.6623718,-79.3952343,120.20,21.52,0.75,12,1,00:49:57,00
3297733,-104,24289,45.45,1,1,19.02,198.7,39452,136,-828,75,843,1,43.6623818,-79.3953185,121.60,22.52,0.70,12,1,00:49:58,00
3298030,146,24289,45.46,1,1,18.90,197.4,39464,123,-1012,-145,1029,1,43.6623818,-79.3953185,121.60,22.52,0.70,12,1,00:49:58,00
3298322,456,24289,45.46,1,1,18.54,193.7,39475,114,-1226,-130,1239,1,43.6623818,-79.3953185,121.60,22.52,0.70,12,1,00:49:58,00
3298620,834,24289,45.52,1,1,18.65,194.8,39487,71,-990,53,994,1,43.6623727,-79.3953923,122.60,22.91,0.72,12,1,00:49:59,00
3298919,2438,24289,45.52,1,1,18.16,189.7,39498,123,-1079,-70,1088,1,43.6623727,-79.3953923,122.60,22.91,0.72,12,1,00:49:59,00
3299213,4686,24289,45.56,1,1,18.04,188.4,39509,122,-979,-88,991,1,43.6623727,-79.3953923,122.60,22.91,0.72,12,1,00:49:59,00
3299509,8933,24289,45.62,1,1,17.79,185.8,39520,302,-753,-136,822,1,43.6623635,-79.3954750,122.60,23.48,0.72,12,1,00:50:00,00
3299813,14040,24289,45.60,1,1,18.01,188.1,39532,56,-942,7,944,1,43.6623635,-79.3954750,125.50,23.48,0.74,12,1,00:50:00,00
3300111,18963,24289,45.66,1,1,17.73,185.2,39543,-4,-952,18,952,1,43.6623635,-79.3954750,125.50,23.48,0.74,12,1,00:50:00,00
3300407,23263,24289,45.67,1,1,17.73,185.2,39554,191,-859,-216,906,1,43.6623635,-79.3954750,125.50,23.48,0.74,12,1,00:50:00,00
3300782,23812,24289,45.72,1,1,15.83,165.3,39566,1,-1238,-72,1240,1,43.6623522,-79.3955535,125.70,23.84,0.80,12,1,00:50:01,00
3301077,23423,24289,45.75,1,1,18.04,188.4,39577,225,-603,-67,647,1,43.6623522,-79.3955535,125.70,23.84,0.80,12,1,00:50:01,00
3301368,23285,24289,45.78,1,1,19.74,206.2,39589,84,-973,-94,981,1,43.6623522,-79.3955535,125.70,23.84,0.80,12,1,00:50:01,00
3301659,23249,24289,45.76,1,1,18.22,190.3,39600,192,-785,-339,877,1,43.6623398,-79.3956317,126.50,23.06,0.80,12,1,00:50:02,00
3301952,19920,24289,45.79,1,1,18.53,193.5,39612,21,-862,-63,864,1,43.6623398,-79.3956317,126.50,23.06,0.80,12,1,00:50:02,00
3302249,16291,24289,45.84,1,1,18.35,191.6,39623,-41,-881,101,887,1,43.6623398,-79.3956317,126.50,23.06,0.80,12,1,00:50:02,00
3302546,16773,24289,45.83,1,1,18.29,191.0,39634,220,-1044,-131,1075,1,43.6623248,-79.3957057,125.70,24.24,0.75,12,1,00:50:03,00
3302843,14046,24289,45.88,1,1,18.65,194.8,39646,167,-1000,-30,1015,1,43.6623248,-79.3957057,125.70,24.24,0.75,12,1,00:50:03,00
3303143,15154,24289,45.92,1,1,18.65,194.8,39658,309,-835,-219,917,1,43.6623248,-79.3957057,125.70,24.24,0.75,12,1,00:50:03,00
3303448,19510,24289,45.97,1,1,18.48,193.0,39669,177,-1088,-301,1143,1,43.6623035,-79.3957703,125.70,20.33,0.75,12,1,00:50:04,00
3303747,22670,24289,45.98,1,1,18.78,196.1,39681,201,-676,-183,729,1,43.6623035,-79.3957703,126.20,20.33,0.71,12,1,00:50:04,00
3304049,22792,24289,46.00,1,1,19.09,199.3,39693,-22,-1147,-82,1150,1,43.6623035,-79.3957703,126.20,20.33,0.71,12,1,00:50:04,00
3304345,9719,24289,46.01,1,1,19.41,202.7,39705,189,-865,-38,886,1,43.6623035,-79.3957703,126.20,20.33,0.71,12,1,00:50:04,00
3304648,-405,24289,46.06,1,1,19.76,206.3,39718,159,-968,-145,992,1,43.6622790,-79.3958115,127.30,13.82,0.78,12,1,00:50:05,00
3304957,-394,24289,46.09,1,1,19.61,204.8,39730,119,-1302,-202,1323,1,43.6622790,-79.3958115,127.30,13.82,0.78,12,1,00:50:05,00
3305253,-377,24289,46.13,1,1,19.76,206.3,39743,230,-984,-98,1015,1,43.6622790,-79.3958115,127.30,13.82,0.78,12,1,00:50:05,00
3305615,-341,24289,46.15,1,1,17.43,182.1,39756,39,-1023,-216,1046,1,43.6622497,-79.3958577,128.40,17.65,1.00,12,1,00:50:06,00
3305907,-334,24289,46.17,1,1,19.48,203.4,39768,189,-881,-76,904,1,43.6622497,-79.3958577,128.40,17.65,1.00,12,1,00:50:06,00
3306209,-303,24289,46.22,1,1,19.48,203.4,39780,12,-1086,-31,1087,1,43.6622497,-79.3958577,128.40,17.65,1.00,12,1,00:50:06,00
3306507,-22,24289,46.22,1,1,19.61,204.8,39792,113,-924,-36,931,1,43.6622257,-79.3959067,128.90,16.85,0.75,12,1,00:50:07,00
3306806,254,24289,46.21,1,1,19.54,204.1,39804,62,-1078,-386,1147,1,43.6622257,-79.3959067,128.90,16.85,0.75,12,1,00:50:07,00
3307113,371,24289,46.23,1,1,19.95,208.3,39817,5,-1105,-99,1109,1,43.6622257,-79.3959067,128.90,16.85,0.75,12,1,00:50:07,00
3307411,998,24289,46.30,1,1,19.54,204.1,39829,238,-1147,-126,1179,1,43.6622008,-79.3959335,128.90,12.96,0.75,12,1,00:50:08,00
3307710,2578,24289,46.30,1,1,19.89,207.7,39842,47,-1139,-12,1140,1,43.6622008,-79.3959335,127.60,12.96,0.73,12,1,00:50:08,00
3308005,4779,24289,46.35,1,1,21.24,221.8,39855,207,-899,-96,928,1,43.6622008,-79.3959335,127.60,12.96,0.73,12,1,00:50:08,00
3308310,8832,24289,46.31,1,1,19.61,204.8,39867,243,-719,132,771,1,43.6622008,-79.3959335,127.60,12.96,0.73,12,1,00:50:08,00
3308611,14063,24289,46.34,1,1,19.76,206.3,39880,34,-1017,-219,1041,1,43.6621733,-79.3959860,124.90,20.28,0.71,12,1,00:50:09,00
3308916,18615,24289,46.40,1,1,19.48,203.4,39892,121,-968,-86,979,1,43.6621733,-79.3959860,124.90,20.28,0.71,12,1,00:50:09,00
3309227,22373,24289,46.42,1,1,20.01,209.0,39905,91,-1195,-68,1201,1,43.6621733,-79.3959860,124.90,20.28,0.71,12,1,00:50:09,00
3309531,20202,24289,46.43,1,1,20.14,210.4,39918,367,-700,-248,829,1,43.6621345,-79.3960280,124.00,19.24,0.72,12,1,00:50:10,00
3309832,-272,24289,46.46,1,1,20.27,211.7,39931,145,-922,-138,944,1,43.6621345,-79.3960280,124.00,19.24,0.72,12,1,00:50:10,00
3310138,-287,24289,46.49,1,1,20.14,210.4,39944,44,-994,17,995,1,43.6621345,-79.3960280,124.00,19.24,0.72,12,1,00:50:10,00
3310510,-279,24289,46.51,1,1,18.12,189.2,39958,286,-735,-218,818,1,43.6621003,-79.3960662,124.80,16.48,0.77,12,1,00:50:11,00
3310812,-290,24289,46.53,1,1,19.95,208.3,39970,-190,-1136,11,1152,1,43.6621003,-79.3960662,124.80,16.48,0.77,12,1,00:50:11,00
3311114,-276,24289,46.57,1,1,20.21,211.0,39983,119,-759,-245,806,1,43.6621003,-79.3960662,124.80,16.48,0.77,12,1,00:50:11,00
3311426,-253,24289,46.58,1,1,20.14,210.4,39996,146,-752,23,767,1,43.6620490,-79.3960980,124.80,22.24,0.77,12,1,00:50:12,00
3311725,-244,24289,46.56,1,1,20.21,211.0,40009,177,-893,-106,917,1,43.6620490,-79.3960980,126.10,22.24,0.77,12,1,00:50:12,00
3312036,-245,24289,46.54,1,1,20.14,210.4,40022,212,-1261,-231,1300,1,43.6620490,-79.3960980,126.10,22.24,0.77,12,1,00:50:12,00
3312346,-224,24289,46.58,1,1,20.01,209.0,40035,168,-700,-25,721,1,43.6620035,-79.3961520,126.10,23.98,0.77,12,1,00:50:13,00
3312650,-49,24289,46.60,1,1,20.14,210.4,40048,298,-726,-19,785,1,43.6620035,-79.3961520,126.70,23.98,0.80,12,1,00:50:13,00
3312962,107,24289,46.58,1,1,20.34,212.4,40061,101,-955,-41,961,1,43.6620035,-79.3961520,126.70,23.98,0.80,12,1,00:50:13,00
3313273,299,24289,46.62,1,1,20.27,211.7,40074,299,-697,-241,796,1,43.6620035,-79.3961520,126.70,23.98,0.80,12,1,00:50:13,00
3313585,528,24289,46.62,1,1,20.27,211.7,40087,96,-923,6,928,1,43.6619592,-79.3962018,126.00,23.26,0.77,12,1,00:50:14,00
3313896,1504,24289,46.66,1,1,20.62,215.4,40101,128,-959,-177,984,1,43.6619592,-79.3962018,126.00,23.26,0.77,12,1,00:50:14,00
3314202,3489,24289,46.66,1,1,20.34,212.4,40114,225,-755,-59,790,1,43.6619592,-79.3962018,126.00,23.26,0.77,12,1,00:50:14,00
3314513,6403,24289,46.67,1,1,20.47,213.8,40127,172,-914,19,930,1,43.6619118,-79.3962262,125.10,21.63,0.76,12,1,00:50:15,00
3314825,10564,24289,46.69,1,1,20.61,215.2,40140,281,-915,-125,966,1,43.6619118,-79.3962262,125.10,21.63,0.76,12,1,00:50:15,00
3315142,15817,24289,46.73,1,1,21.01,219.4,40154,341,-589,60,684,1,43.6619118,-79.3962262,125.10,21.63,0.76,12,1,00:50:15,00
3315516,21103,24289,46.75,1,1,19.25,201.1,40169,84,-1126,-147,1139,1,43.6618825,-79.3962495,125.60,12.91,0.71,12,1,00:50:16,00
3315828,20791,24289,46.76,1,1,21.83,228.0,40184,56,-943,-8,945,1,43.6618825,-79.3962495,125.60,12.91,0.71,12,1,00:50:16,00
3316143,20160,24289,46.74,1,1,20.47,213.8,40197,116,-845,-302,905,1,43.6618825,-79.3962495,125.60,12.91,0.71,12,1,00:50:16,00
3316453,20072,24289,46.76,1,1,22.51,235.1,40212,384,-788,-284,922,1,43.6618252,-79.3962705,126.40,21.37,0.80,12,1,00:50:17,00
3316762,19929,24289,46.77,1,1,22.64,236.5,40226,159,-968,-25,981,1,43.6618252,-79.3962705,126.40,21.37,0.80,12,1,00:50:17,00
3317074,19152,24289,46.73,1,1,23.17,241.9,40241,413,-831,-209,951,1,43.6618252,-79.3962705,126.40,21.37,0.80,12,1,00:50:17,00
3317382,19411,24289,46.78,1,1,23.32,243.5,40256,-16,-1204,-19,1204,1,43.6617612,-79.3962837,126.40,25.30,0.80,12,1,00:50:18,00
3317698,18740,24289,46.79,1,1,23.79,248.4,40272,-137,-1090,-126,1106,1,43.6617612,-79.3962837,126.50,25.30,0.90,12,1,00:50:18,00
3318014,18603,24289,46.84,1,1,24.17,252.4,40288,92,-1036,-130,1048,1,43.6617612,-79.3962837,126.50,25.30,0.90,12,1,00:50:18,00
3318328,18440,24289,46.85,1,1,24.32,254.0,40304,-1,-963,99,968,1,43.6617070,-79.3963048,126.50,23.71,0.90,12,1,00:50:19,00
3318644,18302,24289,46.84,1,1,23.09,241.2,40319,-15,-1465,-209,1480,1,43.6617070,-79.3963048,124.60,23.71,0.79,12,1,00:50:19,00
3318964,17692,24289,46.84,1,1,25.04,261.5,40336,38,-982,-222,1007,1,43.6617070,-79.3963048,124.60,23.71,0.79,12,1,00:50:19,00
3319277,10119,24289,46.86,1,1,23.39,244.3,40351,168,-793,-1,810,1,43.6617070,-79.3963048,124.60,23.71,0.79,12,1,00:50:19,00
3319637,-355,24289,46.87,1,1,22.98,240.0,40369,26,-1177,-92,1181,1,43.6616487,-79.3963140,122.00,23.56,0.92,12,1,00:50:20,00
3319938,-334,24289,46.90,1,1,24.76,258.6,40384,231,-778,-121,821,1,43.6616487,-79.3963140,122.00,23.56,0.92,12,1,00:50:20,00
3320235,-330,24289,46.89,1,1,24.87,259.7,40400,16,-927,-191,947,1,43.6616487,-79.3963140,122.00,23.56,0.92,12,1,00:50:20,00
3320597,-308,24289,46.89,1,1,21.22,221.6,40416,53,-1006,-85,1011,1,43.6615943,-79.3963013,121.30,22.02,1.02,12,1,00:50:21,00
3320887,-296,24289,46.90,1,1,24.29,253.6,40430,51,-1145,63,1148,1,43.6615943,-79.3963013,121.30,22.02,1.02,12,1,00:50:21,00
3321187,-291,24289,46.90,1,1,23.02,240.4,40445,297,-822,-65,877,1,43.6615943,-79.3963013,121.30,22.02,1.02,12,1,00:50:21,00
3321476,-268,24289,46.89,1,1,23.94,250.0,40459,-5,-1064,-135,1073,1,43.6615392,-79.3962735,120.70,22.00,0.86,12,1,00:50:22,00
3321770,-273,24289,46.88,1,1,23.86,249.2,40474,83,-1255,-202,1274,1,43.6615392,-79.3962735,120.70,22.00,0.86,12,1,00:50:22,00
3322063,-259,24289,46.91,1,1,21.69,226.5,40487,162,-1081,-173,1107,1,43.6615392,-79.3962735,120.70,22.00,0.86,12,1,00:50:22,00
3322361,-245,24289,46.90,1,1,23.39,244.3,40502,57,-1190,-141,1200,1,43.6614913,-79.3962378,120.70,21.89,0.86,12,1,00:50:23,00
3322649,-8,24289,46.93,1,1,22.80,238.1,40515,115,-658,122,679,1,43.6614913,-79.3962378,118.30,21.89,1.14,12,1,00:50:23,00
3322941,120,24289,46.92,1,1,22.72,237.3,40529,209,-740,-66,772,1,43.6614913,-79.3962378,118.30,21.89,1.14,12,1,00:50:23,00
3323236,404,24289,46.95,1,1,22.57,235.7,40543,102,-1066,-47,1072,1,43.6614913,-79.3962378,118.30,21.89,1.14,12,1,00:50:23,00
3323536,543,24289,46.96,1,1,20.82,217.4,40556,204,-779,-205,831,1,43.6614543,-79.3961852,115.40,22.89,0.88,12,1,00:50:24,00
3323837,706,24289,46.98,1,1,20.89,218.1,40569,14,-1015,216,1037,1,43.6614543,-79.3961852,115.40,22.89,0.88,12,1,00:50:24,00
3324140,2606,24289,46.98,1,1,22.73,237.3,40584,186,-1014,-322,1080,1,43.6614543,-79.3961852,115.40,22.89,0.88,12,1,00:50:24,00
3324440,3887,24289,47.04,1,1,22.64,236.5,40598,181,-1109,-19,1124,1,43.6614192,-79.3961218,115.10,20.85,0.83,12,1,00:50:25,00
3324739,7369,24289,46.99,1,1,21.17,221.1,40611,115,-911,-19,918,1,43.6614192,-79.3961218,115.10,20.85,0.83,12,1,00:50:25,00
3325040,12472,24289,47.00,1,1,23.24,242.7,40626,88,-1322,-136,1332,1,43.6614192,-79.3961218,115.10,20.85,0.83,12,1,00:50:25,00
3325402,17794,24289,46.98,1,1,19.89,207.8,40641,255,-570,-225,664,1,43.6613807,-79.3960550,115.20,25.06,0.87,12,1,00:50:26,00
3325695,18157,24289,47.02,1,1,23.60,246.5,40655,219,-1149,-334,1217,1,43.6613807,-79.3960550,115.20,25.06,0.87,12,1,00:50:26,00
3325996,-117,24289,47.01,1,1,23.94,250.0,40670,178,-941,-176,974,1,43.6613807,-79.3960550,115.20,25.06,0.87,12,1,00:50:26,00
3326292,-213,24289,47.02,1,1,23.94,250.0,40685,91,-1196,-126,1206,1,43.6613385,-79.3959962,115.20,22.71,0.87,12,1,00:50:27,00
3326593,-210,24289,47.02,1,1,23.94,250.0,40700,126,-1078,-124,1092,1,43.6613385,-79.3959962,116.10,22.71,0.92,12,1,00:50:27,00
3326892,-210,24289,47.02,1,1,24.10,251.7,40715,230,-756,-300,846,1,43.6613385,-79.3959962,116.10,22.71,0.92,12,1,00:50:27,00
3327194,-223,24289,47.01,1,1,22.49,234.9,40729,161,-964,103,983,1,43.6613385,-79.3959962,116.10,22.71,0.92,12,1,00:50:27,00
3327489,-213,24289,47.02,1,1,24.18,252.5,40744,167,-1058,-102,1076,1,43.6612923,-79.3959208,117.80,26.76,0.78,12,1,00:50:28,00
3327786,-216,24289,47.04,1,1,24.10,251.7,40759,164,-1149,-116,1166,1,43.6612923,-79.3959208,117.80,26.76,0.78,12,1,00:50:28,00
3328083,-206,24289,47.07,1,1,24.18,252.5,40774,121,-1106,-48,1114,1,43.6612923,-79.3959208,117.80,26.76,0.78,12,1,00:50:28,00
3328386,-207,24289,47.09,1,1,22.87,238.9,40789,119,-880,4,888,1,43.6612588,-79.3958398,119.80,25.24,0.90,12,1,00:50:29,00
3328691,-200,24289,47.07,1,1,24.18,252.5,40804,145,-1137,-203,1164,1,43.6612588,-79.3958398,119.80,25.24,0.90,12,1,00:50:29,00
3328994,-181,24289,47.12,1,1,24.10,251.7,40819,129,-913,-101,928,1,43.6612588,-79.3958398,119.80,25.24,0.90,12,1,00:50:29,00
3329296,-170,24289,47.13,1,1,22.73,237.3,40834,287,-750,-36,804,1,43.6612180,-79.3957503,119.80,24.21,0.90,12,1,00:50:30,00
3329593,-166,24289,47.13,1,1,24.10,251.7,40849,-18,-999,278,1037,1,43.6612180,-79.3957503,122.40,24.21,0.76,12,1,00:50:30,00
3329896,-180,24289,47.15,1,1,22.34,233.3,40863,387,-625,-221,768,1,43.6612180,-79.3957503,122.40,24.21,0.76,12,1,00:50:30,00
3330263,-166,24289,47.15,1,1,21.94,229.1,40880,168,-884,80,903,1,43.6611703,-79.3956645,122.40,25.04,0.76,12,1,00:50:31,00
3330566,-151,24289,47.12,1,1,23.86,249.2,40895,65,-917,-79,923,1,43.6611703,-79.3956645,124.70,25.04,0.76,12,1,00:50:31,00
3330869,-154,24289,47.13,1,1,23.70,247.5,40910,131,-1092,-125,1107,1,43.6611703,-79.3956645,124.70,25.04,0.76,12,1,00:50:31,00
3331172,-70,24289,47.15,1,1,23.44,244.8,40924,120,-1074,-61,1082,1,43.6611703,-79.3956645,124.70,25.04,0.76,12,1,00:50:31,00
3331478,65,24289,47.15,1,1,23.72,247.7,40940,117,-960,-131,976,1,43.6611485,-79.3955818,126.70,23.13,0.90,12,1,00:50:32,00
3331779,329,24289,47.17,1,1,23.27,243.1,40954,78,-942,-41,946,1,43.6611485,-79.3955818,126.70,23.13,0.90,12,1,00:50:32,00
3332086,442,24289,47.24,1,1,23.47,245.1,40969,296,-1061,-103,1106,1,43.6611485,-79.3955818,126.70,23.13,0.90,12,1,00:50:32,00
3332394,633,24289,47.25,1,1,23.64,246.9,40985,83,-968,-90,976,1,43.6611220,-79.3954923,130.80,22.91,0.76,12,1,00:50:33,00
3332704,1437,24289,47.30,1,1,23.39,244.3,41000,178,-899,15,917,1,43.6611220,-79.3954923,130.80,22.91,0.76,12,1,00:50:33,00
3333012,-117,24289,47.32,1,1,23.39,244.3,41015,115,-985,-313,1040,1,43.6611220,-79.3954923,130.80,22.91,0.76,12,1,00:50:33,00
3333323,-151,24289,47.33,1,1,21.69,226.5,41029,157,-958,-175,986,1,43.6611003,-79.3954115,130.80,22.37,0.76,12,1,00:50:34,00
3333631,-143,24289,47.31,1,1,21.76,227.3,41043,123,-1063,-141,1079,1,43.6611003,-79.3954115,130.80,22.37,1.07,12,1,00:50:34,00
3333940,-146,24289,47.36,1,1,23.17,241.9,41058,44,-842,-205,867,1,43.6611003,-79.3954115,130.80,22.37,1.07,12,1,00:50:34,00
3334248,-143,24289,47.40,1,1,23.02,240.4,41073,147,-1004,-247,1044,1,43.6610792,-79.3953295,130.80,22.58,1.07,12,1,00:50:35,00
3334560,-134,24289,47.40,1,1,23.02,240.4,41088,245,-873,-363,977,1,43.6610792,-79.3953295,132.40,22.58,1.09,12,1,00:50:35,00
3334870,-134,24289,47.39,1,1,22.80,238.1,41102,305,-918,-466,1074,1,43.6610792,-79.3953295,132.40,22.58,1.09,12,1,00:50:35,00
3335241,-130,24289,47.40,1,1,21.09,220.2,41119,413,-652,-173,791,1,43.6610692,-79.3952287,132.40,27.39,1.09,12,1,00:50:36,00
3335546,-130,24289,47.40,1,1,22.72,237.3,41133,72,-1184,-85,1189,1,43.6610692,-79.3952287,132.70,27.39,1.09,12,1,00:50:36,00
3335850,-126,24289,47.40,1,1,22.94,239.6,41148,155,-1061,-216,1094,1,43.6610692,-79.3952287,132.70,27.39,1.09,12,1,00:50:36,00
3336153,-131,24289,47.40,1,1,22.72,237.3,41162,314,-734,-173,817,1,43.6610692,-79.3952287,132.70,27.39,1.09,12,1,00:50:36,00
3336460,-130,24289,47.39,1,1,22.80,238.1,41177,189,-1167,-352,1233,1,43.6610763,-79.3951295,134.50,25.41,0.96,12,1,00:50:37,00
3336768,-110,24289,47.43,1,1,22.80,238.1,41191,137,-994,70,1006,1,43.6610763,-79.3951295,134.50,25.41,0.96,12,1,00:50:37,00
3337082,-134,24289,47.39,1,1,22.80,238.1,41206,132,-1036,-130,1053,1,43.6610763,-79.3951295,134.50,25.41,0.96,12,1,00:50:37,00
3337399,-117,24289,47.44,1,1,22.73,237.3,41221,153,-950,-4,962,1,43.6610793,-79.3950242,135.30,29.45,1.36,12,1,00:50:38,00
3337708,-118,24289,47.47,1,1,22.51,235.1,41236,88,-846,79,855,1,43.6610793,-79.3950242,135.30,29.45,1.36,12,1,00:50:38,00
3338018,-59,24289,47.47,1,1,22.20,231.8,41250,-81,-1075,237,1104,1,43.6610793,-79.3950242,135.30,29.45,1.36,12,1,00:50:38,00
3338331,143,24289,47.48,1,1,20.95,218.8,41264,91,-748,191,777,1,43.6611035,-79.3949037,139.00,32.34,0.80,12,1,00:50:39,00
3338645,512,24289,47.48,1,1,22.37,233.6,41279,186,-1135,-265,1180,1,43.6611035,-79.3949037,139.00,32.34,0.80,12,1,00:50:39,00
3338961,615,24289,47.46,1,1,22.12,231.0,41293,129,-867,-19,877,1,43.6611035,-79.3949037,139.00,32.34,0.80,12,1,00:50:39,00
3339281,901,24289,47.48,1,1,22.37,233.6,41308,100,-1010,-165,1028,1,43.6611430,-79.3948217,139.00,23.00,0.80,12,1,00:50:40,00
3339595,2390,24289,47.55,1,1,22.17,231.5,41323,285,-959,-186,1017,1,43.6611430,-79.3948217,139.50,23.00,0.81,12,1,00:50:40,00
3339910,4498,24289,47.51,1,1,21.76,227.3,41337,62,-1020,-157,1034,1,43.6611430,-79.3948217,139.50,23.00,0.81,12,1,00:50:40,00
3340288,10554,24289,47.53,1,1,19.74,206.2,41353,123,-1197,-222,1224,1,43.6611872,-79.3947553,139.50,25.32,0.81,12,1,00:50:41,00
3340601,15711,24289,47.52,1,1,21.48,224.4,41367,88,-716,73,725,1,43.6611872,-79.3947553,143.10,25.32,0.89,12,1,00:50:41,00
3340911,20347,24289,47.57,1,1,21.24,221.8,41380,122,-1050,-122,1064,1,43.6611872,-79.3947553,143.10,25.32,0.89,12,1,00:50:41,00
3341228,21439,24289,47.59,1,1,21.63,225.9,41395,130,-974,42,983,1,43.6612172,-79.3946862,143.10,21.72,0.89,12,1,00:50:42,00
3341578,21664,24289,47.60,1,1,19.04,198.9,41409,198,-806,-90,835,1,43.6612172,-79.3946862,140.70,21.72,0.80,12,1,00:50:42,00
3341874,21259,24289,47.61,1,1,21.24,221.8,41422,129,-727,-93,744,1,43.6612172,-79.3946862,140.70,21.72,0.80,12,1,00:50:42,00
3342162,21058,24289,47.61,1,1,21.32,222.6,41435,141,-1060,-169,1083,1,43.6612172,-79.3946862,140.70,21.72,0.80,12,1,00:50:42,00
3342456,20751,24289,47.61,1,1,21.46,224.1,41448,13,-799,-46,801,1,43.6612565,-79.3946260,139.30,22.63,0.85,12,1,00:50:43,00
3342748,21069,24289,47.62,1,1,21.76,227.3,41461,221,-769,-100,807,1,43.6612565,-79.3946260,139.30,22.63,0.85,12,1,00:50:43,00
3343041,20169,24289,47.69,1,1,21.76,227.3,41474,128,-1268,-120,1280,1,43.6612565,-79.3946260,139.30,22.63,0.85,12,1,00:50:43,00
3343334,19600,24289,47.65,1,1,22.42,234.1,41488,122,-824,86,837,1,43.6613148,-79.3945758,138.50,26.52,1.26,12,1,00:50:44,00
3343628,20065,24289,47.65,1,1,22.49,234.9,41502,25,-1233,-68,1235,1,43.6613148,-79.3945758,138.50,26.52,1.26,12,1,00:50:44,00
3343930,19808,24289,47.65,1,1,21.17,221.1,41515,168,-872,-98,894,1,43.6613148,-79.3945758,138.50,26.52,1.26,12,1,00:50:44,00
3344227,19823,24289,47.67,1,1,23.24,242.7,41530,103,-934,-55,941,1,43.6613750,-79.3945175,138.50,30.06,1.26,12,1,00:50:45,00
3344524,19254,24289,47.65,1,1,21.54,224.9,41543,66,-1061,203,1082,1,43.6613750,-79.3945175,135.90,30.06,0.84,12,1,00:50:45,00
3344824,19670,24289,47.67,1,1,23.55,245.9,41558,56,-1136,79,1140,1,43.6613750,-79.3945175,135.90,30.06,0.84,12,1,00:50:45,00
3345189,19181,24289,47.64,1,1,21.52,224.7,41574,176,-1082,-150,1107,1,43.6614253,-79.3944618,135.90,25.76,0.84,12,1,00:50:46,00
3345484,18900,24289,47.68,1,1,23.78,248.3,41589,42,-909,51,911,1,43.6614253,-79.3944618,133.10,25.76,0.78,12,1,00:50:46,00
3345779,18820,24289,47.68,1,1,23.86,249.2,41604,-133,-1023,77,1034,1,43.6614253,-79.3944618,133.10,25.76,0.78,12,1,00:50:46,00
3346087,19269,24289,47.68,1,1,22.20,231.8,41618,156,-1149,-353,1212,1,43.6614253,-79.3944618,133.10,25.76,0.78,12,1,00:50:46,00
3346381,19671,24289,47.71,1,1,23.27,243.1,41632,394,-829,-330,976,1,43.6614678,-79.3944022,134.40,22.82,0.75,12,1,00:50:47,00
3346674,19711,24289,47.72,1,1,22.96,239.7,41646,53,-1199,-42,1201,1,43.6614678,-79.3944022,134.40,22.82,0.75,12,1,00:50:47,00
3346971,20528,24289,47.74,1,1,22.72,237.3,41660,276,-683,-174,757,1,43.6614678,-79.3944022,134.40,22.82,0.75,12,1,00:50:47,00
3347267,20586,24289,47.74,1,1,22.49,234.9,41674,142,-1092,-127,1109,1,43.6615192,-79.3943615,133.60,23.93,0.85,12,1,00:50:48,00
3347570,20316,24289,47.73,1,1,20.68,215.9,41687,126,-1075,21,1083,1,43.6615192,-79.3943615,133.60,23.93,0.85,12,1,00:50:48,00
3347877,20343,24289,47.75,1,1,22.58,235.8,41702,229,-889,-234,947,1,43.6615192,-79.3943615,133.60,23.93,0.85,12,1,00:50:48,00
3348180,19997,24289,47.75,1,1,22.34,233.3,41716,126,-929,33,938,1,43.6615828,-79.3943290,133.60,27.71,0.85,12,1,00:50:49,00
3348474,20193,24289,47.77,1,1,22.49,234.9,41730,121,-1116,-69,1124,1,43.6615828,-79.3943290,132.40,27.71,0.83,12,1,00:50:49,00
3348774,20669,24289,47.75,1,1,22.49,234.9,41744,43,-842,-35,844,1,43.6615828,-79.3943290,132.40,27.71,0.83,12,1,00:50:49,00
3349085,21007,24289,47.78,1,1,21.21,221.5,41758,140,-1047,-140,1066,1,43.6615828,-79.3943290,132.40,27.71,0.83,12,1,00:50:49,00
3349385,20712,24289,47.76,1,1,22.49,234.9,41772,82,-1047,-29,1050,1,43.6616570,-79.3942880,132.00,31.22,0.90,12,1,00:50:50,00
3349684,21131,24289,47.77,1,1,22.57,235.7,41786,106,-900,-394,988,1,43.6616570,-79.3942880,132.00,31.22,0.90,12,1,00:50:50,00
3350050,20903,24289,47.77,1,1,18.93,197.7,41800,45,-1201,10,1202,1,43.6616570,-79.3942880,132.00,31.22,0.90,12,1,00:50:50,00
3350352,20817,24289,47.78,1,1,22.73,237.3,41815,6,-1058,-49,1059,1,43.6617223,-79.3942563,131.70,27.84,0.81,12,1,00:50:51,00
3350649,18991,24289,47.80,1,1,22.49,234.9,41829,152,-928,-255,974,1,43.6617223,-79.3942563,131.70,27.84,0.81,12,1,00:50:51,00
3350946,19765,24289,47.80,1,1,22.34,233.3,41843,55,-1056,-144,1068,1,43.6617223,-79.3942563,131.70,27.84,0.81,12,1,00:50:51,00
3351251,19542,24289,47.81,1,1,22.34,233.3,41857,-18,-1239,-52,1240,1,43.6617770,-79.3942465,131.70,23.67,0.77,12,1,00:50:52,00
3351554,-336,24289,47.82,1,1,22.27,232.6,41871,165,-970,-296,1028,1,43.6617770,-79.3942465,131.70,23.67,0.77,12,1,00:50:52,00
3351850,-331,24289,47.83,1,1,21.69,226.5,41884,79,-891,-330,953,1,43.6617770,-79.3942465,131.70,23.67,0.77,12,1,00:50:52,00
3352150,-340,24289,47.79,1,1,21.69,226.5,41898,135,-1091,-227,1123,1,43.6618225,-79.3942427,131.70,23.52,0.77,12,1,00:50:53,00
3352456,-310,24289,47.80,1,1,21.42,223.6,41912,-5,-938,54,940,1,43.6618225,-79.3942427,132.70,23.52,0.73,12,1,00:50:53,00
3352755,-305,24289,47.79,1,1,21.03,219.6,41925,376,-574,-5,686,1,43.6618225,-79.3942427,132.70,23.52,0.73,12,1,00:50:53,00
3353057,-280,24289,47.81,1,1,20.75,216.7,41938,214,-763,14,792,1,43.6618515,-79.3942355,132.70,14.63,0.73,12,1,00:50:54,00
3353359,-270,24289,47.81,1,1,20.41,213.1,41951,136,-1108,-123,1123,1,43.6618515,-79.3942355,135.60,14.63,0.73,12,1,00:50:54,00
3353665,-244,24289,47.83,1,1,20.21,211.0,41964,121,-1027,-202,1054,1,43.6618515,-79.3942355,135.60,14.63,0.73,12,1,00:50:54,00
3353969,-236,24289,47.84,1,1,19.74,206.2,41976,332,-988,-142,1052,1,43.6618515,-79.3942355,135.60,14.63,0.73,12,1,00:50:54,00
3354279,-215,24289,47.88,1,1,19.57,204.4,41989,274,-1011,-228,1072,1,43.6618828,-79.3942522,137.00,14.59,0.94,12,1,00:50:55,00
3354597,-219,24289,47.88,1,1,19.33,201.9,42002,318,-671,-10,743,1,43.6618828,-79.3942522,137.00,14.59,0.94,12,1,00:50:55,00
3354961,-201,24289,47.89,1,1,16.41,171.4,42014,121,-885,97,899,1,43.6618828,-79.3942522,137.00,14.59,0.94,12,1,00:50:55,00
3355262,-101,24289,47.89,1,1,18.47,192.9,42026,57,-1088,-123,1096,1,43.6619112,-79.3942802,138.20,14.30,0.84,12,1,00:50:56,00
3355569,231,24289,47.95,1,1,17.91,187.1,42037,306,-685,-106,757,1,43.6619112,-79.3942802,138.20,14.30,0.84,12,1,00:50:56,00
3355871,313,24289,47.95,1,1,19.45,203.1,42050,174,-1043,-173,1072,1,43.6619112,-79.3942802,138.20,14.30,0.84,12,1,00:50:56,00
3356182,594,24289,47.95,1,1,17.44,182.1,42061,150,-869,7,882,1,43.6619472,-79.3943042,138.30,14.83,0.82,12,1,00:50:57,00
3356485,2092,24289,48.00,1,1,17.32,180.9,42072,89,-758,142,776,1,43.6619472,-79.3943042,138.30,14.83,0.82,12,1,00:50:57,00
3356798,4329,24289,48.01,1,1,18.59,194.2,42084,82,-1234,-243,1260,1,43.6619472,-79.3943042,138.30,14.83,0.82,12,1,00:50:57,00
3357104,9119,24289,48.04,1,1,18.36,191.7,42096,138,-929,-164,953,1,43.6619925,-79.3943177,138.30,18.09,0.82,12,1,00:50:58,00
3357413,13356,24289,48.08,1,1,16.83,175.7,42107,160,-962,18,975,1,43.6619925,-79.3943177,137.20,18.09,0.82,12,1,00:50:58,00
3357722,19517,24289,48.11,1,1,16.51,172.4,42117,216,-889,-198,936,1,43.6619925,-79.3943177,137.20,18.09,0.82,12,1,00:50:58,00
3358037,23665,24289,48.10,1,1,16.72,174.6,42128,102,-919,42,925,1,43.6620247,-79.3943405,137.20,16.08,0.82,12,1,00:50:59,00
3358346,24362,24289,48.14,1,1,16.93,176.8,42139,78,-905,-252,943,1,43.6620247,-79.3943405,131.90,16.08,0.77,12,1,00:50:59,00
3358657,24471,24289,48.14,1,1,16.93,176.8,42150,124,-932,-101,945,1,43.6620247,-79.3943405,131.90,16.08,0.77,12,1,00:50:59,00
3358975,24265,24289,48.18,1,1,17.52,182.9,42162,138,-897,-171,924,1,43.6620247,-79.3943405,131.90,16.08,0.77,12,1,00:50:59,00
3359287,24151,24289,48.16,1,1,17.44,182.1,42173,109,-1050,-108,1061,1,43.6620668,-79.3943648,123.60,17.04,0.79,12,1,00:51:00,00
3359599,24039,24289,48.19,1,1,18.07,188.7,42185,121,-852,158,875,1,43.6620668,-79.3943648,123.60,17.04,0.79,12,1,00:51:00,00
3359982,23945,24289,48.20,1,1,16.21,169.3,42198,156,-924,-66,940,1,43.6621003,-79.3944010,123.60,17.37,0.79,12,1,00:51:01,00
3360290,23815,24289,48.21,1,1,18.36,191.7,42210,196,-881,-111,909,1,43.6621003,-79.3944010,122.60,17.37,0.76,12,1,00:51:01,00
3360598,23454,24289,48.24,1,1,18.53,193.5,42222,127,-905,28,914,1,43.6621003,-79.3944010,122.60,17.37,0.76,12,1,00:51:01,00
3360907,23607,24289,48.25,1,1,18.78,196.1,42234,123,-1064,-52,1073,1,43.6621003,-79.3944010,122.60,17.37,0.76,12,1,00:51:01,00
3361233,23182,24289,48.27,1,1,19.33,201.9,42247,138,-1167,-213,1194,1,43.6621328,-79.3944322,123.30,14.93,0.74,12,1,00:51:02,00
3361543,22930,24289,48.26,1,1,19.70,205.7,42260,228,-941,-254,1001,1,43.6621328,-79.3944322,123.30,14.93,0.74,12,1,00:51:02,00
3361853,22147,24289,48.29,1,1,19.95,208.3,42273,342,-994,-375,1116,1,43.6621328,-79.3944322,123.30,14.93,0.74,12,1,00:51:02,00
3362164,22224,24289,48.30,1,1,20.08,209.7,42286,131,-1115,-98,1127,1,43.6621722,-79.3944838,120.90,20.84,0.78,12,1,00:51:03,00
3362475,22754,24289,48.33,1,1,20.21,211.0,42299,-70,-991,17,994,1,43.6621722,-79.3944838,120.90,20.84,0.78,12,1,00:51:03,00
3362788,22257,24289,48.31,1,1,20.21,211.0,42312,151,-1174,-313,1224,1,43.6621722,-79.3944838,120.90,20.84,0.78,12,1,00:51:03,00
3363100,22120,24289,48.35,1,1,20.27,211.7,42325,253,-795,-391,921,1,43.6622052,-79.3945402,121.20,20.37,0.88,12,1,00:51:04,00
3363420,21959,24289,48.36,1,1,20.75,216.7,42339,-154,-826,58,842,1,43.6622052,-79.3945402,121.20,20.37,0.88,12,1,00:51:04,00
3363795,21556,24289,48.36,1,1,17.50,182.8,42353,72,-936,-89,943,1,43.6622052,-79.3945402,121.20,20.37,0.88,12,1,00:51:04,00
3364088,21109,24289,48.42,1,1,20.37,212.8,42365,85,-912,-28,916,1,43.6622280,-79.3945810,119.70,15.56,0.97,12,1,00:51:05,00
3364385,21783,24289,48.42,1,1,20.75,216.7,42378,173,-942,-104,963,1,43.6622280,-79.3945810,119.70,15.56,0.97,12,1,00:51:05,00
3364684,21394,24289,48.44,1,1,20.82,217.4,42391,173,-983,-284,1038,1,43.6622280,-79.3945810,119.70,15.56,0.97,12,1,00:51:05,00
3365037,21121,24289,48.48,1,1,18.83,196.6,42405,233,-856,-192,908,1,43.6622508,-79.3946315,121.50,19.21,0.94,12,1,00:51:06,00
3365328,-474,24289,48.47,1,1,21.17,221.1,42418,279,-974,-324,1064,1,43.6622508,-79.3946315,121.50,19.21,0.94,12,1,00:51:06,00
3365634,-473,24289,48.50,1,1,21.03,219.6,42431,96,-987,-50,993,1,43.6622508,-79.3946315,121.50,19.21,0.94,12,1,00:51:06,00
3365925,-444,24289,48.53,1,1,20.89,218.1,42444,187,-788,-205,835,1,43.6622705,-79.3947013,121.50,20.96,0.94,12,1,00:51:07,00
3366219,-404,24289,48.57,1,1,20.68,215.9,42457,177,-912,-163,944,1,43.6622705,-79.3947013,122.80,20.96,0.72,12,1,00:51:07,00
3366517,-390,24289,48.56,1,1,20.75,216.7,42470,76,-964,-125,975,1,43.6622705,-79.3947013,122.80,20.96,0.72,12,1,00:51:07,00
3366809,-379,24289,48.57,1,1,20.52,214.3,42482,412,-886,-94,982,1,43.6622705,-79.3947013,122.80,20.96,0.72,12,1,00:51:07,00
3367102,-366,24289,48.57,1,1,20.75,216.7,42495,231,-958,-115,993,1,43.6622873,-79.3947753,122.60,21.17,0.72,12,1,00:51:08,00
3367395,-338,24289,48.59,1,1,20.82,217.4,42508,141,-858,274,912,1,43.6622873,-79.3947753,122.60,21.17,0.72,12,1,00:51:08,00
3367693,-301,24289,48.61,1,1,20.52,214.3,42520,273,-1090,-74,1126,1,43.6622873,-79.3947753,122.60,21.17,0.72,12,1,00:51:08,00
3367991,-306,24289,48.61,1,1,20.75,216.7,42533,69,-1106,-88,1112,1,43.6623083,-79.3948562,119.90,23.24,0.68,12,1,00:51:09,00
3368288,-266,24289,48.60,1,1,20.75,216.7,42546,106,-807,-14,814,1,43.6623083,-79.3948562,119.90,23.24,0.68,12,1,00:51:09,00
3368584,110,24289,48.62,1,1,20.75,216.7,42559,162,-853,-35,869,1,43.6623083,-79.3948562,119.90,23.24,0.68,12,1,00:51:09,00
3368881,206,24289,48.61,1,1,20.75,216.7,42572,67,-1009,186,1028,1,43.6623238,-79.3949293,119.90,19.76,0.68,12,1,00:51:10,00
3369188,359,24289,48.64,1,1,19.09,199.3,42584,244,-918,-184,967,1,43.6623238,-79.3949293,119.00,19.76,0.69,12,1,00:51:10,00
3369489,683,24289,48.67,1,1,20.75,216.7,42597,152,-1033,212,1066,1,43.6623238,-79.3949293,119.00,19.76,0.69,12,1,00:51:10,00
3369857,2268,24289,48.69,1,1,18.47,192.8,42611,269,-1101,-96,1138,1,43.6623300,-79.3950050,119.00,21.67,0.69,12,1,00:51:11,00
3370150,4341,24289,48.69,1,1,20.68,215.9,42624,303,-941,-198,1008,1,43.6623300,-79.3950050,118.40,21.67,0.71,12,1,00:51:11,00
3370450,9177,24289,48.71,1,1,20.82,217.4,42637,276,-445,131,539,1,43.6623300,-79.3950050,118.40,21.67,0.71,12,1,00:51:11,00
3370750,12345,24289,48.70,1,1,20.82,217.4,42650,192,-989,-522,1135,1,43.6623300,-79.3950050,118.40,21.67,0.71,12,1,00:51:11,00
3371045,18757,24289,48.70,1,1,20.89,218.1,42663,129,-811,-170,839,1,43.6623472,-79.3950897,117.00,25.06,0.76,12,1,00:51:12,00
3371340,21619,24289,48.69,1,1,20.89,218.1,42676,115,-1106,-120,1118,1,43.6623472,-79.3950897,117.00,25.06,0.76,12,1,00:51:12,00
3371635,21727,24289,48.69,1,1,20.96,218.9,42689,164,-1079,-76,1094,1,43.6623472,-79.3950897,117.00,25.06,0.76,12,1,00:51:12,00
3371946,21539,24289,48.72,1,1,19.34,202.0,42701,142,-1058,-274,1102,1,43.6623747,-79.3951927,117.00,31.43,0.76,12,1,00:51:13,00
3372248,21616,24289,48.73,1,1,21.21,221.5,42715,-40,-861,159,876,1,43.6623747,-79.3951927,116.30,31.43,0.95,12,1,00:51:13,00
3372548,21591,24289,48.73,1,1,21.10,220.3,42728,-70,-983,-298,1030,1,43.6623747,-79.3951927,116.30,31.43,0.95,12,1,00:51:13,00
3372851,21454,24289,48.73,1,1,21.03,219.6,42741,-2,-954,39,955,1,43.6623965,-79.3952767,116.30,26.35,0.95,12,1,00:51:14,00
3373162,21247,24289,48.75,1,1,21.42,223.6,42755,208,-863,-111,894,1,43.6623965,-79.3952767,115.90,26.35,0.95,12,1,00:51:14,00
3373463,21381,24289,48.79,1,1,21.35,222.9,42769,281,-767,-174,835,1,43.6623965,-79.3952767,115.90,26.35,0.95,12,1,00:51:14,00
3373764,20831,24289,48.76,1,1,21.32,222.6,42782,112,-1280,-241,1307,1,43.6623965,-79.3952767,115.90,26.35,0.95,12,1,00:51:14,00
3374074,21150,24289,48.76,1,1,21.62,225.8,42796,128,-959,-12,968,1,43.6624223,-79.3953778,114.10,32.00,0.97,12,1,00:51:15,00
3374379,20399,24289,48.75,1,1,21.69,226.5,42810,95,-1022,35,1027,1,43.6624223,-79.3953778,114.10,32.00,0.97,12,1,00:51:15,00
3374743,20530,24289,48.82,1,1,19.73,206.0,42825,-87,-1127,143,1139,1,43.6624223,-79.3953778,114.10,32.00,0.97,12,1,00:51:15,00
3375044,20324,24289,48.83,1,1,21.98,229.5,42839,58,-1245,-145,1254,1,43.6624080,-79.3954500,111.70,24.08,0.96,12,1,00:51:16,00
3375342,20434,24289,48.83,1,1,21.84,228.1,42852,104,-1177,-12,1181,1,43.6624080,-79.3954500,111.70,24.08,0.96,12,1,00:51:16,00
3375642,20145,24289,48.87,1,1,21.98,229.5,42866,58,-1141,-1,1142,1,43.6624080,-79.3954500,111.70,24.08,0.96,12,1,00:51:16,00
3375943,20381,24289,48.84,1,1,21.98,229.5,42880,59,-925,-19,927,1,43.6623962,-79.3955400,111.20,24.56,0.99,12,1,00:51:17,00
3376252,19838,24289,48.89,1,1,21.98,229.5,42894,100,-782,-164,805,1,43.6623962,-79.3955400,111.20,24.56,0.99,12,1,00:51:17,00
3376555,20035,24289,48.91,1,1,21.98,229.5,42908,115,-1262,-100,1272,1,43.6623962,-79.3955400,111.20,24.56,0.99,12,1,00:51:17,00
3376861,20329,24289,48.89,1,1,22.05,230.3,42922,187,-903,-259,958,1,43.6623820,-79.3956193,111.20,25.43,0.99,12,1,00:51:18,00
3377170,14405,24289,48.94,1,1,21.90,228.8,42936,88,-1212,-44,1216,1,43.6623820,-79.3956193,109.40,25.43,0.96,12,1,00:51:18,00
3377472,-426,24289,48.94,1,1,22.05,230.3,42950,301,-793,-357,921,1,43.6623820,-79.3956193,109.40,25.43,0.96,12,1,00:51:18,00
3377781,-407,24289,48.94,1,1,21.76,227.3,42964,-32,-1262,75,1265,1,43.6623677,-79.3956905,109.40,22.95,0.96,12,1,00:51:19,00
3378094,-406,24289,48.96,1,1,21.55,225.1,42978,160,-987,-30,1001,1,43.6623677,-79.3956905,104.90,22.95,0.83,12,1,00:51:19,00
3378402,-391,24289,48.98,1,1,19.82,207.0,42991,145,-891,-49,904,1,43.6623677,-79.3956905,104.90,22.95,0.83,12,1,00:51:19,00
3378719,-357,24289,48.98,1,1,21.14,220.7,43005,176,-755,-48,777,1,43.6623677,-79.3956905,104.90,22.95,0.83,12,1,00:51:19,00
3379030,-334,24289,49.02,1,1,20.69,216.0,43018,118,-921,-64,931,1,43.6623450,-79.3957540,104.10,21.61,0.85,12,1,00:51:20,00
3379342,-331,24289,49.03,1,1,20.75,216.7,43032,114,-1033,-131,1048,1,43.6623450,-79.3957540,104.10,21.61,0.85,12,1,00:51:20,00
3379716,-298,24289,49.07,1,1,18.26,190.7,43046,161,-1155,-107,1171,1,43.6623450,-79.3957540,104.10,21.61,0.85,12,1,00:51:20,00
3380019,-286,24289,49.08,1,1,20.41,213.1,43059,180,-1063,-142,1087,1,43.6623272,-79.3958200,100.00,22.30,0.75,12,1,00:51:21,00
3380325,-279,24289,49.11,1,1,20.41,213.1,43072,99,-938,-14,943,1,43.6623272,-79.3958200,100.00,22.30,0.75,12,1,00:51:21,00
3380641,-251,24289,49.12,1,1,20.62,215.4,43086,131,-1102,-139,1118,1,43.6623272,-79.3958200,100.00,22.30,0.75,12,1,00:51:21,00
3380953,-246,24289,49.10,1,1,20.27,211.7,43099,220,-915,-47,942,1,43.6623130,-79.3958877,96.60,21.39,0.75,12,1,00:51:22,00
3381261,-73,24289,49.09,1,1,20.34,212.4,43112,101,-993,-93,1002,1,43.6623130,-79.3958877,96.60,21.39,0.75,12,1,00:51:22,00
3381569,113,24289,49.11,1,1,20.21,211.0,43125,110,-1023,-148,1039,1,43.6623130,-79.3958877,96.60,21.39,0.75,12,1,00:51:22,00
3381884,269,24289,49.08,1,1,18.71,195.4,43137,276,-967,-369,1071,1,43.6622677,-79.3959473,96.80,24.32,0.85,12,1,00:51:23,00
3382196,464,24289,49.10,1,1,20.44,213.4,43151,240,-819,-94,859,1,43.6622677,-79.3959473,96.80,24.32,0.85,12,1,00:51:23,00
3382508,1203,24289,49.07,1,1,20.34,212.4,43164,303,-699,-88,767,1,43.6622677,-79.3959473,96.80,24.32,0.85,12,1,00:51:23,00
3382825,2614,24289,49.10,1,1,20.62,215.4,43178,187,-902,-43,922,1,43.6622137,-79.3959990,96.90,24.37,0.81,12,1,00:51:24,00
3383135,6003,24289,49.05,1,1,20.34,212.4,43191,102,-1005,-120,1017,1,43.6622137,-79.3959990,96.90,24.37,0.81,12,1,00:51:24,00
3383451,8933,24289,49.09,1,1,20.47,213.8,43204,-34,-1208,-50,1210,1,43.6622137,-79.3959990,96.90,24.37,0.81,12,1,00:51:24,00
3383765,15327,24289,49.11,1,1,20.82,217.4,43218,18,-847,-32,848,1,43.6621635,-79.3960438,96.90,22.59,0.81,12,1,00:51:25,00
3384080,20009,24289,49.13,1,1,20.88,218.1,43232,72,-865,-216,894,1,43.6621635,-79.3960438,97.20,22.59,0.81,12,1,00:51:25,00
3384396,21518,24289,49.07,1,1,21.08,220.1,43246,192,-1005,-208,1044,1,43.6621635,-79.3960438,97.20,22.59,0.81,12,1,00:51:25,00
3384775,21425,24289,49.11,1,1,19.20,200.5,43261,68,-975,-164,991,1,43.6621228,-79.3960857,97.20,18.43,0.81,12,1,00:51:26,00
3385090,21279,24289,49.14,1,1,21.42,223.6,43275,87,-1028,-40,1032,1,43.6621228,-79.3960857,98.70,18.43,0.80,12,1,00:51:26,00
3385402,21206,24289,49.15,1,1,21.69,226.5,43289,46,-964,-65,968,1,43.6621228,-79.3960857,98.70,18.43,0.80,12,1,00:51:26,00
3385718,20679,24289,49.17,1,1,22.17,231.5,43304,46,-1095,-41,1097,1,43.6620730,-79.3960968,98.70,18.46,0.80,12,1,00:51:27,00
3386071,20139,24289,49.14,1,1,19.77,206.5,43318,134,-922,47,933,1,43.6620730,-79.3960968,101.20,18.46,0.72,12,1,00:51:27,00
3386364,20071,24289,49.17,1,1,22.49,234.9,43332,262,-1067,-314,1143,1,43.6620730,-79.3960968,101.20,18.46,0.72,12,1,00:51:27,00
3386666,19362,24289,49.17,1,1,23.02,240.4,43347,118,-869,-387,959,1,43.6620285,-79.3960990,101.20,15.54,0.72,12,1,00:51:28,00
3386955,19150,24289,49.19,1,1,23.03,240.5,43361,21,-1120,-24,1120,1,43.6620285,-79.3960990,102.70,15.54,0.80,12,1,00:51:28,00
3387258,19280,24289,49.18,1,1,23.27,243.1,43375,28,-734,51,737,1,43.6620285,-79.3960990,102.70,15.54,0.80,12,1,00:51:28,00
3387551,18845,24289,49.26,1,1,23.62,246.7,43390,142,-1099,-128,1115,1,43.6620285,-79.3960990,102.70,15.54,0.80,12,1,00:51:28,00
3387844,446,24289,49.25,1,1,23.69,247.3,43404,101,-1006,-203,1031,1,43.6619595,-79.3961173,105.00,23.72,0.89,12,1,00:51:29,00
3388138,-365,24289,49.23,1,1,24.02,250.8,43419,202,-507,45,548,1,43.6619595,-79.3961173,105.00,23.72,0.89,12,1,00:51:29,00
3388432,-362,24289,49.28,1,1,24.10,251.7,43434,308,-748,-237,843,1,43.6619595,-79.3961173,105.00,23.72,0.89,12,1,00:51:29,00
3388727,-344,24289,49.26,1,1,24.02,250.8,43449,95,-722,-2,728,1,43.6619102,-79.3961295,106.40,19.08,0.75,12,1,00:51:30,00
3389024,-341,24289,49.23,1,1,24.10,251.7,43464,65,-1066,123,1075,1,43.6619102,-79.3961295,106.40,19.08,0.75,12,1,00:51:30,00
3389331,-318,24289,49.25,1,1,24.10,251.7,43479,203,-1060,-222,1102,1,43.6619102,-79.3961295,106.40,19.08,0.75,12,1,00:51:30,00
3389694,-309,24289,49.28,1,1,20.82,217.4,43495,147,-943,-285,996,1,43.6618518,-79.3961297,106.40,21.52,0.75,12,1,00:51:31,00
3389987,-296,24289,49.29,1,1,24.10,251.7,43510,147,-1273,-40,1282,1,43.6618518,-79.3961297,107.40,21.52,0.70,12,1,00:51:31,00
3390284,-270,24289,49.32,1,1,22.23,232.1,43523,163,-1072,-104,1089,1,43.6618518,-79.3961297,107.40,21.52,0.70,12,1,00:51:31,00
3390579,-259,24289,49.32,1,1,22.57,235.7,43537,73,-1035,23,1037,1,43.6618518,-79.3961297,107.40,21.52,0.70,12,1,00:51:31,00
3390875,-264,24289,49.35,1,1,24.18,252.5,43552,22,-890,-31,891,1,43.6617957,-79.3961320,107.30,21.74,0.84,12,1,00:51:32,00
3391171,-252,24289,49.35,1,1,22.64,236.5,43566,74,-839,15,842,1,43.6617957,-79.3961320,107.30,21.74,0.84,12,1,00:51:32,00
3391478,-225,24289,49.36,1,1,22.87,238.9,43581,173,-840,-225,887,1,43.6617957,-79.3961320,107.30,21.74,0.84,12,1,00:51:32,00
3391772,-242,24289,49.37,1,1,24.26,253.4,43596,134,-898,-190,927,1,43.6617423,-79.3961170,106.80,23.06,0.77,12,1,00:51:33,00
3392069,-220,24289,49.38,1,1,24.18,252.5,43611,208,-923,-43,947,1,43.6617423,-79.3961170,106.80,23.06,0.77,12,1,00:51:33,00
3392368,-210,24289,49.38,1,1,24.10,251.7,43626,362,-871,-313,993,1,43.6617423,-79.3961170,106.80,23.06,0.77,12,1,00:51:33,00
3392670,-218,24289,49.42,1,1,24.18,252.5,43641,-102,-957,-52,963,1,43.6616855,-79.3961068,106.80,23.02,0.77,12,1,00:51:34,00
3392968,-209,24289,49.40,1,1,24.18,252.5,43656,34,-1414,-43,1415,1,43.6616855,-79.3961068,106.00,23.02,0.73,12,1,00:51:34,00
3393265,-198,24289,49.44,1,1,24.18,252.5,43671,134,-779,-163,807,1,43.6616855,-79.3961068,106.00,23.02,0.73,12,1,00:51:34,00
3393567,-182,24289,49.42,1,1,24.18,252.5,43686,53,-948,-176,966,1,43.6616223,-79.3960767,106.00,29.19,0.73,12,1,00:51:35,00
3393870,-193,24289,49.44,1,1,22.66,236.6,43701,201,-972,-135,1001,1,43.6616223,-79.3960767,106.70,29.19,0.73,12,1,00:51:35,00
3394171,-195,24289,49.45,1,1,24.02,250.8,43716,4,-1133,-73,1135,1,43.6616223,-79.3960767,106.70,29.19,0.73,12,1,00:51:35,00
3394533,-177,24289,49.45,1,1,21.64,226.0,43732,180,-916,-155,947,1,43.6616223,-79.3960767,106.70,29.19,0.73,12,1,00:51:35,00
3394829,-185,24289,49.48,1,1,23.86,249.2,43747,19,-976,-238,1005,1,43.6615643,-79.3960428,106.30,25.15,0.75,12,1,00:51:36,00
3395122,-182,24289,49.50,1,1,23.60,246.5,43761,170,-956,-121,978,1,43.6615643,-79.3960428,106.30,25.15,0.75,12,1,00:51:36,00
3395422,-176,24289,49.52,1,1,23.78,248.3,43776,72,-942,-162,958,1,43.6615643,-79.3960428,106.30,25.15,0.75,12,1,00:51:36,00
3395728,-180,24289,49.52,1,1,23.62,246.7,43791,-5,-914,39,915,1,43.6615120,-79.3959978,106.80,26.00,0.72,12,1,00:51:37,00
3396033,-192,24289,49.51,1,1,23.55,245.9,43806,134,-937,-16,947,1,43.6615120,-79.3959978,106.80,26.00,0.72,12,1,00:51:37,00
3396333,-21,24289,49.54,1,1,23.32,243.5,43821,0,-1059,-93,1063,1,43.6615120,-79.3959978,106.80,26.00,0.72,12,1,00:51:37,00
3396631,178,24289,49.51,1,1,22.80,238.1,43835,78,-1206,-19,1208,1,43.6614607,-79.3959652,106.80,23.09,0.72,12,1,00:51:38,00
3396931,331,24289,49.54,1,1,22.72,237.3,43849,39,-1380,-20,1381,1,43.6614607,-79.3959652,106.00,23.09,0.73,12,1,00:51:38,00
3397236,555,24289,49.55,1,1,22.58,235.8,43864,328,-850,-236,941,1,43.6614607,-79.3959652,106.00,23.09,0.73,12,1,00:51:38,00
3397542,782,24289,49.60,1,1,22.27,232.6,43878,2,-823,-69,826,1,43.6614607,-79.3959652,106.00,23.09,0.73,12,1,00:51:38,00
3397856,2370,24289,49.52,1,1,22.23,232.2,43893,-56,-1182,-38,1184,1,43.6614203,-79.3959143,106.20,23.28,0.78,12,1,00:51:39,00
3398167,4760,24289,49.56,1,1,21.90,228.8,43907,109,-980,-293,1029,1,43.6614203,-79.3959143,106.20,23.28,0.78,12,1,00:51:39,00
3398473,8341,24289,49.70,1,1,21.83,228.0,43921,62,-1060,-18,1062,1,43.6614203,-79.3959143,106.20,23.28,0.78,12,1,00:51:39,00
3398780,13176,24289,49.62,1,1,22.05,230.3,43935,72,-866,-28,869,1,43.6613758,-79.3958627,107.20,24.85,1.05,12,1,00:51:40,00
3399090,18021,24289,49.65,1,1,22.27,232.6,43949,7,-984,-107,990,1,43.6613758,-79.3958627,107.20,24.85,1.05,12,1,00:51:40,00
3399462,1334,24289,49.68,1,1,19.69,205.7,43965,285,-624,-77,690,1,43.6613758,-79.3958627,107.20,24.85,1.05,12,1,00:51:40,00
3399766,-178,24289,49.64,1,1,22.88,238.9,43979,35,-916,46,918,1,43.6613175,-79.3958007,108.10,27.95,0.82,12,1,00:51:41,00
3400079,-195,24289,49.64,1,1,20.08,209.7,43992,96,-927,85,936,1,43.6613175,-79.3958007,108.10,27.95,0.82,12,1,00:51:41,00
3400385,-194,24289,49.69,1,1,23.17,241.9,44007,46,-884,49,887,1,43.6613175,-79.3958007,108.10,27.95,0.82,12,1,00:51:41,00
3400687,55,24289,49.71,1,1,23.24,242.7,44022,64,-990,49,994,1,43.6612777,-79.3957298,110.10,24.37,0.69,12,1,00:51:42,00
3400995,197,24289,49.70,1,1,23.32,243.5,44037,184,-899,-242,949,1,43.6612777,-79.3957298,110.10,24.37,0.69,12,1,00:51:42,00
3401298,308,24289,49.74,1,1,23.19,242.2,44051,129,-887,-33,896,1,43.6612777,-79.3957298,110.10,24.37,0.69,12,1,00:51:42,00
3401600,519,24289,49.73,1,1,23.32,243.5,44066,124,-1012,-78,1023,1,43.6612373,-79.3956765,110.10,20.04,0.69,12,1,00:51:43,00
3401910,643,24289,49.70,1,1,23.47,245.1,44081,298,-823,-177,893,1,43.6612373,-79.3956765,112.70,20.04,0.67,12,1,00:51:43,00
3402223,1531,24289,49.73,1,1,23.79,248.4,44097,253,-760,-5,801,1,43.6612373,-79.3956765,112.70,20.04,0.67,12,1,00:51:43,00
3402534,3221,24289,49.72,1,1,21.98,229.5,44111,206,-1080,-228,1123,1,43.6612373,-79.3956765,112.70,20.04,0.67,12,1,00:51:43,00
3402843,6044,24289,49.71,1,1,23.62,246.7,44126,202,-920,-69,945,1,43.6612012,-79.3956243,113.70,17.59,0.95,12,1,00:51:44,00
3403156,7360,24289,49.70,1,1,22.44,234.4,44141,286,-821,-111,876,1,43.6612012,-79.3956243,113.70,17.59,0.95,12,1,00:51:44,00
3403465,-153,24289,49.71,1,1,24.01,250.8,44157,449,-584,-113,745,1,43.6612012,-79.3956243,113.70,17.59,0.95,12,1,00:51:44,00
3403776,-161,24289,49.74,1,1,22.20,231.8,44171,222,-988,-157,1025,1,43.6611612,-79.3955620,114.90,21.28,0.75,12,1,00:51:45,00
3404090,-154,24289,49.69,1,1,23.94,250.0,44187,5,-1048,137,1057,1,43.6611612,-79.3955620,114.90,21.28,0.75,12,1,00:51:45,00
3404466,-143,24289,49.76,1,1,20.54,214.5,44203,59,-1113,-47,1115,1,43.6611612,-79.3955620,114.90,21.28,0.75,12,1,00:51:45,00
3404777,-152,24289,49.77,1,1,22.12,231.0,44217,236,-1143,-175,1180,1,43.6611202,-79.3955005,115.50,21.50,0.75,12,1,00:51:46,00
3405087,-155,24289,49.79,1,1,23.86,249.2,44233,-175,-1029,136,1053,1,43.6611202,-79.3955005,115.50,21.50,0.75,12,1,00:51:46,00
3405393,-146,24289,49.78,1,1,23.55,245.9,44248,-11,-1103,-23,1104,1,43.6611202,-79.3955005,115.50,21.50,0.75,12,1,00:51:46,00
3405702,-139,24289,49.80,1,1,23.55,245.9,44263,167,-919,2,934,1,43.6611227,-79.3954197,115.50,24.78,0.75,12,1,00:51:47,00
3406013,-141,24289,49.80,1,1,21.83,228.0,44277,224,-747,-69,782,1,43.6611227,-79.3954197,118.50,24.78,0.67,12,1,00:51:47,00
3406323,-135,24289,49.83,1,1,21.83,228.0,44291,91,-930,67,937,1,43.6611227,-79.3954197,118.50,24.78,0.67,12,1,00:51:47,00
3406646,-131,24289,49.87,1,1,23.50,245.4,44307,216,-769,-138,811,1,43.6611158,-79.3953445,118.50,22.26,0.67,12,1,00:51:48,00
3406959,-132,24289,49.87,1,1,23.32,243.5,44322,212,-1062,-87,1087,1,43.6611158,-79.3953445,121.40,22.26,0.68,12,1,00:51:48,00
3407269,-135,24289,49.87,1,1,23.50,245.4,44338,116,-1009,18,1016,1,43.6611158,-79.3953445,121.40,22.26,0.68,12,1,00:51:48,00
3407581,-125,24289,49.89,1,1,23.39,244.3,44353,174,-858,-147,888,1,43.6611115,-79.3952740,121.40,19.82,0.68,12,1,00:51:49,00
3407895,-134,24289,49.87,1,1,23.32,243.5,44368,113,-1125,-215,1151,1,43.6611115,-79.3952740,122.80,19.82,0.72,12,1,00:51:49,00
3408247,-125,24289,49.89,1,1,21.10,220.4,44384,34,-875,-248,910,1,43.6611115,-79.3952740,122.80,19.82,0.72,12,1,00:51:49,00
3408543,-109,24289,49.91,1,1,23.11,241.4,44398,197,-969,-295,1032,1,43.6611115,-79.3952740,122.80,19.82,0.72,12,1,00:51:49,00
3408844,-123,24289,49.91,1,1,23.03,240.6,44412,304,-941,-207,1011,1,43.6610953,-79.3952075,123.60,20.24,0.88,12,1,00:51:50,00
3409144,-116,24289,49.91,1,1,23.24,242.7,44427,454,52,78,463,1,43.6610953,-79.3952075,123.60,20.24,0.88,12,1,00:51:50,00
3409500,-117,24289,49.91,1,1,19.68,205.5,44442,146,-1033,-236,1070,1,43.6610953,-79.3952075,123.60,20.24,0.88,12,1,00:51:50,00
3409791,-117,24289,49.95,1,1,22.72,237.2,44455,329,-834,-151,909,1,43.6610958,-79.3951257,124.20,25.08,0.82,12,1,00:51:51,00
3410087,-102,24289,49.87,1,1,23.17,241.9,44470,231,-800,-196,855,1,43.6610958,-79.3951257,124.20,25.08,0.82,12,1,00:51:51,00
3410384,-112,24289,49.95,1,1,21.32,222.6,44483,77,-1152,-260,1183,1,43.6610958,-79.3951257,124.20,25.08,0.82,12,1,00:51:51,00
3410678,-106,24289,49.94,1,1,21.46,224.1,44496,87,-1119,43,1123,1,43.6611048,-79.3950440,124.20,25.26,0.82,12,1,00:51:52,00
3410978,-111,24289,49.98,1,1,23.17,241.9,44511,126,-970,-34,979,1,43.6611048,-79.3950440,123.90,25.26,0.82,12,1,00:51:52,00
3411281,-106,24289,49.97,1,1,22.88,238.9,44525,185,-1049,-426,1147,1,43.6611048,-79.3950440,123.90,25.26,0.82,12,1,00:51:52,00
3411579,-97,24289,49.97,1,1,22.72,237.3,44539,72,-1053,-116,1061,1,43.6611173,-79.3949507,123.90,29.59,0.82,12,1,00:51:53,00
3411871,-100,24289,49.97,1,1,22.72,237.3,44553,230,-975,-352,1062,1,43.6611173,-79.3949507,123.90,29.59,0.96,12,1,00:51:53,00
3412168,-118,24289,49.99,1,1,21.10,220.3,44566,122,-921,-146,940,1,43.6611173,-79.3949507,123.90,29.59,0.96,12,1,00:51:53,00
3412463,-103,24289,49.98,1,1,22.57,235.7,44580,64,-1270,-24,1271,1,43.6611173,-79.3949507,123.90,29.59,0.96,12,1,00:51:53,00
3412765,-106,24289,49.98,1,1,20.75,216.7,44593,-57,-773,221,806,1,43.6611383,-79.3948748,123.20,27.17,0.72,12,1,00:51:54,00
3413080,-114,24289,50.00,1,1,20.82,217.4,44607,160,-810,-36,827,1,43.6611383,-79.3948748,123.20,27.17,0.72,12,1,00:51:54,00
3413380,-72,24289,49.99,1,1,22.20,231.8,44621,92,-1001,-54,1006,1,43.6611383,-79.3948748,123.20,27.17,0.72,12,1,00:51:54,00
3413678,197,24289,50.03,1,1,21.84,228.1,44634,79,-991,-41,995,1,43.6611607,-79.3948150,122.30,25.76,0.72,12,1,00:51:55,00
3413979,355,24289,50.03,1,1,22.12,231.0,44648,126,-966,-77,977,1,43.6611607,-79.3948150,122.30,25.76,0.72,12,1,00:51:55,00
3414350,561,24289,50.05,1,1,18.95,197.9,44663,152,-1004,-393,1088,1,43.6611607,-79.3948150,122.30,25.76,0.72,12,1,00:51:55,00
3414644,743,24289,50.03,1,1,21.92,228.9,44676,233,-1154,-291,1213,1,43.6611680,-79.3947543,116.60,24.87,0.70,12,1,00:51:56,00
3414943,1870,24289,50.07,1,1,21.83,228.0,44690,120,-771,-98,786,1,43.6611680,-79.3947543,116.60,24.87,0.70,12,1,00:51:56,00
3415246,3822,24289,50.06,1,1,21.69,226.5,44704,161,-839,-11,855,1,43.6611680,-79.3947543,116.60,24.87,0.70,12,1,00:51:56,00
3415543,7914,24289,50.08,1,1,21.24,221.8,44717,-80,-787,175,810,1,43.6612052,-79.3946895,116.60,23.48,0.70,12,1,00:51:57,00
3415843,13501,24289,50.10,1,1,21.17,221.1,44730,149,-959,-82,974,1,43.6612052,-79.3946895,115.00,23.48,0.75,12,1,00:51:57,00
3416140,17809,24289,50.12,1,1,21.17,221.1,44743,130,-943,-352,1015,1,43.6612052,-79.3946895,115.00,23.48,0.75,12,1,00:51:57,00
3416446,21468,24289,50.15,1,1,21.21,221.5,44757,-20,-973,-62,975,1,43.6612052,-79.3946895,115.00,23.48,0.75,12,1,00:51:57,00
3416745,22011,24289,50.17,1,1,21.10,220.3,44770,268,-814,-303,909,1,43.6612353,-79.3946282,113.80,21.82,0.65,12,1,00:51:58,00
3417045,21720,24289,50.14,1,1,21.17,221.1,44783,131,-497,38,515,1,43.6612353,-79.3946282,113.80,21.82,0.65,12,1,00:51:58,00
3417351,21592,24289,50.15,1,1,21.42,223.6,44797,100,-1205,-327,1252,1,43.6612353,-79.3946282,113.80,21.82,0.65,12,1,00:51:58,00
3417654,20965,24289,50.11,1,1,21.69,226.5,44811,58,-1031,-12,1033,1,43.6612692,-79.3945728,114.20,18.96,0.87,12,1,00:51:59,00
3417955,20371,24289,50.11,1,1,21.69,226.5,44824,306,-773,-350,902,1,43.6612692,-79.3945728,114.20,18.96,0.87,12,1,00:51:59,00
3418254,20285,24289,50.08,1,1,22.27,232.6,44838,114,-1103,-32,1110,1,43.6612692,-79.3945728,114.20,18.96,0.87,12,1,00:51:59,00
3418554,20202,24289,50.12,1,1,22.58,235.8,44853,63,-921,-174,939,1,43.6613130,-79.3945223,114.20,20.98,0.87,12,1,00:52:00,00
3418860,19918,24289,50.15,1,1,22.72,237.3,44867,83,-1112,-260,1145,1,43.6613130,-79.3945223,114.90,20.98,0.81,12,1,00:52:00,00
3419228,19192,24289,50.15,1,1,20.99,219.2,44883,452,-804,72,925,1,43.6613130,-79.3945223,114.90,20.98,0.81,12,1,00:52:00,00
3419534,10988,24289,50.16,1,1,23.47,245.1,44898,111,-913,-32,920,1,43.6613563,-79.3944687,114.90,23.11,0.81,12,1,00:52:01,00
3419843,-271,24289,50.16,1,1,23.39,244.3,44913,350,-463,15,581,1,43.6613563,-79.3944687,115.60,23.11,0.68,12,1,00:52:01,00
3420146,-251,24289,50.17,1,1,23.39,244.3,44928,306,-916,-216,989,1,43.6613563,-79.3944687,115.60,23.11,0.68,12,1,00:52:01,00
3420451,-245,24289,50.19,1,1,21.76,227.3,44942,227,-863,186,911,1,43.6613563,-79.3944687,115.60,23.11,0.68,12,1,00:52:01,00
3420758,-236,24289,50.20,1,1,23.09,241.2,44957,377,-877,-115,961,1,43.6614077,-79.3944085,113.70,27.41,0.67,12,1,00:52:02,00
3421060,-221,24289,50.21,1,1,22.64,236.5,44971,194,-918,-99,944,1,43.6614077,-79.3944085,113.70,27.41,0.67,12,1,00:52:02,00
3421371,-200,24289,50.21,1,1,22.51,235.1,44986,-32,-1255,152,1265,1,43.6614077,-79.3944085,113.70,27.41,0.67,12,1,00:52:02,00
3421678,-185,24289,50.20,1,1,21.54,224.9,44999,336,-417,235,585,1,43.6614620,-79.3943620,113.40,25.06,0.65,12,1,00:52:03,00
3421984,-171,24289,50.22,1,1,21.21,221.5,45013,233,-803,-161,852,1,43.6614620,-79.3943620,113.40,25.06,0.65,12,1,00:52:03,00
3422286,-169,24289,50.23,1,1,20.41,213.1,45026,141,-874,53,887,1,43.6614620,-79.3943620,113.40,25.06,0.65,12,1,00:52:03,00
3422595,-154,24289,50.22,1,1,19.54,204.1,45038,271,-713,-70,766,1,43.6615108,-79.3943243,113.40,20.39,0.65,12,1,00:52:04,00
3422903,-142,24289,50.25,1,1,19.21,200.6,45051,58,-877,15,879,1,43.6615108,-79.3943243,113.70,20.39,0.65,12,1,00:52:04,00
3423211,-128,24289,50.25,1,1,18.71,195.4,45063,104,-1146,-261,1180,1,43.6615108,-79.3943243,113.70,20.39,0.65,12,1,00:52:04,00
3423511,-106,24289,50.25,1,1,18.53,193.5,45075,45,-1161,-47,1163,1,43.6615620,-79.3942953,113.70,20.33,0.65,12,1,00:52:05,00
3423827,131,24289,50.26,1,1,18.04,188.4,45086,54,-1203,99,1209,1,43.6615620,-79.3942953,112.10,20.33,0.70,12,1,00:52:05,00
3424197,314,24289,50.24,1,1,17.37,181.3,45100,130,-1113,-137,1129,1,43.6615620,-79.3942953,112.10,20.33,0.70,12,1,00:52:05,00
3424500,548,24289,50.19,1,1,19.28,201.3,45112,81,-1104,-78,1110,1,43.6615620,-79.3942953,112.10,20.33,0.70,12,1,00:52:05,00
3424807,1621,24289,50.20,1,1,17.44,182.1,45123,99,-771,-99,784,1,43.6616193,-79.3942733,110.10,20.61,0.70,12,1,00:52:06,00
3425123,3055,24289,50.21,1,1,17.27,180.3,45134,30,-1138,-88,1142,1,43.6616193,-79.3942733,110.10,20.61,0.70,12,1,00:52:06,00
3425430,7000,24289,50.21,1,1,16.99,177.4,45145,-20,-1244,48,1246,1,43.6616193,-79.3942733,110.10,20.61,0.70,12,1,00:52:06,00
3425738,12291,24289,50.18,1,1,17.10,178.6,45156,158,-985,-394,1073,1,43.6616790,-79.3942493,110.30,18.85,0.64,12,1,00:52:07,00
3426054,16642,24289,50.18,1,1,17.10,178.6,45168,186,-909,-121,936,1,43.6616790,-79.3942493,110.30,18.85,0.64,12,1,00:52:07,00
3426374,21460,24289,50.20,1,1,17.04,178.0,45179,151,-1042,-190,1070,1,43.6616790,-79.3942493,110.30,18.85,0.64,12,1,00:52:07,00
3426683,24489,24289,50.17,1,1,17.04,178.0,45190,208,-918,-155,954,1,43.6617323,-79.3942295,112.30,18.78,0.64,12,1,00:52:08,00
3426993,24400,24289,50.18,1,1,17.10,178.6,45201,83,-920,-194,944,1,43.6617323,-79.3942295,112.30,18.78,0.64,12,1,00:52:08,00
3427304,24392,24289,50.18,1,1,17.27,180.3,45212,51,-994,-122,1003,1,43.6617323,-79.3942295,112.30,18.78,0.64,12,1,00:52:08,00
3427615,24511,24289,50.21,1,1,19.03,198.8,45225,169,-1017,-266,1064,1,43.6617875,-79.3942260,112.30,21.63,0.64,12,1,00:52:09,00
3427930,24490,24289,50.20,1,1,17.44,182.1,45236,106,-1152,-144,1166,1,43.6617875,-79.3942260,112.30,21.63,0.67,12,1,00:52:09,00
3428244,24362,24289,50.25,1,1,19.33,201.9,45249,244,-806,-55,843,1,43.6617875,-79.3942260,112.30,21.63,0.67,12,1,00:52:09,00
3428560,24109,24289,50.25,1,1,18.01,188.1,45261,133,-1005,-207,1034,1,43.6618308,-79.3942300,112.30,14.63,0.67,12,1,00:52:10,00
3428881,24178,24289,50.28,1,1,18.18,189.9,45273,-4,-1181,78,1184,1,43.6618308,-79.3942300,113.60,14.63,0.63,12,1,00:52:10,00
3429261,24012,24289,50.28,1,1,16.34,170.6,45286,130,-893,-28,903,1,43.6618308,-79.3942300,113.60,14.63,0.63,12,1,00:52:10,00
3429575,23914,24289,50.27,1,1,18.59,194.2,45298,68,-919,59,923,1,43.6618753,-79.3942160,113.60,17.41,0.63,12,1,00:52:11,00
3429890,23512,24289,50.34,1,1,18.53,193.5,45310,180,-907,-224,952,1,43.6618753,-79.3942160,112.60,17.41,0.71,12,1,00:52:11,00
3430247,23462,24289,50.33,1,1,16.78,175.2,45323,161,-912,-120,934,1,43.6618753,-79.3942160,112.60,17.41,0.71,12,1,00:52:11,00
3430545,23915,24289,50.34,1,1,18.54,193.7,45334,-19,-1037,-21,1037,1,43.6619320,-79.3942143,112.60,23.65,0.71,12,1,00:52:12,00
3430837,23926,24289,50.33,1,1,18.90,197.4,45346,160,-800,51,817,1,43.6619320,-79.3942143,111.30,23.65,0.80,12,1,00:52:12,00
3431128,23445,24289,50.34,1,1,18.61,194.3,45357,69,-999,-361,1065,1,43.6619320,-79.3942143,111.30,23.65,0.80,12,1,00:52:12,00
3431425,23668,24289,50.33,1,1,19.02,198.7,45369,276,-802,-87,853,1,43.6619320,-79.3942143,111.30,23.65,0.80,12,1,00:52:12,00
3431718,23332,24289,50.34,1,1,19.02,198.7,45381,132,-864,32,875,1,43.6619827,-79.3942242,110.60,19.48,0.70,12,1,00:52:13,00
3432007,23200,24289,50.30,1,1,18.88,197.1,45392,-106,-1043,-188,1065,1,43.6619827,-79.3942242,110.60,19.48,0.70,12,1,00:52:13,00
3432305,22956,24289,50.32,1,1,19.15,200.0,45404,89,-951,-236,983,1,43.6619827,-79.3942242,110.60,19.48,0.70,12,1,00:52:13,00
3432601,22950,24289,50.30,1,1,19.28,201.3,45416,40,-893,108,900,1,43.6620182,-79.3942553,110.60,16.74,0.70,12,1,00:52:14,00
3432898,22737,24289,50.30,1,1,19.41,202.7,45428,217,-870,-271,937,1,43.6620182,-79.3942553,109.70,16.74,0.71,12,1,00:52:14,00
3433190,22613,24289,50.31,1,1,19.48,203.4,45440,99,-970,-289,1017,1,43.6620182,-79.3942553,109.70,16.74,0.71,12,1,00:52:14,00
3433478,22914,24289,50.37,1,1,19.61,204.8,45452,153,-624,-48,644,1,43.6620182,-79.3942553,109.70,16.74,0.71,12,1,00:52:14,00
3433775,22375,24289,50.36,1,1,19.61,204.8,45464,113,-1072,-240,1104,1,43.6620403,-79.3942865,109.00,11.37,0.83,12,1,00:52:15,00
3434141,22302,24289,50.41,1,1,17.63,184.1,45477,189,-850,-211,896,1,43.6620403,-79.3942865,109.00,11.37,0.83,12,1,00:52:15,00
3434439,22056,24289,50.43,1,1,20.21,211.0,45490,61,-1253,-166,1266,1,43.6620403,-79.3942865,109.00,11.37,0.83,12,1,00:52:15,00
3434732,21925,24289,50.42,1,1,19.95,208.3,45502,189,-687,-74,716,1,43.6620812,-79.3943210,106.90,19.76,0.73,12,1,00:52:16,00
3435023,21862,24289,50.47,1,1,20.02,209.1,45514,21,-1079,-233,1104,1,43.6620812,-79.3943210,106.90,19.76,0.73,12,1,00:52:16,00
3435325,21625,24289,50.44,1,1,20.54,214.5,45527,144,-1086,-153,1106,1,43.6620812,-79.3943210,106.90,19.76,0.73,12,1,00:52:16,00
3435623,21417,24289,50.49,1,1,20.68,215.9,45540,-81,-1161,31,1164,1,43.6621213,-79.3943657,106.80,19.19,0.73,12,1,00:52:17,00
3435916,21418,24289,50.45,1,1,20.89,218.1,45553,246,-963,-485,1106,1,43.6621213,-79.3943657,106.80,19.19,0.73,12,1,00:52:17,00
3436211,21034,24289,50.47,1,1,20.96,218.9,45566,-1,-1004,-172,1019,1,43.6621213,-79.3943657,106.80,19.19,0.73,12,1,00:52:17,00
3436505,20643,24289,50.49,1,1,20.96,218.9,45579,409,-620,238,780,1,43.6621665,-79.3944208,106.80,23.22,0.73,12,1,00:52:18,00
3436804,20618,24289,50.48,1,1,21.17,221.1,45592,112,-912,-361,987,1,43.6621665,-79.3944208,109.50,23.22,0.70,12,1,00:52:18,00
3437102,20019,24289,50.50,1,1,21.39,223.4,45605,-30,-969,97,974,1,43.6621665,-79.3944208,109.50,23.22,0.70,12,1,00:52:18,00
3437401,6003,24289,50.52,1,1,21.76,227.3,45619,250,-979,-140,1020,1,43.6621665,-79.3944208,109.50,23.22,0.70,12,1,00:52:18,00
3437704,-433,24289,50.54,1,1,21.98,229.5,45633,153,-814,-206,854,1,43.6622097,-79.3944910,109.10,27.65,0.70,12,1,00:52:19,00
3438005,-432,24289,50.54,1,1,21.69,226.5,45646,53,-1090,-200,1110,1,43.6622097,-79.3944910,109.10,27.65,0.70,12,1,00:52:19,00
3438306,-395,24289,50.58,1,1,21.76,227.3,45660,142,-1078,-246,1115,1,43.6622097,-79.3944910,109.10,27.65,0.70,12,1,00:52:19,00
3438609,-376,24289,50.54,1,1,21.48,224.4,45674,-94,-1042,-107,1051,1,43.6622595,-79.3945357,109.10,23.67,0.70,12,1,00:52:20,00
3438978,-370,24289,50.59,1,1,17.63,184.1,45687,173,-858,-148,888,1,43.6622595,-79.3945357,105.90,23.67,0.70,12,1,00:52:20,00
3439272,-330,24289,50.60,1,1,21.03,219.6,45700,274,-1063,-251,1126,1,43.6622595,-79.3945357,105.90,23.67,0.70,12,1,00:52:20,00
3439567,-296,24289,50.61,1,1,20.82,217.4,45713,140,-953,-193,982,1,43.6623082,-79.3945938,105.90,27.22,0.70,12,1,00:52:21,00
3439867,-321,24289,50.65,1,1,20.61,215.2,45726,200,-802,-180,846,1,43.6623082,-79.3945938,106.30,27.22,0.67,12,1,00:52:21,00
3440165,-296,24289,50.68,1,1,20.47,213.8,45739,162,-1078,-120,1097,1,43.6623082,-79.3945938,106.30,27.22,0.67,12,1,00:52:21,00
3440460,-260,24289,50.69,1,1,20.09,209.8,45751,234,-1037,-353,1121,1,43.6623082,-79.3945938,106.30,27.22,0.67,12,1,00:52:21,00
3440763,-249,24289,50.71,1,1,20.14,210.4,45764,543,-556,-226,809,1,43.6623405,-79.3946517,105.80,20.67,0.67,12,1,00:52:22,00
3441067,-231,24289,50.73,1,1,19.74,206.2,45776,126,-1006,-248,1044,1,43.6623405,-79.3946517,105.80,20.67,0.67,12,1,00:52:22,00
3441371,-228,24289,50.71,1,1,19.89,207.7,45789,49,-1124,-52,1126,1,43.6623405,-79.3946517,105.80,20.67,0.67,12,1,00:52:22,00
3441671,-229,24289,50.75,1,1,19.54,204.1,45801,306,-804,-50,862,1,43.6623547,-79.3947152,107.60,20.00,0.74,12,1,00:52:23,00
3441975,18,24289,50.79,1,1,19.70,205.7,45814,188,-1041,-228,1082,1,43.6623547,-79.3947152,107.60,20.00,0.74,12,1,00:52:23,00
3442276,237,24289,50.76,1,1,20.75,216.7,45827,217,-857,-160,898,1,43.6623547,-79.3947152,107.60,20.00,0.74,12,1,00:52:23,00
3442581,366,24289,50.77,1,1,19.09,199.3,45839,170,-897,-122,921,1,43.6623705,-79.3947730,107.60,17.30,0.74,12,1,00:52:24,00
3442896,675,24289,50.85,1,1,19.51,203.8,45852,35,-986,-94,991,1,43.6623705,-79.3947730,103.40,17.30,0.71,12,1,00:52:24,00
3443200,1987,24289,50.81,1,1,20.89,218.1,45865,177,-931,-201,969,1,43.6623705,-79.3947730,103.40,17.30,0.71,12,1,00:52:24,00
3443509,4456,24289,50.84,1,1,19.51,203.8,45878,139,-1028,-340,1092,1,43.6623795,-79.3948462,103.40,21.06,0.71,12,1,00:52:25,00
3443879,8408,24289,50.89,1,1,17.29,180.6,45891,269,-964,81,1004,1,43.6623795,-79.3948462,104.30,21.06,0.80,12,1,00:52:25,00
3444179,13524,24289,50.85,1,1,19.54,204.1,45903,146,-1314,-410,1385,1,43.6623795,-79.3948462,104.30,21.06,0.80,12,1,00:52:25,00
3444488,18710,24289,50.88,1,1,19.95,208.3,45916,149,-919,-236,960,1,43.6623795,-79.3948462,104.30,21.06,0.80,12,1,00:52:25,00
3444790,21966,24289,50.91,1,1,20.21,211.0,45929,87,-880,-74,888,1,43.6623775,-79.3949132,102.00,17.30,0.87,12,1,00:52:26,00
3445106,21771,24289,50.89,1,1,20.69,216.0,45943,107,-1020,-336,1079,1,43.6623775,-79.3949132,102.00,17.30,0.87,12,1,00:52:26,00
3445414,21510,24289,50.93,1,1,20.89,218.1,45956,90,-1097,-223,1123,1,43.6623775,-79.3949132,102.00,17.30,0.87,12,1,00:52:26,00
3445724,21218,24289,50.91,1,1,21.42,223.6,45970,13,-1009,-29,1009,1,43.6623725,-79.3949893,97.90,22.59,0.83,12,1,00:52:27,00
3446030,20633,24289,50.93,1,1,21.62,225.8,45984,54,-984,43,986,1,43.6623725,-79.3949893,97.90,22.59,0.83,12,1,00:52:27,00
3446339,20238,24289,50.93,1,1,21.98,229.5,45998,24,-1016,-86,1019,1,43.6623725,-79.3949893,97.90,22.59,0.83,12,1,00:52:27,00
3446650,20294,24289,50.95,1,1,22.27,232.6,46012,105,-1088,-246,1121,1,43.6623722,-79.3950747,99.70,22.74,0.75,12,1,00:52:28,00
3446958,20486,24289,50.94,1,1,22.66,236.6,46027,366,-849,-267,962,1,43.6623722,-79.3950747,99.70,22.74,0.75,12,1,00:52:28,00
3447271,19869,24289,50.98,1,1,22.87,238.9,46042,27,-821,33,822,1,43.6623722,-79.3950747,99.70,22.74,0.75,12,1,00:52:28,00
3447572,19657,24289,50.97,1,1,22.94,239.6,46057,114,-1370,-71,1377,1,43.6623815,-79.3951718,99.70,28.47,0.75,12,1,00:52:29,00
3447884,19781,24289,50.99,1,1,22.80,238.1,46071,235,-853,-204,908,1,43.6623815,-79.3951718,104.70,28.47,0.88,12,1,00:52:29,00
3448200,19781,24289,51.00,1,1,23.21,242.4,46087,163,-857,-44,873,1,43.6623815,-79.3951718,104.70,28.47,0.88,12,1,00:52:29,00
3448503,19434,24289,51.03,1,1,23.02,240.4,46102,80,-944,-102,953,1,43.6623693,-79.3952390,104.70,22.87,0.88,12,1,00:52:30,00
3448882,19453,24289,51.12,1,1,16.96,177.1,46115,-44,-978,129,988,1,43.6623693,-79.3952390,107.70,22.87,0.77,12,1,00:52:30,00
3449197,19370,24289,51.06,1,1,23.09,241.2,46130,-41,-1085,-39,1087,1,43.6623693,-79.3952390,107.70,22.87,0.77,12,1,00:52:30,00
3449506,18804,24289,51.11,1,1,23.02,240.4,46145,85,-811,-1,816,1,43.6623503,-79.3953200,107.70,25.41,0.77,12,1,00:52:31,00
3449814,19048,24289,51.11,1,1,23.09,241.2,46160,179,-932,-109,955,1,43.6623503,-79.3953200,109.60,25.41,0.86,12,1,00:52:31,00
3450125,19146,24289,51.08,1,1,23.24,242.7,46175,168,-1233,-86,1248,1,43.6623503,-79.3953200,109.60,25.41,0.86,12,1,00:52:31,00
3450443,19082,24289,51.14,1,1,21.76,227.3,46189,258,-934,-159,982,1,43.6623503,-79.3953200,109.60,25.41,0.86,12,1,00:52:31,00
3450756,19600,24289,51.11,1,1,23.57,246.2,46205,71,-1053,-42,1056,1,43.6623500,-79.3953962,112.70,21.84,0.78,12,1,00:52:32,00
3451069,19025,24289,51.14,1,1,23.47,245.1,46220,327,-685,-217,789,1,43.6623500,-79.3953962,112.70,21.84,0.78,12,1,00:52:32,00
3451390,19148,24289,51.12,1,1,23.64,246.9,46236,276,-836,-208,904,1,43.6623500,-79.3953962,112.70,21.84,0.78,12,1,00:52:32,00
3451710,18583,24289,51.16,1,1,23.56,246.1,46252,43,-1004,-86,1008,1,43.6623438,-79.3954810,113.80,25.06,0.86,12,1,00:52:33,00
3452022,18824,24289,51.19,1,1,21.84,228.1,46266,170,-1120,-158,1144,1,43.6623438,-79.3954810,113.80,25.06,0.86,12,1,00:52:33,00
3452373,18612,24289,51.21,1,1,20.94,218.7,46281,248,-325,-175,445,1,43.6623438,-79.3954810,113.80,25.06,0.86,12,1,00:52:33,00
3452660,18873,24289,51.22,1,1,23.19,242.2,46295,-63,-1073,-31,1075,1,43.6623253,-79.3955743,115.90,29.00,0.83,12,1,00:52:34,00
3452956,18473,24289,51.17,1,1,23.39,244.3,46310,56,-1241,-328,1285,1,43.6623253,-79.3955743,115.90,29.00,0.83,12,1,00:52:34,00
3453250,-395,24289,51.23,1,1,23.11,241.4,46324,110,-1015,-216,1044,1,43.6623253,-79.3955743,115.90,29.00,0.83,12,1,00:52:34,00
3453539,-369,24289,51.18,1,1,21.39,223.4,46337,186,-1261,-191,1289,1,43.6622965,-79.3956518,115.90,23.61,0.83,12,1,00:52:35,00
3453902,-364,24289,51.22,1,1,20.52,214.3,46352,124,-921,-180,947,1,43.6622965,-79.3956518,116.50,23.61,0.81,12,1,00:52:35,00
3454205,-81,24289,51.26,1,1,22.80,238.1,46367,76,-951,-147,965,1,43.6622965,-79.3956518,116.50,23.61,0.81,12,1,00:52:35,00
3454485,91,24289,51.25,1,1,22.15,231.3,46380,64,-770,87,778,1,43.6622965,-79.3956518,116.50,23.61,0.81,12,1,00:52:35,00
3454778,200,24289,51.26,1,1,21.99,229.7,46393,73,-949,-50,953,1,43.6622642,-79.3957098,117.30,20.84,0.77,12,1,00:52:36,00
3455073,417,24289,51.28,1,1,22.05,230.3,46407,172,-925,-211,965,1,43.6622642,-79.3957098,117.30,20.84,0.77,12,1,00:52:36,00
3455369,684,24289,51.25,1,1,21.76,227.3,46420,163,-888,-62,905,1,43.6622642,-79.3957098,117.30,20.84,0.77,12,1,00:52:36,00
3455664,2242,24289,51.28,1,1,22.05,230.3,46434,88,-893,60,899,1,43.6622457,-79.3957780,115.60,20.84,0.77,12,1,00:52:37,00
3455968,3933,24289,51.29,1,1,22.05,230.3,46448,226,-984,-202,1030,1,43.6622457,-79.3957780,115.60,20.84,0.77,12,1,00:52:37,00
3456263,7681,24289,51.29,1,1,21.99,229.7,46461,163,-899,-117,921,1,43.6622457,-79.3957780,115.60,20.84,0.77,12,1,00:52:37,00
3456549,11983,24289,51.32,1,1,22.27,232.6,46475,66,-1029,-32,1032,1,43.6622270,-79.3958498,115.60,23.13,0.77,12,1,00:52:38,00
3456846,17045,24289,51.34,1,1,22.15,231.3,46488,393,-758,-97,860,1,43.6622270,-79.3958498,112.00,23.13,0.77,12,1,00:52:38,00
3457149,19695,24289,51.34,1,1,22.80,238.1,46503,105,-1008,16,1014,1,43.6622270,-79.3958498,112.00,23.13,0.77,12,1,00:52:38,00
3457444,19393,24289,51.39,1,1,22.88,238.9,46517,119,-981,-141,998,1,43.6622270,-79.3958498,112.00,23.13,0.77,12,1,00:52:38,00
3457740,19116,24289,51.39,1,1,23.11,241.4,46531,64,-1101,-83,1106,1,43.6621910,-79.3959137,111.20,24.09,0.89,12,1,00:52:39,00
3458045,-273,24289,51.43,1,1,23.62,246.7,46546,190,-1004,-137,1031,1,43.6621910,-79.3959137,111.20,24.09,0.89,12,1,00:52:39,00
3458346,-279,24289,51.45,1,1,23.62,246.7,46561,285,-713,-87,772,1,43.6621910,-79.3959137,111.20,24.09,0.89,12,1,00:52:39,00
3458714,-275,24289,51.45,1,1,20.27,211.6,46577,253,-998,-189,1047,1,43.6621518,-79.3959750,109.90,23.93,0.79,12,1,00:52:40,00
3459010,-275,24289,51.49,1,1,23.44,244.8,46591,288,-836,-161,899,1,43.6621518,-79.3959750,109.90,23.93,0.79,12,1,00:52:40,00
3459306,-264,24289,51.50,1,1,23.39,244.3,46606,315,-858,89,918,1,43.6621518,-79.3959750,109.90,23.93,0.79,12,1,00:52:40,00
3459598,-248,24289,51.55,1,1,23.11,241.4,46620,164,-924,-184,956,1,43.6621063,-79.3960293,109.90,24.15,0.79,12,1,00:52:41,00
3459898,-241,24289,51.53,1,1,22.96,239.7,46634,229,-1113,-252,1164,1,43.6621063,-79.3960293,109.30,24.15,0.64,12,1,00:52:41,00
3460205,-234,24289,51.55,1,1,21.55,225.1,46648,186,-855,-20,876,1,43.6621063,-79.3960293,109.30,24.15,0.64,12,1,00:52:41,00
3460505,-222,24289,51.58,1,1,22.80,238.1,46662,69,-1068,-142,1080,1,43.6620608,-79.3960767,109.30,23.28,0.64,12,1,00:52:42,00
3460801,-219,24289,51.59,1,1,22.72,237.3,46676,246,-776,-280,861,1,43.6620608,-79.3960767,108.50,23.28,0.69,12,1,00:52:42,00
3461097,-214,24289,51.58,1,1,22.72,237.3,46690,148,-1072,-221,1105,1,43.6620608,-79.3960767,108.50,23.28,0.69,12,1,00:52:42,00
3461401,-210,24289,51.59,1,1,22.94,239.6,46705,279,-985,301,1067,1,43.6620608,-79.3960767,108.50,23.28,0.69,12,1,00:52:42,00
3461701,-205,24289,51.59,1,1,22.80,238.1,46719,411,-873,29,966,1,43.6620040,-79.3961115,107.20,25.97,0.74,12,1,00:52:43,00
3461999,-202,24289,51.60,1,1,22.88,238.9,46733,148,-857,-273,912,1,43.6620040,-79.3961115,107.20,25.97,0.74,12,1,00:52:43,00
3462313,-200,24289,51.60,1,1,23.02,240.4,46748,205,-978,-208,1021,1,43.6620040,-79.3961115,107.20,25.97,0.74,12,1,00:52:43,00
3462619,-192,24289,51.57,1,1,22.94,239.6,46763,441,-803,-142,927,1,43.6619310,-79.3961430,106.00,32.22,0.76,12,1,00:52:44,00
3462923,-180,24289,51.58,1,1,22.94,239.6,46778,-56,-1237,105,1243,1,43.6619310,-79.3961430,106.00,32.22,0.76,12,1,00:52:44,00
3463231,-173,24289,51.60,1,1,22.88,238.9,46792,152,-919,-188,950,1,43.6619310,-79.3961430,106.00,32.22,0.76,12,1,00:52:44,00
3463598,-176,24289,51.61,1,1,21.25,221.9,46809,265,-885,-30,924,1,43.6618635,-79.3961545,106.00,26.63,0.76,12,1,00:52:45,00
3463898,-164,24289,51.61,1,1,22.88,238.9,46823,162,-970,-85,987,1,43.6618635,-79.3961545,106.20,26.63,0.70,12,1,00:52:45,00
3464200,-173,24289,51.59,1,1,23.24,242.7,46838,27,-1144,-129,1151,1,43.6618635,-79.3961545,106.20,26.63,0.70,12,1,00:52:45,00
3464511,-164,24289,51.63,1,1,23.24,242.7,46853,147,-1051,-181,1076,1,43.6617985,-79.3961623,106.20,26.76,0.70,12,1,00:52:46,00
3464814,-174,24289,51.65,1,1,23.03,240.5,46867,165,-1004,43,1019,1,43.6617985,-79.3961623,106.40,26.76,0.68,12,1,00:52:46,00
3465116,-170,24289,51.65,1,1,23.24,242.7,46882,194,-1101,-326,1165,1,43.6617985,-79.3961623,106.40,26.76,0.68,12,1,00:52:46,00
3465423,-166,24289,51.69,1,1,23.24,242.7,46897,82,-920,-185,942,1,43.6617985,-79.3961623,106.40,26.76,0.68,12,1,00:52:46,00
3465724,-175,24289,51.70,1,1,23.39,244.3,46912,296,-863,-15,912,1,43.6617373,-79.3961683,104.40,24.98,0.69,12,1,00:52:47,00
3466027,-166,24289,51.74,1,1,23.19,242.2,46926,163,-1068,-177,1094,1,43.6617373,-79.3961683,104.40,24.98,0.69,12,1,00:52:47,00
3466335,-166,24289,51.75,1,1,23.47,245.1,46941,189,-1026,-167,1056,1,43.6617373,-79.3961683,104.40,24.98,0.69,12,1,00:52:47,00
3466644,-156,24289,51.77,1,1,23.64,246.9,46957,201,-980,-246,1030,1,43.6616828,-79.3961520,102.20,23.52,0.72,12,1,00:52:48,00
3466956,-156,24289,51.81,1,1,21.98,229.5,46971,185,-779,-188,822,1,43.6616828,-79.3961520,102.20,23.52,0.72,12,1,00:52:48,00
3467265,-158,24289,51.81,1,1,23.55,245.9,46986,103,-952,-151,969,1,43.6616828,-79.3961520,102.20,23.52,0.72,12,1,00:52:48,00
3467575,-156,24289,51.85,1,1,23.47,245.1,47001,347,-850,-67,920,1,43.6616207,-79.3961300,102.20,25.35,0.72,12,1,00:52:49,00
3467883,-155,24289,51.83,1,1,23.79,248.4,47017,511,-519,31,729,1,43.6616207,-79.3961300,102.00,25.35,0.70,12,1,00:52:49,00
3468191,-152,24289,51.82,1,1,23.70,247.5,47032,285,-717,-96,778,1,43.6616207,-79.3961300,102.00,25.35,0.70,12,1,00:52:49,00
3468566,-150,24289,51.82,1,1,20.43,213.3,47048,205,-878,-185,921,1,43.6615645,-79.3961075,102.00,22.26,0.70,12,1,00:52:50,00
3468879,-158,24289,51.82,1,1,22.44,234.4,47063,23,-1138,-81,1141,1,43.6615645,-79.3961075,101.80,22.26,0.72,12,1,00:52:50,00
3469189,-157,24289,51.83,1,1,23.70,247.5,47078,95,-1034,-38,1039,1,43.6615645,-79.3961075,101.80,22.26,0.72,12,1,00:52:50,00
3469495,-139,24289,51.85,1,1,23.70,247.5,47093,233,-897,-130,936,1,43.6615645,-79.3961075,101.80,22.26,0.72,12,1,00:52:50,00
3469803,-141,24289,51.88,1,1,23.62,246.7,47108,107,-856,166,879,1,43.6615112,-79.3960842,102.10,22.82,0.72,12,1,00:52:51,00
3470113,-141,24289,51.87,1,1,23.72,247.7,47124,11,-1070,-87,1074,1,43.6615112,-79.3960842,102.10,22.82,0.72,12,1,00:52:51,00
3470426,-155,24289,51.88,1,1,23.55,245.9,47139,343,-1006,-95,1067,1,43.6615112,-79.3960842,102.10,22.82,0.72,12,1,00:52:51,00
3470735,-143,24289,51.88,1,1,23.55,245.9,47154,-104,-1107,67,1114,1,43.6614712,-79.3960612,104.00,17.35,0.76,12,1,00:52:52,00
3471055,-146,24289,51.88,1,1,23.64,246.9,47170,80,-892,-10,895,1,43.6614712,-79.3960612,104.00,17.35,0.76,12,1,00:52:52,00
3471367,-154,24289,51.86,1,1,23.39,244.3,47185,110,-815,65,825,1,43.6614712,-79.3960612,104.00,17.35,0.76,12,1,00:52:52,00
3471681,-148,24289,51.88,1,1,23.35,243.9,47201,343,-974,-380,1100,1,43.6614373,-79.3960303,104.00,17.91,0.74,12,1,00:52:53,00
3471990,-154,24289,51.85,1,1,22.65,236.5,47215,496,-496,-6,702,1,43.6614373,-79.3960303,104.00,17.91,0.74,12,1,00:52:53,00
3472304,-137,24289,51.88,1,1,22.73,237.3,47230,153,-963,-79,979,1,43.6614373,-79.3960303,104.00,17.91,0.74,12,1,00:52:53,00
3472616,-142,24289,51.90,1,1,22.44,234.4,47245,24,-1119,-111,1125,1,43.6613995,-79.3959973,104.00,18.59,0.74,12,1,00:52:54,00
3472933,-137,24289,51.89,1,1,22.12,231.0,47259,358,-691,85,783,1,43.6613995,-79.3959973,105.30,18.59,0.69,12,1,00:52:54,00
3473250,-142,24289,51.87,1,1,22.10,230.8,47274,44,-1062,-201,1082,1,43.6613995,-79.3959973,105.30,18.59,0.69,12,1,00:52:54,00
3473627,-142,24289,51.87,1,1,19.57,204.4,47289,63,-1073,-128,1082,1,43.6613555,-79.3959633,103.90,18.39,0.69,12,1,00:52:55,00
3473933,-134,24289,51.83,1,1,21.48,224.4,47303,31,-968,-149,980,1,43.6613555,-79.3959633,103.90,18.39,0.69,12,1,00:52:55,00
3474246,-132,24289,51.83,1,1,21.62,225.8,47317,77,-932,4,935,1,43.6613555,-79.3959633,103.90,18.39,0.69,12,1,00:52:55,00
3474604,-132,24289,51.81,1,1,19.52,203.8,47332,138,-877,-108,895,1,43.6613047,-79.3958980,103.90,27.71,0.69,12,1,00:52:56,00
3474895,-123,24289,51.78,1,1,21.46,224.1,47345,136,-1014,4,1023,1,43.6613047,-79.3958980,104.40,27.71,0.74,12,1,00:52:56,00
3475190,-124,24289,51.79,1,1,21.76,227.3,47358,38,-978,286,1019,1,43.6613047,-79.3958980,104.40,27.71,0.74,12,1,00:52:56,00
3475490,-113,24289,51.77,1,1,20.34,212.4,47371,188,-798,100,826,1,43.6613047,-79.3958980,104.40,27.71,0.74,12,1,00:52:56,00
3475784,-138,24289,51.78,1,1,22.05,230.3,47385,55,-1051,-7,1053,1,43.6612650,-79.3958462,103.40,20.76,0.74,12,1,00:52:57,00
3476076,-126,24289,51.78,1,1,21.84,228.1,47398,115,-1121,-179,1141,1,43.6612650,-79.3958462,103.40,20.76,0.74,12,1,00:52:57,00
3476369,-119,24289,51.76,1,1,21.84,228.1,47411,79,-945,-47,950,1,43.6612650,-79.3958462,103.40,20.76,0.74,12,1,00:52:57,00
3476661,-120,24289,51.79,1,1,22.20,231.8,47425,-100,-1112,106,1121,1,43.6612345,-79.3957940,105.40,20.22,0.66,12,1,00:52:58,00
3476963,-118,24289,51.81,1,1,22.12,231.0,47439,65,-1008,15,1010,1,43.6612345,-79.3957940,105.40,20.22,0.66,12,1,00:52:58,00
3477269,-117,24289,51.80,1,1,20.68,215.9,47452,81,-1067,-201,1088,1,43.6612345,-79.3957940,105.40,20.22,0.66,12,1,00:52:58,00
3477569,-114,24289,51.78,1,1,22.42,234.1,47466,93,-979,-112,990,1,43.6611968,-79.3957272,105.40,23.98,0.66,12,1,00:52:59,00
3477865,-118,24289,51.81,1,1,22.42,234.1,47480,225,-979,-193,1023,1,43.6611968,-79.3957272,105.40,23.98,0.64,12,1,00:52:59,00
3478166,-120,24289,51.80,1,1,22.42,234.1,47494,227,-1065,-33,1089,1,43.6611968,-79.3957272,105.40,23.98,0.64,12,1,00:52:59,00
3478537,-107,24289,51.81,1,1,19.25,201.1,47509,158,-1055,-165,1079,1,43.6611602,-79.3956625,105.40,22.71,0.64,12,1,00:53:00,00
3478829,-109,24289,51.80,1,1,22.49,234.9,47523,121,-1020,-88,1031,1,43.6611602,-79.3956625,103.70,22.71,0.63,12,1,00:53:00,00
3479122,-112,24289,51.81,1,1,22.31,233.0,47536,146,-787,-44,802,1,43.6611602,-79.3956625,103.70,22.71,0.63,12,1,00:53:00,00
3479419,-117,24289,51.82,1,1,22.49,234.9,47550,118,-1006,-144,1023,1,43.6611602,-79.3956625,103.70,22.71,0.63,12,1,00:53:00,00
3479718,-111,24289,51.81,1,1,22.57,235.7,47564,166,-1121,-255,1161,1,43.6611333,-79.3955987,102.30,22.85,0.64,12,1,00:53:01,00
3480016,-114,24289,51.83,1,1,22.49,234.9,47578,15,-1005,-7,1005,1,43.6611333,-79.3955987,102.30,22.85,0.64,12,1,00:53:01,00
3480311,-101,24289,51.85,1,1,22.34,233.3,47592,313,-958,-356,1068,1,43.6611333,-79.3955987,102.30,22.85,0.64,12,1,00:53:01,00
3480615,-110,24289,51.84,1,1,20.68,215.9,47605,230,-765,459,921,1,43.6611067,-79.3955353,102.30,24.65,0.64,12,1,00:53:02,00
3480911,-114,24289,51.86,1,1,21.90,228.8,47619,91,-840,342,912,1,43.6611067,-79.3955353,101.50,24.65,0.65,12,1,00:53:02,00
3481203,-105,24289,51.82,1,1,21.32,222.6,47632,144,-1007,-221,1041,1,43.6611067,-79.3955353,101.50,24.65,0.65,12,1,00:53:02,00
3481495,-92,24289,51.85,1,1,20.96,218.9,47645,354,-1075,-337,1181,1,43.6611067,-79.3955353,101.50,24.65,0.65,12,1,00:53:02,00
3481801,-93,24289,51.83,1,1,20.54,214.5,47658,172,-862,-37,879,1,43.6610707,-79.3954787,99.80,23.93,0.64,12,1,00:53:03,00
3482096,-103,24289,51.82,1,1,21.39,223.4,47671,280,-871,-189,934,1,43.6610707,-79.3954787,99.80,23.93,0.64,12,1,00:53:03,00
3482393,-102,24289,51.81,1,1,19.09,199.3,47683,149,-925,-105,943,1,43.6610707,-79.3954787,99.80,23.93,0.64,12,1,00:53:03,00
3482694,-106,24289,51.84,1,1,18.35,191.6,47694,234,-938,-101,972,1,43.6610320,-79.3954205,96.80,23.87,0.66,12,1,00:53:04,00
3483000,-95,24289,51.82,1,1,18.01,188.1,47706,368,-986,-127,1060,1,43.6610320,-79.3954205,96.80,23.87,0.66,12,1,00:53:04,00
3483359,-94,24289,51.83,1,1,16.28,170.0,47718,271,-874,-127,924,1,43.6610320,-79.3954205,96.80,23.87,0.66,12,1,00:53:04,00
3483657,-97,24289,51.82,1,1,17.97,187.7,47729,-45,-1121,61,1124,1,43.6610183,-79.3953523,95.30,21.78,0.65,12,1,00:53:05,00
3483965,-93,24289,51.82,1,1,17.27,180.3,47740,36,-1231,-86,1235,1,43.6610183,-79.3953523,95.30,21.78,0.65,12,1,00:53:05,00
3484267,-86,24289,51.88,1,1,15.01,156.7,47750,102,-949,-80,957,1,43.6610183,-79.3953523,95.30,21.78,0.65,12,1,00:53:05,00
3484561,-89,24289,51.87,1,1,14.46,151.0,47759,92,-955,-23,960,1,43.6610020,-79.3952860,95.30,20.56,0.65,12,1,00:53:06,00
3484862,-96,24289,51.91,1,1,14.08,147.1,47767,320,-723,79,794,1,43.6610020,-79.3952860,94.20,20.56,0.74,12,1,00:53:06,00
3485164,-33,24289,51.88,1,1,14.69,153.4,47777,51,-1045,-88,1050,1,43.6610020,-79.3952860,94.20,20.56,0.74,12,1,00:53:06,00
3485466,313,24289,51.93,1,1,16.07,167.8,47787,74,-914,13,917,1,43.6610020,-79.3952860,94.20,20.56,0.74,12,1,00:53:06,00
3485766,428,24289,51.90,1,1,16.07,167.8,47797,-103,-938,233,972,1,43.6610005,-79.3952310,96.10,16.39,0.75,12,1,00:53:07,00
3486077,1263,24289,51.89,1,1,16.01,167.2,47807,85,-949,-230,980,1,43.6610005,-79.3952310,96.10,16.39,0.75,12,1,00:53:07,00
3486377,2494,24289,51.87,1,1,16.07,167.8,47817,279,-799,-323,906,1,43.6610005,-79.3952310,96.10,16.39,0.75,12,1,00:53:07,00
3486681,5501,24289,51.93,1,1,14.82,154.8,47827,302,-870,-91,925,1,43.6609978,-79.3951735,98.20,14.39,0.77,12,1,00:53:08,00
3486988,9641,24289,51.94,1,1,16.23,169.5,47837,260,-933,-133,978,1,43.6609978,-79.3951735,98.20,14.39,0.77,12,1,00:53:08,00
3487295,14886,24289,51.96,1,1,15.10,157.7,47847,105,-1114,-267,1151,1,43.6609978,-79.3951735,98.20,14.39,0.77,12,1,00:53:08,00
3487602,19853,24289,51.98,1,1,15.44,161.3,47857,71,-1003,-28,1006,1,43.6609963,-79.3951188,98.20,13.96,0.77,12,1,00:53:09,00
3487911,23206,24289,51.98,1,1,15.80,165.0,47867,161,-1141,-271,1183,1,43.6609963,-79.3951188,98.00,13.96,0.70,12,1,00:53:09,00
3488292,24457,24289,51.99,1,1,15.53,162.2,47879,97,-772,-57,781,1,43.6609963,-79.3951188,98.00,13.96,0.70,12,1,00:53:09,00
3488597,24415,24289,52.04,1,1,16.88,176.3,47890,190,-899,-65,921,1,43.6610055,-79.3950767,98.00,10.93,0.70,12,1,00:53:10,00
3488900,24184,24289,51.99,1,1,17.27,180.3,47901,107,-1046,-303,1094,1,43.6610055,-79.3950767,99.80,10.93,0.74,12,1,00:53:10,00
3489209,24079,24289,52.00,1,1,17.56,183.3,47912,84,-902,113,913,1,43.6610055,-79.3950767,99.80,10.93,0.74,12,1,00:53:10,00
3489508,23967,24289,52.04,1,1,18.36,191.7,47924,150,-895,-214,932,1,43.6610037,-79.3950382,99.80,10.69,0.74,12,1,00:53:11,00
3489815,23705,24289,52.03,1,1,18.59,194.2,47936,101,-813,-147,832,1,43.6610037,-79.3950382,100.20,10.69,0.65,12,1,00:53:11,00
3490122,23214,24289,52.05,1,1,18.84,196.7,47948,157,-892,73,909,1,43.6610037,-79.3950382,100.20,10.69,0.65,12,1,00:53:11,00
3490447,23454,24289,52.05,1,1,17.79,185.8,47960,194,-966,-245,1015,1,43.6610037,-79.3950382,100.20,10.69,0.65,12,1,00:53:11,00
3490757,23367,24289,52.06,1,1,19.15,200.0,47972,222,-934,28,961,1,43.6610147,-79.3949860,99.90,13.52,0.67,12,1,00:53:12,00
3491067,22426,24289,52.08,1,1,19.70,205.7,47985,154,-1009,-318,1069,1,43.6610147,-79.3949860,99.90,13.52,0.67,12,1,00:53:12,00
3491375,22404,24289,52.05,1,1,19.95,208.3,47998,-12,-1189,-53,1190,1,43.6610147,-79.3949860,99.90,13.52,0.67,12,1,00:53:12,00
3491682,21963,24289,52.04,1,1,20.14,210.4,48011,246,-791,109,835,1,43.6610400,-79.3949367,101.20,15.32,0.69,12,1,00:53:13,00
3491994,21647,24289,52.08,1,1,20.41,213.1,48024,485,-753,-124,904,1,43.6610400,-79.3949367,101.20,15.32,0.69,12,1,00:53:13,00
3492301,21657,24289,52.09,1,1,20.61,215.2,48037,240,-1054,-245,1108,1,43.6610400,-79.3949367,101.20,15.32,0.69,12,1,00:53:13,00
3492619,21446,24289,52.10,1,1,21.14,220.8,48051,92,-1170,28,1174,1,43.6610747,-79.3948698,101.20,19.85,0.69,12,1,00:53:14,00
3492936,21350,24289,52.12,1,1,21.14,220.8,48065,329,-617,-210,730,1,43.6610747,-79.3948698,102.00,19.85,0.69,12,1,00:53:14,00
3493310,20986,24289,52.12,1,1,19.05,198.9,48080,128,-1168,-258,1203,1,43.6610747,-79.3948698,102.00,19.85,0.69,12,1,00:53:14,00
3493618,21059,24289,52.17,1,1,21.14,220.8,48094,78,-877,-84,885,1,43.6611137,-79.3948063,102.00,21.17,0.69,12,1,00:53:15,00
3493931,20859,24289,52.14,1,1,21.14,220.8,48108,73,-1065,-37,1068,1,43.6611137,-79.3948063,104.00,21.17,0.67,12,1,00:53:15,00
3494242,20939,24289,52.17,1,1,20.96,218.9,48121,427,-608,-171,763,1,43.6611137,-79.3948063,104.00,21.17,0.67,12,1,00:53:15,00
3494563,21100,24289,52.17,1,1,21.01,219.4,48135,434,-711,272,876,1,43.6611527,-79.3947408,104.00,21.61,0.67,12,1,00:53:16,00
3494879,21006,24289,52.18,1,1,20.95,218.8,48149,298,-650,56,718,1,43.6611527,-79.3947408,105.80,21.61,0.67,12,1,00:53:16,00
3495191,21162,24289,52.22,1,1,20.88,218.1,48163,239,-1182,-85,1209,1,43.6611527,-79.3947408,105.80,21.61,0.67,12,1,00:53:16,00
3495501,20416,24289,52.27,1,1,19.63,205.0,48176,-52,-1161,105,1167,1,43.6611950,-79.3946885,105.80,21.13,0.67,12,1,00:53:17,00
3495815,21062,24289,52.27,1,1,21.03,219.6,48189,267,-847,-448,994,1,43.6611950,-79.3946885,107.50,21.13,0.67,12,1,00:53:17,00
3496123,20591,24289,52.26,1,1,21.48,224.4,48203,388,-910,-278,1028,1,43.6611950,-79.3946885,107.50,21.13,0.67,12,1,00:53:17,00
3496436,20215,24289,52.30,1,1,21.76,227.3,48217,594,-612,-39,854,1,43.6611950,-79.3946885,107.50,21.13,0.67,12,1,00:53:17,00
3496791,19887,24289,52.33,1,1,19.84,207.2,48232,-102,-909,-124,923,1,43.6612402,-79.3946380,108.50,21.85,0.65,12,1,00:53:18,00
3497089,19655,24289,52.35,1,1,22.27,232.6,48246,241,-884,-262,953,1,43.6612402,-79.3946380,108.50,21.85,0.65,12,1,00:53:18,00
3497383,19797,24289,52.36,1,1,22.49,234.9,48260,218,-715,-29,748,1,43.6612402,-79.3946380,108.50,21.85,0.65,12,1,00:53:18,00
3497676,19659,24289,52.38,1,1,22.80,238.1,48274,-32,-970,-187,988,1,43.6612898,-79.3945765,108.20,23.63,0.70,12,1,00:53:19,00
3497977,19209,24289,52.38,1,1,21.24,221.8,48287,69,-961,-120,971,1,43.6612898,-79.3945765,108.20,23.63,0.70,12,1,00:53:19,00
3498342,19448,24289,52.40,1,1,19.84,207.2,48302,-70,-1203,225,1225,1,43.6612898,-79.3945765,108.20,23.63,0.70,12,1,00:53:19,00
3498636,18849,24289,52.38,1,1,23.39,244.3,48317,629,-787,-21,1008,1,43.6613132,-79.3945203,106.30,19.32,0.63,12,1,00:53:20,00
3498925,19313,24289,52.38,1,1,23.36,243.9,48331,-54,-1016,-169,1031,1,43.6613132,-79.3945203,106.30,19.32,0.63,12,1,00:53:20,00
3499224,18767,24289,52.40,1,1,23.19,242.2,48345,-77,-1231,-45,1234,1,43.6613132,-79.3945203,106.30,19.32,0.63,12,1,00:53:20,00
3499519,19096,24289,52.38,1,1,23.55,245.9,48360,237,-920,-202,971,1,43.6613690,-79.3944713,106.30,22.32,0.63,12,1,00:53:21,00
3499813,18986,24289,52.36,1,1,22.88,238.9,48374,214,-854,-360,951,1,43.6613690,-79.3944713,105.90,22.32,0.66,12,1,00:53:21,00
3500107,19937,24289,52.37,1,1,22.80,238.1,48388,-57,-1250,16,1251,1,43.6613690,-79.3944713,105.90,22.32,0.66,12,1,00:53:21,00
3500398,19190,24289,52.31,1,1,22.23,232.1,48401,327,-762,-233,861,1,43.6613690,-79.3944713,105.90,22.32,0.66,12,1,00:53:21,00
3500698,19798,24289,52.34,1,1,20.75,216.7,48414,-87,-818,-246,859,1,43.6614268,-79.3944240,107.40,24.89,0.66,12,1,00:53:22,00
3500996,20216,24289,52.32,1,1,20.68,215.9,48427,329,-958,-12,1013,1,43.6614268,-79.3944240,107.40,24.89,0.66,12,1,00:53:22,00
3501297,19859,24289,52.29,1,1,22.27,232.6,48441,108,-1005,-200,1030,1,43.6614268,-79.3944240,107.40,24.89,0.66,12,1,00:53:22,00
3501597,20020,24289,52.28,1,1,22.20,231.8,48455,409,-946,-168,1044,1,43.6614812,-79.3943937,107.40,24.63,0.66,12,1,00:53:23,00
3501892,20075,24289,52.31,1,1,22.34,233.3,48469,123,-938,-256,980,1,43.6614812,-79.3943937,105.70,24.63,0.66,12,1,00:53:23,00
3502191,19373,24289,52.26,1,1,22.34,233.3,48483,294,-597,1,665,1,43.6614812,-79.3943937,105.70,24.63,0.66,12,1,00:53:23,00
3502485,19237,24289,52.27,1,1,22.15,231.3,48496,184,-1069,-216,1106,1,43.6614812,-79.3943937,105.70,24.63,0.66,12,1,00:53:23,00
3502786,19913,24289,52.25,1,1,22.42,234.1,48510,-5,-1133,-245,1160,1,43.6615373,-79.3943625,104.10,23.91,0.67,12,1,00:53:24,00
3503145,19314,24289,52.26,1,1,20.48,213.9,48526,-5,-601,-28,602,1,43.6615373,-79.3943625,104.10,23.91,0.67,12,1,00:53:24,00
3503448,20319,24289,52.29,1,1,22.42,234.1,48540,3,-963,-77,966,1,43.6615373,-79.3943625,104.10,23.91,0.67,12,1,00:53:24,00
3503746,19424,24289,52.25,1,1,22.49,234.9,48554,64,-1187,-222,1210,1,43.6615897,-79.3943392,104.60,21.45,0.84,12,1,00:53:25,00
3504043,19245,24289,52.27,1,1,22.42,234.1,48568,126,-854,-38,864,1,43.6615897,-79.3943392,104.60,21.45,0.84,12,1,00:53:25,00
3504337,19399,24289,52.35,1,1,22.15,231.3,48581,116,-990,-148,1008,1,43.6615897,-79.3943392,104.60,21.45,0.84,12,1,00:53:25,00
3504634,19626,24289,52.36,1,1,22.42,234.1,48595,64,-1006,-190,1025,1,43.6616493,-79.3943302,104.10,23.21,0.70,12,1,00:53:26,00
3504934,20296,24289,52.37,1,1,22.34,233.3,48609,71,-923,-216,951,1,43.6616493,-79.3943302,104.10,23.21,0.70,12,1,00:53:26,00
3505232,18150,24289,52.42,1,1,22.42,234.1,48623,88,-1066,62,1071,1,43.6616493,-79.3943302,104.10,23.21,0.70,12,1,00:53:26,00
3505536,409,24289,52.42,1,1,22.34,233.3,48637,81,-894,-86,902,1,43.6617073,-79.3943215,104.10,22.09,0.70,12,1,00:53:27,00
3505840,-357,24289,52.43,1,1,22.30,232.9,48652,95,-1151,-202,1173,1,43.6617073,-79.3943215,102.80,22.09,0.68,12,1,00:53:27,00
3506138,-345,24289,52.48,1,1,21.76,227.3,48665,43,-903,-164,918,1,43.6617073,-79.3943215,102.80,22.09,0.68,12,1,00:53:27,00
3506439,-326,24289,52.51,1,1,21.76,227.3,48679,78,-1037,-147,1050,1,43.6617073,-79.3943215,102.80,22.09,0.68,12,1,00:53:27,00
3506745,-310,24289,52.52,1,1,21.17,221.1,48692,88,-1138,-367,1199,1,43.6617638,-79.3943125,101.30,21.09,0.73,12,1,00:53:28,00
3507047,-275,24289,52.52,1,1,21.21,221.5,48706,549,-847,52,1011,1,43.6617638,-79.3943125,101.30,21.09,0.73,12,1,00:53:28,00
3507359,-263,24289,52.52,1,1,19.09,199.3,48718,150,-854,-415,961,1,43.6617638,-79.3943125,101.30,21.09,0.73,12,1,00:53:28,00
3507666,-243,24289,52.55,1,1,20.41,213.1,48731,15,-859,-104,865,1,43.6618165,-79.3943112,97.60,19.96,0.69,12,1,00:53:29,00
3508040,-229,24289,52.54,1,1,18.02,188.2,48745,-7,-1007,-105,1012,1,43.6618165,-79.3943112,97.60,19.96,0.69,12,1,00:53:29,00
3508347,-186,24289,52.54,1,1,19.82,207.0,48758,129,-917,-39,927,1,43.6618165,-79.3943112,97.60,19.96,0.69,12,1,00:53:29,00
3508645,255,24289,52.58,1,1,19.22,200.7,48770,63,-1231,-166,1244,1,43.6618665,-79.3943423,97.30,21.39,0.67,12,1,00:53:30,00
3508951,344,24289,52.59,1,1,18.78,196.1,48782,362,-734,4,818,1,43.6618665,-79.3943423,97.30,21.39,0.67,12,1,00:53:30,00
3509255,432,24289,52.63,1,1,18.53,193.5,48794,176,-1002,-161,1030,1,43.6618665,-79.3943423,97.30,21.39,0.67,12,1,00:53:30,00
3509554,1302,24289,52.61,1,1,17.85,186.4,48805,227,-1104,-231,1151,1,43.6619068,-79.3943715,97.30,18.00,0.67,12,1,00:53:31,00
3509863,3090,24289,52.65,1,1,17.56,183.4,48816,126,-1090,-38,1098,1,43.6619068,-79.3943715,96.30,18.00,0.67,12,1,00:53:31,00
3510169,6885,24289,52.64,1,1,17.21,179.7,48827,39,-1098,34,1099,1,43.6619068,-79.3943715,96.30,18.00,0.67,12,1,00:53:31,00
3510471,12180,24289,52.73,1,1,16.88,176.3,48838,-57,-1038,-28,1040,1,43.6619068,-79.3943715,96.30,18.00,0.67,12,1,00:53:31,00
3510782,17767,24289,52.73,1,1,16.67,174.1,48849,35,-1053,-50,1055,1,43.6619365,-79.3943938,95.80,14.08,0.67,12,1,00:53:32,00
3511089,22201,24289,52.78,1,1,16.23,169.5,48859,119,-1022,22,1029,1,43.6619365,-79.3943938,95.80,14.08,0.67,12,1,00:53:32,00
3511394,24398,24289,52.80,1,1,17.73,185.2,48870,48,-1034,-165,1049,1,43.6619365,-79.3943938,95.80,14.08,0.67,12,1,00:53:32,00
3511701,24442,24289,52.87,1,1,16.41,171.3,48881,129,-796,-145,819,1,43.6619850,-79.3944187,95.50,18.30,0.67,12,1,00:53:33,00
3512020,24454,24289,52.86,1,1,17.84,186.3,48893,170,-856,-79,876,1,43.6619850,-79.3944187,95.50,18.30,0.67,12,1,00:53:33,00
3512327,24029,24289,52.89,1,1,18.04,188.4,48904,75,-1050,-159,1064,1,43.6619850,-79.3944187,95.50,18.30,0.67,12,1,00:53:33,00
3512639,24187,24289,52.90,1,1,16.83,175.7,48915,181,-935,-173,968,1,43.6620237,-79.3944405,95.30,16.41,0.73,12,1,00:53:34,00
3513012,24369,24289,52.94,1,1,15.16,158.3,48927,70,-1049,-46,1052,1,43.6620237,-79.3944405,95.30,16.41,0.73,12,1,00:53:34,00
3513324,23977,24289,52.97,1,1,17.32,180.9,48938,206,-715,-168,763,1,43.6620237,-79.3944405,95.30,16.41,0.73,12,1,00:53:34,00
3513632,24242,24289,52.95,1,1,17.73,185.2,48950,-26,-1016,-189,1033,1,43.6620670,-79.3944653,95.40,16.48,0.78,12,1,00:53:35,00
3513940,23830,24289,52.99,1,1,17.61,183.9,48961,157,-1083,-479,1194,1,43.6620670,-79.3944653,95.40,16.48,0.78,12,1,00:53:35,00
3514261,23844,24289,52.99,1,1,18.24,190.5,48973,-48,-1165,-26,1167,1,43.6620670,-79.3944653,95.40,16.48,0.78,12,1,00:53:35,00
3514570,23566,24289,53.02,1,1,18.75,195.8,48986,136,-735,-26,748,1,43.6621043,-79.3944887,95.40,15.20,0.78,12,1,00:53:36,00
3514880,22869,24289,53.06,1,1,18.90,197.4,48998,122,-1208,-175,1227,1,43.6621043,-79.3944887,96.40,15.20,0.73,12,1,00:53:36,00
3515198,22701,24289,53.05,1,1,19.39,202.5,49011,67,-686,227,725,1,43.6621043,-79.3944887,96.40,15.20,0.73,12,1,00:53:36,00
3515506,22416,24289,53.10,1,1,19.41,202.7,49023,572,-632,-194,874,1,43.6621437,-79.3945313,96.40,18.17,0.73,12,1,00:53:37,00
3515815,22411,24289,53.10,1,1,19.70,205.7,49036,130,-1013,-331,1074,1,43.6621437,-79.3945313,96.80,18.17,0.73,12,1,00:53:37,00
3516126,22005,24289,53.10,1,1,19.82,207.0,49049,252,-800,-199,862,1,43.6621437,-79.3945313,96.80,18.17,0.73,12,1,00:53:37,00
3516440,22226,24289,53.16,1,1,19.95,208.3,49062,196,-916,-388,1014,1,43.6621437,-79.3945313,96.80,18.17,0.73,12,1,00:53:37,00
3516750,14790,24289,53.13,1,1,20.14,210.4,49075,99,-925,-239,960,1,43.6621813,-79.3945850,98.00,20.32,0.73,12,1,00:53:38,00
3517065,1447,24289,53.14,1,1,20.08,209.7,49088,128,-1148,-215,1175,1,43.6621813,-79.3945850,98.00,20.32,0.73,12,1,00:53:38,00
3517381,3094,24289,53.15,1,1,20.01,209.0,49101,304,-766,-186,844,1,43.6621813,-79.3945850,98.00,20.32,0.73,12,1,00:53:38,00
3517699,6585,24289,53.17,1,1,19.82,207.0,49114,106,-957,-247,994,1,43.6622078,-79.3946430,99.50,19.06,0.73,12,1,00:53:39,00
3518081,12831,24289,53.20,1,1,18.04,188.4,49129,133,-920,-198,951,1,43.6622078,-79.3946430,99.50,19.06,0.73,12,1,00:53:39,00
3518386,17873,24289,53.22,1,1,21.32,222.6,49142,127,-1040,-223,1071,1,43.6622078,-79.3946430,99.50,19.06,0.73,12,1,00:53:39,00
3518745,21915,24289,53.24,1,1,17.97,187.7,49156,66,-1058,-204,1079,1,43.6622337,-79.3947077,101.00,20.09,0.74,12,1,00:53:40,00
3519038,21658,24289,53.22,1,1,20.02,209.1,49168,602,-646,79,886,1,43.6622337,-79.3947077,101.00,20.09,0.74,12,1,00:53:40,00
3519328,21350,24289,53.24,1,1,20.23,211.3,49180,195,-984,-149,1014,1,43.6622337,-79.3947077,101.00,20.09,0.74,12,1,00:53:40,00
3519625,20974,24289,53.28,1,1,20.47,213.8,49193,74,-774,40,778,1,43.6622635,-79.3947660,100.70,20.41,0.69,12,1,00:53:41,00
3519918,20498,24289,53.25,1,1,20.75,216.7,49206,31,-1141,-204,1160,1,43.6622635,-79.3947660,100.70,20.41,0.69,12,1,00:53:41,00
3520209,20689,24289,53.27,1,1,20.89,218.2,49218,309,-724,-44,788,1,43.6622635,-79.3947660,100.70,20.41,0.69,12,1,00:53:41,00
3520499,20130,24289,53.28,1,1,21.62,225.8,49232,205,-892,-175,932,1,43.6622863,-79.3948205,100.70,18.39,0.69,12,1,00:53:42,00
3520800,19662,24289,53.27,1,1,21.69,226.5,49245,563,-848,-240,1046,1,43.6622863,-79.3948205,101.50,18.39,0.66,12,1,00:53:42,00
3521094,20564,24289,53.28,1,1,22.12,231.0,49259,79,-950,-117,960,1,43.6622863,-79.3948205,101.50,18.39,0.66,12,1,00:53:42,00
3521389,19242,24289,53.34,1,1,22.15,231.3,49272,162,-1205,-236,1239,1,43.6622863,-79.3948205,101.50,18.39,0.66,12,1,00:53:42,00
3521686,18951,24289,53.30,1,1,22.57,235.7,49286,522,-891,-27,1033,1,43.6622993,-79.3948840,101.20,19.58,0.68,12,1,00:53:43,00
3521986,18463,24289,53.30,1,1,23.02,240.4,49301,-22,-1118,-88,1122,1,43.6622993,-79.3948840,101.20,19.58,0.68,12,1,00:53:43,00
3522284,18814,24289,53.35,1,1,23.11,241.4,49315,109,-1051,-252,1086,1,43.6622993,-79.3948840,101.20,19.58,0.68,12,1,00:53:43,00
3522573,18425,24289,53.34,1,1,23.55,245.9,49330,2,-1113,-182,1127,1,43.6623113,-79.3949568,101.20,21.78,0.68,12,1,00:53:44,00
3522935,18382,24289,53.41,1,1,21.58,225.4,49346,162,-774,61,793,1,43.6623113,-79.3949568,101.70,21.78,0.71,12,1,00:53:44,00
3523224,2412,24289,53.37,1,1,23.77,248.2,49360,58,-945,-96,952,1,43.6623113,-79.3949568,101.70,21.78,0.71,12,1,00:53:44,00
3523516,-384,24289,53.39,1,1,24.02,250.8,49375,104,-733,-103,748,1,43.6623237,-79.3950467,101.70,25.45,0.71,12,1,00:53:45,00
3523808,-376,24289,53.42,1,1,23.85,249.1,49389,716,-739,-104,1034,1,43.6623237,-79.3950467,101.70,25.45,0.69,12,1,00:53:45,00
3524107,-365,24289,53.45,1,1,23.94,250.0,49404,327,-701,175,793,1,43.6623237,-79.3950467,101.70,25.45,0.69,12,1,00:53:45,00
3524404,-343,24289,53.45,1,1,23.78,248.3,49419,180,-743,-28,765,1,43.6623237,-79.3950467,101.70,25.45,0.69,12,1,00:53:45,00
3524703,-324,24289,53.47,1,1,23.62,246.7,49434,191,-878,32,899,1,43.6623185,-79.3951240,101.00,23.52,0.72,12,1,00:53:46,00
3525004,-309,24289,53.46,1,1,23.19,242.2,49448,-42,-964,-133,974,1,43.6623185,-79.3951240,101.00,23.52,0.72,12,1,00:53:46,00
3525300,-302,24289,53.48,1,1,22.96,239.7,49462,162,-1041,23,1053,1,43.6623185,-79.3951240,101.00,23.52,0.72,12,1,00:53:46,00
3525594,-284,24289,53.50,1,1,22.57,235.7,49476,369,-750,-6,836,1,43.6623270,-79.3952148,101.00,25.15,0.72,12,1,00:53:47,00
3525900,-271,24289,53.52,1,1,22.58,235.8,49491,45,-943,-187,962,1,43.6623270,-79.3952148,100.50,25.15,0.74,12,1,00:53:47,00
3526203,-256,24289,53.55,1,1,22.05,230.3,49505,25,-947,-159,961,1,43.6623270,-79.3952148,100.50,25.15,0.74,12,1,00:53:47,00
3526494,-231,24289,53.54,1,1,21.61,225.7,49518,-38,-1263,38,1264,1,43.6623270,-79.3952148,100.50,25.15,0.74,12,1,00:53:47,00
3526798,-80,24289,53.58,1,1,21.39,223.4,49531,-46,-1119,129,1127,1,43.6623320,-79.3953043,99.80,24.93,0.68,12,1,00:53:48,00
3527108,239,24289,53.60,1,1,21.55,225.1,49545,167,-1010,-242,1052,1,43.6623320,-79.3953043,99.80,24.93,0.68,12,1,00:53:48,00
3527411,251,24289,53.59,1,1,21.35,222.9,49559,-4,-1042,-190,1059,1,43.6623320,-79.3953043,99.80,24.93,0.68,12,1,00:53:48,00
3527776,504,24289,53.63,1,1,17.53,183.1,49572,399,-729,-39,831,1,43.6623203,-79.3953870,99.00,24.06,0.82,12,1,00:53:49,00
3528079,1046,24289,53.65,1,1,21.08,220.1,49586,104,-1021,-204,1047,1,43.6623203,-79.3953870,99.00,24.06,0.82,12,1,00:53:49,00
3528379,2610,24289,53.60,1,1,20.75,216.7,49599,71,-1266,-97,1272,1,43.6623203,-79.3953870,99.00,24.06,0.82,12,1,00:53:49,00
3528677,4693,24289,53.62,1,1,20.23,211.3,49611,287,-766,161,833,1,43.6623055,-79.3954637,98.20,22.34,0.68,12,1,00:53:50,00
3528975,9357,24289,53.62,1,1,20.34,212.4,49624,81,-999,-264,1036,1,43.6623055,-79.3954637,98.20,22.34,0.68,12,1,00:53:50,00
3529278,14651,24289,53.60,1,1,20.27,211.7,49637,158,-986,-242,1027,1,43.6623055,-79.3954637,98.20,22.34,0.68,12,1,00:53:50,00
3529567,18840,24289,53.62,1,1,19.95,208.3,49649,288,-810,-89,864,1,43.6622915,-79.3955393,98.20,22.59,0.68,12,1,00:53:51,00
3529871,22206,24289,53.62,1,1,20.27,211.7,49662,149,-925,113,944,1,43.6622915,-79.3955393,97.50,22.59,0.73,12,1,00:53:51,00
3530171,22221,24289,53.64,1,1,20.09,209.8,49674,103,-1015,-62,1022,1,43.6622915,-79.3955393,97.50,22.59,0.73,12,1,00:53:51,00
3530471,21766,24289,53.66,1,1,20.47,213.8,49687,142,-925,-331,993,1,43.6622915,-79.3955393,97.50,22.59,0.73,12,1,00:53:51,00
3530777,21388,24289,53.70,1,1,20.54,214.5,49700,-27,-1209,27,1210,1,43.6622787,-79.3956220,95.70,24.04,0.71,12,1,00:53:52,00
3531087,21442,24289,53.72,1,1,20.88,218.1,49714,306,-543,-153,642,1,43.6622787,-79.3956220,95.70,24.04,0.71,12,1,00:53:52,00
3531396,21662,24289,53.76,1,1,20.82,217.4,49727,-58,-965,-150,979,1,43.6622787,-79.3956220,95.70,24.04,0.71,12,1,00:53:52,00
3531702,21430,24289,53.78,1,1,21.08,220.1,49741,63,-1110,-243,1138,1,43.6622570,-79.3957027,95.50,25.26,0.70,12,1,00:53:53,00
3532014,20872,24289,53.82,1,1,21.03,219.6,49754,481,-600,-71,773,1,43.6622570,-79.3957027,95.50,25.26,0.70,12,1,00:53:53,00
3532325,20902,24289,53.79,1,1,21.35,222.9,49768,374,-749,-96,843,1,43.6622570,-79.3957027,95.50,25.26,0.70,12,1,00:53:53,00
3532701,20745,24289,53.80,1,1,19.69,205.7,49784,709,-824,-350,1142,1,43.6622353,-79.3957705,95.20,22.82,0.72,12,1,00:53:54,00
3533001,20714,24289,53.89,1,1,21.54,224.9,49797,95,-1073,1,1077,1,43.6622353,-79.3957705,95.20,22.82,0.72,12,1,00:53:54,00
3533305,19827,24289,53.87,1,1,22.12,231.0,49811,153,-979,-62,992,1,43.6622353,-79.3957705,95.20,22.82,0.72,12,1,00:53:54,00
3533614,19852,24289,53.90,1,1,22.58,235.8,49826,-19,-1049,-15,1049,1,43.6622013,-79.3958240,95.20,21.37,0.72,12,1,00:53:55,00
3533922,19534,24289,53.92,1,1,22.64,236.5,49840,179,-1223,-239,1259,1,43.6622013,-79.3958240,95.70,21.37,0.75,12,1,00:53:55,00
3534226,19501,24289,53.95,1,1,23.09,241.2,49855,334,-739,-328,875,1,43.6622013,-79.3958240,95.70,21.37,0.75,12,1,00:53:55,00
3534534,19243,24289,53.97,1,1,23.39,244.3,49870,238,-593,401,755,1,43.6621713,-79.3958835,95.70,21.67,0.75,12,1,00:53:56,00
3534856,18501,24289,54.01,1,1,23.79,248.4,49886,138,-1064,-309,1117,1,43.6621713,-79.3958835,96.40,21.67,0.72,12,1,00:53:56,00
3535166,11668,24289,53.98,1,1,24.09,251.6,49902,-25,-1058,-30,1058,1,43.6621713,-79.3958835,96.40,21.67,0.72,12,1,00:53:56,00
3535474,-382,24289,54.01,1,1,24.10,251.7,49917,700,-890,-271,1164,1,43.6621713,-79.3958835,96.40,21.67,0.72,12,1,00:53:56,00
3535789,-388,24289,54.04,1,1,24.32,254.0,49933,15,-907,-181,925,1,43.6621292,-79.3959460,96.80,24.74,0.72,12,1,00:53:57,00
3536101,-346,24289,54.03,1,1,24.24,253.2,49949,283,-1033,-142,1081,1,43.6621292,-79.3959460,96.80,24.74,0.72,12,1,00:53:57,00
3536411,-334,24289,54.06,1,1,24.24,253.2,49965,151,-885,-80,902,1,43.6621292,-79.3959460,96.80,24.74,0.72,12,1,00:53:57,00
3536721,-327,24289,54.06,1,1,20.75,216.7,49978,420,-923,-208,1035,1,43.6620647,-79.3960008,98.20,28.41,0.71,12,1,00:53:58,00
3537037,-310,24289,54.12,1,1,24.01,250.8,49994,66,-946,24,948,1,43.6620647,-79.3960008,98.20,28.41,0.71,12,1,00:53:58,00
3537352,-287,24289,54.14,1,1,23.86,249.2,50010,411,-826,-94,927,1,43.6620647,-79.3960008,98.20,28.41,0.71,12,1,00:53:58,00
3537730,-285,24289,54.16,1,1,19.00,198.4,50025,194,-837,50,861,1,43.6620100,-79.3960592,99.30,27.74,0.71,12,1,00:53:59,00
3538046,-262,24289,54.17,1,1,21.90,228.8,50039,-44,-873,-223,902,1,43.6620100,-79.3960592,99.30,27.74,0.71,12,1,00:53:59,00
3538355,-261,24289,54.17,1,1,23.39,244.3,50054,118,-994,-44,1002,1,43.6620100,-79.3960592,99.30,27.74,0.71,12,1,00:53:59,00
3538668,-247,24289,54.18,1,1,23.50,245.4,50070,206,-892,-102,921,1,43.6619635,-79.3960985,100.60,22.98,0.82,12,1,00:54:00,00
3538985,-237,24289,54.18,1,1,21.83,228.0,50084,271,-810,181,873,1,43.6619635,-79.3960985,100.60,22.98,0.82,12,1,00:54:00,00
3539294,-238,24289,54.19,1,1,23.39,244.3,50099,435,-730,-290,898,1,43.6619635,-79.3960985,100.60,22.98,0.82,12,1,00:54:00,00
3539602,-218,24289,54.21,1,1,23.39,244.3,50114,134,-796,-179,827,1,43.6619100,-79.3961397,100.60,24.76,0.82,12,1,00:54:01,00
3539916,-214,24289,54.20,1,1,23.50,245.4,50130,-139,-1454,134,1466,1,43.6619100,-79.3961397,101.80,24.76,0.69,12,1,00:54:01,00
3540232,-208,24289,54.24,1,1,23.24,242.7,50145,106,-1089,-564,1231,1,43.6619100,-79.3961397,101.80,24.76,0.69,12,1,00:54:01,00
3540546,-191,24289,54.28,1,1,23.43,244.6,50161,135,-889,160,913,1,43.6618528,-79.3961653,101.80,24.87,0.69,12,1,00:54:02,00
3540911,-205,24289,54.28,1,1,19.95,208.3,50176,-154,-993,181,1022,1,43.6618528,-79.3961653,103.30,24.87,0.73,12,1,00:54:02,00
3541201,-217,24289,54.28,1,1,23.19,242.2,50190,217,-893,177,936,1,43.6618528,-79.3961653,103.30,24.87,0.73,12,1,00:54:02,00
3541497,-191,24289,54.30,1,1,21.61,225.7,50203,-108,-959,-248,997,1,43.6618528,-79.3961653,103.30,24.87,0.73,12,1,00:54:02,00
3541800,-198,24289,54.30,1,1,22.05,230.3,50217,73,-1052,-186,1071,1,43.6617953,-79.3961807,105.20,24.91,0.73,12,1,00:54:03,00
3542094,-196,24289,54.31,1,1,23.27,243.1,50231,288,-996,-165,1050,1,43.6617953,-79.3961807,105.20,24.91,0.73,12,1,00:54:03,00
3542394,-182,24289,54.29,1,1,23.55,245.9,50246,299,-806,-238,892,1,43.6617953,-79.3961807,105.20,24.91,0.73,12,1,00:54:03,00
3542751,-181,24289,54.29,1,1,21.34,222.8,50262,189,-701,-153,742,1,43.6617455,-79.3961998,107.20,22.37,0.73,12,1,00:54:04,00
3543042,-184,24289,54.29,1,1,23.52,245.6,50276,221,-710,-17,744,1,43.6617455,-79.3961998,107.20,22.37,0.73,12,1,00:54:04,00
3543335,-188,24289,54.29,1,1,23.70,247.5,50291,48,-821,-179,841,1,43.6617455,-79.3961998,107.20,22.37,0.73,12,1,00:54:04,00
3543625,-180,24289,54.30,1,1,23.52,245.6,50305,201,-967,-37,988,1,43.6616908,-79.3961922,107.20,23.30,0.73,12,1,00:54:05,00
3543926,-186,24289,54.29,1,1,23.86,249.2,50320,109,-989,-253,1027,1,43.6616908,-79.3961922,108.20,23.30,0.80,12,1,00:54:05,00
3544221,-167,24289,54.32,1,1,23.78,248.3,50335,172,-799,5,817,1,43.6616908,-79.3961922,108.20,23.30,0.80,12,1,00:54:05,00
3544516,-167,24289,54.35,1,1,23.69,247.3,50349,-23,-1079,-381,1144,1,43.6616280,-79.3961867,108.20,25.15,0.80,12,1,00:54:06,00
3544811,-168,24289,54.31,1,1,23.86,249.2,50364,209,-933,-380,1029,1,43.6616280,-79.3961867,110.30,25.15,0.83,12,1,00:54:06,00
3545112,-164,24289,54.32,1,1,23.86,249.2,50379,203,-1026,-111,1052,1,43.6616280,-79.3961867,110.30,25.15,0.83,12,1,00:54:06,00
3545405,-174,24289,54.29,1,1,24.02,250.8,50394,-88,-583,103,598,1,43.6616280,-79.3961867,110.30,25.15,0.83,12,1,00:54:06,00
3545700,-161,24289,54.26,1,1,23.77,248.2,50408,173,-925,-42,942,1,43.6615885,-79.3961797,110.10,19.30,0.84,12,1,00:54:07,00
3545997,-162,24289,54.27,1,1,22.42,234.1,50422,-97,-1262,-156,1275,1,43.6615885,-79.3961797,110.10,19.30,0.84,12,1,00:54:07,00
3546297,-153,24289,54.24,1,1,24.02,250.8,50437,153,-944,73,959,1,43.6615885,-79.3961797,110.10,19.30,0.84,12,1,00:54:07,00
3546599,-154,24289,54.28,1,1,24.24,253.2,50453,-185,-803,-224,854,1,43.6615400,-79.3961600,110.10,20.11,0.84,12,1,00:54:08,00
3546899,-160,24289,54.29,1,1,22.34,233.3,50467,344,-833,104,907,1,43.6615400,-79.3961600,110.60,20.11,0.80,12,1,00:54:08,00
3547205,-163,24289,54.29,1,1,22.34,233.3,50481,56,-987,-293,1031,1,43.6615400,-79.3961600,110.60,20.11,0.80,12,1,00:54:08,00
3547570,-149,24289,54.27,1,1,21.58,225.4,50497,634,-325,-190,737,1,43.6614665,-79.3961157,110.60,27.98,0.80,12,1,00:54:09,00
3547867,-151,24289,54.27,1,1,23.86,249.2,50512,111,-1216,-164,1232,1,43.6614665,-79.3961157,110.60,27.98,0.90,12,1,00:54:09,00
3548164,-143,24289,54.27,1,1,23.70,247.5,50527,238,-669,45,712,1,43.6614665,-79.3961157,110.60,27.98,0.90,12,1,00:54:09,00
3548459,-146,24289,54.27,1,1,23.78,248.3,50542,101,-910,23,916,1,43.6614665,-79.3961157,110.60,27.98,0.90,12,1,00:54:09,00
3548766,-152,24289,54.29,1,1,21.98,229.5,50556,111,-1207,-236,1234,1,43.6613943,-79.3960727,111.20,30.32,0.92,12,1,00:54:10,00
3549061,-151,24289,54.27,1,1,23.19,242.2,50570,34,-852,-151,866,1,43.6613943,-79.3960727,111.20,30.32,0.92,12,1,00:54:10,00
3549359,204,24289,54.27,1,1,22.96,239.7,50584,190,-713,-120,748,1,43.6613943,-79.3960727,111.20,30.32,0.92,12,1,00:54:10,00
3549655,328,24289,54.31,1,1,22.80,238.1,50598,-63,-1053,-10,1055,1,43.6613395,-79.3960340,110.70,27.43,0.82,12,1,00:54:11,00
3549957,618,24289,54.32,1,1,22.73,237.3,50613,36,-925,-67,928,1,43.6613395,-79.3960340,110.70,27.43,0.82,12,1,00:54:11,00
3550258,573,24289,54.33,1,1,22.49,234.9,50627,182,-766,-299,842,1,43.6613395,-79.3960340,110.70,27.43,0.82,12,1,00:54:11,00
3550558,-133,24289,54.39,1,1,22.20,231.8,50641,341,-851,-124,925,1,43.6612968,-79.3959753,110.70,26.91,0.82,12,1,00:54:12,00
3550864,-144,24289,54.37,1,1,22.05,230.3,50655,62,-1067,-282,1105,1,43.6612968,-79.3959753,110.40,26.91,0.90,12,1,00:54:12,00
3551172,-136,24289,54.42,1,1,21.83,228.0,50669,151,-815,-167,846,1,43.6612968,-79.3959753,110.40,26.91,0.90,12,1,00:54:12,00
3551477,-129,24289,54.41,1,1,21.98,229.5,50683,157,-701,-80,723,1,43.6612968,-79.3959753,110.40,26.91,0.90,12,1,00:54:12,00
3551780,-141,24289,54.38,1,1,21.83,228.0,50697,116,-992,-168,1013,1,43.6612477,-79.3959248,111.30,25.97,0.76,12,1,00:54:13,00
3552086,-146,24289,54.43,1,1,22.05,230.3,50711,410,-940,-331,1078,1,43.6612477,-79.3959248,111.30,25.97,0.76,12,1,00:54:13,00
3552456,-133,24289,54.43,1,1,19.95,208.3,50726,256,-906,-146,953,1,43.6612477,-79.3959248,111.30,25.97,0.76,12,1,00:54:13,00
3552756,-149,24289,54.46,1,1,22.27,232.6,50740,196,-1151,-303,1207,1,43.6612063,-79.3958652,112.40,24.95,0.78,12,1,00:54:14,00
3553067,-150,24289,54.48,1,1,22.58,235.8,50755,13,-1021,-270,1057,1,43.6612063,-79.3958652,112.40,24.95,0.78,12,1,00:54:14,00
3553369,-133,24289,54.50,1,1,22.42,234.1,50769,-104,-1169,-145,1182,1,43.6612063,-79.3958652,112.40,24.95,0.78,12,1,00:54:14,00
3553685,-117,24289,54.52,1,1,21.14,220.8,50783,85,-1027,-106,1036,1,43.6611890,-79.3957940,113.00,23.48,0.85,12,1,00:54:15,00
3553989,-128,24289,54.55,1,1,22.57,235.7,50797,59,-1193,-231,1216,1,43.6611890,-79.3957940,113.00,23.48,0.85,12,1,00:54:15,00
3554294,-128,24289,54.58,1,1,22.80,238.1,50812,568,-766,100,959,1,43.6611890,-79.3957940,113.00,23.48,0.85,12,1,00:54:15,00
3554598,-126,24289,54.59,1,1,22.72,237.3,50826,234,-997,-26,1025,1,43.6611645,-79.3957153,113.00,23.80,0.85,12,1,00:54:16,00
3554903,-118,24289,54.60,1,1,22.87,238.9,50841,179,-881,-246,932,1,43.6611645,-79.3957153,113.50,23.80,0.90,12,1,00:54:16,00
3555216,-138,24289,54.59,1,1,22.94,239.6,50856,-1,-969,-179,986,1,43.6611645,-79.3957153,113.50,23.80,0.90,12,1,00:54:16,00
3555517,-118,24289,54.61,1,1,22.64,236.5,50870,-28,-444,46,447,1,43.6611452,-79.3956362,113.50,23.04,0.90,12,1,00:54:17,00
3555826,-136,24289,54.59,1,1,21.28,222.2,50884,-4,-1194,32,1194,1,43.6611452,-79.3956362,113.20,23.04,0.82,12,1,00:54:17,00
3556141,-131,24289,54.60,1,1,21.28,222.2,50898,149,-1103,-81,1116,1,43.6611452,-79.3956362,113.20,23.04,0.82,12,1,00:54:17,00
3556449,-120,24289,54.57,1,1,22.42,234.1,50912,186,-880,-221,927,1,43.6611452,-79.3956362,113.20,23.04,0.82,12,1,00:54:17,00
3556762,-124,24289,54.59,1,1,22.80,238.1,50927,-19,-1137,-65,1139,1,43.6611162,-79.3955542,112.80,24.24,0.81,12,1,00:54:18,00
3557078,-118,24289,54.58,1,1,21.14,220.8,50941,147,-827,-165,856,1,43.6611162,-79.3955542,112.80,24.24,0.81,12,1,00:54:18,00
3557457,-123,24289,54.58,1,1,20.59,215.1,50957,233,-593,223,675,1,43.6611162,-79.3955542,112.80,24.24,0.81,12,1,00:54:18,00
3557773,-130,24289,54.58,1,1,21.08,220.1,50971,135,-955,-311,1013,1,43.6610855,-79.3954690,112.20,26.26,0.79,12,1,00:54:19,00
3558083,-137,24289,54.58,1,1,22.23,232.2,50986,-136,-1073,180,1096,1,43.6610855,-79.3954690,112.20,26.26,0.79,12,1,00:54:19,00
3558392,-118,24289,54.60,1,1,21.76,227.3,51000,353,-810,208,908,1,43.6610855,-79.3954690,112.20,26.26,0.79,12,1,00:54:19,00
3558706,-121,24289,54.60,1,1,19.82,207.0,51013,219,-1138,-398,1225,1,43.6610413,-79.3953937,111.90,25.93,0.79,12,1,00:54:20,00
3559018,-117,24289,54.63,1,1,20.89,218.1,51026,804,-564,-101,987,1,43.6610413,-79.3953937,111.90,25.93,0.79,12,1,00:54:20,00
3559323,-112,24289,54.64,1,1,21.14,220.8,51040,189,-865,44,886,1,43.6610413,-79.3953937,111.90,25.93,0.79,12,1,00:54:20,00
3559635,-107,24289,54.64,1,1,20.82,217.4,51053,416,-760,-251,901,1,43.6610030,-79.3953342,112.00,22.96,0.92,12,1,00:54:21,00
3559945,-109,24289,54.64,1,1,20.95,218.8,51067,-96,-1086,-46,1091,1,43.6610030,-79.3953342,112.00,22.96,0.92,12,1,00:54:21,00
3560256,-108,24289,54.63,1,1,20.68,215.9,51080,83,-840,-72,848,1,43.6610030,-79.3953342,112.00,22.96,0.92,12,1,00:54:21,00
3560555,-102,24289,54.63,1,1,21.08,220.1,51094,92,-1058,-127,1070,1,43.6609737,-79.3952587,112.00,24.02,0.92,12,1,00:54:22,00
3560867,-96,24289,54.62,1,1,20.54,214.5,51107,313,-883,-23,937,1,43.6609737,-79.3952587,111.40,24.02,0.92,12,1,00:54:22,00
3561187,-103,24289,54.65,1,1,20.14,210.4,51120,360,-1127,15,1183,1,43.6609737,-79.3952587,111.40,24.02,0.92,12,1,00:54:22,00
3561490,-88,24289,54.66,1,1,19.39,202.5,51133,275,-930,48,971,1,43.6609737,-79.3952587,111.40,24.02,0.92,12,1,00:54:22,00
3561809,-102,24289,54.64,1,1,18.12,189.3,51145,236,-1013,-82,1043,1,43.6609618,-79.3951757,110.80,23.98,0.90,12,1,00:54:23,00
3562119,-98,24289,54.62,1,1,18.16,189.7,51156,167,-1028,39,1042,1,43.6609618,-79.3951757,110.80,23.98,0.90,12,1,00:54:23,00
3562499,-90,24289,54.64,1,1,14.85,155.0,51168,507,-695,-567,1030,1,43.6609402,-79.3951092,110.80,21.50,0.90,12,1,00:54:24,00
3562812,-90,24289,54.63,1,1,16.01,167.2,51179,277,-1023,-95,1064,1,43.6609402,-79.3951092,110.50,21.50,0.97,12,1,00:54:24,00
3563164,-95,24289,54.66,1,1,13.26,138.5,51188,484,-881,-195,1023,1,43.6609402,-79.3951092,110.50,21.50,0.97,12,1,00:54:24,00
3563453,-96,24289,54.66,1,1,13.81,144.2,51197,120,-919,-218,952,1,43.6609402,-79.3951092,110.50,21.50,0.97,12,1,00:54:24,00
3563748,-91,24289,54.66,1,1,12.55,131.1,51204,270,-933,-80,975,1,43.6609658,-79.3950625,110.00,14.91,0.82,12,1,00:54:25,00
3564052,-83,24289,54.67,1,1,11.79,123.1,51212,290,-918,-76,966,1,43.6609658,-79.3950625,110.00,14.91,0.82,12,1,00:54:25,00
3564344,-81,24289,54.64,1,1,10.45,109.1,51218,226,-1016,-111,1046,1,43.6609658,-79.3950625,110.00,14.91,0.82,12,1,00:54:25,00
3564640,-82,24289,54.65,1,1,9.51,99.3,51224,302,-950,-9,997,1,43.6609675,-79.3950287,110.00,10.59,0.79,12,1,00:54:26,00
3564931,-87,24289,54.65,1,1,8.31,86.8,51229,266,-998,-81,1036,1,43.6609675,-79.3950287,110.00,10.59,0.79,12,1,00:54:26,00
3565225,-86,24289,54.63,1,1,8.80,91.9,51234,169,-1017,20,1031,1,43.6609675,-79.3950287,110.00,10.59,0.79,12,1,00:54:26,00
3565502,-79,24289,54.63,1,1,5.98,62.5,51238,237,-986,-34,1014,1,43.6609675,-79.3950287,110.00,10.59,0.79,12,1,00:54:26,00
3565799,-79,24289,54.64,1,1,6.01,62.8,51241,267,-925,-35,963,1,43.6609710,-79.3950032,110.10,7.83,0.76,12,1,00:54:27,00
3566096,-72,24289,54.65,1,1,6.02,62.9,51243,214,-990,45,1014,1,43.6609710,-79.3950032,110.10,7.83,0.76,12,1,00:54:27,00
3566396,-70,24289,54.65,1,1,3.08,32.2,51246,234,-921,-50,952,1,43.6609710,-79.3950032,110.10,7.83,0.76,12,1,00:54:27,00
3566698,-70,24289,54.66,1,1,2.69,28.1,51247,201,-971,-11,992,1,43.6609675,-79.3949863,109.90,5.43,0.72,12,1,00:54:28,00
3566993,-59,24289,54.66,1,1,1.95,20.4,51248,197,-965,-42,986,1,43.6609675,-79.3949863,109.90,5.43,0.72,12,1,00:54:28,00
3567352,-60,24289,54.67,1,1,1.95,20.4,51248,116,-972,-57,981,1,43.6609675,-79.3949863,109.90,5.43,0.72,12,1,00:54:28,00
3567645,-61,24289,54.69,1,1,1.95,20.4,51248,137,-976,-69,988,1,43.6609675,-79.3949807,109.50,2.15,0.72,12,1,00:54:29,00
3567941,-59,24289,54.69,1,1,1.95,20.4,51248,135,-970,-67,981,1,43.6609675,-79.3949807,109.50,2.15,0.72,12,1,00:54:29,00
3568242,-56,24289,54.72,1,1,1.95,20.4,51248,127,-971,-64,981,1,43.6609675,-79.3949807,109.50,2.15,0.72,12,1,00:54:29,00
3568517,-43,24289,54.77,1,1,1.95,20.4,51248,137,-964,-70,976,1,43.6609798,-79.3949738,109.50,3.13,0.72,12,1,00:54:30,00
3568815,-54,24289,54.80,1,1,0.00,0.0,51248,134,-967,-76,979,1,43.6609798,-79.3949738,109.60,3.13,0.75,12,1,00:54:30,00
3569109,-49,24289,54.86,1,1,0.00,0.0,51248,135,-970,-58,981,1,43.6609798,-79.3949738,109.60,3.13,0.75,12,1,00:54:30,00
3569408,-50,24289,54.90,1,1,0.00,0.0,51248,131,-962,-81,974,1,43.6609798,-79.3949738,109.60,3.13,0.75,12,1,00:54:30,00
3569710,-51,24289,54.95,1,1,0.00,0.0,51248,157,-973,-42,987,1,43.6609723,-79.3949643,109.40,3.11,0.74,12,1,00:54:31,00
3570004,-42,24289,54.99,1,1,0.00,0.0,51248,89,-1007,-123,1019,1,43.6609723,-79.3949643,109.40,3.11,0.74,12,1,00:54:31,00
3570315,-49,24289,55.05,1,1,0.00,0.0,51248,120,-966,-100,979,1,43.6609723,-79.3949643,109.40,3.11,0.74,12,1,00:54:31,00
3570615,-48,24289,55.10,1,1,0.00,0.0,51248,111,-980,-68,989,1,43.6609717,-79.3949565,108.90,2.41,0.74,12,1,00:54:32,00
3570916,-43,24289,55.09,1,1,0.00,0.0,51248,159,-959,-95,977,1,43.6609717,-79.3949565,108.90,2.41,0.74,12,1,00:54:32,00
3571220,-61,24289,55.18,1,1,0.00,0.0,51249,116,-978,-40,986,1,43.6609717,-79.3949565,108.90,2.41,0.74,12,1,00:54:32,00
3571509,-32,24289,55.19,1,1,0.00,0.0,51249,111,-997,-30,1003,1,43.6609763,-79.3949522,108.90,1.78,0.74,12,1,00:54:33,00
3571816,-45,24289,55.24,1,1,0.00,0.0,51249,137,-953,-120,970,1,43.6609763,-79.3949522,109.10,1.78,0.79,12,1,00:54:33,00
3572180,-48,24289,55.30,1,1,0.00,0.0,51249,120,-990,-21,998,1,43.6609763,-79.3949522,109.10,1.78,0.79,12,1,00:54:33,00
3572471,-36,24289,55.35,1,1,0.00,0.0,51249,152,-976,-61,990,1,43.6609763,-79.3949522,109.10,1.78,0.79,12,1,00:54:33,00
3572769,-40,24289,55.36,1,1,0.00,0.0,51249,117,-972,-70,981,1,43.6609655,-79.3949512,108.90,4.24,0.77,12,1,00:54:34,00
3573073,-37,24289,55.41,1,1,0.00,0.0,51249,135,-960,-116,976,1,43.6609655,-79.3949512,108.90,4.24,0.77,12,1,00:54:34,00
3573376,-42,24289,55.44,1,1,0.00,0.0,51249,110,-993,2,999,1,43.6609655,-79.3949512,108.90,4.24,0.77,12,1,00:54:34,00
3573674,-38,24289,55.49,1,1,0.00,0.0,51249,150,-944,-123,964,1,43.6609670,-79.3949518,109.00,1.87,0.78,12,1,00:54:35,00
3573972,-37,24289,55.52,1,1,0.00,0.0,51249,162,-964,-81,981,1,43.6609670,-79.3949518,109.00,1.87,0.78,12,1,00:54:35,00
3574272,-35,24289,55.55,1,1,0.00,0.0,51249,48,-997,10,998,1,43.6609670,-79.3949518,109.00,1.87,0.78,12,1,00:54:35,00
3574564,-25,24289,55.62,1,1,0.00,0.0,51249,174,-990,-75,1008,1,43.6609612,-79.3949452,109.00,3.44,0.78,12,1,00:54:36,00
3574871,-30,24289,55.63,1,1,0.00,0.0,51249,123,-1012,-7,1020,1,43.6609612,-79.3949452,108.80,3.44,0.73,12,1,00:54:36,00
3575177,-30,24289,55.68,1,1,0.00,0.0,51249,26,-966,-61,968,1,43.6609612,-79.3949452,108.80,3.44,0.73,12,1,00:54:36,00
3575475,-17,24289,55.73,1,1,0.00,0.0,51249,209,-941,-75,967,1,43.6609612,-79.3949452,108.80,3.44,0.73,12,1,00:54:36,00
3575786,-25,24289,55.71,1,1,0.00,0.0,51249,143,-938,-131,958,1,43.6609555,-79.3949457,109.10,3.72,0.74,12,1,00:54:37,00
3576097,-26,24289,55.77,1,1,0.00,0.0,51249,151,-973,-15,985,1,43.6609555,-79.3949457,109.10,3.72,0.74,12,1,00:54:37,00
3576405,-21,24289,55.79,1,1,0.00,0.0,51249,87,-954,-41,959,1,43.6609555,-79.3949457,109.10,3.72,0.74,12,1,00:54:37,00
3576719,-28,24289,55.79,1,1,0.00,0.0,51249,134,-970,-73,982,1,43.6609603,-79.3949413,109.70,1.19,0.77,12,1,00:54:38,00
3577098,-43,24289,55.86,1,1,0.00,0.0,51250,88,-968,-5,972,1,43.6609603,-79.3949413,109.70,1.19,0.77,12,1,00:54:38,00
3577405,-25,24289,55.88,1,1,0.00,0.0,51250,149,-959,-97,975,1,43.6609603,-79.3949413,109.70,1.19,0.77,12,1,00:54:38,00
3577709,-30,24289,55.89,1,1,0.00,0.0,51250,129,-970,-63,980,1,43.6609540,-79.3949330,110.00,3.17,0.77,12,1,00:54:39,00
3578023,-28,24289,55.94,1,1,0.00,0.0,51250,115,-976,-56,984,1,43.6609540,-79.3949330,110.00,3.17,0.77,12,1,00:54:39,00
3578327,-30,24289,55.96,1,1,0.00,0.0,51250,131,-965,-106,979,1,43.6609540,-79.3949330,110.00,3.17,0.77,12,1,00:54:39,00
3578630,-25,24289,55.94,1,1,0.00,0.0,51250,109,-975,-44,982,1,43.6609537,-79.3949298,110.20,1.54,0.77,12,1,00:54:40,00
3578939,-24,24289,56.00,1,1,0.00,0.0,51250,137,-969,-82,982,1,43.6609537,-79.3949298,110.20,1.54,0.77,12,1,00:54:40,00
3579243,-29,24289,55.99,1,1,0.00,0.0,51250,124,-961,-22,969,1,43.6609537,-79.3949298,110.20,1.54,0.77,12,1,00:54:40,00
3579542,-29,24289,56.01,1,1,0.00,0.0,51251,166,-954,-95,973,1,43.6609628,-79.3949343,110.20,1.98,0.77,12,1,00:54:41,00
3579852,-38,24289,56.06,1,1,0.00,0.0,51251,122,-976,-61,985,1,43.6609628,-79.3949343,110.50,1.98,0.76,12,1,00:54:41,00
3580163,-22,24289,56.07,1,1,0.00,0.0,51251,126,-969,-68,979,1,43.6609628,-79.3949343,110.50,1.98,0.76,12,1,00:54:41,00
3580476,-17,24289,56.10,1,1,0.00,0.0,51251,132,-968,-72,979,1,43.6609628,-79.3949343,110.50,1.98,0.76,12,1,00:54:41,00
3580788,-24,24289,56.11,1,1,0.00,0.0,51251,123,-971,-72,982,1,43.6609670,-79.3949363,110.70,1.30,0.78,12,1,00:54:42,00
3581101,-21,24289,56.13,1,1,0.00,0.0,51251,118,-971,-58,980,1,43.6609670,-79.3949363,110.70,1.30,0.78,12,1,00:54:42,00
3581412,-19,24289,56.16,1,1,0.00,0.0,51251,136,-966,-78,979,1,43.6609670,-79.3949363,110.70,1.30,0.78,12,1,00:54:42,00
3581723,-19,24289,56.19,1,1,0.00,0.0,51251,123,-974,-57,983,1,43.6609712,-79.3949400,110.90,1.56,0.73,12,1,00:54:43,00
3582099,-23,24289,56.19,1,1,0.00,0.0,51251,129,-974,-54,984,1,43.6609712,-79.3949400,110.90,1.56,0.73,12,1,00:54:43,00
3582414,-25,24289,56.22,1,1,0.00,0.0,51251,148,-967,-82,982,1,43.6609712,-79.3949400,110.90,1.56,0.73,12,1,00:54:43,00
3582723,-9,24289,56.22,1,1,0.00,0.0,51251,118,-975,-51,983,1,43.6609715,-79.3949377,110.00,0.87,0.72,12,1,00:54:44,00
3583031,-13,24289,56.23,1,1,0.00,0.0,51251,140,-966,-79,979,1,43.6609715,-79.3949377,110.00,0.87,0.72,12,1,00:54:44,00
3583349,-8,24289,56.22,1,1,0.00,0.0,51251,128,-966,-79,978,1,43.6609715,-79.3949377,110.00,0.87,0.72,12,1,00:54:44,00
3583666,-18,24289,56.25,1,1,0.00,0.0,51251,121,-973,-54,982,1,43.6609790,-79.3949353,110.40,0.59,0.64,12,1,00:54:45,00
3583978,-18,24289,56.24,1,1,0.00,0.0,51251,133,-966,-74,978,1,43.6609790,-79.3949353,110.40,0.59,0.64,12,1,00:54:45,00
3584288,-11,24289,56.26,1,1,0.00,0.0,51251,131,-974,-72,985,1,43.6609790,-79.3949353,110.40,0.59,0.64,12,1,00:54:45,00
3584603,-9,24289,56.23,1,1,0.00,0.0,51251,130,-969,-69,980,1,43.6609833,-79.3949335,110.40,0.15,0.64,12,1,00:54:46,00
3584915,-4,24289,56.18,1,1,0.00,0.0,51251,125,-972,-57,982,1,43.6609833,-79.3949335,109.00,0.15,0.68,12,1,00:54:46,00
3585273,-9,24289,56.17,1,1,0.00,0.0,51251,133,-968,-74,980,1,43.6609833,-79.3949335,109.00,0.15,0.68,12,1,00:54:46,00
3585560,6,24289,56.03,1,1,0.00,0.0,51251,125,-969,-64,980,1,43.6609868,-79.3949328,109.00,0.57,0.68,12,1,00:54:47,00
3585849,-11,24289,56.04,1,1,0.00,0.0,51251,129,-969,-67,980,1,43.6609868,-79.3949328,108.70,0.57,0.73,12,1,00:54:47,00
3586146,-10,24289,56.00,1,1,0.00,0.0,51251,132,-969,-73,981,1,43.6609868,-79.3949328,108.70,0.57,0.73,12,1,00:54:47,00
3586446,-2,24289,56.02,1,1,0.00,0.0,51251,129,-969,-71,980,1,43.6609868,-79.3949328,108.70,0.57,0.73,12,1,00:54:47,00
3586745,-3,24289,55.99,1,1,0.00,0.0,51251,132,-965,-78,977,1,43.6609928,-79.3949292,108.40,0.09,0.72,12,1,00:54:48,00
3587103,-9,24289,55.97,1,1,0.00,0.0,51251,131,-967,-74,979,1,43.6609928,-79.3949292,108.40,0.09,0.72,12,1,00:54:48,00
3587393,-7,24289,55.94,1,1,0.00,0.0,51251,129,-969,-67,979,1,43.6609928,-79.3949292,108.40,0.09,0.72,12,1,00:54:48,00
3587688,-16,24289,55.94,1,1,0.00,0.0,51251,128,-969,-71,980,1,43.6609962,-79.3949268,108.50,0.11,0.68,12,1,00:54:49,00
3587981,-13,24289,55.91,1,1,0.00,0.0,51251,130,-971,-67,982,1,43.6609962,-79.3949268,108.50,0.11,0.68,12,1,00:54:49,00
3588272,-20,24289,55.90,1,1,0.00,0.0,51251,131,-969,-74,981,1,43.6609962,-79.3949268,108.50,0.11,0.68,12,1,00:54:49,00
3588552,6,24289,55.90,1,1,0.00,0.0,51251,131,-969,-74,980,1,43.6609993,-79.3949258,108.50,0.06,0.68,12,1,00:54:50,00
3588849,-4,24289,55.85,1,1,0.00,0.0,51251,128,-970,-66,980,1,43.6609993,-79.3949258,108.30,0.06,0.68,12,1,00:54:50,00
3589140,-8,24289,55.94,1,1,0.00,0.0,51251,132,-968,-79,980,1,43.6609993,-79.3949258,108.30,0.06,0.68,12,1,00:54:50,00
3589440,-7,24289,55.91,1,1,0.00,0.0,51251,128,-970,-65,980,1,43.6609993,-79.3949258,108.30,0.06,0.68,12,1,00:54:50,00
3589744,-6,24289,55.86,1,1,0.00,0.0,51251,130,-969,-69,980,1,43.6610022,-79.3949253,108.20,0.06,0.69,12,1,00:54:51,00
3590043,-4,24289,55.82,1,1,0.00,0.0,51251,130,-969,-70,980,1,43.6610022,-79.3949253,108.20,0.06,0.69,12,1,00:54:51,00
3590342,-3,24289,55.84,1,1,0.00,0.0,51251,129,-969,-70,980,1,43.6610022,-79.3949253,108.20,0.06,0.69,12,1,00:54:51,00
3590644,-1,24289,55.94,1,1,0.00,0.0,51251,125,-970,-69,980,1,43.6610047,-79.3949242,107.70,0.11,0.69,12,1,00:54:52,00
3590944,4,24289,55.94,1,1,0.00,0.0,51251,124,-974,-64,983,1,43.6610047,-79.3949242,107.70,0.11,0.69,12,1,00:54:52,00
3591243,3,24289,55.84,1,1,0.00,0.0,51251,130,-968,-63,979,1,43.6610047,-79.3949242,107.70,0.11,0.69,12,1,00:54:52,00
3591542,18,24289,55.88,1,1,0.00,0.0,51251,131,-966,-63,977,1,43.6610050,-79.3949207,107.70,0.02,0.69,12,1,00:54:53,00
3591908,0,24289,55.92,1,1,0.00,0.0,51251,143,-966,-104,983,1,43.6610050,-79.3949207,107.30,0.02,0.72,12,1,00:54:53,00
3592200,-13,24289,55.76,1,1,0.00,0.0,51251,98,-987,1,992,1,43.6610050,-79.3949207,107.30,0.02,0.72,12,1,00:54:53,00
3592498,-8,24289,55.84,1,1,0.00,0.0,51252,157,-947,-127,968,1,43.6610050,-79.3949207,107.30,0.02,0.72,12,1,00:54:53,00
3592790,-14,24289,55.72,1,1,0.00,0.0,51252,114,-964,-24,971,1,43.6610060,-79.3949178,107.50,0.06,0.68,12,1,00:54:54,00
3593093,-16,24289,55.71,1,1,0.00,0.0,51252,125,-974,-68,984,1,43.6610060,-79.3949178,107.50,0.06,0.68,12,1,00:54:54,00
3593394,-16,24289,55.68,1,1,0.00,0.0,51252,143,-970,-86,984,1,43.6610060,-79.3949178,107.50,0.06,0.68,12,1,00:54:54,00
3593694,-4,24289,55.58,1,1,0.00,0.0,51252,127,-968,-56,978,1,43.6610078,-79.3949165,107.10,0.13,0.68,12,1,00:54:55,00
3593994,16,24289,55.72,1,1,0.00,0.0,51252,127,-967,-80,979,1,43.6610078,-79.3949165,107.10,0.13,0.68,12,1,00:54:55,00
3594298,18,24289,55.56,1,1,0.00,0.0,51252,127,-970,-76,981,1,43.6610078,-79.3949165,107.10,0.13,0.68,12,1,00:54:55,00
3594603,11,24289,55.32,1,1,0.00,0.0,51252,127,-969,-63,979,1,43.6610092,-79.3949155,107.10,0.13,0.68,12,1,00:54:56,00
3594908,32,24289,54.85,1,1,0.00,0.0,51252,133,-970,-70,982,1,43.6610092,-79.3949155,107.10,0.13,0.69,12,1,00:54:56,00
3595216,35,24289,51.20,1,1,0.00,0.0,51252,127,-971,-67,981,1,43.6610092,-79.3949155,107.10,0.13,0.69,12,1,00:54:56,00
3595513,58,24289,42.52,1,1,0.00,0.0,51252,129,-969,-71,980,1,43.6610092,-79.3949155,107.10,0.13,0.69,12,1,00:54:56,00
3595819,37,24289,18.51,1,1,0.00,0.0,51252,128,-968,-68,979,1,43.6610108,-79.3949138,107.00,0.09,0.68,12,1,00:54:57,00
3596126,25,24289,-4.75,1,1,0.00,0.0,51252,131,-970,-70,981,1,43.6610108,-79.3949138,107.00,0.09,0.68,12,1,00:54:57,00
3596432,-2,24289,-14.27,1,1,0.00,0.0,51252,129,-968,-75,979,1,43.6610108,-79.3949138,107.00,0.09,0.68,12,1,00:54:57,00
3596798,7,24289,-19.57,1,1,0.00,0.0,51252,127,-969,-65,979,1,43.6610128,-79.3949127,107.30,0.13,0.72,12,1,00:54:58,00
3597106,8,24289,-23.26,1,1,0.00,0.0,51252,132,-970,-69,982,1,43.6610128,-79.3949127,107.30,0.13,0.72,12,1,00:54:58,00
3597410,18,24289,-24.84,1,1,0.00,0.0,51252,127,-970,-67,980,1,43.6610128,-79.3949127,107.30,0.13,0.72,12,1,00:54:58,00
3597712,12,24289,-27.90,1,1,0.00,0.0,51252,128,-970,-68,980,1,43.6610145,-79.3949123,107.30,0.06,0.68,12,1,00:54:59,00
3598015,22,24289,-29.72,1,1,0.00,0.0,51252,130,-969,-71,980,1,43.6610145,-79.3949123,107.30,0.06,0.68,12,1,00:54:59,00
3598326,16,24289,-28.67,1,1,0.00,0.0,51252,127,-970,-65,980,1,43.6610145,-79.3949123,107.30,0.06,0.68,12,1,00:54:59,00
3598631,24,24289,-27.95,1,1,0.00,0.0,51252,130,-968,-76,980,1,43.6610163,-79.3949128,107.30,0.07,0.68,12,1,00:55:00,00
3598935,25,24289,-28.32,1,1,0.00,0.0,51252,131,-969,-75,980,1,43.6610163,-79.3949128,107.40,0.07,0.68,12,1,00:55:00,00
3599237,27,24289,-28.32,1,1,0.00,0.0,51252,129,-969,-68,980,1,43.6610163,-79.3949128,107.40,0.07,0.68,12,1,00:55:00,00
3599548,47,24289,-27.13,1,1,0.00,0.0,51252,126,-970,-64,980,1,43.6610177,-79.3949118,107.40,0.09,0.68,12,1,00:55:01,00
3599855,11,24289,-25.89,1,1,0.00,0.0,51252,129,-970,-70,981,1,43.6610177,-79.3949118,107.50,0.09,0.68,12,1,00:55:01,00
3600164,3,24289,-23.68,1,1,0.00,0.0,51252,126,-970,-66,981,1,43.6610177,-79.3949118,107.50,0.09,0.68,12,1,00:55:01,00
3600482,4,24289,-21.04,1,1,0.00,0.0,51252,131,-968,-71,980,1,43.6610177,-79.3949118,107.50,0.09,0.68,12,1,00:55:01,00
3600792,19,24289,-17.93,1,1,0.00,0.0,51252,131,-968,-74,980,1,43.6610195,-79.3949113,107.70,0.04,0.68,12,1,00:55:02,00
3601104,23,24289,-15.08,1,1,0.00,0.0,51252,129,-967,-75,979,1,43.6610195,-79.3949113,107.70,0.04,0.68,12,1,00:55:02,00
3601422,17,24289,-11.75,1,1,0.00,0.0,51252,128,-970,-67,980,1,43.6610195,-79.3949113,107.70,0.04,0.68,12,1,00:55:02,00
3601794,32,24289,-7.88,1,1,0.00,0.0,51252,129,-969,-71,980,1,43.6610212,-79.3949110,107.80,0.04,0.68,12,1,00:55:03,00
3602098,50,24289,-5.13,1,1,0.00,0.0,51252,130,-968,-73,980,1,43.6610212,-79.3949110,107.80,0.04,0.68,12,1,00:55:03,00
3602406,36,24289,-2.93,1,1,0.00,0.0,51252,128,-970,-69,981,1,43.6610212,-79.3949110,107.80,0.04,0.68,12,1,00:55:03,00
3602716,11,24289,-0.33,1,1,0.00,0.0,51252,130,-970,-71,981,1,43.6610223,-79.3949105,107.90,0.04,0.68,12,1,00:55:04,00
3603031,19,24289,2.38,1,1,0.00,0.0,51252,133,-968,-74,980,1,43.6610223,-79.3949105,107.90,0.04,0.68,12,1,00:55:04,00
3603342,-3,24289,4.38,1,1,0.00,0.0,51252,114,-977,-42,985,1,43.6610223,-79.3949105,107.90,0.04,0.68,12,1,00:55:04,00
3603648,-9,24289,6.16,1,1,0.00,0.0,51252,131,-968,-72,979,1,43.6610228,-79.3949098,107.90,0.02,0.73,12,1,00:55:05,00
3603960,-12,24289,7.80,1,1,0.00,0.0,51252,133,-968,-78,980,1,43.6610228,-79.3949098,107.90,0.02,0.73,12,1,00:55:05,00
3604278,-5,24289,9.36,1,1,0.00,0.0,51252,132,-968,-74,980,1,43.6610228,-79.3949098,107.90,0.02,0.73,12,1,00:55:05,00
3604579,13,24289,10.72,1,1,0.00,0.0,51252,130,-971,-73,982,1,43.6610237,-79.3949093,107.90,0.09,0.73,12,1,00:55:06,00
3604895,20,24289,12.26,1,1,0.00,0.0,51252,125,-971,-58,981,1,43.6610237,-79.3949093,107.90,0.09,0.68,12,1,00:55:06,00
3605209,4,24289,13.90,1,1,0.00,0.0,51252,131,-969,-72,981,1,43.6610237,-79.3949093,107.90,0.09,0.68,12,1,00:55:06,00
3605516,24,24289,15.21,1,1,0.00,0.0,51252,135,-967,-82,980,1,43.6610237,-79.3949093,107.90,0.09,0.68,12,1,00:55:06,00
3605830,-4,24289,15.78,1,1,0.00,0.0,51252,132,-966,-79,979,1,43.6610232,-79.3949090,107.90,0.06,0.64,12,1,00:55:07,00
3606141,7,24289,16.70,1,1,0.00,0.0,51252,127,-971,-62,981,1,43.6610232,-79.3949090,107.90,0.06,0.64,12,1,00:55:07,00
3606464,29,24289,17.79,1,1,0.00,0.0,51252,129,-970,-72,981,1,43.6610232,-79.3949090,107.90,0.06,0.64,12,1,00:55:07,00
3606841,24,24289,18.99,1,1,0.00,0.0,51252,128,-969,-70,980,1,43.6610238,-79.3949083,107.70,0.19,0.68,12,1,00:55:08,00
3607190,9,24289,20.02,1,1,0.00,0.0,51252,130,-969,-74,980,1,43.6610238,-79.3949083,107.70,0.19,0.68,12,1,00:55:08,00
3607479,18,24289,20.94,1,1,0.00,0.0,51252,129,-970,-73,981,1,43.6610238,-79.3949083,107.70,0.19,0.68,12,1,00:55:08,00
3607765,4,24289,21.73,1,1,0.00,0.0,51252,128,-970,-79,982,1,43.6610245,-79.3949077,107.60,0.04,0.68,12,1,00:55:09,00
3608056,-5,24289,22.51,1,1,0.00,0.0,51253,127,-971,-71,982,1,43.6610245,-79.3949077,107.60,0.04,0.68,12,1,00:55:09,00
3608346,-5,24289,23.26,1,1,0.00,0.0,51253,130,-966,-74,978,1,43.6610245,-79.3949077,107.60,0.04,0.68,12,1,00:55:09,00
3608638,-10,24289,24.06,1,1,0.00,0.0,51253,142,-964,-86,978,1,43.6610252,-79.3949067,107.60,0.15,0.68,12,1,00:55:10,00
3608929,-15,24289,24.75,1,1,0.00,0.0,51253,132,-968,-66,979,1,43.6610252,-79.3949067,107.60,0.15,0.68,12,1,00:55:10,00
3609228,-11,24289,25.47,1,1,0.00,0.0,51253,130,-967,-67,979,1,43.6610252,-79.3949067,107.60,0.15,0.68,12,1,00:55:10,00
3609526,1,24289,26.13,1,1,0.00,0.0,51253,123,-973,-62,983,1,43.6610257,-79.3949057,107.60,0.07,0.68,12,1,00:55:11,00
3609819,-7,24289,26.80,1,1,0.00,0.0,51253,128,-969,-75,981,1,43.6610257,-79.3949057,107.50,0.07,0.68,12,1,00:55:11,00
3610115,-10,24289,27.44,1,1,0.00,0.0,51253,126,-969,-59,979,1,43.6610257,-79.3949057,107.50,0.07,0.68,12,1,00:55:11,00
3610413,-12,24289,28.03,1,1,0.00,0.0,51253,136,-966,-95,980,1,43.6610257,-79.3949057,107.50,0.07,0.68,12,1,00:55:11,00
3610708,-16,24289,28.64,1,1,0.00,0.0,51253,118,-972,-58,981,1,43.6610262,-79.3949048,107.50,0.15,0.68,12,1,00:55:12,00
3611008,-14,24289,29.25,1,1,0.00,0.0,51253,129,-970,-71,982,1,43.6610262,-79.3949048,107.50,0.15,0.68,12,1,00:55:12,00
3611307,-11,24289,29.81,1,1,0.00,0.0,51253,145,-969,-88,984,1,43.6610262,-79.3949048,107.50,0.15,0.68,12,1,00:55:12,00
3611663,-11,24289,30.47,1,1,0.00,0.0,51253,131,-971,-74,982,1,43.6610268,-79.3949047,107.50,0.09,0.68,12,1,00:55:13,00
3611958,-20,24289,30.97,1,1,0.00,0.0,51253,129,-964,-73,976,1,43.6610268,-79.3949047,107.40,0.09,0.71,12,1,00:55:13,00
3612253,-6,24289,31.49,1,1,0.00,0.0,51253,128,-970,-66,981,1,43.6610268,-79.3949047,107.40,0.09,0.71,12,1,00:55:13,00
3612549,12,24289,31.96,1,1,0.00,0.0,51253,136,-972,-77,984,1,43.6610268,-79.3949047,107.40,0.09,0.71,12,1,00:55:13,00
3612842,22,24289,32.48,1,1,0.00,0.0,51253,126,-971,-68,981,1,43.6610275,-79.3949038,107.50,0.00,0.68,12,1,00:55:14,00
3613138,6,24289,32.94,1,1,0.00,0.0,51253,127,-966,-75,977,1,43.6610275,-79.3949038,107.50,0.00,0.68,12,1,00:55:14,00
3613440,-5,24289,33.39,1,1,0.00,0.0,51253,129,-969,-74,981,1,43.6610275,-79.3949038,107.50,0.00,0.68,12,1,00:55:14,00
3613739,4,24289,33.80,1,1,0.00,0.0,51253,128,-969,-64,980,1,43.6610282,-79.3949032,107.40,0.02,0.69,12,1,00:55:15,00
3614034,22,24289,34.07,1,1,0.00,0.0,51253,131,-966,-84,978,1,43.6610282,-79.3949032,107.40,0.02,0.69,12,1,00:55:15,00
3614335,7,24289,32.75,1,1,0.00,0.0,51253,122,-973,-55,982,1,43.6610282,-79.3949032,107.40,0.02,0.69,12,1,00:55:15,00
3614637,4,24289,31.84,1,1,0.00,0.0,51253,141,-963,-104,979,1,43.6610282,-79.3949032,107.40,0.02,0.69,12,1,00:55:15,00
3614936,0,24289,30.23,1,1,0.00,0.0,51253,106,-976,-31,982,1,43.6610282,-79.3949027,107.50,0.13,0.68,12,1,00:55:16,00
3615238,-11,24289,29.16,1,1,0.00,0.0,51253,139,-965,-108,981,1,43.6610282,-79.3949027,107.50,0.13,0.68,12,1,00:55:16,00
3615546,12,24289,28.47,1,1,0.00,0.0,51253,113,-975,-46,983,1,43.6610282,-79.3949027,107.50,0.13,0.68,12,1,00:55:16,00
3615859,27,24289,28.01,1,1,0.00,0.0,51253,130,-966,-86,978,1,43.6610285,-79.3949020,107.60,0.06,0.68,12,1,00:55:17,00
3616164,23,24289,27.71,1,1,0.00,0.0,51253,117,-971,-62,980,1,43.6610285,-79.3949020,107.60,0.06,0.68,12,1,00:55:17,00
3616534,27,24289,27.52,1,1,0.00,0.0,51253,116,-972,-48,980,1,43.6610285,-79.3949020,107.60,0.06,0.68,12,1,00:55:17,00
3616832,-2,24289,27.43,1,1,0.00,0.0,51253,172,-956,-98,977,1,43.6610300,-79.3949010,107.50,0.28,0.69,12,1,00:55:18,00
3617131,-8,24289,27.40,1,1,0.00,0.0,51254,139,-967,-48,978,1,43.6610300,-79.3949010,107.50,0.28,0.69,12,1,00:55:18,00
3617430,-6,24289,27.47,1,1,0.00,0.0,51254,113,-962,-47,970,1,43.6610300,-79.3949010,107.50,0.28,0.69,12,1,00:55:18,00
3617731,-19,24289,27.58,1,1,0.00,0.0,51254,127,-971,-73,982,1,43.6610305,-79.3949008,107.50,0.02,0.69,12,1,00:55:19,00
3618036,2,24289,27.73,1,1,0.00,0.0,51254,140,-967,-75,980,1,43.6610305,-79.3949008,107.70,0.02,0.68,12,1,00:55:19,00
3618354,-6,24289,27.90,1,1,0.00,0.0,51254,111,-972,-34,979,1,43.6610305,-79.3949008,107.70,0.02,0.68,12,1,00:55:19,00
3618655,-4,24289,28.11,1,1,0.00,0.0,51254,133,-972,-85,984,1,43.6610305,-79.3949008,107.70,0.02,0.68,12,1,00:55:19,00
3618964,15,24289,28.36,1,1,0.00,0.0,51254,119,-971,-72,981,1,43.6610302,-79.3949015,107.70,0.30,0.68,12,1,00:55:20,00
3619273,18,24289,28.57,1,1,0.00,0.0,51254,120,-978,-21,985,1,43.6610302,-79.3949015,107.70,0.30,0.68,12,1,00:55:20,00
3619576,32,24289,28.85,1,1,0.00,0.0,51254,139,-963,-118,980,1,43.6610302,-79.3949015,107.70,0.30,0.68,12,1,00:55:20,00
3619898,30,24289,29.14,1,1,0.00,0.0,51254,126,-969,-61,979,1,43.6610310,-79.3949020,107.80,0.09,0.72,12,1,00:55:21,00
3620205,25,24289,29.47,1,1,0.00,0.0,51254,124,-983,-38,992,1,43.6610310,-79.3949020,107.80,0.09,0.72,12,1,00:55:21,00
3620513,16,24289,29.77,1,1,0.00,0.0,51255,121,-973,-57,982,1,43.6610310,-79.3949020,107.80,0.09,0.72,12,1,00:55:21,00
3620828,22,24289,30.12,1,1,0.00,0.0,51255,125,-968,-78,979,1,43.6610318,-79.3949025,107.80,0.13,0.72,12,1,00:55:22,00
3621135,14,24289,30.53,1,1,0.00,0.0,51255,136,-971,-66,983,1,43.6610318,-79.3949025,107.90,0.13,0.68,12,1,00:55:22,00
3621500,5,24289,30.90,1,1,0.00,0.0,51255,128,-967,-89,980,1,43.6610318,-79.3949025,107.90,0.13,0.68,12,1,00:55:22,00
3621801,8,24289,31.20,1,1,0.00,0.0,51255,131,-969,-73,980,1,43.6610318,-79.3949025,107.90,0.13,0.68,12,1,00:55:22,00
3622113,22,24289,31.59,1,1,0.00,0.0,51255,130,-965,-62,976,1,43.6610320,-79.3949033,108.00,0.07,0.68,12,1,00:55:23,00
3622416,21,24289,31.94,1,1,0.00,0.0,51255,121,-971,-78,981,1,43.6610320,-79.3949033,108.00,0.07,0.68,12,1,00:55:23,00
3622719,28,24289,32.33,1,1,0.00,0.0,51255,133,-970,-82,983,1,43.6610320,-79.3949033,108.00,0.07,0.68,12,1,00:55:23,00
3623027,21,24289,32.66,1,1,0.00,0.0,51255,125,-968,-57,978,1,43.6610325,-79.3949042,108.20,0.02,0.65,12,1,00:55:24,00
3623340,27,24289,33.09,1,1,0.00,0.0,51255,134,-968,-79,981,1,43.6610325,-79.3949042,108.20,0.02,0.65,12,1,00:55:24,00
3623645,20,24289,33.33,1,1,0.00,0.0,51255,131,-968,-70,980,1,43.6610325,-79.3949042,108.20,0.02,0.65,12,1,00:55:24,00
3623959,26,24289,33.80,1,1,0.00,0.0,51255,126,-971,-67,982,1,43.6610332,-79.3949042,108.20,0.00,0.65,12,1,00:55:25,00
3624270,24,24289,34.17,1,1,0.00,0.0,51255,129,-967,-91,979,1,43.6610332,-79.3949042,108.30,0.00,0.67,12,1,00:55:25,00
3624582,36,24289,34.50,1,1,0.00,0.0,51255,139,-969,-65,981,1,43.6610332,-79.3949042,108.30,0.00,0.67,12,1,00:55:25,00
3624894,25,24289,34.81,1,1,0.00,0.0,51255,131,-969,-59,979,1,43.6610343,-79.3949043,108.30,0.09,0.67,12,1,00:55:26,00
3625207,23,24289,35.17,1,1,0.00,0.0,51255,131,-970,-67,981,1,43.6610343,-79.3949043,108.40,0.09,0.70,12,1,00:55:26,00
3625516,38,24289,35.48,1,1,0.00,0.0,51255,124,-971,-58,981,1,43.6610343,-79.3949043,108.40,0.09,0.70,12,1,00:55:26,00
3625829,27,24289,35.78,1,1,0.00,0.0,51255,126,-971,-55,981,1,43.6610343,-79.3949043,108.40,0.09,0.70,12,1,00:55:26,00
3626144,21,24289,36.13,1,1,0.00,0.0,51255,123,-970,-67,980,1,43.6610352,-79.3949047,108.60,0.22,0.73,12,1,00:55:27,00
3626526,35,24289,36.56,1,1,0.00,0.0,51255,117,-968,-68,977,1,43.6610352,-79.3949047,108.60,0.22,0.73,12,1,00:55:27,00
3626838,32,24289,36.83,1,1,0.00,0.0,51255,139,-969,-72,982,1,43.6610352,-79.3949047,108.60,0.22,0.73,12,1,00:55:27,00
3627144,21,24289,37.17,1,1,0.00,0.0,51255,134,-970,-65,981,1,43.6610380,-79.3949078,108.60,0.13,0.70,12,1,00:55:28,00
3627451,27,24289,37.43,1,1,0.00,0.0,51255,131,-969,-65,980,1,43.6610380,-79.3949078,108.60,0.13,0.70,12,1,00:55:28,00
3627757,29,24289,37.73,1,1,0.00,0.0,51255,129,-968,-73,979,1,43.6610380,-79.3949078,108.60,0.13,0.70,12,1,00:55:28,00
3628076,30,24289,38.00,1,1,0.00,0.0,51255,129,-968,-71,980,1,43.6610412,-79.3949088,108.60,0.06,0.70,12,1,00:55:29,00
3628384,24,24289,38.32,1,1,0.00,0.0,51255,127,-971,-69,981,1,43.6610412,-79.3949088,108.80,0.06,0.72,12,1,00:55:29,00
3628704,25,24289,38.56,1,1,0.00,0.0,51255,124,-971,-67,981,1,43.6610412,-79.3949088,108.80,0.06,0.72,12,1,00:55:29,00
3629016,14,24289,38.83,1,1,0.00,0.0,51255,122,-969,-69,979,1,43.6610425,-79.3949097,108.80,0.06,0.72,12,1,00:55:30,00
3629368,17,24289,39.12,1,1,0.00,0.0,51255,130,-968,-69,980,1,43.6610425,-79.3949097,109.00,0.06,0.70,12,1,00:55:30,00
3629657,17,24289,39.37,1,1,0.00,0.0,51255,135,-970,-60,981,1,43.6610425,-79.3949097,109.00,0.06,0.70,12,1,00:55:30,00
3629951,18,24289,39.62,1,1,0.00,0.0,51255,152,-962,-77,977,1,43.6610425,-79.3949097,109.00,0.06,0.70,12,1,00:55:30,00
3630246,25,24289,39.85,1,1,0.00,0.0,51255,133,-967,-71,979,1,43.6610440,-79.3949092,109.30,0.09,0.68,12,1,00:55:31,00
3630539,35,24289,40.03,1,1,0.00,0.0,51255,123,-966,-79,977,1,43.6610440,-79.3949092,109.30,0.09,0.68,12,1,00:55:31,00
3630838,22,24289,40.30,1,1,0.00,0.0,51255,115,-972,-61,981,1,43.6610440,-79.3949092,109.30,0.09,0.68,12,1,00:55:31,00
3631134,20,24289,40.53,1,1,0.00,0.0,51255,129,-969,-80,980,1,43.6610475,-79.3949073,109.30,0.15,0.68,12,1,00:55:32,00
3631490,23,24289,40.78,1,1,0.00,0.0,51255,123,-974,-64,984,1,43.6610475,-79.3949073,109.00,0.15,0.69,12,1,00:55:32,00
3631786,19,24289,41.05,1,1,0.00,0.0,51255,129,-972,-67,982,1,43.6610475,-79.3949073,109.00,0.15,0.69,12,1,00:55:32,00
3632079,18,24289,41.18,1,1,0.00,0.0,51255,128,-970,-64,980,1,43.6610483,-79.3949058,109.00,0.41,0.69,12,1,00:55:33,00
3632379,9,24289,41.40,1,1,0.00,0.0,51255,134,-963,-75,975,1,43.6610483,-79.3949058,109.10,0.41,0.68,12,1,00:55:33,00
3632671,6,24289,41.60,1,1,0.00,0.0,51256,121,-979,-48,988,1,43.6610483,-79.3949058,109.10,0.41,0.68,12,1,00:55:33,00
3632972,16,24289,41.85,1,1,0.00,0.0,51256,148,-964,-86,980,1,43.6610483,-79.3949058,109.10,0.41,0.68,12,1,00:55:33,00
3633275,14,24289,41.96,1,1,0.00,0.0,51256,118,-973,-48,981,1,43.6610497,-79.3949043,108.90,0.26,0.68,12,1,00:55:34,00
3633569,9,24289,42.16,1,1,0.00,0.0,51256,137,-967,-89,981,1,43.6610497,-79.3949043,108.90,0.26,0.68,12,1,00:55:34,00
3633864,9,24289,42.34,1,1,0.00,0.0,51256,123,-973,-59,982,1,43.6610497,-79.3949043,108.90,0.26,0.68,12,1,00:55:34,00
3634165,4,24289,42.47,1,1,0.00,0.0,51256,131,-970,-69,981,1,43.6610498,-79.3949042,108.90,0.17,0.68,12,1,00:55:35,00
3634467,18,24289,42.70,1,1,0.00,0.0,51256,132,-970,-66,981,1,43.6610498,-79.3949042,108.90,0.17,0.68,12,1,00:55:35,00
3634761,12,24289,42.82,1,1,0.00,0.0,51256,138,-968,-90,982,1,43.6610498,-79.3949042,108.90,0.17,0.68,12,1,00:55:35,00
3635065,15,24289,43.00,1,1,0.00,0.0,51256,128,-971,-60,982,1,43.6610498,-79.3949042,108.90,0.17,0.68,12,1,00:55:35,00
3635368,9,24289,43.21,1,1,0.00,0.0,51256,127,-966,-89,978,1,43.6610507,-79.3949067,108.80,0.06,0.70,12,1,00:55:36,00
3635668,17,24289,43.30,1,1,0.00,0.0,51256,123,-973,-56,982,1,43.6610507,-79.3949067,108.80,0.06,0.70,12,1,00:55:36,00
3635971,18,24289,43.45,1,1,0.00,0.0,51256,129,-968,-72,980,1,43.6610507,-79.3949067,108.80,0.06,0.70,12,1,00:55:36,00
3636335,21,24289,43.54,1,1,0.00,0.0,51256,133,-967,-77,979,1,43.6610510,-79.3949070,108.70,0.07,0.73,12,1,00:55:37,00
3636628,22,24289,43.72,1,1,0.00,0.0,51256,130,-968,-73,979,1,43.6610510,-79.3949070,108.70,0.07,0.73,12,1,00:55:37,00
3636927,18,24289,43.81,1,1,0.00,0.0,51256,130,-971,-46,981,1,43.6610510,-79.3949070,108.70,0.07,0.73,12,1,00:55:37,00
3637232,19,24289,43.94,1,1,0.00,0.0,51256,137,-969,-93,983,1,43.6610510,-79.3949070,108.70,0.07,0.73,12,1,00:55:37,00
3637533,24,24289,44.04,1,1,0.00,0.0,51256,129,-967,-90,980,1,43.6610510,-79.3949060,108.50,0.06,0.77,12,1,00:55:38,00
3637834,20,24289,44.13,1,1,0.00,0.0,51256,134,-970,-58,981,1,43.6610510,-79.3949060,108.50,0.06,0.77,12,1,00:55:38,00
3638136,14,24289,44.21,1,1,0.00,0.0,51256,128,-969,-74,980,1,43.6610510,-79.3949060,108.50,0.06,0.77,12,1,00:55:38,00
3638438,13,24289,44.33,1,1,0.00,0.0,51256,126,-971,-70,982,1,43.6610515,-79.3949053,108.80,0.02,0.78,12,1,00:55:39,00
3638739,12,24289,44.47,1,1,0.00,0.0,51256,130,-970,-71,981,1,43.6610515,-79.3949053,108.80,0.02,0.78,12,1,00:55:39,00
3639045,20,24289,44.59,1,1,0.00,0.0,51256,125,-969,-73,980,1,43.6610515,-79.3949053,108.80,0.02,0.78,12,1,00:55:39,00
3639354,11,24289,44.56,1,1,0.00,0.0,51256,129,-968,-65,979,1,43.6610518,-79.3949063,108.80,0.04,0.78,12,1,00:55:40,00
3639656,20,24289,44.62,1,1,0.00,0.0,51256,133,-970,-65,981,1,43.6610518,-79.3949063,109.00,0.04,0.87,12,1,00:55:40,00
3639968,14,24289,44.70,1,1,0.00,0.0,51256,128,-968,-72,979,1,43.6610518,-79.3949063,109.00,0.04,0.87,12,1,00:55:40,00
3640268,19,24289,44.78,1,1,0.00,0.0,51256,126,-970,-74,981,1,43.6610518,-79.3949063,109.00,0.04,0.87,12,1,00:55:40,00
3640572,28,24289,44.84,1,1,0.00,0.0,51256,127,-969,-67,980,1,43.6610518,-79.3949067,108.90,0.04,0.73,12,1,00:55:41,00
3640873,15,24289,44.93,1,1,0.00,0.0,51256,137,-969,-67,981,1,43.6610518,-79.3949067,108.90,0.04,0.73,12,1,00:55:41,00
3641236,22,24289,45.03,1,1,0.00,0.0,51256,121,-971,-69,981,1,43.6610518,-79.3949067,108.90,0.04,0.73,12,1,00:55:41,00
3641542,36,24289,45.12,1,1,0.00,0.0,51256,131,-969,-69,980,1,43.6610522,-79.3949073,108.80,0.04,0.68,12,1,00:55:42,00
3641845,26,24289,45.18,1,1,0.00,0.0,51256,129,-969,-73,980,1,43.6610522,-79.3949073,108.80,0.04,0.68,12,1,00:55:42,00
3642149,32,24289,45.22,1,1,0.00,0.0,51256,129,-969,-70,980,1,43.6610522,-79.3949073,108.80,0.04,0.68,12,1,00:55:42,00
3642458,27,24289,45.28,1,1,0.00,0.0,51256,128,-969,-68,980,1,43.6610523,-79.3949082,108.80,0.04,0.68,12,1,00:55:43,00
3642763,18,24289,45.34,1,1,0.00,0.0,51256,132,-968,-70,979,1,43.6610523,-79.3949082,108.80,0.04,0.68,12,1,00:55:43,00
3643071,26,24289,45.44,1,1,0.00,0.0,51256,128,-968,-72,980,1,43.6610523,-79.3949082,108.80,0.04,0.68,12,1,00:55:43,00
3643376,18,24289,45.50,1,1,0.00,0.0,51256,130,-969,-68,980,1,43.6610523,-79.3949082,108.80,0.04,0.68,12,1,00:55:43,00
3643690,23,24289,45.61,1,1,0.00,0.0,51256,129,-969,-69,980,1,43.6610533,-79.3949087,108.70,0.30,0.81,12,1,00:55:44,00
3644001,27,24289,45.67,1,1,0.00,0.0,51256,131,-970,-75,982,1,43.6610533,-79.3949087,108.70,0.30,0.81,12,1,00:55:44,00
3644312,20,24289,45.70,1,1,0.00,0.0,51256,129,-967,-73,979,1,43.6610533,-79.3949087,108.70,0.30,0.81,12,1,00:55:44,00
3644620,28,24289,45.81,1,1,0.00,0.0,51256,126,-969,-67,980,1,43.6610538,-79.3949092,108.60,0.13,0.69,12,1,00:55:45,00
3644925,35,24289,45.88,1,1,0.00,0.0,51256,131,-970,-74,981,1,43.6610538,-79.3949092,108.60,0.13,0.69,12,1,00:55:45,00
3645236,30,24289,45.94,1,1,0.00,0.0,51256,128,-967,-64,978,1,43.6610538,-79.3949092,108.60,0.13,0.69,12,1,00:55:45,00
3645548,46,24289,46.06,1,1,0.00,0.0,51256,128,-970,-70,980,1,43.6610538,-79.3949092,108.60,0.13,0.69,12,1,00:55:45,00
3645861,25,24289,46.10,1,1,0.00,0.0,51256,129,-970,-70,981,1,43.6610545,-79.3949095,108.50,0.06,0.74,12,1,00:55:46,00
3646232,24,24289,46.13,1,1,0.00,0.0,51256,132,-967,-70,979,1,43.6610545,-79.3949095,108.50,0.06,0.74,12,1,00:55:46,00
3646540,46,24289,46.22,1,1,0.00,0.0,51256,124,-972,-65,982,1,43.6610545,-79.3949095,108.50,0.06,0.74,12,1,00:55:46,00
3646848,34,24289,46.23,1,1,0.00,0.0,51256,140,-967,-74,980,1,43.6610547,-79.3949095,108.50,0.09,0.73,12,1,00:55:47,00
3647155,27,24289,46.34,1,1,0.00,0.0,51256,129,-970,-71,981,1,43.6610547,-79.3949095,108.50,0.09,0.73,12,1,00:55:47,00
3647463,31,24289,46.36,1,1,0.00,0.0,51256,118,-971,-70,981,1,43.6610547,-79.3949095,108.50,0.09,0.73,12,1,00:55:47,00
3647766,25,24289,46.46,1,1,0.00,0.0,51256,135,-965,-72,977,1,43.6610550,-79.3949093,108.30,0.04,0.73,12,1,00:55:48,00
3648085,25,24289,46.52,1,1,0.00,0.0,51256,131,-973,-73,984,1,43.6610550,-79.3949093,108.30,0.04,0.73,12,1,00:55:48,00
3648395,21,24289,46.57,1,1,0.00,0.0,51256,140,-966,-74,979,1,43.6610550,-79.3949093,108.30,0.04,0.73,12,1,00:55:48,00
3648709,32,24289,46.68,1,1,0.00,0.0,51256,128,-969,-63,979,1,43.6610550,-79.3949088,108.30,0.07,0.73,12,1,00:55:49,00
3649017,39,24289,46.68,1,1,0.00,0.0,51256,133,-967,-72,979,1,43.6610550,-79.3949088,108.30,0.07,0.73,12,1,00:55:49,00
3649328,29,24289,46.76,1,1,0.00,0.0,51256,133,-968,-71,979,1,43.6610550,-79.3949088,108.30,0.07,0.73,12,1,00:55:49,00
3649641,41,24289,46.79,1,1,0.00,0.0,51256,131,-967,-64,978,1,43.6610550,-79.3949088,108.30,0.07,0.73,12,1,00:55:49,00
3649951,33,24289,46.84,1,1,0.00,0.0,51256,135,-967,-76,980,1,43.6610553,-79.3949095,108.10,0.39,0.73,12,1,00:55:50,00
3650270,32,24289,46.88,1,1,0.00,0.0,51256,128,-969,-62,980,1,43.6610553,-79.3949095,108.10,0.39,0.73,12,1,00:55:50,00
3650590,35,24289,46.99,1,1,0.00,0.0,51256,128,-966,-87,978,1,43.6610553,-79.3949095,108.10,0.39,0.73,12,1,00:55:50,00
3650908,28,24289,47.02,1,1,0.00,0.0,51256,125,-972,-63,982,1,43.6610552,-79.3949088,107.90,0.06,0.66,12,1,00:55:51,00
3651278,24,24289,47.04,1,1,0.00,0.0,51256,130,-969,-65,979,1,43.6610552,-79.3949088,107.90,0.06,0.66,12,1,00:55:51,00
3651634,11,24289,47.08,1,1,0.00,0.0,51256,136,-963,-93,977,1,43.6610552,-79.3949088,107.90,0.06,0.66,12,1,00:55:51,00
3651925,19,24289,47.10,1,1,0.00,0.0,51256,120,-970,-63,979,1,43.6610552,-79.3949090,107.90,0.06,0.66,12,1,00:55:52,00
3652216,9,24289,47.08,1,1,0.00,0.0,51256,133,-967,-79,979,1,43.6610552,-79.3949090,107.80,0.06,0.66,12,1,00:55:52,00
3652515,27,24289,47.06,1,1,0.00,0.0,51256,123,-970,-53,980,1,43.6610552,-79.3949090,107.80,0.06,0.66,12,1,00:55:52,00
3652809,20,24289,47.13,1,1,0.00,0.0,51256,132,-968,-64,980,1,43.6610552,-79.3949090,107.80,0.06,0.66,12,1,00:55:52,00
3653099,11,24289,47.12,1,1,0.00,0.0,51256,135,-968,-73,980,1,43.6610552,-79.3949085,107.70,0.04,0.70,12,1,00:55:53,00
3653394,8,24289,47.13,1,1,0.00,0.0,51256,119,-971,-68,980,1,43.6610552,-79.3949085,107.70,0.04,0.70,12,1,00:55:53,00
3653685,7,24289,47.15,1,1,0.00,0.0,51256,131,-968,-77,980,1,43.6610552,-79.3949085,107.70,0.04,0.70,12,1,00:55:53,00
3653976,0,24289,47.17,1,1,0.00,0.0,51256,131,-968,-65,979,1,43.6610548,-79.3949073,107.70,0.24,0.70,12,1,00:55:54,00
3654272,-3,24289,47.18,1,1,0.00,0.0,51256,130,-968,-77,980,1,43.6610548,-79.3949073,107.50,0.24,0.70,12,1,00:55:54,00
3654572,20,24289,47.21,1,1,0.00,0.0,51256,127,-969,-71,980,1,43.6610548,-79.3949073,107.50,0.24,0.70,12,1,00:55:54,00
3654869,10,24289,47.27,1,1,0.00,0.0,51256,131,-970,-72,982,1,43.6610548,-79.3949073,107.50,0.24,0.70,12,1,00:55:54,00
3655168,19,24289,47.26,1,1,0.00,0.0,51256,134,-968,-75,980,1,43.6610543,-79.3949070,107.30,0.07,0.70,12,1,00:55:55,00
3655467,13,24289,47.26,1,1,0.00,0.0,51256,128,-969,-70,980,1,43.6610543,-79.3949070,107.30,0.07,0.70,12,1,00:55:55,00
3655762,16,24289,47.32,1,1,0.00,0.0,51256,130,-968,-72,979,1,43.6610543,-79.3949070,107.30,0.07,0.70,12,1,00:55:55,00
3656130,16,24289,47.29,1,1,0.00,0.0,51256,129,-969,-72,980,1,43.6610542,-79.3949075,107.30,0.11,0.70,12,1,00:55:56,00
3656429,16,24289,47.21,1,1,0.00,0.0,51256,130,-968,-71,979,1,43.6610542,-79.3949075,107.00,0.11,0.66,12,1,00:55:56,00
3656728,26,24289,47.24,1,1,0.00,0.0,51256,129,-969,-71,980,1,43.6610542,-79.3949075,107.00,0.11,0.66,12,1,00:55:56,00
3657027,25,24289,47.28,1,1,0.00,0.0,51256,130,-970,-71,981,1,43.6610542,-79.3949075,107.00,0.11,0.66,12,1,00:55:56,00
3657321,21,24289,47.23,1,1,0.00,0.0,51256,129,-968,-71,979,1,43.6610545,-79.3949070,106.90,0.11,0.71,12,1,00:55:57,00
3657617,23,24289,47.26,1,1,0.00,0.0,51256,130,-967,-73,979,1,43.6610545,-79.3949070,106.90,0.11,0.71,12,1,00:55:57,00
3657911,24,24289,47.25,1,1,0.00,0.0,51256,130,-970,-73,982,1,43.6610545,-79.3949070,106.90,0.11,0.71,12,1,00:55:57,00
3658210,22,24289,47.22,1,1,0.00,0.0,51256,130,-968,-70,979,1,43.6610548,-79.3949065,106.90,0.06,0.71,12,1,00:55:58,00
3658502,24,24289,47.25,1,1,0.00,0.0,51256,130,-970,-70,981,1,43.6610548,-79.3949065,106.80,0.06,0.69,12,1,00:55:58,00
3658814,20,24289,47.22,1,1,0.00,0.0,51256,130,-968,-71,979,1,43.6610548,-79.3949065,106.80,0.06,0.69,12,1,00:55:58,00
3659115,26,24289,47.26,1,1,0.00,0.0,51256,130,-968,-72,980,1,43.6610548,-79.3949065,106.80,0.06,0.69,12,1,00:55:58,00
3659414,21,24289,47.31,1,1,0.00,0.0,51256,128,-968,-76,980,1,43.6610550,-79.3949062,106.60,0.04,0.64,12,1,00:55:59,00
3659714,26,24289,47.30,1,1,0.00,0.0,51256,131,-969,-72,980,1,43.6610550,-79.3949062,106.60,0.04,0.64,12,1,00:55:59,00
3660016,20,24289,47.33,1,1,0.00,0.0,51256,130,-966,-68,978,1,43.6610550,-79.3949062,106.60,0.04,0.64,12,1,00:55:59,00
3660317,24,24289,47.33,1,1,0.00,0.0,51256,134,-969,-82,982,1,43.6610553,-79.3949058,106.60,0.04,0.64,12,1,00:56:00,00
3660618,35,24289,47.40,1,1,0.00,0.0,51256,128,-970,-74,981,1,43.6610553,-79.3949058,106.60,0.04,0.66,12,1,00:56:00,00
3660982,20,24289,47.42,1,1,0.00,0.0,51256,121,-974,-46,982,1,43.6610553,-79.3949058,106.60,0.04,0.66,12,1,00:56:00,00
3661286,23,24289,47.40,1,1,0.00,0.0,51257,145,-964,-104,981,1,43.6610553,-79.3949053,106.60,0.04,0.66,12,1,00:56:01,00
3661584,36,24289,47.44,1,1,0.00,0.0,51257,114,-978,-41,986,1,43.6610553,-79.3949053,106.50,0.04,0.69,12,1,00:56:01,00
3661883,22,24289,47.42,1,1,0.00,0.0,51257,138,-966,-89,979,1,43.6610553,-79.3949053,106.50,0.04,0.69,12,1,00:56:01,00
3662187,28,24289,47.44,1,1,0.00,0.0,51257,122,-974,-59,983,1,43.6610553,-79.3949053,106.50,0.04,0.69,12,1,00:56:01,00
3662488,31,24289,47.42,1,1,0.00,0.0,51257,142,-963,-74,976,1,43.6610557,-79.3949048,106.40,0.06,0.65,12,1,00:56:02,00
3662792,26,24289,47.47,1,1,0.00,0.0,51257,141,-971,-58,983,1,43.6610557,-79.3949048,106.40,0.06,0.65,12,1,00:56:02,00
3663108,23,24289,47.48,1,1,0.00,0.0,51257,114,-969,-68,978,1,43.6610557,-79.3949048,106.40,0.06,0.65,12,1,00:56:02,00
3663409,25,24289,47.50,1,1,0.00,0.0,51257,109,-969,-87,979,1,43.6610558,-79.3949045,106.40,0.06,0.65,12,1,00:56:03,00
3663711,23,24289,47.50,1,1,0.00,0.0,51257,124,-970,-69,981,1,43.6610558,-79.3949045,106.30,0.06,0.65,12,1,00:56:03,00
3664018,25,24289,47.46,1,1,0.00,0.0,51257,136,-968,-62,980,1,43.6610558,-79.3949045,106.30,0.06,0.65,12,1,00:56:03,00
3664323,24,24289,47.51,1,1,0.00,0.0,51257,140,-967,-66,980,1,43.6610558,-79.3949045,106.30,0.06,0.65,12,1,00:56:03,00
3664633,33,24289,47.50,1,1,0.00,0.0,51257,131,-967,-76,979,1,43.6610558,-79.3949057,106.10,0.28,0.66,12,1,00:56:04,00
3664943,24,24289,47.50,1,1,0.00,0.0,51257,127,-970,-65,980,1,43.6610558,-79.3949057,106.10,0.28,0.66,12,1,00:56:04,00
3665255,41,24289,47.43,1,1,0.00,0.0,51257,130,-968,-73,980,1,43.6610558,-79.3949057,106.10,0.28,0.66,12,1,00:56:04,00
3665566,36,24289,47.50,1,1,0.00,0.0,51257,127,-970,-64,981,1,43.6610562,-79.3949062,106.10,0.07,0.66,12,1,00:56:05,00
3665950,22,24289,47.53,1,1,0.00,0.0,51257,129,-969,-68,980,1,43.6610562,-79.3949062,105.90,0.07,0.70,12,1,00:56:05,00
3666248,22,24289,47.50,1,1,0.00,0.0,51257,131,-969,-70,980,1,43.6610562,-79.3949062,105.90,0.07,0.70,12,1,00:56:05,00
3666549,29,24289,47.50,1,1,0.00,0.0,51257,130,-969,-71,980,1,43.6610565,-79.3949063,105.90,0.17,0.70,12,1,00:56:06,00
3666857,20,24289,47.49,1,1,0.00,0.0,51257,121,-972,-68,982,1,43.6610565,-79.3949063,105.70,0.17,0.72,12,1,00:56:06,00
3667163,25,24289,47.54,1,1,0.00,0.0,51257,128,-969,-70,980,1,43.6610565,-79.3949063,105.70,0.17,0.72,12,1,00:56:06,00
3667474,27,24289,47.53,1,1,0.00,0.0,51257,130,-967,-71,978,1,43.6610565,-79.3949063,105.70,0.17,0.72,12,1,00:56:06,00
3667778,27,24289,47.51,1,1,0.00,0.0,51257,124,-972,-47,981,1,43.6610572,-79.3949063,105.60,0.09,0.66,12,1,00:56:07,00
3668095,25,24289,47.53,1,1,0.00,0.0,51257,139,-960,-93,974,1,43.6610572,-79.3949063,105.60,0.09,0.66,12,1,00:56:07,00
3668403,22,24289,47.52,1,1,0.00,0.0,51257,126,-972,-62,982,1,43.6610572,-79.3949063,105.60,0.09,0.66,12,1,00:56:07,00
3668711,24,24289,47.59,1,1,0.00,0.0,51257,128,-968,-74,979,1,43.6610577,-79.3949058,105.60,0.02,0.66,12,1,00:56:08,00
3669017,28,24289,47.55,1,1,0.00,0.0,51257,127,-968,-72,979,1,43.6610577,-79.3949058,105.50,0.02,0.66,12,1,00:56:08,00
3669325,28,24289,47.63,1,1,0.00,0.0,51257,130,-969,-70,980,1,43.6610577,-79.3949058,105.50,0.02,0.66,12,1,00:56:08,00
3669638,36,24289,47.64,1,1,0.00,0.0,51257,126,-971,-69,981,1,43.6610577,-79.3949058,105.50,0.02,0.66,12,1,00:56:08,00
3669950,32,24289,47.70,1,1,0.00,0.0,51257,129,-964,-66,975,1,43.6610573,-79.3949057,105.40,0.37,0.73,12,1,00:56:09,00
3670265,37,24289,47.71,1,1,0.00,0.0,51257,134,-967,-78,980,1,43.6610573,-79.3949057,105.40,0.37,0.73,12,1,00:56:09,00
3670576,43,24289,47.70,1,1,0.00,0.0,51257,135,-969,-83,982,1,43.6610573,-79.3949057,105.40,0.37,0.73,12,1,00:56:09,00
3670955,37,24289,47.74,1,1,0.00,0.0,51257,121,-974,-66,984,1,43.6610572,-79.3949055,105.30,0.06,0.76,12,1,00:56:10,00
3671271,32,24289,47.79,1,1,0.00,0.0,51257,137,-966,-94,981,1,43.6610572,-79.3949055,105.30,0.06,0.76,12,1,00:56:10,00
3671582,41,24289,47.81,1,1,0.00,0.0,51257,123,-973,-66,983,1,43.6610572,-79.3949055,105.30,0.06,0.76,12,1,00:56:10,00
3671897,36,24289,47.88,1,1,0.00,0.0,51257,133,-964,-68,976,1,43.6610572,-79.3949060,105.30,0.07,0.76,12,1,00:56:11,00
3672210,34,24289,47.90,1,1,0.00,0.0,51257,132,-971,-67,982,1,43.6610572,-79.3949060,105.20,0.07,0.74,12,1,00:56:11,00
3672517,19,24289,47.90,1,1,0.00,0.0,51257,133,-966,-72,978,1,43.6610572,-79.3949060,105.20,0.07,0.74,12,1,00:56:11,00
3672833,3,24289,47.90,1,1,0.00,0.0,51257,126,-971,-67,981,1,43.6610572,-79.3949060,105.20,0.07,0.74,12,1,00:56:11,00
3673141,11,24289,47.92,1,1,0.00,0.0,51257,127,-968,-77,979,1,43.6610578,-79.3949068,105.10,0.20,0.78,12,1,00:56:12,00
3673492,19,24289,47.90,1,1,0.00,0.0,51257,131,-967,-70,978,1,43.6610578,-79.3949068,105.10,0.20,0.78,12,1,00:56:12,00
3673782,12,24289,47.89,1,1,0.00,0.0,51257,135,-968,-83,981,1,43.6610578,-79.3949068,105.10,0.20,0.78,12,1,00:56:12,00
3674082,20,24289,47.85,1,1,0.00,0.0,51257,125,-974,-52,983,1,43.6610580,-79.3949073,105.10,0.02,0.73,12,1,00:56:13,00
3674374,20,24289,47.84,1,1,0.00,0.0,51257,130,-965,-73,977,1,43.6610580,-79.3949073,105.10,0.02,0.73,12,1,00:56:13,00
3674665,36,24289,47.84,1,1,0.00,0.0,51257,124,-970,-67,980,1,43.6610580,-79.3949073,105.10,0.02,0.73,12,1,00:56:13,00
3674964,46,24289,47.84,1,1,0.00,0.0,51257,130,-970,-80,982,1,43.6610582,-79.3949078,105.10,0.04,0.73,12,1,00:56:14,00
3675259,37,24289,47.77,1,1,0.00,0.0,51257,124,-974,-62,984,1,43.6610582,-79.3949078,105.10,0.04,0.70,12,1,00:56:14,00
3675557,49,24289,47.75,1,1,0.00,0.0,51257,135,-964,-74,977,1,43.6610582,-79.3949078,105.10,0.04,0.70,12,1,00:56:14,00
3675917,38,24289,47.80,1,1,0.00,0.0,51257,132,-967,-71,978,1,43.6610582,-79.3949078,105.10,0.04,0.70,12,1,00:56:14,00
3676217,35,24289,47.81,1,1,0.00,0.0,51257,127,-967,-68,978,1,43.6610582,-79.3949093,105.10,0.35,0.70,12,1,00:56:15,00
3676510,35,24289,47.79,1,1,0.00,0.0,51257,130,-970,-69,981,1,43.6610582,-79.3949093,105.10,0.35,0.70,12,1,00:56:15,00
3676803,40,24289,47.75,1,1,0.00,0.0,51257,129,-970,-70,981,1,43.6610582,-79.3949093,105.10,0.35,0.70,12,1,00:56:15,00
3677100,39,24289,47.75,1,1,0.00,0.0,51257,128,-969,-71,980,1,43.6610580,-79.3949105,105.10,0.22,0.70,12,1,00:56:16,00
3677407,37,24289,47.82,1,1,0.00,0.0,51257,129,-968,-71,979,1,43.6610580,-79.3949105,105.20,0.22,0.71,12,1,00:56:16,00
3677701,40,24289,47.77,1,1,0.00,0.0,51257,128,-969,-69,980,1,43.6610580,-79.3949105,105.20,0.22,0.71,12,1,00:56:16,00
3677996,45,24289,47.81,1,1,0.00,0.0,51257,131,-969,-69,980,1,43.6610580,-79.3949105,105.20,0.22,0.71,12,1,00:56:16,00
3678296,35,24289,47.81,1,1,0.00,0.0,51257,130,-970,-73,981,1,43.6610582,-79.3949105,105.20,0.02,0.66,12,1,00:56:17,00
3678589,42,24289,47.83,1,1,0.00,0.0,51257,128,-969,-68,979,1,43.6610582,-79.3949105,105.20,0.02,0.66,12,1,00:56:17,00
3678888,30,24289,47.87,1,1,0.00,0.0,51257,129,-968,-70,979,1,43.6610582,-79.3949105,105.20,0.02,0.66,12,1,00:56:17,00
3679185,28,24289,47.86,1,1,0.00,0.0,51257,126,-970,-71,981,1,43.6610582,-79.3949105,105.20,0.02,0.66,12,1,00:56:17,00
3679487,31,24289,47.84,1,1,0.00,0.0,51257,131,-971,-70,983,1,43.6610585,-79.3949103,105.20,0.06,0.71,12,1,00:56:18,00
3679789,27,24289,47.87,1,1,0.00,0.0,51257,131,-967,-70,979,1,43.6610585,-79.3949103,105.20,0.06,0.71,12,1,00:56:18,00
3680090,15,24289,47.80,1,1,0.00,0.0,51257,131,-969,-70,980,1,43.6610585,-79.3949103,105.20,0.06,0.71,12,1,00:56:18,00
3680396,26,24289,47.65,1,1,0.00,0.0,51257,128,-971,-70,982,1,43.6610587,-79.3949098,105.20,0.07,0.71,12,1,00:56:19,00
3680759,49,24289,47.74,1,1,0.00,0.0,51257,130,-968,-72,979,1,43.6610587,-79.3949098,105.20,0.07,0.71,12,1,00:56:19,00
3681055,41,24289,47.71,1,1,0.00,0.0,51257,131,-971,-72,982,1,43.6610587,-79.3949098,105.20,0.07,0.71,12,1,00:56:19,00
3681360,44,24289,47.69,1,1,0.00,0.0,51257,130,-967,-74,978,1,43.6610587,-79.3949098,105.20,0.07,0.71,12,1,00:56:19,00
3681657,42,24289,47.72,1,1,0.00,0.0,51257,129,-969,-68,980,1,43.6610587,-79.3949093,105.30,0.07,0.71,12,1,00:56:20,00
3681955,37,24289,47.72,1,1,0.00,0.0,51257,132,-972,-73,984,1,43.6610587,-79.3949093,105.30,0.07,0.71,12,1,00:56:20,00
3682260,47,24289,47.75,1,1,0.00,0.0,51257,126,-964,-72,975,1,43.6610587,-79.3949093,105.30,0.07,0.71,12,1,00:56:20,00
3682564,48,24289,47.71,1,1,0.00,0.0,51257,125,-971,-74,981,1,43.6610590,-79.3949088,105.30,0.06,0.64,12,1,00:56:21,00
3682861,45,24289,47.80,1,1,0.00,0.0,51257,138,-971,-71,983,1,43.6610590,-79.3949088,105.30,0.06,0.64,12,1,00:56:21,00
3683159,44,24289,47.81,1,1,0.00,0.0,51257,130,-967,-71,979,1,43.6610590,-79.3949088,105.30,0.06,0.64,12,1,00:56:21,00
3683459,47,24289,47.85,1,1,0.00,0.0,51257,126,-970,-65,981,1,43.6610590,-79.3949088,105.30,0.06,0.64,12,1,00:56:21,00
3683758,47,24289,47.86,1,1,0.00,0.0,51257,132,-971,-78,984,1,43.6610592,-79.3949085,105.40,0.09,0.71,12,1,00:56:22,00
3684060,34,24289,47.90,1,1,0.00,0.0,51257,125,-968,-63,978,1,43.6610592,-79.3949085,105.40,0.09,0.71,12,1,00:56:22,00
3684363,35,24289,47.88,1,1,0.00,0.0,51257,132,-967,-70,978,1,43.6610592,-79.3949085,105.40,0.09,0.71,12,1,00:56:22,00
3684674,39,24289,47.90,1,1,0.00,0.0,51257,126,-967,-72,978,1,43.6610587,-79.3949085,105.40,0.04,0.64,12,1,00:56:23,00
3684975,36,24289,47.95,1,1,0.00,0.0,51257,131,-966,-70,978,1,43.6610587,-79.3949085,105.40,0.04,0.64,12,1,00:56:23,00
3685283,36,24289,47.94,1,1,0.00,0.0,51257,132,-969,-71,981,1,43.6610587,-79.3949085,105.40,0.04,0.64,12,1,00:56:23,00
3685653,39,24289,47.97,1,1,0.00,0.0,51257,129,-969,-73,980,1,43.6610583,-79.3949082,105.40,0.11,0.64,12,1,00:56:24,00
3685959,34,24289,48.01,1,1,0.00,0.0,51257,131,-970,-70,981,1,43.6610583,-79.3949082,105.60,0.11,0.66,12,1,00:56:24,00
3686263,37,24289,48.01,1,1,0.00,0.0,51257,129,-967,-70,978,1,43.6610583,-79.3949082,105.60,0.11,0.66,12,1,00:56:24,00
3686566,38,24289,48.05,1,1,0.00,0.0,51257,129,-965,-73,977,1,43.6610583,-79.3949082,105.60,0.11,0.66,12,1,00:56:24,00
3686876,35,24289,48.07,1,1,0.00,0.0,51257,131,-969,-74,981,1,43.6610582,-79.3949075,105.70,0.17,0.67,12,1,00:56:25,00
3687185,42,24289,48.12,1,1,0.00,0.0,51257,127,-972,-69,982,1,43.6610582,-79.3949075,105.70,0.17,0.67,12,1,00:56:25,00
3687491,37,24289,48.11,1,1,0.00,0.0,51257,129,-970,-67,981,1,43.6610582,-79.3949075,105.70,0.17,0.67,12,1,00:56:25,00
3687794,22,24289,48.14,1,1,0.00,0.0,51257,128,-968,-66,978,1,43.6610578,-79.3949072,105.70,0.04,0.67,12,1,00:56:26,00
3688106,27,24289,48.19,1,1,0.00,0.0,51257,125,-970,-69,981,1,43.6610578,-79.3949072,105.80,0.04,0.66,12,1,00:56:26,00
3688413,28,24289,48.17,1,1,0.00,0.0,51257,129,-968,-78,979,1,43.6610578,-79.3949072,105.80,0.04,0.66,12,1,00:56:26,00
3688719,27,24289,48.31,1,1,0.00,0.0,51257,120,-975,-54,984,1,43.6610578,-79.3949072,105.80,0.04,0.66,12,1,00:56:26,00
3689030,22,24289,48.29,1,1,0.00,0.0,51257,136,-967,-71,979,1,43.6610577,-79.3949065,106.00,0.09,0.66,12,1,00:56:27,00
3689345,35,24289,48.37,1,1,0.00,0.0,51257,137,-969,-69,981,1,43.6610577,-79.3949065,106.00,0.09,0.66,12,1,00:56:27,00
3689650,31,24289,48.38,1,1,0.00,0.0,51257,123,-971,-66,981,1,43.6610577,-79.3949065,106.00,0.09,0.66,12,1,00:56:27,00
3689963,41,24289,48.42,1,1,0.00,0.0,51257,123,-966,-85,978,1,43.6610577,-79.3949062,106.00,0.04,0.66,12,1,00:56:28,00
3690273,36,24289,48.45,1,1,0.00,0.0,51257,122,-972,-61,981,1,43.6610577,-79.3949062,106.20,0.04,0.66,12,1,00:56:28,00
3690642,44,24289,48.48,1,1,0.00,0.0,51257,127,-970,-62,980,1,43.6610577,-79.3949062,106.20,0.04,0.66,12,1,00:56:28,00
3690949,34,24289,48.37,1,1,0.00,0.0,51257,131,-969,-74,980,1,43.6610575,-79.3949058,106.20,0.04,0.66,12,1,00:56:29,00
3691263,30,24289,48.50,1,1,0.00,0.0,51257,130,-972,-62,983,1,43.6610575,-79.3949058,106.40,0.04,0.64,12,1,00:56:29,00
3691570,33,24289,48.56,1,1,0.00,0.0,51258,138,-953,-81,966,1,43.6610575,-79.3949058,106.40,0.04,0.64,12,1,00:56:29,00
3691877,33,24289,48.58,1,1,0.00,0.0,51258,128,-969,-63,980,1,43.6610575,-79.3949058,106.40,0.04,0.64,12,1,00:56:29,00
3692191,22,24289,48.65,1,1,0.00,0.0,51258,137,-969,-81,982,1,43.6610575,-79.3949050,106.50,0.06,0.80,12,1,00:56:30,00
3692496,27,24289,48.63,1,1,0.00,0.0,51258,136,-961,-78,974,1,43.6610575,-79.3949050,106.50,0.06,0.80,12,1,00:56:30,00
3692807,25,24289,48.62,1,1,0.00,0.0,51258,114,-974,-54,983,1,43.6610575,-79.3949050,106.50,0.06,0.80,12,1,00:56:30,00
3693123,44,24289,48.64,1,1,0.00,0.0,51258,134,-966,-87,979,1,43.6610572,-79.3949047,106.50,0.04,0.80,12,1,00:56:31,00
3693439,38,24289,48.71,1,1,0.00,0.0,51258,119,-973,-56,982,1,43.6610572,-79.3949047,106.60,0.04,0.64,12,1,00:56:31,00
3693759,40,24289,48.74,1,1,0.00,0.0,51258,127,-970,-65,981,1,43.6610572,-79.3949047,106.60,0.04,0.64,12,1,00:56:31,00
3694074,22,24289,48.75,1,1,0.00,0.0,51258,130,-967,-77,979,1,43.6610572,-79.3949047,106.60,0.04,0.64,12,1,00:56:31,00
3694388,25,24289,48.73,1,1,0.00,0.0,51258,124,-973,-58,982,1,43.6610572,-79.3949043,106.60,0.09,0.66,12,1,00:56:32,00
3694701,29,24289,48.78,1,1,0.00,0.0,51258,133,-967,-81,980,1,43.6610572,-79.3949043,106.60,0.09,0.66,12,1,00:56:32,00
3695013,29,24289,48.81,1,1,0.00,0.0,51258,126,-971,-60,981,1,43.6610572,-79.3949043,106.60,0.09,0.66,12,1,00:56:32,00
3695331,24,24289,48.78,1,1,0.00,0.0,51259,131,-968,-71,979,1,43.6610580,-79.3949038,106.70,0.30,0.68,12,1,00:56:33,00
3695765,37,24289,48.78,1,1,0.00,0.0,51259,126,-970,-63,980,1,43.6610580,-79.3949038,106.70,0.30,0.68,12,1,00:56:33,00
3696054,32,24289,48.81,1,1,0.00,0.0,51259,130,-968,-74,979,1,43.6610580,-79.3949038,106.70,0.30,0.68,12,1,00:56:33,00
3696347,37,24289,48.77,1,1,0.00,0.0,51259,128,-969,-66,979,1,43.6610582,-79.3949037,106.70,0.11,0.64,12,1,00:56:34,00
3696643,32,24289,48.82,1,1,0.00,0.0,51259,130,-969,-71,980,1,43.6610582,-79.3949037,106.70,0.11,0.64,12,1,00:56:34,00
3696934,35,24289,48.86,1,1,0.00,0.0,51259,129,-968,-69,979,1,43.6610582,-79.3949037,106.70,0.11,0.64,12,1,00:56:34,00
3697224,37,24289,48.89,1,1,0.00,0.0,51259,127,-970,-69,980,1,43.6610582,-79.3949037,106.70,0.11,0.64,12,1,00:56:34,00
3697516,43,24289,48.88,1,1,0.00,0.0,51259,127,-969,-73,980,1,43.6610583,-79.3949032,106.70,0.06,0.65,12,1,00:56:35,00
3697811,34,24289,48.91,1,1,0.00,0.0,51259,124,-970,-69,981,1,43.6610583,-79.3949032,106.70,0.06,0.65,12,1,00:56:35,00
3698105,33,24289,48.87,1,1,0.00,0.0,51259,125,-968,-73,979,1,43.6610583,-79.3949032,106.70,0.06,0.65,12,1,00:56:35,00
3698401,37,24289,48.93,1,1,0.00,0.0,51259,122,-969,-71,980,1,43.6610583,-79.3949023,106.70,0.07,0.65,12,1,00:56:36,00
3698697,35,24289,48.93,1,1,0.00,0.0,51259,122,-969,-70,979,1,43.6610583,-79.3949023,106.80,0.07,0.69,12,1,00:56:36,00
3698995,54,24289,48.95,1,1,0.00,0.0,51259,121,-968,-73,979,1,43.6610583,-79.3949023,106.80,0.07,0.69,12,1,00:56:36,00
3699295,55,24289,48.95,1,1,0.00,0.0,51259,127,-968,-73,979,1,43.6610583,-79.3949023,106.80,0.07,0.69,12,1,00:56:36,00
3699592,48,24289,48.98,1,1,0.00,0.0,51259,120,-968,-67,978,1,43.6610585,-79.3949018,106.90,0.04,0.64,12,1,00:56:37,00
3699894,51,24289,49.01,1,1,0.00,0.0,51260,191,-945,-104,970,1,43.6610585,-79.3949018,106.90,0.04,0.64,12,1,00:56:37,00
3700202,52,24289,48.98,1,1,0.00,0.0,51260,124,-977,-22,985,1,43.6610585,-79.3949018,106.90,0.04,0.64,12,1,00:56:37,00
3700561,65,24289,49.01,1,1,0.00,0.0,51260,119,-969,-71,979,1,43.6610588,-79.3949015,106.90,0.04,0.64,12,1,00:56:38,00
3700855,61,24289,49.01,1,1,0.00,0.0,51260,121,-973,-57,982,1,43.6610588,-79.3949015,106.90,0.04,0.66,12,1,00:56:38,00
3701160,46,24289,49.01,1,1,0.32,3.3,51261,130,-966,-76,978,1,43.6610588,-79.3949015,106.90,0.04,0.66,12,1,00:56:38,00
3701453,47,24289,48.99,1,1,0.32,3.3,51261,132,-968,-55,978,1,43.6610588,-79.3949015,106.90,0.04,0.66,12,1,00:56:38,00
3701748,42,24289,48.97,1,1,0.32,3.3,51261,149,-964,-71,977,1,43.6610592,-79.3949010,107.00,0.06,0.69,12,1,00:56:39,00
3702049,48,24289,49.06,1,1,0.32,3.3,51261,130,-971,-63,981,1,43.6610592,-79.3949010,107.00,0.06,0.69,12,1,00:56:39,00
3702341,54,24289,48.98,1,1,0.32,3.3,51261,124,-969,-79,980,1,43.6610592,-79.3949010,107.00,0.06,0.69,12,1,00:56:39,00
3702639,35,24289,49.01,1,1,0.32,3.3,51261,105,-972,-57,979,1,43.6610595,-79.3949002,107.00,0.22,0.69,12,1,00:56:40,00
3702941,39,24289,49.01,1,1,0.32,3.3,51261,146,-970,-60,983,1,43.6610595,-79.3949002,107.20,0.22,0.64,12,1,00:56:40,00
3703242,32,24289,49.04,1,1,0.00,0.0,51261,140,-967,-92,981,1,43.6610595,-79.3949002,107.20,0.22,0.64,12,1,00:56:40,00
3703549,32,24289,49.06,1,1,0.00,0.0,51261,126,-967,-62,977,1,43.6610595,-79.3949002,107.20,0.22,0.64,12,1,00:56:40,00
3703852,27,24289,49.03,1,1,0.00,0.0,51262,128,-975,-64,985,1,43.6610602,-79.3948990,107.20,0.35,0.68,12,1,00:56:41,00
3704169,30,24289,49.07,1,1,0.00,0.0,51262,118,-970,-70,980,1,43.6610602,-79.3948990,107.20,0.35,0.68,12,1,00:56:41,00
3704469,40,24289,49.10,1,1,0.00,0.0,51262,114,-969,-77,979,1,43.6610602,-79.3948990,107.20,0.35,0.68,12,1,00:56:41,00
3704774,44,24289,49.07,1,1,0.00,0.0,51262,120,-967,-79,978,1,43.6610602,-79.3948990,107.20,0.11,0.68,12,1,00:56:42,00
3705080,40,24289,49.03,1,1,0.00,0.0,51262,133,-967,-81,979,1,43.6610602,-79.3948990,107.20,0.11,0.64,12,1,00:56:42,00
3705457,49,24289,49.03,1,1,0.00,0.0,51262,145,-964,-79,979,1,43.6610602,-79.3948990,107.20,0.11,0.64,12,1,00:56:42,00
3705774,49,24289,48.99,1,1,0.00,0.0,51262,123,-971,-64,981,1,43.6610602,-79.3948990,107.20,0.11,0.64,12,1,00:56:42,00
3706076,39,24289,49.03,1,1,0.00,0.0,51262,128,-970,-74,981,1,43.6610603,-79.3948992,107.10,0.09,0.70,12,1,00:56:43,00
3706382,31,24289,48.95,1,1,0.00,0.0,51262,128,-968,-71,979,1,43.6610603,-79.3948992,107.10,0.09,0.70,12,1,00:56:43,00
3706686,34,24289,48.93,1,1,0.00,0.0,51262,130,-971,-67,982,1,43.6610603,-79.3948992,107.10,0.09,0.70,12,1,00:56:43,00
3706984,26,24289,48.87,1,1,0.00,0.0,51262,134,-969,-81,982,1,43.6610602,-79.3948995,107.10,0.35,0.66,12,1,00:56:44,00
3707280,35,24289,48.88,1,1,0.00,0.0,51262,127,-971,-56,981,1,43.6610602,-79.3948995,107.10,0.35,0.66,12,1,00:56:44,00
3707585,37,24289,48.85,1,1,0.00,0.0,51262,130,-967,-73,978,1,43.6610602,-79.3948995,107.10,0.35,0.66,12,1,00:56:44,00
3707890,22,24289,48.87,1,1,0.00,0.0,51262,126,-966,-65,976,1,43.6610602,-79.3948995,107.10,0.35,0.66,12,1,00:56:44,00
3708194,27,24289,48.89,1,1,0.00,0.0,51262,128,-973,-69,984,1,43.6610595,-79.3949003,107.20,0.22,0.67,12,1,00:56:45,00
3708501,43,24289,48.83,1,1,0.00,0.0,51262,90,-984,-40,989,1,43.6610595,-79.3949003,107.20,0.22,0.67,12,1,00:56:45,00
3708802,43,24289,48.85,1,1,0.00,0.0,51262,159,-959,-97,977,1,43.6610595,-79.3949003,107.20,0.22,0.67,12,1,00:56:45,00
3709109,45,24289,48.86,1,1,0.00,0.0,51262,132,-965,-66,976,1,43.6610593,-79.3949003,107.20,0.13,0.67,12,1,00:56:46,00
3709421,36,24289,48.83,1,1,0.00,0.0,51262,149,-962,-95,979,1,43.6610593,-79.3949003,107.20,0.13,0.69,12,1,00:56:46,00
3709732,41,24289,48.83,1,1,0.00,0.0,51262,102,-972,-65,979,1,43.6610593,-79.3949003,107.20,0.13,0.69,12,1,00:56:46,00
3710040,36,24289,48.79,1,1,0.00,0.0,51262,134,-962,-96,976,1,43.6610593,-79.3949003,107.20,0.13,0.69,12,1,00:56:46,00
3710401,34,24289,48.75,1,1,0.00,0.0,51262,136,-965,-79,978,1,43.6610592,-79.3949000,107.30,0.13,0.66,12,1,00:56:47,00
3710710,26,24289,48.77,1,1,0.00,0.0,51262,126,-972,-53,981,1,43.6610592,-79.3949000,107.30,0.13,0.66,12,1,00:56:47,00
3711016,27,24289,48.76,1,1,0.00,0.0,51262,151,-963,-79,978,1,43.6610592,-79.3949000,107.30,0.13,0.66,12,1,00:56:47,00
3711320,23,24289,48.73,1,1,0.00,0.0,51262,129,-971,-47,981,1,43.6610593,-79.3948998,107.20,0.06,0.67,12,1,00:56:48,00
3711628,21,24289,48.65,1,1,0.00,0.0,51262,127,-964,-78,976,1,43.6610593,-79.3948998,107.20,0.06,0.67,12,1,00:56:48,00
3711941,27,24289,48.75,1,1,0.00,0.0,51262,113,-971,-71,980,1,43.6610593,-79.3948998,107.20,0.06,0.67,12,1,00:56:48,00
3712253,21,24289,48.66,1,1,0.00,0.0,51262,121,-970,-70,980,1,43.6610598,-79.3949002,107.20,0.04,0.67,12,1,00:56:49,00
3712563,40,24289,48.66,1,1,0.00,0.0,51262,135,-969,-74,981,1,43.6610598,-79.3949002,107.10,0.04,0.67,12,1,00:56:49,00
3712876,26,24289,48.67,1,1,0.00,0.0,51262,137,-972,-65,984,1,43.6610598,-79.3949002,107.10,0.04,0.67,12,1,00:56:49,00
3713183,32,24289,48.73,1,1,0.00,0.0,51262,136,-966,-73,978,1,43.6610598,-79.3949002,107.10,0.04,0.67,12,1,00:56:49,00
3713498,41,24289,48.69,1,1,0.00,0.0,51262,130,-970,-71,981,1,43.6610602,-79.3949002,107.00,0.06,0.66,12,1,00:56:50,00
3713812,31,24289,48.71,1,1,0.00,0.0,51262,121,-969,-67,979,1,43.6610602,-79.3949002,107.00,0.06,0.66,12,1,00:56:50,00
3714119,29,24289,48.69,1,1,0.00,0.0,51262,125,-971,-73,982,1,43.6610602,-79.3949002,107.00,0.06,0.66,12,1,00:56:50,00
3714427,31,24289,48.72,1,1,0.00,0.0,51262,131,-973,-65,984,1,43.6610607,-79.3948997,107.00,0.09,0.66,12,1,00:56:51,00
3714737,33,24289,48.74,1,1,0.00,0.0,51262,130,-968,-64,979,1,43.6610607,-79.3948997,106.90,0.09,0.69,12,1,00:56:51,00
3715056,26,24289,48.72,1,1,0.00,0.0,51262,129,-969,-70,981,1,43.6610607,-79.3948997,106.90,0.09,0.69,12,1,00:56:51,00
3715438,27,24289,48.70,1,1,0.00,0.0,51262,130,-970,-70,981,1,43.6610607,-79.3948990,106.90,0.11,0.69,12,1,00:56:52,00
3715747,31,24289,48.67,1,1,0.00,0.0,51262,129,-970,-72,981,1,43.6610607,-79.3948990,106.90,0.11,0.64,12,1,00:56:52,00
3716058,35,24289,48.72,1,1,0.00,0.0,51262,127,-969,-66,980,1,43.6610607,-79.3948990,106.90,0.11,0.64,12,1,00:56:52,00
3716371,30,24289,48.62,1,1,0.00,0.0,51262,131,-971,-70,982,1,43.6610607,-79.3948990,106.90,0.11,0.64,12,1,00:56:52,00
3716682,35,24289,48.69,1,1,0.00,0.0,51262,129,-970,-68,981,1,43.6610605,-79.3948992,106.90,0.07,0.66,12,1,00:56:53,00
3716989,38,24289,48.63,1,1,0.00,0.0,51262,131,-969,-72,980,1,43.6610605,-79.3948992,106.90,0.07,0.66,12,1,00:56:53,00
3717305,29,24289,48.65,1,1,0.00,0.0,51262,128,-970,-64,981,1,43.6610605,-79.3948992,106.90,0.07,0.66,12,1,00:56:53,00
3717623,35,24289,48.59,1,1,0.00,0.0,51262,128,-969,-69,980,1,43.6610608,-79.3948992,106.90,0.13,0.66,12,1,00:56:54,00
3717986,26,24289,48.58,1,1,0.00,0.0,51262,127,-968,-69,978,1,43.6610608,-79.3948992,106.80,0.13,0.68,12,1,00:56:54,00
3718274,19,24289,48.52,1,1,0.00,0.0,51262,136,-968,-72,980,1,43.6610608,-79.3948992,106.80,0.13,0.68,12,1,00:56:54,00
3718566,28,24289,48.57,1,1,0.00,0.0,51262,132,-968,-69,980,1,43.6610608,-79.3948992,106.80,0.13,0.68,12,1,00:56:54,00
3718858,21,24289,48.52,1,1,0.00,0.0,51262,126,-970,-70,981,1,43.6610605,-79.3948988,106.70,0.11,0.61,12,1,00:56:55,00
3719158,17,24289,48.53,1,1,0.00,0.0,51262,127,-968,-71,979,1,43.6610605,-79.3948988,106.70,0.11,0.61,12,1,00:56:55,00
3719453,34,24289,48.51,1,1,0.00,0.0,51262,134,-967,-75,979,1,43.6610605,-79.3948988,106.70,0.11,0.61,12,1,00:56:55,00
3719754,28,24289,48.54,1,1,0.00,0.0,51262,127,-970,-66,981,1,43.6610603,-79.3948988,106.70,0.02,0.61,12,1,00:56:56,00
3720049,29,24289,48.53,1,1,0.00,0.0,51262,131,-969,-71,980,1,43.6610603,-79.3948988,106.50,0.02,0.61,12,1,00:56:56,00
3720402,35,24289,48.55,1,1,0.00,0.0,51262,128,-968,-70,979,1,43.6610603,-79.3948988,106.50,0.02,0.61,12,1,00:56:56,00
3720690,34,24289,48.51,1,1,0.00,0.0,51262,127,-972,-59,982,1,43.6610603,-79.3948988,106.50,0.02,0.61,12,1,00:56:56,00
3720982,39,24289,48.51,1,1,0.00,0.0,51262,131,-967,-76,979,1,43.6610605,-79.3948985,106.30,0.04,0.68,12,1,00:56:57,00
3721273,31,24289,48.46,1,1,0.00,0.0,51262,126,-971,-67,982,1,43.6610605,-79.3948985,106.30,0.04,0.68,12,1,00:56:57,00
3721575,46,24289,48.47,1,1,0.00,0.0,51262,129,-971,-68,982,1,43.6610605,-79.3948985,106.30,0.04,0.68,12,1,00:56:57,00
3721867,28,24289,48.45,1,1,0.00,0.0,51262,131,-968,-71,980,1,43.6610608,-79.3948983,106.30,0.00,0.68,12,1,00:56:58,00
3722166,39,24289,48.41,1,1,0.00,0.0,51262,128,-968,-68,979,1,43.6610608,-79.3948983,106.20,0.00,0.61,12,1,00:56:58,00
3722458,32,24289,48.41,1,1,0.00,0.0,51262,127,-968,-75,979,1,43.6610608,-79.3948983,106.20,0.00,0.61,12,1,00:56:58,00
3722753,24,24289,48.38,1,1,0.00,0.0,51262,125,-969,-54,979,1,43.6610608,-79.3948983,106.20,0.00,0.61,12,1,00:56:58,00
3723058,32,24289,48.37,1,1,0.00,0.0,51262,138,-958,-93,973,1,43.6610608,-79.3948980,106.20,0.04,0.63,12,1,00:56:59,00
3723358,40,24289,48.37,1,1,0.00,0.0,51262,134,-979,-91,992,1,43.6610608,-79.3948980,106.20,0.04,0.63,12,1,00:56:59,00
3723660,25,24289,48.34,1,1,0.00,0.0,51262,112,-978,-20,984,1,43.6610608,-79.3948980,106.20,0.04,0.63,12,1,00:56:59,00
3723964,14,24289,48.29,1,1,0.00,0.0,51262,154,-953,-115,972,1,43.6610612,-79.3948978,106.20,0.13,0.63,12,1,00:57:00,00
3724264,26,24289,48.31,1,1,0.00,0.0,51262,109,-977,-20,983,1,43.6610612,-79.3948978,106.10,0.13,0.62,12,1,00:57:00,00
3724561,35,24289,48.18,1,1,0.00,0.0,51262,147,-959,-107,976,1,43.6610612,-79.3948978,106.10,0.13,0.62,12,1,00:57:00,00
3724862,24,24289,48.25,1,1,0.00,0.0,51262,112,-978,-36,986,1,43.6610612,-79.3948978,106.10,0.13,0.62,12,1,00:57:00,00
3725227,26,24289,48.26,1,1,0.00,0.0,51262,110,-978,-25,985,1,43.6610610,-79.3948978,106.10,0.07,0.61,12,1,00:57:01,00
3725533,41,24289,48.26,1,1,0.00,0.0,51262,132,-970,-79,982,1,43.6610610,-79.3948978,106.10,0.07,0.61,12,1,00:57:01,00
3725833,19,24289,48.22,1,1,0.00,0.0,51262,127,-968,-65,979,1,43.6610610,-79.3948978,106.10,0.07,0.61,12,1,00:57:01,00
3726128,16,24289,48.24,1,1,0.00,0.0,51262,130,-965,-79,977,1,43.6610605,-79.3948980,106.10,0.02,0.61,12,1,00:57:02,00
3726428,21,24289,48.21,1,1,0.00,0.0,51262,133,-968,-79,980,1,43.6610605,-79.3948980,106.10,0.02,0.63,12,1,00:57:02,00
3726734,21,24289,48.20,1,1,0.00,0.0,51262,137,-965,-78,978,1,43.6610605,-79.3948980,106.10,0.02,0.63,12,1,00:57:02,00
3727028,19,24289,48.22,1,1,0.00,0.0,51262,123,-971,-50,980,1,43.6610605,-79.3948980,106.10,0.02,0.63,12,1,00:57:02,00
3727325,16,24289,48.22,1,1,0.00,0.0,51262,139,-965,-81,978,1,43.6610600,-79.3948980,106.20,0.09,0.64,12,1,00:57:03,00
3727627,12,24289,48.25,1,1,0.00,0.0,51262,119,-972,-46,980,1,43.6610600,-79.3948980,106.20,0.09,0.64,12,1,00:57:03,00
3727930,11,24289,48.25,1,1,0.00,0.0,51262,134,-969,-94,983,1,43.6610600,-79.3948980,106.20,0.09,0.64,12,1,00:57:03,00
3728232,14,24289,48.20,1,1,0.00,0.0,51262,124,-968,-59,978,1,43.6610593,-79.3948977,106.20,0.09,0.64,12,1,00:57:04,00
3728531,25,24289,48.17,1,1,0.00,0.0,51262,136,-967,-71,979,1,43.6610593,-79.3948977,106.20,0.09,0.61,12,1,00:57:04,00
3728840,18,24289,48.18,1,1,0.00,0.0,51262,132,-969,-76,981,1,43.6610593,-79.3948977,106.20,0.09,0.61,12,1,00:57:04,00
3729140,14,24289,48.21,1,1,0.00,0.0,51262,122,-970,-60,979,1,43.6610593,-79.3948977,106.20,0.09,0.61,12,1,00:57:04,00
3729448,14,24289,48.21,1,1,0.00,0.0,51262,130,-967,-75,978,1,43.6610593,-79.3948978,106.20,0.02,0.63,12,1,00:57:05,00
3729756,38,24289,48.16,1,1,0.00,0.0,51262,127,-970,-61,980,1,43.6610593,-79.3948978,106.20,0.02,0.63,12,1,00:57:05,00
3730123,37,24289,48.14,1,1,0.00,0.0,51262,131,-967,-70,978,1,43.6610593,-79.3948978,106.20,0.02,0.63,12,1,00:57:05,00
3730420,45,24289,48.12,1,1,0.00,0.0,51262,122,-972,-60,981,1,43.6610597,-79.3948982,106.20,0.15,0.63,12,1,00:57:06,00
3730723,44,24289,48.12,1,1,0.00,0.0,51262,128,-970,-69,981,1,43.6610597,-79.3948982,106.20,0.15,0.67,12,1,00:57:06,00
3731031,39,24289,48.16,1,1,0.00,0.0,51262,127,-970,-68,981,1,43.6610597,-79.3948982,106.20,0.15,0.67,12,1,00:57:06,00
3731335,31,24289,48.15,1,1,0.00,0.0,51262,127,-968,-71,978,1,43.6610597,-79.3948982,106.20,0.15,0.67,12,1,00:57:06,00
3731642,29,24289,48.18,1,1,0.00,0.0,51262,127,-971,-69,982,1,43.6610598,-79.3948988,106.00,0.06,0.61,12,1,00:57:07,00
3731954,32,24289,48.11,1,1,0.00,0.0,51262,130,-969,-66,980,1,43.6610598,-79.3948988,106.00,0.06,0.61,12,1,00:57:07,00
3732266,33,24289,48.15,1,1,0.00,0.0,51262,136,-968,-75,980,1,43.6610598,-79.3948988,106.00,0.06,0.61,12,1,00:57:07,00
3732573,34,24289,48.08,1,1,0.00,0.0,51262,128,-969,-68,980,1,43.6610602,-79.3948987,105.80,0.07,0.63,12,1,00:57:08,00
3732880,36,24289,48.08,1,1,0.00,0.0,51262,128,-970,-72,981,1,43.6610602,-79.3948987,105.80,0.07,0.63,12,1,00:57:08,00
3733183,43,24289,48.11,1,1,0.00,0.0,51262,129,-970,-69,981,1,43.6610602,-79.3948987,105.80,0.07,0.63,12,1,00:57:08,00
3733497,41,24289,48.06,1,1,0.00,0.0,51262,128,-969,-67,980,1,43.6610602,-79.3948987,105.80,0.02,0.63,12,1,00:57:09,00
3733806,37,24289,47.96,1,1,0.00,0.0,51262,131,-969,-73,980,1,43.6610602,-79.3948987,105.80,0.02,0.64,12,1,00:57:09,00
3734116,45,24289,48.02,1,1,0.00,0.0,51262,127,-969,-64,979,1,43.6610602,-79.3948987,105.80,0.02,0.64,12,1,00:57:09,00
3734432,35,24289,48.04,1,1,0.00,0.0,51262,129,-969,-66,980,1,43.6610602,-79.3948987,105.80,0.02,0.64,12,1,00:57:09,00
3734744,42,24289,48.03,1,1,0.00,0.0,51262,129,-969,-70,980,1,43.6610598,-79.3948983,105.70,0.09,0.61,12,1,00:57:10,00
3735122,47,24289,48.05,1,1,0.00,0.0,51262,118,-971,-73,981,1,43.6610598,-79.3948983,105.70,0.09,0.61,12,1,00:57:10,00
3735427,31,24289,48.06,1,1,0.00,0.0,51262,137,-971,-40,981,1,43.6610598,-79.3948983,105.70,0.09,0.61,12,1,00:57:10,00
