timestamp_ms,current_mA,voltage_mV,temperature_C,temperature_valid,wheel_speed_valid,wheel_speed_kmph,wheel_rpm,wheel_spoke_count,ax_x100,ay_x100,az_x100,amag_x100,gps_location_valid,gps_lat,gps_long,gps_alt_m,gps_speed_kmph,gps_hdop,gps_sats,gps_time_valid,gps_time_utc,gps_centisecond
2621424,31,24289,47.20,1,1,0.00,0.0,31038,137,-963,-69,975,1,43.6610547,-79.3950102,106.90,0.09,0.59,12,1,00:38:36,00
2621735,25,24289,47.19,1,1,0.00,0.0,31038,118,-967,-45,975,1,43.6610548,-79.3950098,107.00,0.09,0.64,12,1,00:38:37,00
2622110,31,24289,47.26,1,1,0.00,0.0,31038,141,-953,-66,966,1,43.6610548,-79.3950098,107.00,0.09,0.64,12,1,00:38:37,00
2622414,17,24289,47.25,1,1,0.00,0.0,31038,127,-974,-61,984,1,43.6610548,-79.3950098,107.00,0.09,0.64,12,1,00:38:37,00
2622725,27,24289,47.27,1,1,0.00,0.0,31038,137,-969,-66,981,1,43.6610550,-79.3950098,107.00,0.19,0.62,12,1,00:38:38,00
2623035,25,24289,47.24,1,1,0.00,0.0,31038,132,-971,-77,983,1,43.6610550,-79.3950098,107.00,0.19,0.62,12,1,00:38:38,00
2623345,31,24289,47.30,1,1,0.00,0.0,31038,150,-963,-74,977,1,43.6610550,-79.3950098,107.00,0.19,0.62,12,1,00:38:38,00
2623698,28,24289,47.27,1,1,0.00,0.0,31038,109,-971,-65,980,1,43.6610547,-79.3950097,107.00,0.15,0.62,12,1,00:38:39,00
2623986,13,24289,47.27,1,1,0.00,0.0,31038,140,-995,-61,1007,1,43.6610547,-79.3950097,106.90,0.15,0.66,12,1,00:38:39,00
2624284,31,24289,47.29,1,1,0.00,0.0,31038,131,-959,-85,972,1,43.6610547,-79.3950097,106.90,0.15,0.66,12,1,00:38:39,00
2624575,33,24289,47.27,1,1,0.00,0.0,31038,109,-931,-40,938,1,43.6610547,-79.3950097,106.90,0.15,0.66,12,1,00:38:39,00
2624869,31,24289,47.28,1,1,0.00,0.0,31038,134,-968,-62,979,1,43.6610545,-79.3950095,106.90,0.04,0.66,12,1,00:38:40,00
2625167,37,24289,47.24,1,1,0.00,0.0,31038,140,-979,-31,989,1,43.6610545,-79.3950095,106.90,0.04,0.66,12,1,00:38:40,00
2625459,29,24289,47.19,1,1,0.00,0.0,31038,115,-968,-82,978,1,43.6610545,-79.3950095,106.90,0.04,0.66,12,1,00:38:40,00
2625751,20,24289,47.13,1,1,0.00,0.0,31038,80,-962,-94,969,1,43.6610545,-79.3950093,106.90,0.04,0.64,12,1,00:38:41,00
2626046,24,24289,47.13,1,1,0.00,0.0,31038,150,-962,-63,975,1,43.6610545,-79.3950093,106.90,0.04,0.64,12,1,00:38:41,00
2626357,23,24289,47.05,1,1,0.00,0.0,31038,128,-976,-86,988,1,43.6610545,-79.3950093,106.90,0.04,0.64,12,1,00:38:41,00
2626653,35,24289,47.07,1,1,0.00,0.0,31038,128,-949,-63,959,1,43.6610543,-79.3950093,106.90,0.11,0.64,12,1,00:38:42,00
2627008,41,24289,47.05,1,1,0.00,0.0,31038,161,-960,-49,974,1,43.6610543,-79.3950093,106.90,0.11,0.68,12,1,00:38:42,00
2627301,38,24289,47.05,1,1,0.00,0.0,31038,143,-979,-73,992,1,43.6610543,-79.3950093,106.90,0.11,0.68,12,1,00:38:42,00
2627591,34,24289,47.03,1,1,0.00,0.0,31038,149,-977,-62,990,1,43.6610555,-79.3950097,106.90,0.78,0.68,12,1,00:38:43,00
2627877,30,24289,47.00,1,1,0.00,0.0,31038,172,-971,-47,987,1,43.6610555,-79.3950097,107.00,0.78,0.62,12,1,00:38:43,00
2628168,30,24289,47.02,1,1,0.00,0.0,31038,126,-964,-76,975,1,43.6610555,-79.3950097,107.00,0.78,0.62,12,1,00:38:43,00
2628465,36,24289,46.96,1,1,0.00,0.0,31038,138,-973,-49,983,1,43.6610555,-79.3950097,107.00,0.78,0.62,12,1,00:38:43,00
2628764,40,24289,47.00,1,1,0.00,0.0,31038,133,-978,-69,989,1,43.6610562,-79.3950095,107.00,0.04,0.61,12,1,00:38:44,00
2629072,40,24289,46.94,1,1,0.00,0.0,31038,145,-965,-73,979,1,43.6610562,-79.3950095,107.00,0.04,0.61,12,1,00:38:44,00
2629366,44,24289,46.94,1,1,0.00,0.0,31038,114,-969,-28,977,1,43.6610562,-79.3950095,107.00,0.04,0.61,12,1,00:38:44,00
2629667,40,24289,46.92,1,1,0.00,0.0,31038,123,-971,-43,980,1,43.6610565,-79.3950090,107.00,0.07,0.61,12,1,00:38:45,00
2629963,45,24289,46.94,1,1,0.00,0.0,31038,158,-963,-75,979,1,43.6610565,-79.3950090,106.90,0.07,0.61,12,1,00:38:45,00
2630258,47,24289,46.90,1,1,0.00,0.0,31038,134,-970,-59,981,1,43.6610565,-79.3950090,106.90,0.07,0.61,12,1,00:38:45,00
2630563,42,24289,46.87,1,1,0.00,0.0,31038,134,-972,-89,986,1,43.6610565,-79.3950088,106.90,0.04,0.61,12,1,00:38:46,00
2630866,37,24289,46.89,1,1,0.00,0.0,31038,142,-962,-82,976,1,43.6610565,-79.3950088,106.90,0.04,0.59,12,1,00:38:46,00
2631171,29,24289,46.90,1,1,0.00,0.0,31038,149,-962,-97,978,1,43.6610565,-79.3950088,106.90,0.04,0.59,12,1,00:38:46,00
2631471,37,24289,46.94,1,1,0.00,0.0,31038,129,-967,-61,977,1,43.6610565,-79.3950088,106.90,0.04,0.59,12,1,00:38:46,00
2631831,31,24289,46.81,1,1,0.00,0.0,31038,128,-980,-49,990,1,43.6610567,-79.3950083,106.90,0.09,0.62,12,1,00:38:47,00
2632131,35,24289,46.95,1,1,0.00,0.0,31038,125,-969,-64,979,1,43.6610567,-79.3950083,106.90,0.09,0.62,12,1,00:38:47,00
2632427,36,24289,46.86,1,1,0.00,0.0,31038,129,-965,-59,976,1,43.6610567,-79.3950083,106.90,0.09,0.62,12,1,00:38:47,00
2632733,35,24289,46.96,1,1,0.00,0.0,31038,131,-972,-47,981,1,43.6610570,-79.3950083,106.90,0.17,0.61,12,1,00:38:48,00
2633038,38,24289,46.85,1,1,0.00,0.0,31038,125,-967,-84,978,1,43.6610570,-79.3950083,106.90,0.17,0.61,12,1,00:38:48,00
2633332,30,24289,46.88,1,1,0.00,0.0,31038,140,-969,-63,981,1,43.6610570,-79.3950083,106.90,0.17,0.61,12,1,00:38:48,00
2633626,25,24289,46.90,1,1,0.00,0.0,31038,131,-967,-60,978,1,43.6610573,-79.3950073,106.90,0.20,0.62,12,1,00:38:49,00
2633924,36,24289,46.90,1,1,0.00,0.0,31038,115,-971,-55,979,1,43.6610573,-79.3950073,106.90,0.20,0.62,12,1,00:38:49,00
2634221,32,24289,46.98,1,1,0.00,0.0,31038,138,-968,-70,980,1,43.6610573,-79.3950073,106.90,0.20,0.62,12,1,00:38:49,00
2634520,31,24289,47.02,1,1,0.00,0.0,31038,137,-971,-54,982,1,43.6610575,-79.3950062,106.90,0.07,0.62,12,1,00:38:50,00
2634825,20,24289,47.00,1,1,0.00,0.0,31038,133,-972,-60,983,1,43.6610575,-79.3950062,106.90,0.07,0.64,12,1,00:38:50,00
2635125,28,24289,47.02,1,1,0.00,0.0,31038,138,-970,-58,981,1,43.6610575,-79.3950062,106.90,0.07,0.64,12,1,00:38:50,00
2635427,31,24289,46.97,1,1,0.00,0.0,31038,127,-970,-58,980,1,43.6610575,-79.3950062,106.90,0.07,0.64,12,1,00:38:50,00
2635733,29,24289,46.99,1,1,0.00,0.0,31038,125,-969,-62,979,1,43.6610575,-79.3950058,106.90,0.06,0.68,12,1,00:38:51,00
2636045,43,24289,46.94,1,1,0.00,0.0,31038,133,-968,-61,979,1,43.6610575,-79.3950058,106.90,0.06,0.68,12,1,00:38:51,00
2636346,33,24289,46.88,1,1,0.00,0.0,31038,137,-969,-59,980,1,43.6610575,-79.3950058,106.90,0.06,0.68,12,1,00:38:51,00
2636717,37,24289,46.83,1,1,0.00,0.0,31038,131,-969,-59,980,1,43.6610568,-79.3950048,107.00,0.57,0.59,12,1,00:38:52,00
2637020,36,24289,46.79,1,1,0.00,0.0,31038,127,-973,-50,982,1,43.6610568,-79.3950048,107.00,0.57,0.59,12,1,00:38:52,00
2637318,31,24289,46.75,1,1,0.00,0.0,31038,137,-968,-65,980,1,43.6610568,-79.3950048,107.00,0.57,0.59,12,1,00:38:52,00
2637617,38,24289,46.71,1,1,0.00,0.0,31038,136,-969,-54,980,1,43.6610553,-79.3949975,106.90,2.89,0.62,12,1,00:38:53,00
2637926,36,24289,46.65,1,1,0.00,0.0,31038,133,-970,-57,980,1,43.6610553,-79.3949975,106.90,2.89,0.62,12,1,00:38:53,00
2638231,35,24289,46.66,1,1,0.00,0.0,31038,135,-969,-57,980,1,43.6610553,-79.3949975,106.90,2.89,0.62,12,1,00:38:53,00
2638533,40,24289,46.66,1,1,0.00,0.0,31038,133,-970,-60,981,1,43.6610572,-79.3949922,106.90,1.67,0.62,12,1,00:38:54,00
2638835,27,24289,46.67,1,1,0.00,0.0,31038,133,-968,-60,979,1,43.6610572,-79.3949922,106.80,1.67,0.68,12,1,00:38:54,00
2639143,33,24289,46.71,1,1,0.00,0.0,31038,135,-969,-57,980,1,43.6610572,-79.3949922,106.80,1.67,0.68,12,1,00:38:54,00
2639455,36,24289,46.67,1,1,0.00,0.0,31038,132,-969,-58,980,1,43.6610572,-79.3949922,106.80,1.67,0.68,12,1,00:38:54,00
2639764,29,24289,46.69,1,1,0.00,0.0,31038,132,-971,-59,981,1,43.6610585,-79.3949963,106.90,1.31,0.67,12,1,00:38:55,00
2640073,29,24289,46.70,1,1,0.00,0.0,31038,137,-969,-55,980,1,43.6610585,-79.3949963,106.90,1.31,0.67,12,1,00:38:55,00
2640385,25,24289,46.67,1,1,0.00,0.0,31038,130,-970,-56,981,1,43.6610585,-79.3949963,106.90,1.31,0.67,12,1,00:38:55,00
2640692,12,24289,46.67,1,1,0.00,0.0,31038,136,-967,-64,979,1,43.6610622,-79.3950018,106.70,0.94,0.65,12,1,00:38:56,00
2641001,31,24289,46.69,1,1,0.00,0.0,31038,156,-963,-70,978,1,43.6610622,-79.3950018,106.70,0.94,0.65,12,1,00:38:56,00
2641310,32,24289,46.73,1,1,0.00,0.0,31038,145,-969,-58,981,1,43.6610622,-79.3950018,106.70,0.94,0.65,12,1,00:38:56,00
2641674,29,24289,46.73,1,1,0.00,0.0,31038,129,-966,-66,977,1,43.6610585,-79.3950002,106.50,0.20,0.66,12,1,00:38:57,00
2641981,34,24289,46.75,1,1,0.00,0.0,31038,141,-971,-53,982,1,43.6610585,-79.3950002,106.50,0.20,0.66,12,1,00:38:57,00
2642282,29,24289,46.75,1,1,0.00,0.0,31038,131,-969,-48,979,1,43.6610585,-79.3950002,106.50,0.20,0.66,12,1,00:38:57,00
2642593,35,24289,46.77,1,1,0.00,0.0,31038,113,-975,-51,983,1,43.6610597,-79.3949905,106.40,0.04,0.62,12,1,00:38:58,00
2642902,29,24289,46.75,1,1,0.00,0.0,31038,135,-970,-55,981,1,43.6610597,-79.3949905,106.40,0.04,0.62,12,1,00:38:58,00
2643208,31,24289,46.81,1,1,0.00,0.0,31038,121,-970,-46,978,1,43.6610597,-79.3949905,106.40,0.04,0.62,12,1,00:38:58,00
2643519,46,24289,46.81,1,1,0.00,0.0,31038,140,-972,-50,984,1,43.6610632,-79.3949853,106.40,0.06,0.62,12,1,00:38:59,00
2643825,28,24289,46.82,1,1,0.00,0.0,31038,130,-969,-54,980,1,43.6610632,-79.3949853,106.10,0.06,0.66,12,1,00:38:59,00
2644137,26,24289,46.82,1,1,0.00,0.0,31038,129,-968,-52,978,1,43.6610632,-79.3949853,106.10,0.06,0.66,12,1,00:38:59,00
2644448,41,24289,46.81,1,1,0.00,0.0,31038,119,-968,-102,981,1,43.6610638,-79.3949850,106.10,0.09,0.66,12,1,00:39:00,00
2644757,44,24289,46.80,1,1,0.00,0.0,31038,149,-969,-52,981,1,43.6610638,-79.3949850,106.10,0.09,0.67,12,1,00:39:00,00
2645069,44,24289,46.83,1,1,0.00,0.0,31038,174,-987,-83,1006,1,43.6610638,-79.3949850,106.10,0.09,0.67,12,1,00:39:00,00
2645377,34,24289,46.81,1,1,0.00,0.0,31038,130,-969,-74,980,1,43.6610638,-79.3949850,106.10,0.09,0.67,12,1,00:39:00,00
2645739,38,24289,46.71,1,1,0.00,0.0,31038,127,-971,-63,981,1,43.6610625,-79.3949840,105.90,0.06,0.62,12,1,00:39:01,00
2646038,25,24289,46.72,1,1,0.00,0.0,31038,134,-973,-53,984,1,43.6610625,-79.3949840,105.90,0.06,0.62,12,1,00:39:01,00
2646327,21,24289,46.73,1,1,0.00,0.0,31038,140,-967,-55,979,1,43.6610625,-79.3949840,105.90,0.06,0.62,12,1,00:39:01,00
2646683,22,24289,46.75,1,1,0.00,0.0,31038,141,-968,-55,980,1,43.6610612,-79.3949857,106.00,0.19,0.69,12,1,00:39:02,00
2646978,23,24289,46.72,1,1,0.00,0.0,31038,138,-968,-61,980,1,43.6610612,-79.3949857,106.00,0.19,0.69,12,1,00:39:02,00
2647268,24,24289,46.75,1,1,0.00,0.0,31038,136,-968,-61,979,1,43.6610612,-79.3949857,106.00,0.19,0.69,12,1,00:39:02,00
2647557,32,24289,46.79,1,1,0.00,0.0,31038,152,-968,-58,981,1,43.6610603,-79.3949872,105.80,0.07,0.62,12,1,00:39:03,00
2647855,31,24289,46.78,1,1,0.00,0.0,31038,122,-968,-62,978,1,43.6610603,-79.3949872,105.80,0.07,0.62,12,1,00:39:03,00
2648145,29,24289,46.79,1,1,0.00,0.0,31038,127,-975,-40,984,1,43.6610603,-79.3949872,105.80,0.07,0.62,12,1,00:39:03,00
2648438,27,24289,46.73,1,1,0.00,0.0,31038,136,-970,-73,982,1,43.6610595,-79.3949890,105.80,0.04,0.62,12,1,00:39:04,00
2648735,32,24289,46.75,1,1,0.00,0.0,31038,135,-966,-66,977,1,43.6610595,-79.3949890,105.80,0.04,0.62,12,1,00:39:04,00
2649030,30,24289,46.77,1,1,0.00,0.0,31038,134,-969,-57,980,1,43.6610595,-79.3949890,105.80,0.04,0.62,12,1,00:39:04,00
2649323,23,24289,46.77,1,1,0.00,0.0,31038,131,-969,-60,980,1,43.6610595,-79.3949890,105.80,0.04,0.62,12,1,00:39:04,00
2649616,26,24289,46.78,1,1,0.00,0.0,31038,133,-972,-56,982,1,43.6610578,-79.3949908,105.90,0.06,0.69,12,1,00:39:05,00
2649918,31,24289,46.79,1,1,0.00,0.0,31038,133,-969,-61,980,1,43.6610578,-79.3949908,105.90,0.06,0.69,12,1,00:39:05,00
2650213,23,24289,46.81,1,1,0.00,0.0,31038,135,-968,-63,979,1,43.6610578,-79.3949908,105.90,0.06,0.69,12,1,00:39:05,00
2650509,38,24289,46.82,1,1,0.00,0.0,31038,133,-969,-59,980,1,43.6610547,-79.3949923,106.10,1.43,0.62,12,1,00:39:06,00
2650805,24,24289,46.85,1,1,0.00,0.0,31038,133,-969,-61,980,1,43.6610547,-79.3949923,106.10,1.43,0.62,12,1,00:39:06,00
2651099,27,24289,46.85,1,1,0.00,0.0,31038,134,-969,-63,980,1,43.6610547,-79.3949923,106.10,1.43,0.62,12,1,00:39:06,00
2651463,23,24289,46.94,1,1,0.00,0.0,31038,133,-970,-57,981,1,43.6610597,-79.3949982,106.10,4.43,0.62,12,1,00:39:07,00
2651754,31,24289,46.92,1,1,0.00,0.0,31038,133,-970,-57,980,1,43.6610597,-79.3949982,106.20,4.43,0.62,12,1,00:39:07,00
2652054,22,24289,46.91,1,1,0.00,0.0,31038,133,-969,-56,980,1,43.6610597,-79.3949982,106.20,4.43,0.62,12,1,00:39:07,00
2652350,32,24289,46.96,1,1,0.00,0.0,31038,134,-969,-59,980,1,43.6610597,-79.3949982,106.20,4.43,0.62,12,1,00:39:07,00
2652645,30,24289,46.93,1,1,0.00,0.0,31038,132,-970,-57,980,1,43.6610660,-79.3950050,106.30,2.96,0.65,12,1,00:39:08,00
2652944,31,24289,46.92,1,1,0.00,0.0,31038,135,-970,-55,981,1,43.6610660,-79.3950050,106.30,2.96,0.65,12,1,00:39:08,00
2653241,36,24289,46.95,1,1,0.00,0.0,31038,96,-958,-52,964,1,43.6610660,-79.3950050,106.30,2.96,0.65,12,1,00:39:08,00
2653543,43,24289,46.97,1,1,0.00,0.0,31038,132,-972,-61,983,1,43.6610703,-79.3950047,106.30,1.78,0.66,12,1,00:39:09,00
2653838,29,24289,47.04,1,1,0.00,0.0,31038,127,-973,-55,983,1,43.6610703,-79.3950047,106.30,1.78,0.66,12,1,00:39:09,00
2654141,25,24289,47.00,1,1,0.00,0.0,31038,135,-971,-60,982,1,43.6610703,-79.3950047,106.30,1.78,0.66,12,1,00:39:09,00
2654442,38,24289,47.03,1,1,0.00,0.0,31038,153,-963,-60,977,1,43.6610705,-79.3950077,106.30,1.11,0.66,12,1,00:39:10,00
2654737,28,24289,47.03,1,1,0.00,0.0,31038,138,-968,-64,980,1,43.6610705,-79.3950077,106.10,1.11,0.66,12,1,00:39:10,00
2655040,28,24289,47.07,1,1,0.00,0.0,31038,130,-972,-66,983,1,43.6610705,-79.3950077,106.10,1.11,0.66,12,1,00:39:10,00
2655342,35,24289,47.08,1,1,0.00,0.0,31038,139,-971,-66,983,1,43.6610705,-79.3950077,106.10,1.11,0.66,12,1,00:39:10,00
2655642,34,24289,47.11,1,1,0.00,0.0,31038,149,-952,-83,967,1,43.6610767,-79.3950063,105.90,2.78,0.69,12,1,00:39:11,00
2655951,27,24289,47.09,1,1,0.00,0.0,31038,113,-979,-59,987,1,43.6610767,-79.3950063,105.90,2.78,0.69,12,1,00:39:11,00
2656321,26,24289,47.07,1,1,0.00,0.0,31038,139,-966,-68,978,1,43.6610767,-79.3950063,105.90,2.78,0.69,12,1,00:39:11,00
2656621,33,24289,47.13,1,1,0.00,0.0,31038,130,-971,-52,981,1,43.6610792,-79.3949980,106.10,2.00,0.67,12,1,00:39:12,00
2656917,34,24289,47.14,1,1,0.00,0.0,31038,136,-969,-63,981,1,43.6610792,-79.3949980,106.10,2.00,0.67,12,1,00:39:12,00
2657217,18,24289,47.16,1,1,0.00,0.0,31038,135,-973,-65,985,1,43.6610792,-79.3949980,106.10,2.00,0.67,12,1,00:39:12,00
2657516,13,24289,47.13,1,1,0.00,0.0,31038,128,-972,-58,982,1,43.6610822,-79.3950092,107.00,5.24,0.73,12,1,00:39:13,00
2657814,2,24289,47.13,1,1,0.00,0.0,31039,128,-970,-58,980,1,43.6610822,-79.3950092,107.00,5.24,0.73,12,1,00:39:13,00
2658119,10,24289,47.15,1,1,0.00,0.0,31039,131,-978,-62,989,1,43.6610822,-79.3950092,107.00,5.24,0.73,12,1,00:39:13,00
2658425,16,24289,47.15,1,1,0.00,0.0,31039,126,-969,-63,979,1,43.6610870,-79.3950105,107.00,2.24,0.73,12,1,00:39:14,00
2658728,13,24289,47.15,1,1,0.00,0.0,31039,131,-969,-66,980,1,43.6610870,-79.3950105,107.80,2.24,0.74,12,1,00:39:14,00
2659037,8,24289,47.13,1,1,0.00,0.0,31039,127,-972,-56,982,1,43.6610870,-79.3950105,107.80,2.24,0.74,12,1,00:39:14,00
2659344,15,24289,47.15,1,1,0.31,3.2,31040,133,-970,-67,981,1,43.6610890,-79.3950063,107.80,1.78,0.74,12,1,00:39:15,00
2659649,19,24289,47.16,1,1,0.31,3.2,31040,125,-969,-51,978,1,43.6610890,-79.3950063,107.60,1.78,0.66,12,1,00:39:15,00
2659952,-12,24289,47.17,1,1,0.56,5.8,31041,131,-970,-59,980,1,43.6610890,-79.3950063,107.60,1.78,0.66,12,1,00:39:15,00
2660260,18,24289,47.17,1,1,0.56,5.8,31041,122,-968,-56,978,1,43.6610890,-79.3950063,107.60,1.78,0.66,12,1,00:39:15,00
2660573,13,24289,47.18,1,1,0.56,5.8,31041,125,-968,-60,978,1,43.6610875,-79.3950023,107.50,0.54,0.69,12,1,00:39:16,00
2660881,18,24289,47.18,1,1,0.67,7.0,31042,122,-966,-53,975,1,43.6610875,-79.3950023,107.50,0.54,0.69,12,1,00:39:16,00
2661245,2,24289,47.19,1,1,0.81,8.4,31043,131,-963,-61,974,1,43.6610875,-79.3950023,107.50,0.54,0.69,12,1,00:39:16,00
2661548,17,24289,47.19,1,1,0.81,8.4,31043,129,-969,-71,980,1,43.6610878,-79.3949983,107.90,0.78,0.74,12,1,00:39:17,00
2661859,6,24289,47.20,1,1,0.87,9.1,31044,123,-968,-52,977,1,43.6610878,-79.3949983,107.90,0.78,0.74,12,1,00:39:17,00
2662166,13,24289,47.22,1,1,0.87,9.1,31044,122,-980,-58,989,1,43.6610878,-79.3949983,107.90,0.78,0.74,12,1,00:39:17,00
2662469,21,24289,47.23,1,1,1.03,10.8,31045,131,-967,-68,978,1,43.6610832,-79.3949938,108.90,1.85,0.64,12,1,00:39:18,00
2662782,12,24289,47.23,1,1,1.05,11.0,31046,128,-975,-71,986,1,43.6610832,-79.3949938,108.90,1.85,0.64,12,1,00:39:18,00
2663093,9,24289,47.24,1,1,1.39,14.5,31047,124,-971,-44,980,1,43.6610832,-79.3949938,108.90,1.85,0.64,12,1,00:39:18,00
2663399,0,24289,47.25,1,1,1.37,14.3,31048,149,-967,-60,980,1,43.6610827,-79.3949882,107.60,0.91,0.65,12,1,00:39:19,00
2663704,4,24289,47.26,1,1,1.37,14.3,31048,179,-966,-38,983,1,43.6610827,-79.3949882,107.60,0.91,0.65,12,1,00:39:19,00
2664011,14,24289,47.25,1,1,1.39,14.5,31049,133,-974,-49,985,1,43.6610827,-79.3949882,107.60,0.91,0.65,12,1,00:39:19,00
2664320,-4,24289,47.25,1,1,0.94,9.8,31050,127,-974,-59,984,1,43.6610772,-79.3949847,107.60,2.09,0.65,12,1,00:39:20,00
2664633,21,24289,47.28,1,1,0.94,9.8,31050,138,-961,-49,972,1,43.6610772,-79.3949847,108.80,2.09,0.77,12,1,00:39:20,00
2664948,3,24289,47.29,1,1,0.94,9.8,31050,145,-959,-42,970,1,43.6610772,-79.3949847,108.80,2.09,0.77,12,1,00:39:20,00
2665259,12,24289,47.30,1,1,0.68,7.1,31051,141,-965,-66,978,1,43.6610697,-79.3949810,108.80,2.48,0.77,12,1,00:39:21,00
2665572,22,24289,47.28,1,1,0.68,7.1,31051,141,-972,-65,984,1,43.6610697,-79.3949810,108.70,2.48,0.69,12,1,00:39:21,00
2665881,15,24289,47.34,1,1,0.68,7.1,31052,130,-972,-56,982,1,43.6610697,-79.3949810,108.70,2.48,0.69,12,1,00:39:21,00
2666262,1405,24289,47.30,1,1,0.68,7.1,31052,119,-970,-75,980,1,43.6610682,-79.3949747,108.70,1.87,0.69,12,1,00:39:22,00
2666576,4894,24289,47.31,1,1,0.74,7.8,31053,112,-979,-76,989,1,43.6610682,-79.3949747,110.10,1.87,0.63,12,1,00:39:22,00
2666887,8097,24289,47.33,1,1,1.09,11.3,31054,87,-973,-70,979,1,43.6610682,-79.3949747,110.10,1.87,0.63,12,1,00:39:22,00
2667200,16929,24289,47.34,1,1,1.54,16.1,31055,94,-958,-92,967,1,43.6610682,-79.3949747,110.10,1.87,0.63,12,1,00:39:22,00
2667509,19814,24289,47.30,1,1,2.16,22.5,31057,73,-975,-107,983,1,43.6610647,-79.3949633,110.20,3.24,0.70,12,1,00:39:23,00
2667860,-18,24289,47.31,1,1,2.96,31.0,31059,115,-969,-46,977,1,43.6610647,-79.3949633,110.20,3.24,0.70,12,1,00:39:23,00
2668148,-20,24289,47.32,1,1,3.28,34.2,31061,139,-998,-114,1014,1,43.6610647,-79.3949633,110.20,3.24,0.70,12,1,00:39:23,00
2668435,-14,24289,47.33,1,1,3.40,35.5,31063,127,-959,-46,968,1,43.6610598,-79.3949610,111.50,0.52,0.66,12,1,00:39:24,00
2668733,-19,24289,47.29,1,1,3.46,36.1,31065,157,-954,-142,977,1,43.6610598,-79.3949610,111.50,0.52,0.66,12,1,00:39:24,00
2669031,-24,24289,47.30,1,1,3.20,33.5,31067,104,-983,-21,988,1,43.6610598,-79.3949610,111.50,0.52,0.66,12,1,00:39:24,00
2669328,-14,24289,47.31,1,1,4.07,42.6,31069,105,-1003,1,1008,1,43.6610562,-79.3949582,111.50,1.59,0.66,12,1,00:39:25,00
2669617,-9,24289,47.32,1,1,3.81,39.8,31072,138,-923,-75,937,1,43.6610562,-79.3949582,111.30,1.59,0.63,12,1,00:39:25,00
2669914,-8,24289,47.31,1,1,3.56,37.2,31074,128,-965,-72,976,1,43.6610562,-79.3949582,111.30,1.59,0.63,12,1,00:39:25,00
2670210,-11,24289,47.31,1,1,4.21,44.0,31077,137,-956,-77,968,1,43.6610562,-79.3949582,111.30,1.59,0.63,12,1,00:39:25,00
2670503,10,24289,47.32,1,1,3.82,39.9,31079,137,-970,-79,983,1,43.6610558,-79.3949547,111.50,1.69,0.71,12,1,00:39:26,00
2670799,-3,24289,47.30,1,1,4.37,45.7,31082,135,-938,-39,948,1,43.6610558,-79.3949547,111.50,1.69,0.71,12,1,00:39:26,00
2671154,-7,24289,47.31,1,1,2.88,30.1,31084,153,-942,-99,959,1,43.6610558,-79.3949547,111.50,1.69,0.71,12,1,00:39:26,00
2671451,8,24289,47.31,1,1,4.38,45.7,31087,127,-952,-68,962,1,43.6610597,-79.3949500,111.60,2.59,0.62,12,1,00:39:27,00
2671744,-3,24289,47.32,1,1,4.35,45.5,31088,153,-964,-44,977,1,43.6610597,-79.3949500,111.60,2.59,0.62,12,1,00:39:27,00
2672038,-2,24289,47.32,1,1,3.32,34.6,31091,155,-925,-118,945,1,43.6610597,-79.3949500,111.60,2.59,0.62,12,1,00:39:27,00
2672328,2,24289,47.32,1,1,4.68,48.9,31094,128,-1057,-52,1066,1,43.6610628,-79.3949533,111.10,0.80,0.64,12,1,00:39:28,00
2672618,5,24289,47.34,1,1,4.66,48.7,31097,122,-1020,5,1027,1,43.6610628,-79.3949533,111.10,0.80,0.64,12,1,00:39:28,00
2672913,2,24289,47.35,1,1,4.68,48.9,31100,135,-974,-44,984,1,43.6610628,-79.3949533,111.10,0.80,0.64,12,1,00:39:28,00
2673204,3,24289,47.33,1,1,4.71,49.2,31103,157,-986,-100,1004,1,43.6610692,-79.3949553,111.10,2.96,0.64,12,1,00:39:29,00
2673506,19,24289,47.33,1,1,3.19,33.3,31105,134,-965,-30,975,1,43.6610692,-79.3949553,109.90,2.96,0.67,12,1,00:39:29,00
2673804,8,24289,47.34,1,1,3.18,33.2,31107,165,-958,-138,982,1,43.6610692,-79.3949553,109.90,2.96,0.67,12,1,00:39:29,00
2674104,148,24289,47.33,1,1,4.79,50.0,31108,126,-974,-72,985,1,43.6610692,-79.3949553,109.90,2.96,0.67,12,1,00:39:29,00
2674398,1037,24289,47.36,1,1,3.15,32.9,31110,128,-952,-26,961,1,43.6610702,-79.3949513,110.10,2.07,0.65,12,1,00:39:30,00
2674696,4159,24289,47.34,1,1,3.22,33.7,31112,123,-974,-113,988,1,43.6610702,-79.3949513,110.10,2.07,0.65,12,1,00:39:30,00
2674996,8109,24289,47.36,1,1,3.01,31.4,31115,159,-957,-181,987,1,43.6610702,-79.3949513,110.10,2.07,0.65,12,1,00:39:30,00
2675296,11,24289,47.34,1,1,5.36,56.0,31118,97,-973,-41,979,1,43.6610747,-79.3949440,110.10,4.24,0.65,12,1,00:39:31,00
2675597,14,24289,47.34,1,1,5.14,53.7,31121,128,-958,-21,967,1,43.6610747,-79.3949440,110.00,4.24,0.61,12,1,00:39:31,00
2675964,7,24289,47.38,1,1,4.55,47.6,31125,166,-1002,-103,1021,1,43.6610747,-79.3949440,110.00,4.24,0.61,12,1,00:39:31,00
2676258,7,24289,47.38,1,1,5.55,57.9,31128,140,-1002,-47,1013,1,43.6610792,-79.3949428,110.00,1.24,0.61,12,1,00:39:32,00
2676557,12,24289,47.36,1,1,4.19,43.7,31131,132,-959,-98,973,1,43.6610792,-79.3949428,109.90,1.24,0.67,12,1,00:39:32,00
2676852,14,24289,47.37,1,1,5.68,59.3,31134,88,-1015,52,1021,1,43.6610792,-79.3949428,109.90,1.24,0.67,12,1,00:39:32,00
2677149,10,24289,47.36,1,1,4.30,44.9,31137,166,-995,-104,1014,1,43.6610792,-79.3949428,109.90,1.24,0.67,12,1,00:39:32,00
2677443,138,24289,47.36,1,1,5.77,60.2,31140,130,-956,-17,965,1,43.6610828,-79.3949335,110.30,4.59,0.62,12,1,00:39:33,00
2677753,483,24289,47.36,1,1,4.35,45.5,31143,116,-1010,-49,1017,1,43.6610828,-79.3949335,110.30,4.59,0.62,12,1,00:39:33,00
2678056,501,24289,47.38,1,1,4.45,46.4,31146,167,-936,-151,963,1,43.6610828,-79.3949335,110.30,4.59,0.62,12,1,00:39:33,00
2678354,12,24289,47.38,1,1,5.84,61.0,31149,170,-965,-88,984,1,43.6610872,-79.3949205,109.00,5.06,0.63,12,1,00:39:34,00
2678655,18,24289,47.36,1,1,6.14,64.1,31153,166,-904,-125,928,1,43.6610872,-79.3949205,109.00,5.06,0.63,12,1,00:39:34,00
2678958,258,24289,47.33,1,1,6.06,63.3,31157,158,-933,-137,956,1,43.6610872,-79.3949205,109.00,5.06,0.63,12,1,00:39:34,00
2679258,1150,24289,47.33,1,1,4.56,47.6,31160,100,-909,-37,915,1,43.6610887,-79.3949067,109.00,4.04,0.63,12,1,00:39:35,00
2679560,1113,24289,47.33,1,1,4.57,47.8,31163,160,-956,-106,975,1,43.6610887,-79.3949067,108.60,4.04,0.69,12,1,00:39:35,00
2679867,14,24289,47.32,1,1,6.10,63.7,31167,122,-888,-99,902,1,43.6610887,-79.3949067,108.60,4.04,0.69,12,1,00:39:35,00
2680167,8,24289,47.29,1,1,5.98,62.5,31170,150,-950,-59,964,1,43.6610862,-79.3948980,108.60,2.06,0.69,12,1,00:39:36,00
2680473,16,24289,47.28,1,1,6.04,63.1,31174,133,-993,-31,1003,1,43.6610862,-79.3948980,107.50,2.06,0.61,12,1,00:39:36,00
2680838,12,24289,47.25,1,1,4.74,49.5,31178,158,-956,-99,974,1,43.6610862,-79.3948980,107.50,2.06,0.61,12,1,00:39:36,00
2681140,10,24289,47.25,1,1,5.75,60.0,31181,141,-987,-61,999,1,43.6610862,-79.3948980,107.50,2.06,0.61,12,1,00:39:36,00
2681442,13,24289,47.25,1,1,5.80,60.6,31185,126,-967,1,975,1,43.6610893,-79.3948858,107.00,4.37,0.61,12,1,00:39:37,00
2681750,185,24289,47.23,1,1,4.27,44.6,31188,154,-974,-104,991,1,43.6610893,-79.3948858,107.00,4.37,0.61,12,1,00:39:37,00
2682059,992,24289,47.24,1,1,5.62,58.7,31191,104,-969,-58,976,1,43.6610893,-79.3948858,107.00,4.37,0.61,12,1,00:39:37,00
2682360,3870,24289,47.25,1,1,5.63,58.8,31195,65,-969,12,971,1,43.6610930,-79.3948703,106.90,4.91,0.68,12,1,00:39:38,00
2682666,7936,24289,47.22,1,1,5.46,57.0,31198,112,-961,-95,972,1,43.6610930,-79.3948703,106.90,4.91,0.68,12,1,00:39:38,00
2682972,12971,24289,47.23,1,1,6.06,63.3,31202,79,-999,-25,1002,1,43.6610930,-79.3948703,106.90,4.91,0.68,12,1,00:39:38,00
2683283,18315,24289,47.23,1,1,6.30,65.8,31206,73,-948,-103,956,1,43.6611002,-79.3948513,105.40,6.61,0.63,12,1,00:39:39,00
2683591,21949,24289,47.27,1,1,5.44,56.8,31210,79,-951,-36,955,1,43.6611002,-79.3948513,105.40,6.61,0.63,12,1,00:39:39,00
2683899,24477,24289,47.28,1,1,7.46,77.9,31215,121,-976,-112,990,1,43.6611002,-79.3948513,105.40,6.61,0.63,12,1,00:39:39,00
2684215,22060,24289,47.30,1,1,8.11,84.7,31220,148,-921,-175,949,1,43.6611095,-79.3948308,105.40,7.52,0.63,12,1,00:39:40,00
2684530,21213,24289,47.25,1,1,7.30,76.2,31225,110,-1003,-121,1016,1,43.6611095,-79.3948308,104.60,7.52,0.69,12,1,00:39:40,00
2684837,7681,24289,47.25,1,1,9.24,96.5,31231,182,-931,-106,955,1,43.6611095,-79.3948308,104.60,7.52,0.69,12,1,00:39:40,00
2685146,7171,24289,47.30,1,1,7.95,83.1,31236,72,-876,-52,880,1,43.6611227,-79.3948193,104.60,5.59,0.69,12,1,00:39:41,00
2685456,9829,24289,47.32,1,1,8.14,85.0,31241,195,-848,-240,903,1,43.6611227,-79.3948193,104.20,5.59,0.68,12,1,00:39:41,00
2685830,11490,24289,47.28,1,1,7.60,79.4,31247,152,-858,-66,873,1,43.6611227,-79.3948193,104.20,5.59,0.68,12,1,00:39:41,00
2686144,12807,24289,47.28,1,1,8.98,93.8,31253,65,-998,27,1000,1,43.6611332,-79.3948073,104.20,5.28,0.68,12,1,00:39:42,00
2686462,10762,24289,47.29,1,1,9.36,97.7,31259,120,-1006,-109,1019,1,43.6611332,-79.3948073,104.50,5.28,0.68,12,1,00:39:42,00
2686769,8074,24289,47.26,1,1,9.89,103.2,31266,186,-972,-42,991,1,43.6611332,-79.3948073,104.50,5.28,0.68,12,1,00:39:42,00
2687076,4894,24289,47.28,1,1,9.80,102.4,31272,80,-1055,55,1059,1,43.6611332,-79.3948073,104.50,5.28,0.68,12,1,00:39:42,00
2687387,7485,24289,47.26,1,1,10.06,105.1,31279,100,-1071,-86,1079,1,43.6611417,-79.3947870,104.70,7.26,0.66,12,1,00:39:43,00
2687706,10391,24289,47.28,1,1,9.80,102.4,31285,139,-953,-162,976,1,43.6611417,-79.3947870,104.70,7.26,0.66,12,1,00:39:43,00
2688018,10204,24289,47.28,1,1,10.03,104.8,31292,64,-992,-11,994,1,43.6611417,-79.3947870,104.70,7.26,0.66,12,1,00:39:43,00
2688330,9850,24289,47.25,1,1,9.87,103.1,31298,87,-899,-81,907,1,43.6611498,-79.3947618,104.20,7.91,0.62,12,1,00:39:44,00
2688646,10467,24289,47.28,1,1,10.09,105.4,31305,126,-953,-149,973,1,43.6611498,-79.3947618,104.20,7.91,0.62,12,1,00:39:44,00
2688954,11027,24289,47.23,1,1,9.97,104.2,31311,100,-963,-79,971,1,43.6611498,-79.3947618,104.20,7.91,0.62,12,1,00:39:44,00
2689263,12820,24289,47.21,1,1,10.28,107.4,31318,118,-958,-125,974,1,43.6611580,-79.3947473,105.70,4.76,0.59,12,1,00:39:45,00
2689616,10417,24289,47.21,1,1,9.21,96.2,31325,74,-1000,-29,1003,1,43.6611580,-79.3947473,105.70,4.76,0.59,12,1,00:39:45,00
2689905,10235,24289,47.24,1,1,10.22,106.8,31331,154,-787,-143,814,1,43.6611580,-79.3947473,105.70,4.76,0.59,12,1,00:39:45,00
2690204,12225,24289,47.24,1,1,10.26,107.1,31337,92,-999,-44,1004,1,43.6611642,-79.3947353,105.70,4.76,0.59,12,1,00:39:46,00
2690499,12289,24289,47.25,1,1,10.51,109.7,31344,132,-1063,-107,1076,1,43.6611642,-79.3947353,105.70,4.76,0.59,12,1,00:39:46,00
2690855,11696,24289,47.25,1,1,9.36,97.8,31351,154,-903,-149,929,1,43.6611642,-79.3947353,105.70,4.76,0.59,12,1,00:39:46,00
2691144,15071,24289,47.23,1,1,10.37,108.3,31357,185,-1049,-106,1070,1,43.6611735,-79.3947135,105.70,8.11,0.59,12,1,00:39:47,00
2691432,-46,24289,47.25,1,1,10.41,108.7,31363,171,-953,-144,979,1,43.6611735,-79.3947135,104.20,8.11,0.66,12,1,00:39:47,00
2691721,116,24289,47.25,1,1,10.19,106.4,31369,153,-1020,-8,1031,1,43.6611735,-79.3947135,104.20,8.11,0.66,12,1,00:39:47,00
2692011,265,24289,47.28,1,1,10.04,104.9,31375,148,-858,-139,881,1,43.6611735,-79.3947135,104.20,8.11,0.66,12,1,00:39:47,00
2692301,702,24289,47.26,1,1,9.80,102.4,31381,138,-997,-36,1008,1,43.6611895,-79.3946868,103.40,11.41,0.59,12,1,00:39:48,00
2692594,1622,24289,47.26,1,1,9.70,101.4,31387,117,-964,-116,978,1,43.6611895,-79.3946868,103.40,11.41,0.59,12,1,00:39:48,00
2692895,4540,24289,47.24,1,1,9.74,101.7,31393,70,-871,65,877,1,43.6611895,-79.3946868,103.40,11.41,0.59,12,1,00:39:48,00
2693190,8644,24289,47.23,1,1,9.84,102.7,31399,139,-898,-164,923,1,43.6612077,-79.3946497,103.40,13.93,0.59,12,1,00:39:49,00
2693485,7073,24289,47.23,1,1,10.13,105.7,31406,108,-917,-139,934,1,43.6612077,-79.3946497,102.00,13.93,0.59,12,1,00:39:49,00
2693786,9578,24289,47.19,1,1,10.04,104.9,31412,56,-846,80,852,1,43.6612077,-79.3946497,102.00,13.93,0.59,12,1,00:39:49,00
2694081,16503,24289,47.18,1,1,10.30,107.5,31418,121,-981,-201,1009,1,43.6612077,-79.3946497,102.00,13.93,0.59,12,1,00:39:49,00
2694378,-45,24289,47.19,1,1,10.74,112.2,31425,109,-962,-35,968,1,43.6612220,-79.3946170,102.00,10.43,0.62,12,1,00:39:50,00
2694677,-31,24289,47.16,1,1,10.92,114.0,31432,226,-901,-246,961,1,43.6612220,-79.3946170,102.00,10.43,0.62,12,1,00:39:50,00
2694978,39,24289,47.14,1,1,10.88,113.6,31439,132,-956,-26,966,1,43.6612220,-79.3946170,102.00,10.43,0.62,12,1,00:39:50,00
2695280,275,24289,47.12,1,1,10.92,114.0,31446,25,-1040,156,1052,1,43.6612360,-79.3945925,100.70,8.95,0.62,12,1,00:39:51,00
2695638,-3,24289,47.09,1,1,9.66,100.9,31453,178,-937,-70,956,1,43.6612360,-79.3945925,100.70,8.95,0.62,12,1,00:39:51,00
2695933,-46,24289,47.11,1,1,10.64,111.1,31459,82,-1152,-56,1156,1,43.6612360,-79.3945925,100.70,8.95,0.62,12,1,00:39:51,00
2696227,-30,24289,47.11,1,1,10.88,113.6,31466,148,-943,13,955,1,43.6612468,-79.3945728,100.70,7.61,0.62,12,1,00:39:52,00
2696522,-10,24289,47.10,1,1,10.95,114.4,31473,100,-1057,61,1064,1,43.6612468,-79.3945728,100.70,7.61,0.62,12,1,00:39:52,00
2696818,159,24289,47.13,1,1,10.99,114.8,31480,167,-1037,-187,1067,1,43.6612468,-79.3945728,100.70,7.61,0.62,12,1,00:39:52,00
2697119,-24,24289,47.11,1,1,10.72,111.9,31486,134,-860,11,870,1,43.6612468,-79.3945728,100.70,7.61,0.62,12,1,00:39:52,00
2697414,6,24289,47.13,1,1,10.88,113.6,31493,162,-931,-91,950,1,43.6612597,-79.3945505,99.10,9.28,0.70,12,1,00:39:53,00
2697713,8,24289,47.11,1,1,10.85,113.3,31500,192,-891,-188,931,1,43.6612597,-79.3945505,99.10,9.28,0.70,12,1,00:39:53,00
2698007,-5,24289,47.09,1,1,10.60,110.7,31506,159,-904,-5,918,1,43.6612597,-79.3945505,99.10,9.28,0.70,12,1,00:39:53,00
2698307,-26,24289,47.09,1,1,10.85,113.3,31513,91,-954,50,960,1,43.6612703,-79.3945310,99.30,6.46,0.62,12,1,00:39:54,00
2698604,-24,24289,47.10,1,1,10.85,113.3,31520,114,-997,-180,1019,1,43.6612703,-79.3945310,99.30,6.46,0.62,12,1,00:39:54,00
2698904,20,24289,47.07,1,1,10.78,112.5,31527,27,-1016,109,1022,1,43.6612703,-79.3945310,99.30,6.46,0.62,12,1,00:39:54,00
2699215,276,24289,47.08,1,1,10.67,111.5,31534,147,-853,-37,867,1,43.6612815,-79.3945085,99.30,8.52,0.62,12,1,00:39:55,00
2699516,934,24289,47.03,1,1,10.37,108.3,31540,126,-1091,-129,1106,1,43.6612815,-79.3945085,98.70,8.52,0.62,12,1,00:39:55,00
2699814,3018,24289,47.04,1,1,10.57,110.4,31547,87,-891,59,898,1,43.6612815,-79.3945085,98.70,8.52,0.62,12,1,00:39:55,00
2700116,6765,24289,47.05,1,1,10.19,106.4,31553,61,-1025,-107,1033,1,43.6612815,-79.3945085,98.70,8.52,0.62,12,1,00:39:55,00
2700491,11449,24289,47.05,1,1,9.16,95.6,31560,51,-1141,-96,1146,1,43.6613008,-79.3944840,100.40,10.32,0.73,12,1,00:39:56,00
2700783,17322,24289,47.05,1,1,10.25,107.0,31567,91,-924,0,928,1,43.6613008,-79.3944840,100.40,10.32,0.73,12,1,00:39:56,00
2701085,21223,24289,47.04,1,1,9.94,103.8,31573,130,-930,-118,946,1,43.6613008,-79.3944840,100.40,10.32,0.73,12,1,00:39:56,00
2701391,24228,24289,47.05,1,1,9.91,103.4,31579,123,-997,-188,1022,1,43.6613208,-79.3944580,100.70,11.00,0.68,12,1,00:39:57,00
2701690,24520,24289,47.07,1,1,10.22,106.7,31586,85,-1013,-125,1024,1,43.6613208,-79.3944580,100.70,11.00,0.68,12,1,00:39:57,00
2701986,24520,24289,47.05,1,1,10.01,104.5,31592,85,-931,-66,937,1,43.6613208,-79.3944580,100.70,11.00,0.68,12,1,00:39:57,00
2702289,24520,24289,47.06,1,1,10.08,105.3,31598,156,-1053,-202,1083,1,43.6613493,-79.3944342,100.70,13.78,0.68,12,1,00:39:58,00
2702590,24520,24289,47.08,1,1,10.38,108.4,31605,29,-1070,-61,1072,1,43.6613493,-79.3944342,102.00,13.78,0.64,12,1,00:39:58,00
2702894,24520,24289,47.09,1,1,10.26,107.1,31611,114,-1064,-181,1086,1,43.6613493,-79.3944342,102.00,13.78,0.64,12,1,00:39:58,00
2703207,24520,24289,47.12,1,1,10.57,110.4,31618,49,-1045,-44,1047,1,43.6613493,-79.3944342,102.00,13.78,0.64,12,1,00:39:58,00
2703517,11304,24289,47.11,1,1,10.64,111.1,31625,225,-879,-436,1007,1,43.6613750,-79.3944105,102.20,12.19,0.71,12,1,00:39:59,00
2703828,278,24289,47.19,1,1,10.57,110.4,31632,130,-867,-148,890,1,43.6613750,-79.3944105,102.20,12.19,0.71,12,1,00:39:59,00
2704133,-170,24289,47.17,1,1,10.04,104.9,31638,146,-1296,-38,1304,1,43.6613750,-79.3944105,102.20,12.19,0.71,12,1,00:39:59,00
2704437,508,24289,47.23,1,1,10.00,104.5,31645,143,-900,-216,936,1,43.6613993,-79.3943848,102.10,12.48,0.63,12,1,00:40:00,00
2704756,2002,24289,47.23,1,1,9.67,101.0,31651,109,-1043,-140,1058,1,43.6613993,-79.3943848,102.10,12.48,0.63,12,1,00:40:00,00
2705071,5198,24289,47.27,1,1,9.51,99.3,31657,174,-891,-228,936,1,43.6613993,-79.3943848,102.10,12.48,0.63,12,1,00:40:00,00
2705447,11896,24289,47.26,1,1,8.55,89.3,31664,94,-988,-64,994,1,43.6614288,-79.3943670,101.30,12.96,0.63,12,1,00:40:01,00
2705755,16581,24289,47.26,1,1,9.64,100.7,31670,99,-1039,-178,1059,1,43.6614288,-79.3943670,101.30,12.96,0.63,12,1,00:40:01,00
2706063,20977,24289,47.32,1,1,9.95,103.9,31677,116,-1063,-35,1070,1,43.6614288,-79.3943670,101.30,12.96,0.63,12,1,00:40:01,00
2706378,24341,24289,47.30,1,1,10.01,104.5,31683,132,-1063,-146,1081,1,43.6614605,-79.3943505,101.30,13.11,0.66,12,1,00:40:02,00
2706685,24520,24289,47.34,1,1,10.47,109.4,31690,79,-1105,-42,1108,1,43.6614605,-79.3943505,101.30,13.11,0.66,12,1,00:40:02,00
2706994,24520,24289,47.34,1,1,10.88,113.6,31697,42,-1047,-57,1050,1,43.6614605,-79.3943505,101.30,13.11,0.66,12,1,00:40:02,00
2707309,24520,24289,47.39,1,1,11.47,119.8,31705,57,-1005,-3,1007,1,43.6614865,-79.3943358,101.30,10.69,0.66,12,1,00:40:03,00
2707616,24520,24289,47.39,1,1,11.64,121.5,31712,153,-1075,-162,1098,1,43.6614865,-79.3943358,100.60,10.69,0.63,12,1,00:40:03,00
2707930,24520,24289,47.43,1,1,12.28,128.2,31720,104,-901,-169,923,1,43.6614865,-79.3943358,100.60,10.69,0.63,12,1,00:40:03,00
2708237,12295,24289,47.41,1,1,12.60,131.6,31728,77,-933,-30,937,1,43.6614865,-79.3943358,100.60,10.69,0.63,12,1,00:40:03,00
2708548,-486,24289,47.46,1,1,12.73,132.9,31736,105,-1072,15,1078,1,43.6615065,-79.3943278,100.40,7.48,0.63,12,1,00:40:04,00
2708857,-479,24289,47.48,1,1,12.64,132.0,31745,94,-794,-66,802,1,43.6615065,-79.3943278,100.40,7.48,0.63,12,1,00:40:04,00
2709171,-454,24289,47.50,1,1,12.24,127.8,31753,145,-918,-239,960,1,43.6615065,-79.3943278,100.40,7.48,0.63,12,1,00:40:04,00
2709481,-417,24289,47.51,1,1,11.72,122.4,31760,46,-1023,137,1034,1,43.6615282,-79.3943140,100.10,10.02,0.74,12,1,00:40:05,00
2709796,-395,24289,47.49,1,1,11.71,122.3,31768,136,-884,-58,896,1,43.6615282,-79.3943140,100.10,10.02,0.74,12,1,00:40:05,00
2710115,-366,24289,47.48,1,1,11.28,117.8,31775,73,-911,87,918,1,43.6615282,-79.3943140,100.10,10.02,0.74,12,1,00:40:05,00
2710492,-314,24289,47.50,1,1,10.00,104.4,31783,42,-1061,96,1066,1,43.6615508,-79.3943007,101.90,9.82,0.65,12,1,00:40:06,00
2710797,-302,24289,47.50,1,1,10.63,111.0,31790,143,-903,-151,927,1,43.6615508,-79.3943007,101.90,9.82,0.65,12,1,00:40:06,00
2711113,-265,24289,47.51,1,1,10.35,108.1,31797,169,-1146,-80,1161,1,43.6615508,-79.3943007,101.90,9.82,0.65,12,1,00:40:06,00
2711421,-236,24289,47.54,1,1,9.84,102.7,31803,101,-964,33,970,1,43.6615703,-79.3942873,103.20,8.65,0.63,12,1,00:40:07,00
2711768,-219,24289,47.55,1,1,8.33,87.0,31809,156,-930,-33,944,1,43.6615703,-79.3942873,103.20,8.65,0.63,12,1,00:40:07,00
2712065,-4,24289,47.57,1,1,9.27,96.8,31815,133,-1017,0,1026,1,43.6615703,-79.3942873,103.20,8.65,0.63,12,1,00:40:07,00
2712366,310,24289,47.62,1,1,9.01,94.0,31821,115,-983,-131,998,1,43.6615915,-79.3942800,103.20,8.80,0.63,12,1,00:40:08,00
2712656,1653,24289,47.63,1,1,8.58,89.6,31826,87,-932,-63,938,1,43.6615915,-79.3942800,103.40,8.80,0.66,12,1,00:40:08,00
2712946,4842,24289,47.66,1,1,8.37,87.4,31831,80,-965,12,968,1,43.6615915,-79.3942800,103.40,8.80,0.66,12,1,00:40:08,00
2713236,8885,24289,47.69,1,1,10.01,104.5,31837,68,-997,75,1002,1,43.6615915,-79.3942800,103.40,8.80,0.66,12,1,00:40:08,00
2713533,14562,24289,47.70,1,1,8.31,86.8,31842,109,-919,-3,925,1,43.6616150,-79.3942678,103.50,10.04,0.63,12,1,00:40:09,00
2713831,17761,24289,47.73,1,1,8.40,87.7,31847,47,-933,-27,935,1,43.6616150,-79.3942678,103.50,10.04,0.63,12,1,00:40:09,00
2714125,22951,24289,47.79,1,1,8.78,91.7,31853,94,-952,-98,962,1,43.6616150,-79.3942678,103.50,10.04,0.63,12,1,00:40:09,00
2714426,24329,24289,47.81,1,1,8.74,91.2,31858,90,-995,-21,999,1,43.6616462,-79.3942505,103.90,14.22,0.65,12,1,00:40:10,00
2714719,24520,24289,47.84,1,1,9.30,97.1,31864,100,-1199,-126,1210,1,43.6616462,-79.3942505,103.90,14.22,0.65,12,1,00:40:10,00
2715014,24520,24289,47.88,1,1,9.64,100.7,31870,43,-935,90,940,1,43.6616462,-79.3942505,103.90,14.22,0.65,12,1,00:40:10,00
2715374,24520,24289,47.87,1,1,9.11,95.1,31877,19,-1132,-78,1135,1,43.6616792,-79.3942362,104.90,13.15,0.66,12,1,00:40:11,00
2715664,24520,24289,47.88,1,1,10.41,108.7,31883,59,-970,-70,974,1,43.6616792,-79.3942362,104.90,13.15,0.66,12,1,00:40:11,00
2715958,24520,24289,47.91,1,1,10.95,114.4,31890,17,-1114,-40,1115,1,43.6616792,-79.3942362,104.90,13.15,0.66,12,1,00:40:11,00
2716250,24520,24289,47.89,1,1,11.25,117.4,31897,89,-938,-33,943,1,43.6617137,-79.3942245,104.90,13.78,0.66,12,1,00:40:12,00
2716551,24520,24289,47.90,1,1,11.56,120.7,31904,120,-1025,-198,1051,1,43.6617137,-79.3942245,103.80,13.78,0.65,12,1,00:40:12,00
2716849,197,24289,47.96,1,1,11.76,122.8,31911,139,-953,-28,964,1,43.6617137,-79.3942245,103.80,13.78,0.65,12,1,00:40:12,00
2717141,-530,24289,48.01,1,1,11.64,121.5,31918,136,-925,-66,937,1,43.6617137,-79.3942245,103.80,13.78,0.65,12,1,00:40:12,00
2717434,-510,24289,48.03,1,1,11.32,118.2,31925,373,-869,-114,953,1,43.6617388,-79.3942315,105.40,9.17,0.62,12,1,00:40:13,00
2717728,-400,24289,48.04,1,1,11.06,115.5,31932,46,-1149,18,1150,1,43.6617388,-79.3942315,105.40,9.17,0.62,12,1,00:40:13,00
2718025,-157,24289,48.02,1,1,10.78,112.5,31939,149,-820,-63,836,1,43.6617388,-79.3942315,105.40,9.17,0.62,12,1,00:40:13,00
2718323,-32,24289,48.05,1,1,10.30,107.5,31945,116,-1070,-55,1077,1,43.6617547,-79.3942450,106.70,6.89,0.65,12,1,00:40:14,00
2718625,722,24289,48.07,1,1,10.04,104.9,31951,123,-998,-120,1013,1,43.6617547,-79.3942450,106.70,6.89,0.65,12,1,00:40:14,00
2718923,2087,24289,48.08,1,1,10.00,104.5,31958,130,-976,-105,990,1,43.6617547,-79.3942450,106.70,6.89,0.65,12,1,00:40:14,00
2719222,6483,24289,48.10,1,1,9.54,99.7,31964,160,-1051,-155,1075,1,43.6617737,-79.3942538,106.70,8.26,0.65,12,1,00:40:15,00
2719526,11220,24289,48.10,1,1,9.51,99.3,31970,39,-927,28,929,1,43.6617737,-79.3942538,107.60,8.26,0.64,12,1,00:40:15,00
2719833,15804,24289,48.13,1,1,9.45,98.7,31976,6,-1002,0,1002,1,43.6617737,-79.3942538,107.60,8.26,0.64,12,1,00:40:15,00
2720194,21143,24289,48.14,1,1,8.35,87.2,31982,85,-1253,-149,1265,1,43.6618000,-79.3942653,107.60,11.26,0.64,12,1,00:40:16,00
2720487,23943,24289,48.19,1,1,9.77,102.0,31988,151,-937,-151,961,1,43.6618000,-79.3942653,108.80,11.26,0.69,12,1,00:40:16,00
2720796,23254,24289,48.19,1,1,10.22,106.7,31995,95,-1017,-51,1022,1,43.6618000,-79.3942653,108.80,11.26,0.69,12,1,00:40:16,00
2721092,22142,24289,48.22,1,1,10.22,106.8,32001,88,-1058,-114,1068,1,43.6618000,-79.3942653,108.80,11.26,0.69,12,1,00:40:16,00
2721390,19670,24289,48.28,1,1,10.64,111.1,32008,157,-1005,-132,1026,1,43.6618245,-79.3942805,108.90,10.95,0.73,12,1,00:40:17,00
2721693,18360,24289,48.28,1,1,10.60,110.7,32014,142,-859,-168,887,1,43.6618245,-79.3942805,108.90,10.95,0.73,12,1,00:40:17,00
2721990,17951,24289,48.30,1,1,10.99,114.8,32021,58,-948,103,955,1,43.6618245,-79.3942805,108.90,10.95,0.73,12,1,00:40:17,00
2722293,17438,24289,48.32,1,1,11.02,115.1,32028,127,-989,-167,1012,1,43.6618473,-79.3942945,108.90,11.07,0.73,12,1,00:40:18,00
2722600,16935,24289,48.40,1,1,11.21,117.1,32035,82,-968,-44,973,1,43.6618473,-79.3942945,107.70,11.07,0.69,12,1,00:40:18,00
2722909,17720,24289,48.40,1,1,11.43,119.4,32043,103,-1081,-12,1086,1,43.6618473,-79.3942945,107.70,11.07,0.69,12,1,00:40:18,00
2723211,6102,24289,48.42,1,1,11.36,118.6,32050,175,-1043,-205,1077,1,43.6618663,-79.3943273,107.70,12.28,0.69,12,1,00:40:19,00
2723513,-290,24289,48.46,1,1,11.25,117.4,32057,176,-937,-195,973,1,43.6618663,-79.3943273,109.10,12.28,0.73,12,1,00:40:19,00
2723824,-286,24289,48.51,1,1,11.13,116.3,32064,139,-1026,-96,1040,1,43.6618663,-79.3943273,109.10,12.28,0.73,12,1,00:40:19,00
2724133,-259,24289,48.51,1,1,10.78,112.5,32071,148,-1080,-110,1096,1,43.6618663,-79.3943273,109.10,12.28,0.73,12,1,00:40:19,00
2724437,-234,24289,48.57,1,1,10.51,109.7,32078,145,-1032,-44,1043,1,43.6618917,-79.3943395,109.20,10.48,0.69,12,1,00:40:20,00
2724744,-231,24289,48.59,1,1,10.12,105.6,32084,130,-1064,43,1073,1,43.6618917,-79.3943395,109.20,10.48,0.69,12,1,00:40:20,00
2725118,-212,24289,48.64,1,1,8.91,93.1,32091,148,-1112,-191,1138,1,43.6618917,-79.3943395,109.20,10.48,0.69,12,1,00:40:20,00
2725423,-195,24289,48.67,1,1,9.64,100.7,32097,149,-911,-31,924,1,43.6619213,-79.3943377,106.90,10.95,0.69,12,1,00:40:21,00
2725724,-194,24289,48.69,1,1,11.13,116.3,32104,125,-1009,-12,1017,1,43.6619213,-79.3943377,106.90,10.95,0.69,12,1,00:40:21,00
2726030,-176,24289,48.73,1,1,9.42,98.4,32110,125,-914,-138,933,1,43.6619213,-79.3943377,106.90,10.95,0.69,12,1,00:40:21,00
2726335,-167,24289,48.75,1,1,9.33,97.4,32116,166,-992,-123,1013,1,43.6619418,-79.3943250,108.40,4.65,0.69,12,1,00:40:22,00
2726638,-165,24289,48.81,1,1,9.27,96.8,32122,167,-907,-147,934,1,43.6619418,-79.3943250,108.40,4.65,0.69,12,1,00:40:22,00
2726949,-154,24289,48.82,1,1,9.09,94.9,32128,134,-885,-100,900,1,43.6619418,-79.3943250,108.40,4.65,0.69,12,1,00:40:22,00
2727260,-148,24289,48.84,1,1,9.03,94.3,32134,103,-1083,-41,1089,1,43.6619692,-79.3943313,108.40,11.50,0.69,12,1,00:40:23,00
2727572,-132,24289,48.89,1,1,8.84,92.3,32140,119,-971,-72,981,1,43.6619692,-79.3943313,108.90,11.50,0.78,12,1,00:40:23,00
2727879,-129,24289,48.93,1,1,8.49,88.7,32145,151,-962,-135,983,1,43.6619692,-79.3943313,108.90,11.50,0.78,12,1,00:40:23,00
2728187,-132,24289,48.95,1,1,8.52,89.0,32151,118,-966,-30,974,1,43.6619692,-79.3943313,108.90,11.50,0.78,12,1,00:40:23,00
2728499,-105,24289,48.98,1,1,8.14,85.0,32156,132,-1080,-92,1092,1,43.6619927,-79.3943328,106.60,7.67,0.77,12,1,00:40:24,00
2728807,-100,24289,48.99,1,1,9.58,100.0,32162,158,-959,-125,980,1,43.6619927,-79.3943328,106.60,7.67,0.77,12,1,00:40:24,00
2729120,-97,24289,49.00,1,1,9.48,99.0,32168,136,-954,-97,969,1,43.6619927,-79.3943328,106.60,7.67,0.77,12,1,00:40:24,00
2729436,-92,24289,49.01,1,1,7.80,81.4,32173,78,-1013,30,1016,1,43.6620178,-79.3943462,107.90,8.35,0.65,12,1,00:40:25,00
2729749,-92,24289,49.04,1,1,7.77,81.2,32178,161,-1000,-88,1016,1,43.6620178,-79.3943462,107.90,8.35,0.65,12,1,00:40:25,00
2730132,-87,24289,49.08,1,1,6.94,72.5,32184,110,-918,-82,928,1,43.6620178,-79.3943462,107.90,8.35,0.65,12,1,00:40:25,00
2730437,-81,24289,49.09,1,1,7.72,80.6,32189,129,-901,77,914,1,43.6620458,-79.3943500,107.40,10.00,0.69,12,1,00:40:26,00
2730745,64,24289,49.09,1,1,7.75,80.9,32194,168,-989,-73,1006,1,43.6620458,-79.3943500,107.40,10.00,0.69,12,1,00:40:26,00
2731053,-85,24289,49.13,1,1,7.77,81.2,32199,142,-1005,-61,1017,1,43.6620458,-79.3943500,107.40,10.00,0.69,12,1,00:40:26,00
2731364,-82,24289,49.14,1,1,7.80,81.4,32204,188,-836,-122,866,1,43.6620768,-79.3943648,107.90,10.06,0.70,12,1,00:40:27,00
2731679,-81,24289,49.19,1,1,9.30,97.1,32210,136,-954,-51,965,1,43.6620768,-79.3943648,107.90,10.06,0.70,12,1,00:40:27,00
2731988,-78,24289,49.21,1,1,9.24,96.5,32216,122,-998,-106,1011,1,43.6620768,-79.3943648,107.90,10.06,0.70,12,1,00:40:27,00
2732299,-78,24289,49.25,1,1,9.24,96.5,32222,169,-825,-40,843,1,43.6621050,-79.3943777,107.90,7.83,0.67,12,1,00:40:28,00
2732610,-76,24289,49.25,1,1,9.12,95.2,32228,188,-959,-73,980,1,43.6621050,-79.3943777,107.90,7.83,0.67,12,1,00:40:28,00
2732924,64,24289,49.27,1,1,7.46,77.9,32233,115,-965,-22,973,1,43.6621050,-79.3943777,107.90,7.83,0.67,12,1,00:40:28,00
2733240,288,24289,49.31,1,1,7.02,73.3,32237,79,-1070,45,1074,1,43.6621270,-79.3943948,107.90,7.96,0.67,12,1,00:40:29,00
2733554,1928,24289,49.35,1,1,8.60,89.8,32243,156,-948,-121,968,1,43.6621270,-79.3943948,108.90,7.96,0.72,12,1,00:40:29,00
2733912,6295,24289,49.40,1,1,7.02,73.3,32248,107,-977,-28,984,1,43.6621270,-79.3943948,108.90,7.96,0.72,12,1,00:40:29,00
2734208,10928,24289,49.43,1,1,8.40,87.7,32254,150,-949,-149,973,1,43.6621502,-79.3944095,108.90,8.17,0.72,12,1,00:40:30,00
2734500,13406,24289,49.43,1,1,8.46,88.3,32259,48,-991,-6,992,1,43.6621502,-79.3944095,109.20,8.17,0.64,12,1,00:40:30,00
2734792,13950,24289,49.46,1,1,6.91,72.2,32263,139,-924,-125,943,1,43.6621502,-79.3944095,109.20,8.17,0.64,12,1,00:40:30,00
2735150,5333,24289,49.51,1,1,7.54,78.7,32269,140,-972,-81,985,1,43.6621770,-79.3944430,109.20,11.67,0.64,12,1,00:40:31,00
2735444,390,24289,49.54,1,1,7.09,74.1,32273,154,-946,-91,963,1,43.6621770,-79.3944430,110.00,11.67,0.62,12,1,00:40:31,00
2735738,1018,24289,49.56,1,1,6.99,73.0,32277,98,-993,64,1000,1,43.6621770,-79.3944430,110.00,11.67,0.62,12,1,00:40:31,00
2736036,2411,24289,49.61,1,1,8.58,89.6,32283,143,-1021,-194,1049,1,43.6621770,-79.3944430,110.00,11.67,0.62,12,1,00:40:31,00
2736327,5943,24289,49.65,1,1,8.37,87.4,32288,113,-957,-63,966,1,43.6621987,-79.3944782,112.10,9.93,0.69,12,1,00:40:32,00
2736622,11194,24289,49.67,1,1,6.72,70.2,32292,196,-878,-260,936,1,43.6621987,-79.3944782,112.10,9.93,0.69,12,1,00:40:32,00
2736921,15312,24289,49.69,1,1,6.79,70.9,32296,44,-1050,-63,1053,1,43.6621987,-79.3944782,112.10,9.93,0.69,12,1,00:40:32,00
2737211,17585,24289,49.72,1,1,8.62,90.0,32302,95,-1035,-157,1051,1,43.6622168,-79.3944983,112.10,8.15,0.69,12,1,00:40:33,00
2737499,12746,24289,49.74,1,1,8.91,93.0,32307,89,-975,-33,980,1,43.6622168,-79.3944983,113.50,8.15,0.62,12,1,00:40:33,00
2737795,7315,24289,49.78,1,1,7.17,74.9,32311,129,-957,-83,969,1,43.6622168,-79.3944983,113.50,8.15,0.62,12,1,00:40:33,00
2738098,106,24289,49.81,1,1,7.58,79.1,32316,127,-920,-39,930,1,43.6622168,-79.3944983,113.50,8.15,0.62,12,1,00:40:33,00
2738396,-115,24289,49.79,1,1,7.41,77.4,32321,116,-966,-37,974,1,43.6622455,-79.3945185,110.60,14.09,0.62,12,1,00:40:34,00
2738690,-118,24289,49.81,1,1,6.94,72.5,32325,146,-1028,-97,1043,1,43.6622455,-79.3945185,110.60,14.09,0.62,12,1,00:40:34,00
2738990,-111,24289,49.87,1,1,6.77,70.7,32329,148,-1077,-109,1093,1,43.6622455,-79.3945185,110.60,14.09,0.62,12,1,00:40:34,00
2739291,-85,24289,49.84,1,1,8.25,86.2,32334,124,-949,-41,958,1,43.6622647,-79.3945458,110.70,9.59,0.66,12,1,00:40:35,00
2739586,213,24289,49.89,1,1,8.06,84.2,32339,130,-1000,-89,1012,1,43.6622647,-79.3945458,110.70,9.59,0.66,12,1,00:40:35,00
2739947,1652,24289,49.92,1,1,7.89,82.4,32345,117,-989,-40,996,1,43.6622647,-79.3945458,110.70,9.59,0.66,12,1,00:40:35,00
2740250,3598,24289,49.91,1,1,6.30,65.8,32349,107,-929,-18,935,1,43.6622780,-79.3945742,111.00,8.72,0.62,12,1,00:40:36,00
2740551,-78,24289,49.97,1,1,6.30,65.8,32353,132,-970,-62,981,1,43.6622780,-79.3945742,111.00,8.72,0.62,12,1,00:40:36,00
2740844,-96,24289,49.98,1,1,6.24,65.1,32357,71,-972,17,975,1,43.6622780,-79.3945742,111.00,8.72,0.62,12,1,00:40:36,00
2741139,-89,24289,50.01,1,1,7.70,80.4,32362,199,-1009,-205,1049,1,43.6622858,-79.3946020,111.00,6.85,0.62,12,1,00:40:37,00
2741438,-80,24289,50.04,1,1,7.55,78.9,32367,94,-955,-8,960,1,43.6622858,-79.3946020,113.00,6.85,0.62,12,1,00:40:37,00
2741736,-85,24289,50.05,1,1,5.55,57.9,32370,176,-825,-100,850,1,43.6622858,-79.3946020,113.00,6.85,0.62,12,1,00:40:37,00
2742036,-81,24289,50.07,1,1,7.32,76.5,32375,110,-888,-2,895,1,43.6622858,-79.3946020,113.00,6.85,0.62,12,1,00:40:37,00
2742345,-78,24289,50.10,1,1,7.15,74.6,32379,103,-1030,-128,1043,1,43.6622895,-79.3946252,114.90,6.80,0.75,12,1,00:40:38,00
2742651,-74,24289,50.13,1,1,5.77,60.2,32383,110,-1009,51,1016,1,43.6622895,-79.3946252,114.90,6.80,0.75,12,1,00:40:38,00
2742947,-75,24289,50.14,1,1,7.23,75.5,32387,139,-1011,-154,1032,1,43.6622895,-79.3946252,114.90,6.80,0.75,12,1,00:40:38,00
2743246,-69,24289,50.18,1,1,5.73,59.9,32391,145,-945,-94,961,1,43.6622950,-79.3946415,114.80,4.69,0.68,12,1,00:40:39,00
2743551,-63,24289,50.19,1,1,6.99,73.0,32395,108,-991,-50,998,1,43.6622950,-79.3946415,114.80,4.69,0.68,12,1,00:40:39,00
2743853,-73,24289,50.23,1,1,6.90,72.0,32400,71,-1197,-152,1209,1,43.6622950,-79.3946415,114.80,4.69,0.68,12,1,00:40:39,00
2744158,-74,24289,50.24,1,1,5.11,53.4,32403,148,-946,14,957,1,43.6623085,-79.3946653,114.80,9.28,0.68,12,1,00:40:40,00
2744465,-61,24289,50.28,1,1,6.84,71.4,32407,108,-956,-189,981,1,43.6623085,-79.3946653,115.00,9.28,0.74,12,1,00:40:40,00
2744839,-57,24289,50.32,1,1,6.76,70.6,32413,90,-1014,-136,1028,1,43.6623085,-79.3946653,115.00,9.28,0.74,12,1,00:40:40,00
2745142,-54,24289,50.32,1,1,5.08,53.0,32416,127,-1001,-16,1009,1,43.6623217,-79.3946858,115.00,6.83,0.74,12,1,00:40:41,00
2745435,-50,24289,50.35,1,1,6.82,71.2,32420,142,-902,-49,915,1,43.6623217,-79.3946858,115.20,6.83,0.70,12,1,00:40:41,00
2745742,-51,24289,50.37,1,1,6.96,72.7,32425,107,-1029,-71,1037,1,43.6623217,-79.3946858,115.20,6.83,0.70,12,1,00:40:41,00
2746040,-56,24289,50.40,1,1,5.32,55.6,32428,104,-995,13,1001,1,43.6623217,-79.3946858,115.20,6.83,0.70,12,1,00:40:41,00
2746340,-58,24289,50.45,1,1,7.13,74.4,32432,153,-985,-143,1007,1,43.6623342,-79.3947047,113.30,6.95,0.68,12,1,00:40:42,00
2746649,-54,24289,50.46,1,1,5.87,61.3,32436,117,-1074,10,1080,1,43.6623342,-79.3947047,113.30,6.95,0.68,12,1,00:40:42,00
2746956,-45,24289,50.49,1,1,5.84,61.0,32440,182,-944,-150,973,1,43.6623342,-79.3947047,113.30,6.95,0.68,12,1,00:40:42,00
2747261,-50,24289,50.48,1,1,7.46,77.9,32445,109,-915,-93,926,1,43.6623422,-79.3947245,114.00,6.67,0.68,12,1,00:40:43,00
2747567,-46,24289,50.52,1,1,7.45,77.8,32449,172,-830,-152,861,1,43.6623422,-79.3947245,114.00,6.67,0.68,12,1,00:40:43,00
2747875,-52,24289,50.53,1,1,5.98,62.5,32453,122,-1039,-44,1048,1,43.6623422,-79.3947245,114.00,6.67,0.68,12,1,00:40:43,00
2748182,-27,24289,50.54,1,1,6.10,63.7,32457,174,-884,-86,905,1,43.6623533,-79.3947420,114.00,6.46,0.68,12,1,00:40:44,00
2748491,145,24289,50.54,1,1,6.08,63.5,32461,99,-1065,-80,1073,1,43.6623533,-79.3947420,113.20,6.46,0.71,12,1,00:40:44,00
2748806,752,24289,50.58,1,1,6.16,64.3,32465,142,-1039,-180,1064,1,43.6623533,-79.3947420,113.20,6.46,0.71,12,1,00:40:44,00
2749113,1962,24289,50.59,1,1,6.16,64.3,32469,152,-964,-50,977,1,43.6623587,-79.3947592,113.20,5.67,0.71,12,1,00:40:45,00
2749424,275,24289,50.63,1,1,6.22,64.9,32473,170,-956,-115,978,1,43.6623587,-79.3947592,114.00,5.67,0.68,12,1,00:40:45,00
2749801,115,24289,50.63,1,1,5.20,54.3,32477,139,-979,-37,990,1,43.6623587,-79.3947592,114.00,5.67,0.68,12,1,00:40:45,00
2750101,103,24289,50.61,1,1,6.28,65.6,32481,128,-1060,-70,1070,1,43.6623720,-79.3947820,114.00,8.85,0.68,12,1,00:40:46,00
2750408,15,24289,50.66,1,1,6.34,66.2,32485,159,-981,-65,996,1,43.6623720,-79.3947820,113.60,8.85,0.66,12,1,00:40:46,00
2750715,-47,24289,50.64,1,1,6.32,66.0,32489,157,-990,-89,1007,1,43.6623720,-79.3947820,113.60,8.85,0.66,12,1,00:40:46,00
2751030,-55,24289,50.65,1,1,6.69,69.8,32494,140,-884,-68,898,1,43.6623720,-79.3947820,113.60,8.85,0.66,12,1,00:40:46,00
2751334,-51,24289,50.66,1,1,7.95,83.1,32499,201,-912,-186,953,1,43.6623898,-79.3948092,111.60,10.20,0.67,12,1,00:40:47,00
2751651,-46,24289,50.67,1,1,6.49,67.8,32503,137,-1059,-107,1074,1,43.6623898,-79.3948092,111.60,10.20,0.67,12,1,00:40:47,00
2751961,-57,24289,50.71,1,1,6.49,67.8,32507,145,-852,-23,864,1,43.6623898,-79.3948092,111.60,10.20,0.67,12,1,00:40:47,00
2752272,35,24289,50.68,1,1,8.16,85.2,32513,100,-1006,-19,1011,1,43.6623950,-79.3948262,112.40,4.59,0.64,12,1,00:40:48,00
2752584,454,24289,50.69,1,1,8.23,85.9,32518,124,-970,-134,987,1,43.6623950,-79.3948262,112.40,4.59,0.64,12,1,00:40:48,00
2752894,2594,24289,50.73,1,1,6.63,69.2,32522,70,-961,96,968,1,43.6623950,-79.3948262,112.40,4.59,0.64,12,1,00:40:48,00
2753204,5312,24289,50.72,1,1,8.42,88.0,32528,138,-884,-155,908,1,43.6624030,-79.3948487,111.80,7.57,0.64,12,1,00:40:49,00
2753518,10387,24289,50.74,1,1,6.91,72.2,32532,72,-964,-49,968,1,43.6624030,-79.3948487,111.80,7.57,0.64,12,1,00:40:49,00
2753831,14931,24289,50.76,1,1,7.46,77.9,32537,72,-892,-56,897,1,43.6624030,-79.3948487,111.80,7.57,0.64,12,1,00:40:49,00
2754144,20279,24289,50.74,1,1,7.77,81.2,32542,52,-1113,-66,1116,1,43.6624068,-79.3948688,111.80,6.33,0.64,12,1,00:40:50,00
2754458,-57,24289,50.78,1,1,8.42,88.0,32548,195,-911,-93,937,1,43.6624068,-79.3948688,113.20,6.33,0.68,12,1,00:40:50,00
2754834,-63,24289,50.79,1,1,7.50,78.3,32554,184,-748,-124,780,1,43.6624068,-79.3948688,113.20,6.33,0.68,12,1,00:40:50,00
2755151,-70,24289,50.81,1,1,10.01,104.5,32560,145,-1027,-131,1045,1,43.6624142,-79.3948957,114.00,8.56,0.61,12,1,00:40:51,00
2755464,-66,24289,50.79,1,1,8.63,90.1,32566,113,-838,35,847,1,43.6624142,-79.3948957,114.00,8.56,0.61,12,1,00:40:51,00
2755778,-59,24289,50.80,1,1,8.60,89.8,32572,153,-1043,-129,1062,1,43.6624142,-79.3948957,114.00,8.56,0.61,12,1,00:40:51,00
2756128,-73,24289,50.79,1,1,7.23,75.5,32577,89,-1091,-63,1097,1,43.6624225,-79.3949182,114.00,7.67,0.61,12,1,00:40:52,00
2756421,-66,24289,50.82,1,1,8.52,89.0,32582,143,-1050,-26,1060,1,43.6624225,-79.3949182,114.60,7.67,0.63,12,1,00:40:52,00
2756712,-71,24289,50.78,1,1,8.84,92.3,32588,201,-928,-159,962,1,43.6624225,-79.3949182,114.60,7.67,0.63,12,1,00:40:52,00
2757008,-50,24289,50.80,1,1,8.61,89.9,32593,56,-909,152,923,1,43.6624262,-79.3949365,114.60,5.04,0.63,12,1,00:40:53,00
2757304,-66,24289,50.82,1,1,8.64,90.3,32598,152,-1012,-107,1029,1,43.6624262,-79.3949365,114.80,5.04,0.66,12,1,00:40:53,00
2757606,-56,24289,50.82,1,1,8.76,91.5,32604,69,-997,23,1000,1,43.6624262,-79.3949365,114.80,5.04,0.66,12,1,00:40:53,00
2757901,-54,24289,50.84,1,1,8.40,87.7,32609,159,-1073,-103,1089,1,43.6624262,-79.3949365,114.80,5.04,0.66,12,1,00:40:53,00
2758203,-47,24289,50.83,1,1,8.34,87.1,32614,150,-939,30,951,1,43.6624237,-79.3949532,115.90,5.93,0.69,12,1,00:40:54,00
2758496,-42,24289,50.84,1,1,8.23,85.9,32619,138,-976,-111,992,1,43.6624237,-79.3949532,115.90,5.93,0.69,12,1,00:40:54,00
2758792,-62,24289,50.83,1,1,8.09,84.5,32624,149,-879,-22,892,1,43.6624237,-79.3949532,115.90,5.93,0.69,12,1,00:40:54,00
2759089,-61,24289,50.85,1,1,7.98,83.3,32629,113,-944,-55,952,1,43.6624313,-79.3949838,115.90,9.96,0.69,12,1,00:40:55,00
2759387,-54,24289,50.84,1,1,7.80,81.4,32634,107,-867,-63,876,1,43.6624313,-79.3949838,115.40,9.96,0.63,12,1,00:40:55,00
2759754,-48,24289,50.87,1,1,7.85,82.0,32640,161,-952,-56,967,1,43.6624313,-79.3949838,115.40,9.96,0.63,12,1,00:40:55,00
2760053,12,24289,50.88,1,1,7.50,78.4,32645,117,-889,-174,914,1,43.6624457,-79.3950177,115.40,11.06,0.63,12,1,00:40:56,00
2760348,301,24289,50.88,1,1,7.02,73.3,32649,114,-1025,-46,1032,1,43.6624457,-79.3950177,116.50,11.06,0.63,12,1,00:40:56,00
2760640,1536,24289,50.88,1,1,6.86,71.7,32653,102,-1061,-55,1067,1,43.6624457,-79.3950177,116.50,11.06,0.63,12,1,00:40:56,00
2760934,4811,24289,50.89,1,1,8.37,87.4,32658,79,-967,-92,975,1,43.6624457,-79.3950177,116.50,11.06,0.63,12,1,00:40:56,00
2761239,8656,24289,50.90,1,1,6.88,71.8,32663,89,-1004,-86,1012,1,43.6624528,-79.3950513,115.20,10.70,0.63,12,1,00:40:57,00
2761540,13648,24289,50.90,1,1,6.65,69.4,32667,151,-966,-194,997,1,43.6624528,-79.3950513,115.20,10.70,0.63,12,1,00:40:57,00
2761835,18329,24289,50.93,1,1,6.74,70.4,32671,74,-1191,-115,1199,1,43.6624528,-79.3950513,115.20,10.70,0.63,12,1,00:40:57,00
2762133,22935,24289,50.91,1,1,8.68,90.6,32677,110,-926,-93,937,1,43.6624565,-79.3950847,115.20,9.82,0.63,12,1,00:40:58,00
2762434,24465,24289,50.94,1,1,7.20,75.2,32681,88,-997,-148,1012,1,43.6624565,-79.3950847,116.50,9.82,0.71,12,1,00:40:58,00
2762733,24520,24289,50.93,1,1,7.85,82.0,32686,114,-975,-159,994,1,43.6624565,-79.3950847,116.50,9.82,0.71,12,1,00:40:58,00
2763035,24520,24289,50.94,1,1,8.17,85.3,32691,61,-964,-115,973,1,43.6624565,-79.3950847,116.50,9.82,0.71,12,1,00:40:58,00
2763331,24520,24289,50.93,1,1,8.87,92.6,32697,9,-998,117,1005,1,43.6624663,-79.3951243,117.00,12.20,0.67,12,1,00:40:59,00
2763637,24520,24289,50.95,1,1,9.27,96.8,32703,83,-965,-104,974,1,43.6624663,-79.3951243,117.00,12.20,0.67,12,1,00:40:59,00
2763946,24520,24289,50.96,1,1,9.74,101.7,32709,100,-1120,-214,1144,1,43.6624663,-79.3951243,117.00,12.20,0.67,12,1,00:40:59,00
2764244,24516,24289,50.97,1,1,10.07,105.2,32715,55,-1004,78,1009,1,43.6624713,-79.3951583,116.80,10.06,0.77,12,1,00:41:00,00
2764605,20948,24289,50.95,1,1,9.80,102.3,32723,84,-906,-37,911,1,43.6624713,-79.3951583,116.80,10.06,0.77,12,1,00:41:00,00
2764904,11892,24289,50.95,1,1,10.80,112.8,32729,118,-1019,-85,1030,1,43.6624713,-79.3951583,116.80,10.06,0.77,12,1,00:41:00,00
2765201,-457,24289,50.99,1,1,11.17,116.7,32736,113,-877,-3,885,1,43.6624763,-79.3951907,117.30,9.13,0.68,12,1,00:41:01,00
2765498,-432,24289,50.99,1,1,11.02,115.1,32743,209,-762,-174,809,1,43.6624763,-79.3951907,117.30,9.13,0.68,12,1,00:41:01,00
2765798,-420,24289,50.99,1,1,10.95,114.4,32750,21,-974,149,985,1,43.6624763,-79.3951907,117.30,9.13,0.68,12,1,00:41:01,00
2766103,-397,24289,50.98,1,1,10.74,112.2,32757,142,-838,44,851,1,43.6624722,-79.3952173,117.30,7.17,0.68,12,1,00:41:02,00
2766406,-364,24289,50.99,1,1,10.64,111.1,32764,126,-981,-136,999,1,43.6624722,-79.3952173,117.90,7.17,0.72,12,1,00:41:02,00
2766706,-351,24289,50.99,1,1,10.26,107.1,32770,131,-891,24,901,1,43.6624722,-79.3952173,117.90,7.17,0.72,12,1,00:41:02,00
2767011,-311,24289,50.99,1,1,10.34,108.0,32777,128,-1178,-44,1186,1,43.6624722,-79.3952173,117.90,7.17,0.72,12,1,00:41:02,00
2767313,-293,24289,50.96,1,1,10.01,104.5,32783,138,-1053,-92,1066,1,43.6624628,-79.3952410,119.60,7.11,0.69,12,1,00:41:03,00
2767617,-268,24289,51.01,1,1,9.80,102.4,32789,149,-922,-68,936,1,43.6624628,-79.3952410,119.60,7.11,0.69,12,1,00:41:03,00
2767925,-257,24289,50.99,1,1,9.61,100.3,32795,100,-889,94,899,1,43.6624628,-79.3952410,119.60,7.11,0.69,12,1,00:41:03,00
2768235,-219,24289,51.01,1,1,9.42,98.4,32801,154,-968,-108,986,1,43.6624550,-79.3952712,119.70,8.80,0.64,12,1,00:41:04,00
2768539,-186,24289,51.00,1,1,10.67,111.5,32808,90,-885,43,891,1,43.6624550,-79.3952712,119.70,8.80,0.64,12,1,00:41:04,00
2768849,-184,24289,51.02,1,1,8.92,93.2,32814,91,-1056,51,1062,1,43.6624550,-79.3952712,119.70,8.80,0.64,12,1,00:41:04,00
2769156,-177,24289,51.02,1,1,8.49,88.7,32819,110,-874,-44,882,1,43.6624510,-79.3953107,119.80,11.24,0.73,12,1,00:41:05,00
2769521,82,24289,51.05,1,1,7.42,77.5,32825,143,-942,25,953,1,43.6624510,-79.3953107,119.80,11.24,0.73,12,1,00:41:05,00
2769820,1149,24289,51.08,1,1,9.64,100.7,32831,123,-1005,-56,1014,1,43.6624510,-79.3953107,119.80,11.24,0.73,12,1,00:41:05,00
2770122,3762,24289,51.10,1,1,7.82,81.7,32836,145,-917,-14,929,1,43.6624478,-79.3953532,119.80,12.26,0.73,12,1,00:41:06,00
2770433,6564,24289,51.10,1,1,9.36,97.7,32842,104,-1048,-74,1056,1,43.6624478,-79.3953532,119.30,12.26,0.69,12,1,00:41:06,00
2770738,-137,24289,51.06,1,1,9.18,95.8,32848,100,-1014,57,1021,1,43.6624478,-79.3953532,119.30,12.26,0.69,12,1,00:41:06,00
2771046,-131,24289,51.08,1,1,7.12,74.3,32852,97,-1094,29,1098,1,43.6624362,-79.3953873,119.30,10.76,0.69,12,1,00:41:07,00
2771352,-123,24289,51.08,1,1,8.60,89.8,32858,116,-1031,-88,1041,1,43.6624362,-79.3953873,118.40,10.76,0.63,12,1,00:41:07,00
2771661,166,24289,51.08,1,1,6.65,69.4,32862,92,-877,4,882,1,43.6624362,-79.3953873,118.40,10.76,0.63,12,1,00:41:07,00
2771971,7,24289,51.12,1,1,8.00,83.5,32867,76,-983,-31,986,1,43.6624362,-79.3953873,118.40,10.76,0.63,12,1,00:41:07,00
2772278,-124,24289,51.13,1,1,7.76,81.0,32872,167,-900,-90,920,1,43.6624242,-79.3954265,117.40,13.08,0.72,12,1,00:41:08,00
2772593,-118,24289,51.18,1,1,6.04,63.1,32876,104,-1047,-16,1052,1,43.6624242,-79.3954265,117.40,13.08,0.72,12,1,00:41:08,00
2772911,-71,24289,51.14,1,1,5.82,60.8,32880,134,-953,-38,963,1,43.6624242,-79.3954265,117.40,13.08,0.72,12,1,00:41:08,00
2773222,245,24289,51.21,1,1,7.06,73.7,32885,141,-1016,-81,1029,1,43.6624203,-79.3954680,116.20,11.46,0.63,12,1,00:41:09,00
2773531,2679,24289,51.23,1,1,6.89,71.9,32889,122,-981,-25,988,1,43.6624203,-79.3954680,116.20,11.46,0.63,12,1,00:41:09,00
2773843,6261,24289,51.23,1,1,6.76,70.6,32894,91,-982,-32,987,1,43.6624203,-79.3954680,116.20,11.46,0.63,12,1,00:41:09,00
2774166,11871,24289,51.28,1,1,5.08,53.0,32897,99,-944,-67,952,1,43.6624115,-79.3954985,115.10,8.85,0.66,12,1,00:41:10,00
2774543,16894,24289,51.30,1,1,6.94,72.5,32903,71,-1044,-24,1046,1,43.6624115,-79.3954985,115.10,8.85,0.66,12,1,00:41:10,00
2774854,20894,24289,51.28,1,1,5.34,55.8,32906,43,-1033,-45,1035,1,43.6624115,-79.3954985,115.10,8.85,0.66,12,1,00:41:10,00
2775164,24338,24289,51.32,1,1,5.95,62.1,32910,34,-976,-21,977,1,43.6624105,-79.3955302,113.40,9.83,0.88,12,1,00:41:11,00
2775469,24520,24289,51.35,1,1,6.26,65.4,32914,82,-980,-152,995,1,43.6624105,-79.3955302,113.40,9.83,0.88,12,1,00:41:11,00
2775775,24520,24289,51.37,1,1,6.60,69.0,32918,-1,-935,-6,935,1,43.6624105,-79.3955302,113.40,9.83,0.88,12,1,00:41:11,00
2776086,24520,24289,51.40,1,1,8.78,91.7,32924,109,-1057,-27,1063,1,43.6624125,-79.3955608,112.20,8.11,0.68,12,1,00:41:12,00
2776395,24520,24289,51.41,1,1,7.82,81.7,32929,17,-1085,20,1086,1,43.6624125,-79.3955608,112.20,8.11,0.68,12,1,00:41:12,00
2776706,24520,24289,51.41,1,1,8.50,88.8,32935,84,-861,-51,867,1,43.6624125,-79.3955608,112.20,8.11,0.68,12,1,00:41:12,00
2777035,24520,24289,51.46,1,1,8.98,93.8,32941,139,-771,-27,784,1,43.6624058,-79.3955905,112.20,7.76,0.68,12,1,00:41:13,00
2777346,24520,24289,51.50,1,1,9.39,98.0,32947,-57,-1084,-68,1087,1,43.6624058,-79.3955905,112.40,7.76,0.68,12,1,00:41:13,00
2777666,23544,24289,51.45,1,1,10.00,104.5,32954,115,-827,-49,836,1,43.6624058,-79.3955905,112.40,7.76,0.68,12,1,00:41:13,00
2778015,-600,24289,51.44,1,1,8.81,92.0,32960,60,-824,48,827,1,43.6623983,-79.3956138,112.40,5.32,0.68,12,1,00:41:14,00
2778312,-570,24289,51.48,1,1,10.13,105.7,32967,145,-912,-88,927,1,43.6623983,-79.3956138,112.70,5.32,0.81,12,1,00:41:14,00
2778611,-537,24289,51.48,1,1,9.84,102.7,32973,131,-915,-16,924,1,43.6623983,-79.3956138,112.70,5.32,0.81,12,1,00:41:14,00
2778906,-524,24289,51.48,1,1,9.64,100.7,32979,146,-1118,-155,1138,1,43.6623983,-79.3956138,112.70,5.32,0.81,12,1,00:41:14,00
2779202,-498,24289,51.46,1,1,9.54,99.7,32985,144,-1018,-219,1051,1,43.6623888,-79.3956347,113.40,5.67,0.63,12,1,00:41:15,00
2779560,-444,24289,51.47,1,1,8.30,86.7,32991,166,-820,-80,840,1,43.6623888,-79.3956347,113.40,5.67,0.63,12,1,00:41:15,00
2779858,-400,24289,51.47,1,1,9.48,99.0,32997,123,-927,-33,935,1,43.6623888,-79.3956347,113.40,5.67,0.63,12,1,00:41:15,00
2780151,-371,24289,51.46,1,1,9.24,96.5,33002,121,-807,-37,817,1,43.6623758,-79.3956520,114.00,5.28,0.61,12,1,00:41:16,00
2780443,-341,24289,51.49,1,1,9.54,99.7,33008,164,-874,-81,893,1,43.6623758,-79.3956520,114.00,5.28,0.61,12,1,00:41:16,00
2780743,-325,24289,51.49,1,1,9.64,100.7,33014,92,-1045,14,1050,1,43.6623758,-79.3956520,114.00,5.28,0.61,12,1,00:41:16,00
2781037,-293,24289,51.49,1,1,9.67,101.0,33020,109,-1038,-27,1044,1,43.6623622,-79.3956727,114.90,7.98,0.83,12,1,00:41:17,00
2781336,-270,24289,51.50,1,1,9.70,101.4,33026,157,-980,-33,993,1,43.6623622,-79.3956727,114.90,7.98,0.83,12,1,00:41:17,00
2781628,-245,24289,51.53,1,1,9.70,101.4,33032,76,-1070,-39,1073,1,43.6623622,-79.3956727,114.90,7.98,0.83,12,1,00:41:17,00
2781923,-231,24289,51.53,1,1,9.70,101.4,33038,133,-832,-48,844,1,43.6623388,-79.3957027,114.90,11.89,0.83,12,1,00:41:18,00
2782219,-225,24289,51.52,1,1,9.67,101.0,33044,77,-1043,-2,1046,1,43.6623388,-79.3957027,116.00,11.89,0.66,12,1,00:41:18,00
2782515,-194,24289,51.56,1,1,9.67,101.0,33050,184,-805,-44,827,1,43.6623388,-79.3957027,116.00,11.89,0.66,12,1,00:41:18,00
2782810,-189,24289,51.58,1,1,9.67,101.0,33056,109,-983,-143,999,1,43.6623388,-79.3957027,116.00,11.89,0.66,12,1,00:41:18,00
2783103,-176,24289,51.61,1,1,9.61,100.3,33062,137,-934,-53,945,1,43.6623192,-79.3957278,115.70,9.91,0.73,12,1,00:41:19,00
2783408,-169,24289,51.62,1,1,9.57,100.0,33068,0,-1133,84,1136,1,43.6623192,-79.3957278,115.70,9.91,0.73,12,1,00:41:19,00
2783713,-172,24289,51.62,1,1,9.58,100.0,33074,184,-838,-144,870,1,43.6623192,-79.3957278,115.70,9.91,0.73,12,1,00:41:19,00
2784012,-165,24289,51.63,1,1,9.61,100.3,33080,118,-843,-64,854,1,43.6622995,-79.3957518,116.10,10.89,0.66,12,1,00:41:20,00
2784377,-153,24289,51.64,1,1,8.84,92.3,33087,89,-1041,35,1046,1,43.6622995,-79.3957518,116.10,10.89,0.66,12,1,00:41:20,00
2784672,160,24289,51.66,1,1,9.80,102.4,33093,151,-936,-116,955,1,43.6622995,-79.3957518,116.10,10.89,0.66,12,1,00:41:20,00
2784964,806,24289,51.69,1,1,9.94,103.8,33099,122,-945,26,953,1,43.6622822,-79.3957823,116.10,11.13,0.66,12,1,00:41:21,00
2785265,1867,24289,51.73,1,1,10.01,104.5,33105,135,-1026,-173,1049,1,43.6622822,-79.3957823,116.90,11.13,0.64,12,1,00:41:21,00
2785569,5951,24289,51.74,1,1,10.34,108.0,33112,9,-1158,46,1159,1,43.6622822,-79.3957823,116.90,11.13,0.64,12,1,00:41:21,00
2785865,9997,24289,51.76,1,1,10.30,107.5,33118,127,-814,-113,832,1,43.6622822,-79.3957823,116.90,11.13,0.64,12,1,00:41:21,00
2786165,13284,24289,51.74,1,1,10.78,112.5,33125,14,-1326,-42,1326,1,43.6622652,-79.3958052,117.40,8.50,0.63,12,1,00:41:22,00
2786460,18492,24289,51.79,1,1,11.10,115.9,33132,145,-859,-72,875,1,43.6622652,-79.3958052,117.40,8.50,0.63,12,1,00:41:22,00
2786763,22354,24289,51.78,1,1,11.40,119.0,33139,41,-1056,88,1061,1,43.6622652,-79.3958052,117.40,8.50,0.63,12,1,00:41:22,00
2787077,23218,24289,51.79,1,1,12.04,125.8,33147,130,-1072,-70,1082,1,43.6622503,-79.3958305,117.90,8.89,0.68,12,1,00:41:23,00
2787375,-189,24289,51.83,1,1,12.40,129.4,33155,150,-809,-54,825,1,43.6622503,-79.3958305,117.90,8.89,0.68,12,1,00:41:23,00
2787683,-197,24289,51.83,1,1,12.32,128.6,33163,124,-1210,-109,1221,1,43.6622503,-79.3958305,117.90,8.89,0.68,12,1,00:41:23,00
2787982,-207,24289,51.81,1,1,12.10,126.4,33170,221,-848,-154,890,1,43.6622243,-79.3958580,118.60,13.17,0.64,12,1,00:41:24,00
2788284,-209,24289,51.84,1,1,12.16,127.0,33178,124,-905,-5,914,1,43.6622243,-79.3958580,118.60,13.17,0.64,12,1,00:41:24,00
2788581,-190,24289,51.83,1,1,11.80,123.2,33185,96,-1183,-37,1187,1,43.6622243,-79.3958580,118.60,13.17,0.64,12,1,00:41:24,00
2788877,-184,24289,51.85,1,1,11.90,124.2,33193,143,-1083,-89,1096,1,43.6622070,-79.3958835,118.60,9.20,0.64,12,1,00:41:25,00
2789241,-191,24289,51.82,1,1,10.61,110.8,33201,143,-968,-79,982,1,43.6622070,-79.3958835,119.10,9.20,0.64,12,1,00:41:25,00
2789536,-171,24289,51.81,1,1,11.52,120.3,33208,104,-941,14,947,1,43.6622070,-79.3958835,119.10,9.20,0.64,12,1,00:41:25,00
2789837,-177,24289,51.85,1,1,11.40,119.0,33215,199,-1068,-208,1106,1,43.6622070,-79.3958835,119.10,9.20,0.64,12,1,00:41:25,00
2790139,-178,24289,51.81,1,1,11.28,117.8,33222,177,-882,-74,902,1,43.6621988,-79.3959090,118.20,7.50,0.73,12,1,00:41:26,00
2790440,-159,24289,51.83,1,1,11.36,118.6,33229,104,-1007,20,1013,1,43.6621988,-79.3959090,118.20,7.50,0.73,12,1,00:41:26,00
2790738,-160,24289,51.83,1,1,11.32,118.2,33236,133,-950,-67,961,1,43.6621988,-79.3959090,118.20,7.50,0.73,12,1,00:41:26,00
2791045,-149,24289,51.82,1,1,11.51,120.2,33244,145,-957,-63,970,1,43.6621928,-79.3959348,117.50,7.50,0.67,12,1,00:41:27,00
2791351,-148,24289,51.85,1,1,11.25,117.4,33251,72,-1128,-18,1131,1,43.6621928,-79.3959348,117.50,7.50,0.67,12,1,00:41:27,00
2791656,-150,24289,51.86,1,1,11.28,117.8,33258,203,-834,-190,879,1,43.6621928,-79.3959348,117.50,7.50,0.67,12,1,00:41:27,00
2791966,-145,24289,51.86,1,1,11.28,117.8,33265,177,-916,-117,941,1,43.6621817,-79.3959618,116.10,8.46,0.65,12,1,00:41:28,00
2792276,-150,24289,51.85,1,1,11.43,119.4,33273,154,-800,54,816,1,43.6621817,-79.3959618,116.10,8.46,0.65,12,1,00:41:28,00
2792578,-132,24289,51.87,1,1,11.28,117.8,33280,177,-905,-257,957,1,43.6621817,-79.3959618,116.10,8.46,0.65,12,1,00:41:28,00
2792888,-125,24289,51.88,1,1,11.32,118.2,33287,58,-1027,39,1029,1,43.6621572,-79.3959863,116.10,12.20,0.65,12,1,00:41:29,00
2793199,-133,24289,51.85,1,1,11.64,121.6,33295,98,-1136,-169,1152,1,43.6621572,-79.3959863,113.60,12.20,0.68,12,1,00:41:29,00
2793507,-125,24289,51.84,1,1,11.48,119.9,33302,135,-852,-66,865,1,43.6621572,-79.3959863,113.60,12.20,0.68,12,1,00:41:29,00
2793813,-133,24289,51.86,1,1,11.64,121.6,33310,133,-1088,-127,1104,1,43.6621313,-79.3960042,113.60,11.85,0.68,12,1,00:41:30,00
2794199,-127,24289,51.87,1,1,10.49,109.6,33318,83,-1072,-30,1076,1,43.6621313,-79.3960042,114.00,11.85,0.63,12,1,00:41:30,00
2794507,-115,24289,51.88,1,1,11.68,122.0,33326,132,-712,-10,724,1,43.6621313,-79.3960042,114.00,11.85,0.63,12,1,00:41:30,00
2794813,-129,24289,51.90,1,1,11.48,119.9,33333,38,-1158,-97,1163,1,43.6621065,-79.3960192,114.00,9.70,0.63,12,1,00:41:31,00
2795123,-128,24289,51.89,1,1,11.52,120.3,33340,179,-900,-150,930,1,43.6621065,-79.3960192,113.40,9.70,0.63,12,1,00:41:31,00
2795427,-117,24289,51.91,1,1,11.82,123.5,33348,138,-1030,-28,1040,1,43.6621065,-79.3960192,113.40,9.70,0.63,12,1,00:41:31,00
2795735,-127,24289,51.94,1,1,12.04,125.8,33356,173,-798,-175,835,1,43.6621065,-79.3960192,113.40,9.70,0.63,12,1,00:41:31,00
2796049,-122,24289,51.94,1,1,11.88,124.1,33363,48,-1022,29,1023,1,43.6620713,-79.3960350,114.10,13.59,0.68,12,1,00:41:32,00
2796364,-123,24289,51.94,1,1,12.38,129.3,33372,184,-790,-149,825,1,43.6620713,-79.3960350,114.10,13.59,0.68,12,1,00:41:32,00
2796673,-123,24289,51.99,1,1,12.28,128.2,33380,28,-991,43,992,1,43.6620713,-79.3960350,114.10,13.59,0.68,12,1,00:41:32,00
2796983,-124,24289,52.01,1,1,12.36,129.0,33388,185,-1031,-166,1060,1,43.6620438,-79.3960440,116.90,9.45,0.68,12,1,00:41:33,00
2797299,-126,24289,52.03,1,1,12.40,129.5,33396,128,-976,134,993,1,43.6620438,-79.3960440,116.90,9.45,0.68,12,1,00:41:33,00
2797614,-123,24289,52.05,1,1,12.52,130.7,33404,291,-631,-14,695,1,43.6620438,-79.3960440,116.90,9.45,0.68,12,1,00:41:33,00
2797923,-126,24289,52.10,1,1,12.52,130.7,33412,107,-929,37,936,1,43.6620135,-79.3960540,115.30,13.06,0.71,12,1,00:41:34,00
2798236,-125,24289,52.07,1,1,12.56,131.1,33420,207,-830,-112,863,1,43.6620135,-79.3960540,115.30,13.06,0.71,12,1,00:41:34,00
2798554,-116,24289,52.08,1,1,12.75,133.1,33429,86,-961,42,966,1,43.6620135,-79.3960540,115.30,13.06,0.71,12,1,00:41:34,00
2798871,-115,24289,52.12,1,1,11.10,115.9,33436,183,-1050,-146,1076,1,43.6619778,-79.3960630,115.30,14.91,0.71,12,1,00:41:35,00
2799246,-127,24289,52.14,1,1,11.71,122.3,33445,117,-967,-146,985,1,43.6619778,-79.3960630,114.40,14.91,0.81,12,1,00:41:35,00
2799557,-121,24289,52.15,1,1,12.98,135.5,33454,129,-979,28,988,1,43.6619778,-79.3960630,114.40,14.91,0.81,12,1,00:41:35,00
2799867,-124,24289,52.16,1,1,12.94,135.1,33462,157,-1006,-124,1025,1,43.6619427,-79.3960625,114.40,13.96,0.81,12,1,00:41:36,00
2800227,-114,24289,52.19,1,1,12.00,125.3,33471,79,-971,-21,975,1,43.6619427,-79.3960625,115.30,13.96,0.73,12,1,00:41:36,00
2800517,-106,24289,52.20,1,1,13.12,137.0,33479,174,-777,-17,797,1,43.6619427,-79.3960625,115.30,13.96,0.73,12,1,00:41:36,00
2800817,-123,24289,52.19,1,1,13.16,137.5,33487,134,-1159,-189,1182,1,43.6619103,-79.3960563,115.30,14.58,0.73,12,1,00:41:37,00
2801108,-109,24289,52.22,1,1,13.42,140.2,33496,183,-1279,-232,1313,1,43.6619103,-79.3960563,116.40,14.58,0.69,12,1,00:41:37,00
2801401,-113,24289,52.22,1,1,13.39,139.9,33504,134,-970,-141,990,1,43.6619103,-79.3960563,116.40,14.58,0.69,12,1,00:41:37,00
2801699,-118,24289,52.22,1,1,13.35,139.4,33512,117,-1041,-101,1053,1,43.6619103,-79.3960563,116.40,14.58,0.69,12,1,00:41:37,00
2801989,-115,24289,52.19,1,1,13.53,141.3,33520,89,-1039,24,1043,1,43.6618773,-79.3960668,115.40,14.95,0.69,12,1,00:41:38,00
2802285,-112,24289,52.21,1,1,12.16,127.0,33528,27,-919,-29,920,1,43.6618773,-79.3960668,115.40,14.95,0.69,12,1,00:41:38,00
2802581,-111,24289,52.19,1,1,13.58,141.8,33536,137,-1005,-63,1017,1,43.6618773,-79.3960668,115.40,14.95,0.69,12,1,00:41:38,00
2802883,-21,24289,52.17,1,1,13.81,144.2,33545,107,-1089,75,1097,1,43.6618475,-79.3960827,115.40,12.76,0.69,12,1,00:41:39,00
2803188,-114,24289,52.20,1,1,13.81,144.2,33554,121,-1038,-116,1052,1,43.6618475,-79.3960827,114.90,12.76,0.71,12,1,00:41:39,00
2803481,-104,24289,52.20,1,1,13.63,142.3,33562,153,-918,-85,935,1,43.6618475,-79.3960827,114.90,12.76,0.71,12,1,00:41:39,00
2803780,-115,24289,52.21,1,1,13.90,145.2,33571,168,-778,-217,825,1,43.6618475,-79.3960827,114.90,12.76,0.71,12,1,00:41:39,00
2804143,-119,24289,52.22,1,1,12.67,132.4,33580,145,-956,-243,997,1,43.6618160,-79.3960882,115.10,13.37,0.71,12,1,00:41:40,00
2804436,-111,24289,52.23,1,1,12.44,129.9,33588,112,-1075,9,1081,1,43.6618160,-79.3960882,115.10,13.37,0.71,12,1,00:41:40,00
2804727,-111,24289,52.24,1,1,13.83,144.4,33596,130,-1001,57,1011,1,43.6618160,-79.3960882,115.10,13.37,0.71,12,1,00:41:40,00
2805025,-116,24289,52.26,1,1,14.13,147.5,33605,89,-942,92,951,1,43.6617822,-79.3960878,114.40,14.46,0.75,12,1,00:41:41,00
2805318,-118,24289,52.26,1,1,12.52,130.7,33613,162,-847,-157,876,1,43.6617822,-79.3960878,114.40,14.46,0.75,12,1,00:41:41,00
2805611,-109,24289,52.31,1,1,14.08,147.1,33621,100,-1039,24,1044,1,43.6617822,-79.3960878,114.40,14.46,0.75,12,1,00:41:41,00
2805906,-104,24289,52.33,1,1,14.22,148.5,33630,83,-1100,17,1103,1,43.6617457,-79.3960897,114.40,14.76,0.75,12,1,00:41:42,00
2806210,-117,24289,52.32,1,1,12.68,132.4,33638,112,-847,105,861,1,43.6617457,-79.3960897,113.40,14.76,0.75,12,1,00:41:42,00
2806509,-93,24289,52.38,1,1,12.56,131.1,33646,118,-1109,-126,1123,1,43.6617457,-79.3960897,113.40,14.76,0.75,12,1,00:41:42,00
2806807,-113,24289,52.37,1,1,14.08,147.1,33655,160,-938,-78,955,1,43.6617112,-79.3960915,113.40,13.43,0.75,12,1,00:41:43,00
2807111,-113,24289,52.39,1,1,14.13,147.5,33664,168,-929,-14,944,1,43.6617112,-79.3960915,112.70,13.43,0.77,12,1,00:41:43,00
2807412,-100,24289,52.42,1,1,14.08,147.1,33673,150,-937,-149,961,1,43.6617112,-79.3960915,112.70,13.43,0.77,12,1,00:41:43,00
2807711,-111,24289,52.43,1,1,13.98,146.0,33681,129,-1076,-9,1084,1,43.6617112,-79.3960915,112.70,13.43,0.77,12,1,00:41:43,00
2808012,-110,24289,52.41,1,1,14.08,147.0,33690,124,-1001,-68,1011,1,43.6616780,-79.3960950,113.30,13.48,0.72,12,1,00:41:44,00
2808313,-115,24289,52.44,1,1,12.48,130.3,33698,171,-826,-74,847,1,43.6616780,-79.3960950,113.30,13.48,0.72,12,1,00:41:44,00
2808620,-118,24289,52.45,1,1,12.48,130.3,33706,116,-878,-59,887,1,43.6616780,-79.3960950,113.30,13.48,0.72,12,1,00:41:44,00
2808982,-104,24289,52.47,1,1,12.98,135.5,33716,82,-1013,-68,1018,1,43.6616575,-79.3960822,114.30,9.41,0.71,12,1,00:41:45,00
2809282,-115,24289,52.44,1,1,13.99,146.1,33725,21,-1191,93,1195,1,43.6616575,-79.3960822,114.30,9.41,0.71,12,1,00:41:45,00
2809579,-111,24289,52.49,1,1,13.68,142.9,33733,79,-975,60,980,1,43.6616575,-79.3960822,114.30,9.41,0.71,12,1,00:41:45,00
2809882,-104,24289,52.46,1,1,13.81,144.2,33742,143,-971,6,981,1,43.6616435,-79.3960803,114.30,3.93,0.71,12,1,00:41:46,00
2810181,-101,24289,52.47,1,1,13.49,140.8,33750,123,-1055,-99,1066,1,43.6616435,-79.3960803,113.20,3.93,0.71,12,1,00:41:46,00
2810477,-93,24289,52.44,1,1,13.55,141.5,33759,211,-1185,-65,1205,1,43.6616435,-79.3960803,113.20,3.93,0.71,12,1,00:41:46,00
2810778,-114,24289,52.43,1,1,13.12,137.0,33767,80,-1048,-91,1055,1,43.6616298,-79.3960822,113.20,3.52,0.71,12,1,00:41:47,00
2811081,-105,24289,52.44,1,1,12.85,134.2,33775,137,-1113,-261,1151,1,43.6616298,-79.3960822,110.70,3.52,0.80,12,1,00:41:47,00
2811391,-107,24289,52.44,1,1,12.64,132.0,33783,21,-986,177,1002,1,43.6616298,-79.3960822,110.70,3.52,0.80,12,1,00:41:47,00
2811691,-104,24289,52.45,1,1,12.44,129.9,33791,112,-770,19,779,1,43.6616298,-79.3960822,110.70,3.52,0.80,12,1,00:41:47,00
2811995,-111,24289,52.45,1,1,12.24,127.8,33799,102,-998,-24,1003,1,43.6616170,-79.3960758,111.90,6.59,0.73,12,1,00:41:48,00
2812298,-112,24289,52.45,1,1,11.93,124.6,33806,157,-877,-22,891,1,43.6616170,-79.3960758,111.90,6.59,0.73,12,1,00:41:48,00
2812600,-102,24289,52.44,1,1,11.90,124.2,33814,52,-1049,29,1050,1,43.6616170,-79.3960758,111.90,6.59,0.73,12,1,00:41:48,00
2812908,-101,24289,52.43,1,1,11.44,119.5,33821,170,-992,-58,1008,1,43.6615973,-79.3960672,110.30,8.35,0.73,12,1,00:41:49,00
2813218,-108,24289,52.44,1,1,11.28,117.8,33828,149,-952,-171,978,1,43.6615973,-79.3960672,110.30,8.35,0.73,12,1,00:41:49,00
2813533,-105,24289,52.42,1,1,11.23,117.3,33836,206,-1093,-219,1134,1,43.6615973,-79.3960672,110.30,8.35,0.73,12,1,00:41:49,00
2813906,-111,24289,52.41,1,1,9.66,100.9,33843,113,-921,41,929,1,43.6615858,-79.3960588,108.90,4.41,0.89,12,1,00:41:50,00
2814210,-97,24289,52.40,1,1,10.78,112.5,33850,189,-900,-207,942,1,43.6615858,-79.3960588,108.90,4.41,0.89,12,1,00:41:50,00
2814513,-91,24289,52.43,1,1,10.78,112.5,33857,89,-1127,-36,1131,1,43.6615858,-79.3960588,108.90,4.41,0.89,12,1,00:41:50,00
2814815,-107,24289,52.41,1,1,10.85,113.3,33864,108,-934,6,941,1,43.6615695,-79.3960355,108.90,10.26,0.89,12,1,00:41:51,00
2815124,-104,24289,52.38,1,1,10.92,114.0,33871,88,-990,-24,994,1,43.6615695,-79.3960355,108.10,10.26,0.73,12,1,00:41:51,00
2815433,-102,24289,52.38,1,1,11.02,115.1,33878,118,-1054,-15,1061,1,43.6615695,-79.3960355,108.10,10.26,0.73,12,1,00:41:51,00
2815748,-38,24289,52.32,1,1,11.13,116.3,33885,201,-1018,-160,1049,1,43.6615695,-79.3960355,108.10,10.26,0.73,12,1,00:41:51,00
2816052,280,24289,52.29,1,1,11.47,119.8,33893,198,-854,-171,894,1,43.6615587,-79.3960092,107.70,8.80,0.71,12,1,00:41:52,00
2816359,791,24289,52.31,1,1,11.48,119.9,33900,200,-687,-174,737,1,43.6615587,-79.3960092,107.70,8.80,0.71,12,1,00:41:52,00
2816669,2327,24289,52.29,1,1,11.79,123.1,33908,79,-1127,33,1130,1,43.6615587,-79.3960092,107.70,8.80,0.71,12,1,00:41:52,00
2816977,1884,24289,52.29,1,1,11.84,123.7,33915,144,-861,1,873,1,43.6615368,-79.3959828,106.20,11.50,0.69,12,1,00:41:53,00
2817284,-87,24289,52.30,1,1,12.28,128.2,33923,69,-1061,58,1065,1,43.6615368,-79.3959828,106.20,11.50,0.69,12,1,00:41:53,00
2817598,-95,24289,52.26,1,1,12.32,128.6,33931,178,-1166,-282,1212,1,43.6615368,-79.3959828,106.20,11.50,0.69,12,1,00:41:53,00
2817916,-91,24289,52.24,1,1,12.60,131.6,33940,123,-985,-116,999,1,43.6615143,-79.3959488,105.70,13.54,0.73,12,1,00:41:54,00
2818227,-88,24289,52.25,1,1,12.52,130.7,33948,137,-1019,-105,1033,1,43.6615143,-79.3959488,105.70,13.54,0.73,12,1,00:41:54,00
2818536,-77,24289,52.24,1,1,12.60,131.6,33956,219,-662,12,697,1,43.6615143,-79.3959488,105.70,13.54,0.73,12,1,00:41:54,00
2818911,-81,24289,52.21,1,1,11.68,122.0,33965,184,-924,-116,949,1,43.6615007,-79.3959122,107.90,10.19,0.67,12,1,00:41:55,00
2819218,-88,24289,52.24,1,1,12.77,133.3,33973,97,-1034,-19,1039,1,43.6615007,-79.3959122,107.90,10.19,0.67,12,1,00:41:55,00
2819523,-79,24289,52.22,1,1,13.02,136.0,33982,144,-880,-64,894,1,43.6615007,-79.3959122,107.90,10.19,0.67,12,1,00:41:55,00
2819832,-83,24289,52.20,1,1,12.94,135.1,33990,190,-993,-271,1047,1,43.6614870,-79.3958855,107.90,7.39,0.67,12,1,00:41:56,00
2820145,-89,24289,52.17,1,1,12.94,135.1,33998,200,-1038,-120,1064,1,43.6614870,-79.3958855,107.30,7.39,0.74,12,1,00:41:56,00
2820453,-81,24289,52.13,1,1,13.22,138.0,34007,127,-1141,-170,1161,1,43.6614870,-79.3958855,107.30,7.39,0.74,12,1,00:41:56,00
2820764,-75,24289,52.12,1,1,13.12,137.0,34015,130,-771,-20,782,1,43.6614870,-79.3958855,107.30,7.39,0.74,12,1,00:41:56,00
2821075,-79,24289,52.10,1,1,11.93,124.6,34023,136,-1034,-44,1044,1,43.6614763,-79.3958505,107.50,10.91,0.71,12,1,00:41:57,00
2821385,-87,24289,52.06,1,1,13.55,141.5,34032,100,-1074,-67,1080,1,43.6614763,-79.3958505,107.50,10.91,0.71,12,1,00:41:57,00
2821699,-95,24289,52.08,1,1,13.64,142.4,34041,128,-967,-130,984,1,43.6614763,-79.3958505,107.50,10.91,0.71,12,1,00:41:57,00
2822015,-90,24289,52.04,1,1,13.72,143.3,34050,37,-755,236,792,1,43.6614747,-79.3958237,109.10,5.17,0.68,12,1,00:41:58,00
2822375,-90,24289,52.02,1,1,12.49,130.4,34059,50,-1183,68,1186,1,43.6614747,-79.3958237,109.10,5.17,0.68,12,1,00:41:58,00
2822673,-83,24289,52.03,1,1,13.81,144.2,34068,102,-977,5,983,1,43.6614747,-79.3958237,109.10,5.17,0.68,12,1,00:41:58,00
2822969,-80,24289,52.01,1,1,13.90,145.2,34077,89,-965,34,970,1,43.6614563,-79.3957972,110.20,10.24,0.71,12,1,00:41:59,00
2823264,-85,24289,52.01,1,1,13.78,143.9,34085,128,-942,-59,952,1,43.6614563,-79.3957972,110.20,10.24,0.71,12,1,00:41:59,00
2823561,-75,24289,52.02,1,1,13.90,145.2,34094,133,-1046,32,1055,1,43.6614563,-79.3957972,110.20,10.24,0.71,12,1,00:41:59,00
2823918,-76,24289,52.00,1,1,12.71,132.7,34103,180,-860,-36,880,1,43.6614387,-79.3957595,110.20,11.70,0.71,12,1,00:42:00,00
2824211,-76,24289,52.03,1,1,12.48,130.3,34111,86,-993,55,999,1,43.6614387,-79.3957595,111.70,11.70,0.66,12,1,00:42:00,00
2824515,-69,24289,52.03,1,1,14.04,146.6,34120,201,-974,-332,1048,1,43.6614387,-79.3957595,111.70,11.70,0.66,12,1,00:42:00,00
2824807,-79,24289,52.06,1,1,13.88,144.9,34128,168,-878,-51,895,1,43.6614387,-79.3957595,111.70,11.70,0.66,12,1,00:42:00,00
2825097,-80,24289,52.05,1,1,14.08,147.1,34137,116,-1012,-136,1027,1,43.6614157,-79.3957192,112.80,12.87,0.64,12,1,00:42:01,00
2825392,-81,24289,52.04,1,1,13.98,146.0,34145,144,-1013,-100,1028,1,43.6614157,-79.3957192,112.80,12.87,0.64,12,1,00:42:01,00
2825683,-79,24289,52.10,1,1,14.13,147.5,34154,61,-554,-34,559,1,43.6614157,-79.3957192,112.80,12.87,0.64,12,1,00:42:01,00
2825973,-77,24289,52.10,1,1,13.93,145.5,34162,101,-1085,-59,1092,1,43.6613782,-79.3956768,112.20,15.41,0.74,12,1,00:42:02,00
2826266,-82,24289,52.13,1,1,14.08,147.1,34171,188,-862,2,882,1,43.6613782,-79.3956768,112.20,15.41,0.74,12,1,00:42:02,00
2826566,-77,24289,52.13,1,1,14.08,147.1,34180,117,-860,-54,870,1,43.6613782,-79.3956768,112.20,15.41,0.74,12,1,00:42:02,00
2826862,-78,24289,52.12,1,1,13.88,144.9,34188,105,-858,53,866,1,43.6613552,-79.3956332,112.20,15.00,0.74,12,1,00:42:03,00
2827161,-76,24289,52.11,1,1,13.99,146.1,34197,84,-1045,-33,1049,1,43.6613552,-79.3956332,113.50,15.00,0.73,12,1,00:42:03,00
2827458,-72,24289,52.10,1,1,13.95,145.6,34206,86,-1056,-1,1059,1,43.6613552,-79.3956332,113.50,15.00,0.73,12,1,00:42:03,00
2827760,-65,24289,52.10,1,1,13.73,143.4,34214,156,-862,-109,883,1,43.6613552,-79.3956332,113.50,15.00,0.73,12,1,00:42:03,00
2828060,-71,24289,52.12,1,1,13.81,144.2,34223,22,-1093,198,1111,1,43.6613365,-79.3955895,114.90,14.54,0.76,12,1,00:42:04,00
2828363,-78,24289,52.13,1,1,12.24,127.8,34231,271,-1068,-428,1182,1,43.6613365,-79.3955895,114.90,14.54,0.76,12,1,00:42:04,00
2828727,-77,24289,52.12,1,1,12.53,130.8,34240,158,-833,-211,874,1,43.6613365,-79.3955895,114.90,14.54,0.76,12,1,00:42:04,00
2829020,-73,24289,52.11,1,1,12.28,128.2,34248,175,-839,-39,858,1,43.6613027,-79.3955367,115.10,21.46,0.90,12,1,00:42:05,00
2829315,-68,24289,52.12,1,1,13.68,142.9,34256,225,-644,-82,686,1,43.6613027,-79.3955367,115.10,21.46,0.90,12,1,00:42:05,00
2829615,-67,24289,52.12,1,1,12.40,129.4,34264,62,-1161,35,1163,1,43.6613027,-79.3955367,115.10,21.46,0.90,12,1,00:42:05,00
2829915,-72,24289,52.16,1,1,13.86,144.7,34273,193,-689,-86,721,1,43.6612808,-79.3954885,115.10,16.72,0.90,12,1,00:42:06,00
2830215,-76,24289,52.16,1,1,13.58,141.8,34281,70,-998,-99,1005,1,43.6612808,-79.3954885,116.60,16.72,1.27,12,1,00:42:06,00
2830518,-64,24289,52.17,1,1,12.28,128.2,34289,34,-1164,67,1166,1,43.6612808,-79.3954885,116.60,16.72,1.27,12,1,00:42:06,00
2830827,-80,24289,52.14,1,1,13.81,144.2,34298,97,-1035,11,1039,1,43.6612808,-79.3954885,116.60,16.72,1.27,12,1,00:42:06,00
2831126,-67,24289,52.15,1,1,13.53,141.3,34306,128,-1061,-44,1069,1,43.6612597,-79.3954528,116.90,12.82,0.72,12,1,00:42:07,00
2831425,-73,24289,52.14,1,1,13.77,143.8,34315,167,-845,1,862,1,43.6612597,-79.3954528,116.90,12.82,0.72,12,1,00:42:07,00
2831727,-74,24289,52.13,1,1,13.72,143.3,34324,136,-830,-51,843,1,43.6612597,-79.3954528,116.90,12.82,0.72,12,1,00:42:07,00
2832026,-80,24289,52.12,1,1,13.58,141.8,34332,63,-1239,-3,1241,1,43.6612292,-79.3954227,118.00,14.43,0.86,12,1,00:42:08,00
2832332,-67,24289,52.12,1,1,13.72,143.3,34341,253,-871,-235,937,1,43.6612292,-79.3954227,118.00,14.43,0.86,12,1,00:42:08,00
2832645,-69,24289,52.10,1,1,13.59,142.0,34350,190,-742,483,906,1,43.6612292,-79.3954227,118.00,14.43,0.86,12,1,00:42:08,00
2832982,-69,24289,52.08,1,1,13.51,141.1,34359,46,-1348,-169,1359,1,43.6612123,-79.3953810,117.80,15.00,0.86,12,1,00:42:09,00
2833293,-65,24289,52.05,1,1,13.64,142.4,34368,-107,-1040,-105,1051,1,43.6612123,-79.3953810,117.80,15.00,0.86,12,1,00:42:09,00
2833672,-64,24289,52.07,1,1,12.60,131.6,34378,168,-1012,-155,1038,1,43.6612123,-79.3953810,117.80,15.00,0.86,12,1,00:42:09,00
2833992,-65,24289,52.04,1,1,13.59,142.0,34387,61,-1116,-57,1120,1,43.6612135,-79.3953387,118.60,11.32,0.84,12,1,00:42:10,00
2834309,-60,24289,52.05,1,1,13.59,142.0,34396,227,-860,-157,903,1,43.6612135,-79.3953387,118.60,11.32,0.84,12,1,00:42:10,00
2834614,-63,24289,52.01,1,1,13.59,142.0,34405,40,-1079,61,1081,1,43.6612135,-79.3953387,118.60,11.32,0.84,12,1,00:42:10,00
2834926,-66,24289,52.00,1,1,13.68,142.9,34414,155,-1153,-147,1172,1,43.6611873,-79.3952960,118.60,17.41,0.84,12,1,00:42:11,00
2835244,-64,24289,51.99,1,1,13.77,143.8,34423,105,-933,-12,939,1,43.6611873,-79.3952960,119.40,17.41,0.84,12,1,00:42:11,00
2835560,-62,24289,51.99,1,1,13.77,143.8,34432,144,-1059,-206,1088,1,43.6611873,-79.3952960,119.40,17.41,0.84,12,1,00:42:11,00
2835873,-56,24289,51.99,1,1,13.77,143.8,34441,209,-839,-124,874,1,43.6611632,-79.3952478,119.40,17.11,0.84,12,1,00:42:12,00
2836186,-64,24289,51.97,1,1,13.72,143.3,34450,153,-1024,-162,1048,1,43.6611632,-79.3952478,120.20,17.11,0.88,12,1,00:42:12,00
2836506,-49,24289,51.96,1,1,13.72,143.3,34459,101,-917,-33,923,1,43.6611632,-79.3952478,120.20,17.11,0.88,12,1,00:42:12,00
2836825,4,24289,51.94,1,1,13.73,143.3,34468,215,-974,-114,1004,1,43.6611537,-79.3951997,120.20,14.89,0.88,12,1,00:42:13,00
2837136,354,24289,51.98,1,1,13.68,142.9,34477,182,-1034,-187,1066,1,43.6611537,-79.3951997,121.70,14.89,0.73,12,1,00:42:13,00
2837453,652,24289,51.96,1,1,13.81,144.2,34486,119,-835,62,846,1,43.6611537,-79.3951997,121.70,14.89,0.73,12,1,00:42:13,00
2837770,1672,24289,51.99,1,1,13.72,143.3,34495,104,-1145,-134,1157,1,43.6611412,-79.3951510,121.70,15.41,0.73,12,1,00:42:14,00
2838094,4981,24289,51.95,1,1,13.88,144.9,34505,106,-926,-60,934,1,43.6611412,-79.3951510,123.10,15.41,0.85,12,1,00:42:14,00
2838409,9509,24289,51.94,1,1,13.77,143.8,34514,114,-995,-30,1002,1,43.6611412,-79.3951510,123.10,15.41,0.85,12,1,00:42:14,00
2838784,16166,24289,51.93,1,1,12.80,133.7,34524,62,-922,-76,927,1,43.6611287,-79.3951037,123.10,14.04,0.85,12,1,00:42:15,00
2839101,10207,24289,51.96,1,1,14.13,147.5,34533,240,-799,-241,868,1,43.6611287,-79.3951037,124.00,14.04,0.76,12,1,00:42:15,00
2839417,-68,24289,51.92,1,1,13.02,136.0,34542,166,-711,-40,731,1,43.6611287,-79.3951037,124.00,14.04,0.76,12,1,00:42:15,00
2839742,-66,24289,51.94,1,1,14.51,151.5,34552,-90,-1122,123,1132,1,43.6611405,-79.3950560,124.00,10.93,0.76,12,1,00:42:16,00
2840060,-64,24289,51.90,1,1,14.32,149.5,34561,128,-831,-156,855,1,43.6611405,-79.3950560,122.10,10.93,0.75,12,1,00:42:16,00
2840385,-76,24289,51.92,1,1,12.94,135.1,34570,241,-750,-43,789,1,43.6611405,-79.3950560,122.10,10.93,0.75,12,1,00:42:16,00
2840703,-72,24289,51.92,1,1,14.22,148.5,34579,139,-1044,-181,1069,1,43.6611405,-79.3950560,122.10,10.93,0.75,12,1,00:42:16,00
2841031,-65,24289,51.89,1,1,14.42,150.6,34589,173,-907,-21,923,1,43.6611603,-79.3950092,121.90,15.35,0.80,12,1,00:42:17,00
2841351,-60,24289,51.86,1,1,12.98,135.5,34598,31,-899,-40,901,1,43.6611603,-79.3950092,121.90,15.35,0.80,12,1,00:42:17,00
2841671,-58,24289,51.84,1,1,14.17,148.0,34607,229,-707,-130,754,1,43.6611603,-79.3950092,121.90,15.35,0.80,12,1,00:42:17,00
2841998,-68,24289,51.79,1,1,12.67,132.4,34616,205,-856,-105,887,1,43.6611725,-79.3949602,119.60,15.65,0.75,12,1,00:42:18,00
2842323,-66,24289,51.76,1,1,13.68,142.9,34625,160,-976,-39,990,1,43.6611725,-79.3949602,119.60,15.65,0.75,12,1,00:42:18,00
2842645,-64,24289,51.74,1,1,13.47,140.6,34634,121,-967,10,975,1,43.6611725,-79.3949602,119.60,15.65,0.75,12,1,00:42:18,00
2842966,-58,24289,51.74,1,1,13.18,137.6,34643,147,-1035,-170,1059,1,43.6611868,-79.3949112,118.60,14.80,0.77,12,1,00:42:19,00
2843290,-61,24289,51.74,1,1,13.06,136.4,34652,139,-882,-18,893,1,43.6611868,-79.3949112,118.60,14.80,0.77,12,1,00:42:19,00
2843620,-61,24289,51.74,1,1,12.82,133.9,34661,63,-1074,-18,1076,1,43.6611868,-79.3949112,118.60,14.80,0.77,12,1,00:42:19,00
2844014,-47,24289,51.75,1,1,11.34,118.4,34670,174,-903,-83,923,1,43.6612045,-79.3948667,117.00,14.30,0.84,12,1,00:42:20,00
2844342,-38,24289,51.76,1,1,12.01,125.4,34678,155,-967,-147,990,1,43.6612045,-79.3948667,117.00,14.30,0.84,12,1,00:42:20,00
2844660,-33,24289,51.78,1,1,11.75,122.7,34686,69,-988,20,990,1,43.6612045,-79.3948667,117.00,14.30,0.84,12,1,00:42:20,00
2845021,-24,24289,51.81,1,1,10.32,107.8,34694,242,-766,-203,829,1,43.6612158,-79.3948207,115.80,13.85,0.77,12,1,00:42:21,00
2845319,-27,24289,51.86,1,1,11.06,115.5,34701,112,-1054,4,1060,1,43.6612158,-79.3948207,115.80,13.85,0.77,12,1,00:42:21,00
2845616,-39,24289,51.87,1,1,10.60,110.7,34707,141,-1015,-101,1030,1,43.6612158,-79.3948207,115.80,13.85,0.77,12,1,00:42:21,00
2845924,-47,24289,51.87,1,1,10.64,111.1,34714,164,-716,-18,734,1,43.6612232,-79.3947762,116.30,14.37,0.76,12,1,00:42:22,00
2846236,-62,24289,51.92,1,1,10.57,110.4,34721,141,-819,64,834,1,43.6612232,-79.3947762,116.30,14.37,0.76,12,1,00:42:22,00
2846539,-41,24289,51.94,1,1,10.57,110.4,34728,148,-1127,-223,1159,1,43.6612232,-79.3947762,116.30,14.37,0.76,12,1,00:42:22,00
2846842,-54,24289,51.94,1,1,10.30,107.5,34734,141,-730,105,751,1,43.6612390,-79.3947320,116.30,16.17,0.73,12,1,00:42:23,00
2847182,-55,24289,51.97,1,1,10.64,111.1,34742,131,-957,-74,969,1,43.6612390,-79.3947320,116.30,16.17,0.73,12,1,00:42:23,00
2847492,-44,24289,51.98,1,1,10.22,106.8,34748,160,-1116,-120,1134,1,43.6612390,-79.3947320,116.30,16.17,0.73,12,1,00:42:23,00
2847794,246,24289,52.01,1,1,10.51,109.7,34755,175,-1015,-175,1045,1,43.6612555,-79.3946945,115.60,13.24,0.69,12,1,00:42:24,00
2848100,709,24289,52.02,1,1,10.51,109.7,34762,157,-994,-83,1010,1,43.6612555,-79.3946945,115.60,13.24,0.69,12,1,00:42:24,00
2848409,1928,24289,52.06,1,1,10.30,107.5,34768,90,-878,116,890,1,43.6612555,-79.3946945,115.60,13.24,0.69,12,1,00:42:24,00
2848710,4846,24289,52.02,1,1,10.54,110.1,34775,97,-1058,-52,1063,1,43.6612717,-79.3946520,115.60,14.19,0.69,12,1,00:42:25,00
2849080,5615,24289,52.08,1,1,9.47,98.9,34782,146,-925,-142,947,1,43.6612717,-79.3946520,114.50,14.19,0.67,12,1,00:42:25,00
2849378,5916,24289,52.08,1,1,10.81,112.9,34789,118,-847,-101,862,1,43.6612717,-79.3946520,114.50,14.19,0.67,12,1,00:42:25,00
2849683,5759,24289,52.03,1,1,11.02,115.1,34796,119,-963,-36,971,1,43.6612953,-79.3946110,114.50,15.52,0.67,12,1,00:42:26,00
2849997,3208,24289,52.08,1,1,11.40,119.0,34804,71,-1236,-133,1245,1,43.6612953,-79.3946110,111.60,15.52,0.80,12,1,00:42:26,00
2850304,2025,24289,52.10,1,1,11.36,118.6,34811,181,-1162,-265,1205,1,43.6612953,-79.3946110,111.60,15.52,0.80,12,1,00:42:26,00
2850618,462,24289,52.10,1,1,11.64,121.6,34819,98,-977,-73,985,1,43.6613230,-79.3945687,111.60,16.67,0.80,12,1,00:42:27,00
2850923,-15,24289,52.09,1,1,11.44,119.5,34826,89,-1092,-42,1097,1,43.6613230,-79.3945687,111.00,16.67,0.83,12,1,00:42:27,00
2851231,-17,24289,52.08,1,1,11.32,118.2,34833,4,-988,136,997,1,43.6613230,-79.3945687,111.00,16.67,0.83,12,1,00:42:27,00
2851549,-37,24289,52.07,1,1,11.54,120.5,34841,273,-1221,-394,1311,1,43.6613230,-79.3945687,111.00,16.67,0.83,12,1,00:42:27,00
2851856,-61,24289,52.10,1,1,11.32,118.2,34848,109,-833,82,844,1,43.6613553,-79.3945270,111.40,18.63,0.75,12,1,00:42:28,00
2852161,-64,24289,52.08,1,1,11.32,118.2,34855,192,-1051,-243,1095,1,43.6613553,-79.3945270,111.40,18.63,0.75,12,1,00:42:28,00
2852469,-40,24289,52.11,1,1,11.37,118.7,34863,100,-1057,-70,1064,1,43.6613553,-79.3945270,111.40,18.63,0.75,12,1,00:42:28,00
2852795,-37,24289,52.12,1,1,11.06,115.5,34870,249,-688,-60,734,1,43.6613767,-79.3944877,109.90,14.74,0.80,12,1,00:42:29,00
2853104,-43,24289,52.14,1,1,10.92,114.0,34877,201,-1025,-313,1091,1,43.6613767,-79.3944877,109.90,14.74,0.80,12,1,00:42:29,00
2853416,-48,24289,52.15,1,1,10.81,112.9,34884,130,-1008,84,1019,1,43.6613767,-79.3944877,109.90,14.74,0.80,12,1,00:42:29,00
2853733,-41,24289,52.19,1,1,10.57,110.4,34891,99,-1091,-115,1102,1,43.6614058,-79.3944600,109.40,15.20,0.79,12,1,00:42:30,00
2854112,-16,24289,52.17,1,1,9.08,94.9,34898,195,-848,-159,884,1,43.6614058,-79.3944600,109.40,15.20,0.79,12,1,00:42:30,00
2854420,227,24289,52.19,1,1,9.77,102.0,34905,184,-854,-200,896,1,43.6614058,-79.3944600,109.40,15.20,0.79,12,1,00:42:30,00
2854724,193,24289,52.17,1,1,8.97,93.6,34910,162,-942,-86,960,1,43.6614245,-79.3944305,106.50,12.50,0.75,12,1,00:42:31,00
2855036,1057,24289,52.14,1,1,8.78,91.7,34916,120,-928,-30,936,1,43.6614245,-79.3944305,106.50,12.50,0.75,12,1,00:42:31,00
2855349,3343,24289,52.10,1,1,9.74,101.7,34922,45,-937,10,938,1,43.6614245,-79.3944305,106.50,12.50,0.75,12,1,00:42:31,00
2855657,7663,24289,52.11,1,1,7.65,79.9,34927,133,-889,-85,903,1,43.6614330,-79.3944043,104.90,8.02,0.83,12,1,00:42:32,00
2855965,12450,24289,52.10,1,1,8.81,92.0,34933,95,-1088,-88,1095,1,43.6614330,-79.3944043,104.90,8.02,0.83,12,1,00:42:32,00
2856272,18016,24289,52.08,1,1,6.82,71.2,34937,130,-934,-94,948,1,43.6614330,-79.3944043,104.90,8.02,0.83,12,1,00:42:32,00
2856593,22794,24289,52.06,1,1,7.06,73.7,34942,-12,-1151,14,1152,1,43.6614560,-79.3943808,104.90,13.78,0.83,12,1,00:42:33,00
2856913,24492,24289,52.02,1,1,7.00,73.1,34947,110,-963,-198,989,1,43.6614560,-79.3943808,103.30,13.78,0.75,12,1,00:42:33,00
2857228,24520,24289,52.00,1,1,8.52,89.0,34952,99,-1031,-103,1040,1,43.6614560,-79.3943808,103.30,13.78,0.75,12,1,00:42:33,00
2857546,24520,24289,52.05,1,1,7.12,74.4,34957,31,-1038,-31,1039,1,43.6614773,-79.3943555,103.30,12.06,0.75,12,1,00:42:34,00
2857856,24520,24289,52.02,1,1,7.39,77.2,34962,34,-947,29,948,1,43.6614773,-79.3943555,102.30,12.06,0.74,12,1,00:42:34,00
2858169,24520,24289,52.04,1,1,7.58,79.1,34967,120,-976,-191,1002,1,43.6614773,-79.3943555,102.30,12.06,0.74,12,1,00:42:34,00
2858489,24520,24289,52.10,1,1,7.98,83.3,34972,134,-719,-51,733,1,43.6614950,-79.3943350,102.30,10.30,0.74,12,1,00:42:35,00
2858810,24520,24289,52.09,1,1,8.68,90.6,34978,62,-829,-20,832,1,43.6614950,-79.3943350,101.30,10.30,0.84,12,1,00:42:35,00
2859185,24520,24289,52.05,1,1,8.02,83.8,34984,104,-792,-134,810,1,43.6614950,-79.3943350,101.30,10.30,0.84,12,1,00:42:35,00
2859505,24520,24289,52.07,1,1,9.92,103.6,34991,24,-1134,-29,1135,1,43.6615155,-79.3943127,101.30,11.19,0.84,12,1,00:42:36,00
2859817,24520,24289,52.09,1,1,10.28,107.4,34998,126,-964,-147,983,1,43.6615155,-79.3943127,100.20,11.19,0.77,12,1,00:42:36,00
2860132,24520,24289,52.12,1,1,10.78,112.5,35005,54,-1214,-95,1219,1,43.6615155,-79.3943127,100.20,11.19,0.77,12,1,00:42:36,00
2860447,24520,24289,52.12,1,1,11.21,117.1,35012,117,-876,-198,905,1,43.6615282,-79.3942977,100.20,5.91,0.77,12,1,00:42:37,00
2860767,24520,24289,52.14,1,1,11.75,122.7,35020,146,-986,-277,1035,1,43.6615282,-79.3942977,100.40,5.91,0.70,12,1,00:42:37,00
2861086,24520,24289,52.12,1,1,12.12,126.6,35028,147,-623,0,641,1,43.6615282,-79.3942977,100.40,5.91,0.70,12,1,00:42:37,00
2861407,14440,24289,52.16,1,1,12.67,132.4,35037,134,-962,-89,976,1,43.6615282,-79.3942977,100.40,5.91,0.70,12,1,00:42:37,00
2861726,-837,24289,52.19,1,1,12.60,131.6,35045,148,-1166,-139,1183,1,43.6615457,-79.3942880,99.50,8.72,0.70,12,1,00:42:38,00
2862048,-783,24289,52.21,1,1,12.44,129.9,35053,91,-969,54,975,1,43.6615457,-79.3942880,99.50,8.72,0.70,12,1,00:42:38,00
2862359,-741,24289,52.23,1,1,12.12,126.6,35061,115,-1072,-91,1082,1,43.6615457,-79.3942880,99.50,8.72,0.70,12,1,00:42:38,00
2862679,-688,24289,52.25,1,1,12.01,125.4,35069,175,-1024,-171,1053,1,43.6615647,-79.3942780,101.10,9.11,0.65,12,1,00:42:39,00
2862994,-622,24289,52.26,1,1,11.57,120.8,35077,116,-980,10,987,1,43.6615647,-79.3942780,101.10,9.11,0.65,12,1,00:42:39,00
2863320,-565,24289,52.26,1,1,11.13,116.3,35084,195,-955,-245,1005,1,43.6615647,-79.3942780,101.10,9.11,0.65,12,1,00:42:39,00
2863640,-150,24289,52.25,1,1,11.07,115.6,35092,109,-1107,-135,1120,1,43.6615788,-79.3942727,101.50,6.85,0.70,12,1,00:42:40,00
2863963,349,24289,52.25,1,1,10.64,111.1,35099,119,-982,-50,991,1,43.6615788,-79.3942727,101.50,6.85,0.70,12,1,00:42:40,00
2864344,2036,24289,52.31,1,1,9.18,95.9,35106,119,-899,18,907,1,43.6615788,-79.3942727,101.50,6.85,0.70,12,1,00:42:40,00
2864664,6005,24289,52.33,1,1,10.09,105.4,35113,155,-931,-52,945,1,43.6615905,-79.3942677,103.60,7.70,0.70,12,1,00:42:41,00
2864981,11011,24289,52.33,1,1,10.06,105.1,35120,85,-884,88,893,1,43.6615905,-79.3942677,103.60,7.70,0.70,12,1,00:42:41,00
2865300,16724,24289,52.35,1,1,9.77,102.0,35126,83,-900,-117,911,1,43.6615905,-79.3942677,103.60,7.70,0.70,12,1,00:42:41,00
2865616,18606,24289,52.39,1,1,10.00,104.5,35133,48,-758,-22,760,1,43.6616113,-79.3942508,105.20,10.67,0.70,12,1,00:42:42,00
2865940,17949,24289,52.42,1,1,10.06,105.1,35140,87,-1171,-211,1194,1,43.6616113,-79.3942508,105.20,10.67,0.70,12,1,00:42:42,00
2866262,18400,24289,52.42,1,1,9.94,103.8,35146,94,-868,29,874,1,43.6616113,-79.3942508,105.20,10.67,0.70,12,1,00:42:42,00
2866595,17095,24289,52.47,1,1,10.44,109.0,35154,185,-929,-148,959,1,43.6616318,-79.3942460,107.60,9.59,0.68,12,1,00:42:43,00
2866912,-282,24289,52.47,1,1,10.15,106.0,35160,56,-880,112,889,1,43.6616318,-79.3942460,107.60,9.59,0.68,12,1,00:42:43,00
2867240,-276,24289,52.48,1,1,10.13,105.7,35167,159,-993,-104,1011,1,43.6616318,-79.3942460,107.60,9.59,0.68,12,1,00:42:43,00
2867605,-257,24289,52.52,1,1,10.00,104.4,35175,113,-1102,38,1108,1,43.6616553,-79.3942450,109.90,9.56,0.75,12,1,00:42:44,00
2867904,-244,24289,52.59,1,1,9.42,98.4,35181,172,-833,-118,858,1,43.6616553,-79.3942450,109.90,9.56,0.75,12,1,00:42:44,00
2868205,-244,24289,52.58,1,1,8.97,93.6,35186,112,-1111,-100,1121,1,43.6616553,-79.3942450,109.90,9.56,0.75,12,1,00:42:44,00
2868518,-218,24289,52.59,1,1,9.06,94.6,35192,177,-1034,-116,1056,1,43.6616828,-79.3942415,111.00,11.11,0.66,12,1,00:42:45,00
2868823,-21,24289,52.64,1,1,8.78,91.7,35198,112,-975,-99,987,1,43.6616828,-79.3942415,111.00,11.11,0.66,12,1,00:42:45,00
2869127,414,24289,52.64,1,1,8.40,87.7,35203,160,-981,-136,1003,1,43.6616828,-79.3942415,111.00,11.11,0.66,12,1,00:42:45,00
2869490,2063,24289,52.71,1,1,7.33,76.5,35209,111,-1001,-39,1007,1,43.6617097,-79.3942448,110.90,10.33,0.64,12,1,00:42:46,00
2869786,5623,24289,52.68,1,1,7.98,83.3,35214,99,-917,-31,923,1,43.6617097,-79.3942448,110.90,10.33,0.64,12,1,00:42:46,00
2870106,10698,24289,52.71,1,1,7.93,82.8,35219,100,-1092,-174,1110,1,43.6617097,-79.3942448,110.90,10.33,0.64,12,1,00:42:46,00
2870405,15376,24289,52.75,1,1,7.98,83.3,35224,104,-1034,-143,1049,1,43.6617393,-79.3942513,111.00,11.91,0.74,12,1,00:42:47,00
2870710,20482,24289,52.79,1,1,8.09,84.5,35229,86,-982,-27,986,1,43.6617393,-79.3942513,111.00,11.91,0.74,12,1,00:42:47,00
2871013,23184,24289,52.82,1,1,8.20,85.6,35234,74,-1026,-169,1042,1,43.6617393,-79.3942513,111.00,11.91,0.74,12,1,00:42:47,00
2871319,24520,24289,52.85,1,1,8.65,90.4,35240,48,-988,-96,994,1,43.6617695,-79.3942520,111.00,11.37,0.74,12,1,00:42:48,00
2871618,24520,24289,52.84,1,1,8.64,90.3,35245,4,-1009,95,1013,1,43.6617695,-79.3942520,111.30,11.37,0.64,12,1,00:42:48,00
2871918,24520,24289,52.89,1,1,10.78,112.5,35252,145,-868,-218,907,1,43.6617695,-79.3942520,111.30,11.37,0.64,12,1,00:42:48,00
2872226,24520,24289,52.91,1,1,9.54,99.7,35258,130,-889,-201,921,1,43.6617695,-79.3942520,111.30,11.37,0.64,12,1,00:42:48,00
2872534,24520,24289,52.92,1,1,10.06,105.1,35265,84,-1139,-164,1153,1,43.6617988,-79.3942487,109.50,10.46,0.74,12,1,00:42:49,00
2872845,24520,24289,52.96,1,1,10.19,106.4,35271,67,-942,-58,946,1,43.6617988,-79.3942487,109.50,10.46,0.74,12,1,00:42:49,00
2873151,24520,24289,52.97,1,1,10.64,111.1,35278,138,-1036,-321,1093,1,43.6617988,-79.3942487,109.50,10.46,0.74,12,1,00:42:49,00
2873463,24520,24289,52.98,1,1,11.06,115.5,35285,43,-810,-149,825,1,43.6618263,-79.3942560,108.60,12.32,0.68,12,1,00:42:50,00
2873774,24520,24289,53.01,1,1,11.50,120.1,35293,119,-852,-52,862,1,43.6618263,-79.3942560,108.60,12.32,0.68,12,1,00:42:50,00
2874087,24520,24289,53.01,1,1,11.60,121.1,35300,83,-895,-20,899,1,43.6618263,-79.3942560,108.60,12.32,0.68,12,1,00:42:50,00
2874459,24520,24289,53.06,1,1,11.11,116.0,35309,-97,-1134,-186,1153,1,43.6618518,-79.3942608,109.50,10.45,0.68,12,1,00:42:51,00
2874764,24520,24289,53.06,1,1,12.44,129.9,35317,114,-1030,-142,1046,1,43.6618518,-79.3942608,109.50,10.45,0.68,12,1,00:42:51,00
2875082,50,24289,53.09,1,1,12.60,131.6,35325,186,-925,-140,954,1,43.6618518,-79.3942608,109.50,10.45,0.68,12,1,00:42:51,00
2875383,-786,24289,53.11,1,1,12.60,131.6,35333,115,-967,-209,996,1,43.6618770,-79.3942565,108.30,10.30,0.65,12,1,00:42:52,00
2875688,-755,24289,53.15,1,1,12.40,129.4,35341,141,-975,114,992,1,43.6618770,-79.3942565,108.30,10.30,0.65,12,1,00:42:52,00
2876022,-725,24289,53.18,1,1,12.28,128.2,35350,195,-1083,-250,1128,1,43.6618770,-79.3942565,108.30,10.30,0.65,12,1,00:42:52,00
2876337,-662,24289,53.20,1,1,11.97,125.0,35358,143,-1054,-39,1064,1,43.6619032,-79.3942448,108.30,10.80,0.65,12,1,00:42:53,00
2876653,-614,24289,53.21,1,1,11.44,119.5,35365,130,-1012,-192,1039,1,43.6619032,-79.3942448,107.20,10.80,0.73,12,1,00:42:53,00
2876960,-569,24289,53.18,1,1,11.13,116.3,35372,123,-988,-73,999,1,43.6619032,-79.3942448,107.20,10.80,0.73,12,1,00:42:53,00
2877277,-522,24289,53.18,1,1,11.17,116.6,35380,175,-813,-6,831,1,43.6619255,-79.3942412,107.20,8.69,0.73,12,1,00:42:54,00
2877598,-278,24289,53.22,1,1,10.67,111.5,35387,148,-1011,-142,1031,1,43.6619255,-79.3942412,107.80,8.69,0.64,12,1,00:42:54,00
2877907,2,24289,53.25,1,1,10.44,109.0,35394,125,-1127,-130,1141,1,43.6619255,-79.3942412,107.80,8.69,0.64,12,1,00:42:54,00
2878215,719,24289,53.27,1,1,10.04,104.9,35400,158,-847,-28,863,1,43.6619255,-79.3942412,107.80,8.69,0.64,12,1,00:42:54,00
2878522,2590,24289,53.32,1,1,9.87,103.1,35406,98,-1199,-51,1204,1,43.6619387,-79.3942455,105.50,7.82,0.69,12,1,00:42:55,00
2878832,4991,24289,53.35,1,1,9.94,103.9,35413,162,-987,-142,1010,1,43.6619387,-79.3942455,105.50,7.82,0.69,12,1,00:42:55,00
2879150,4348,24289,53.37,1,1,9.64,100.7,35419,174,-899,-154,929,1,43.6619387,-79.3942455,105.50,7.82,0.69,12,1,00:42:55,00
2879528,8951,24289,53.43,1,1,8.66,90.4,35426,189,-934,-155,965,1,43.6619615,-79.3942672,107.00,10.33,0.73,12,1,00:42:56,00
2879842,-279,24289,53.44,1,1,9.58,100.0,35432,146,-1010,-70,1023,1,43.6619615,-79.3942672,107.00,10.33,0.73,12,1,00:42:56,00
2880157,-267,24289,53.47,1,1,9.63,100.6,35439,100,-1019,-79,1027,1,43.6619615,-79.3942672,107.00,10.33,0.73,12,1,00:42:56,00
2880472,-250,24289,53.52,1,1,9.27,96.8,35445,191,-807,-34,830,1,43.6619925,-79.3942880,108.30,13.45,0.64,12,1,00:42:57,00
2880786,-246,24289,53.54,1,1,9.21,96.2,35451,132,-1004,-49,1014,1,43.6619925,-79.3942880,108.30,13.45,0.64,12,1,00:42:57,00
2881099,86,24289,53.57,1,1,9.09,94.9,35457,116,-1026,-54,1034,1,43.6619925,-79.3942880,108.30,13.45,0.64,12,1,00:42:57,00
2881412,652,24289,53.57,1,1,8.98,93.8,35463,109,-978,-75,987,1,43.6620155,-79.3942968,107.10,9.52,0.65,12,1,00:42:58,00
2881736,2223,24289,53.60,1,1,8.87,92.6,35469,111,-973,-1,979,1,43.6620155,-79.3942968,107.10,9.52,0.65,12,1,00:42:58,00
2882054,5950,24289,53.64,1,1,8.52,89.0,35474,118,-995,-108,1008,1,43.6620155,-79.3942968,107.10,9.52,0.65,12,1,00:42:58,00
2882376,10347,24289,53.65,1,1,8.78,91.7,35480,93,-1031,-123,1042,1,43.6620397,-79.3943080,105.90,10.87,0.78,12,1,00:42:59,00
2882696,16173,24289,53.65,1,1,8.92,93.2,35486,48,-934,-39,936,1,43.6620397,-79.3943080,105.90,10.87,0.78,12,1,00:42:59,00
2883011,20664,24289,53.74,1,1,9.01,94.0,35492,40,-1055,-115,1063,1,43.6620397,-79.3943080,105.90,10.87,0.78,12,1,00:42:59,00
2883329,23783,24289,53.75,1,1,9.24,96.5,35498,78,-820,-39,824,1,43.6620638,-79.3943205,104.80,10.83,0.69,12,1,00:43:00,00
2883648,24520,24289,53.79,1,1,9.74,101.7,35505,139,-1024,-212,1055,1,43.6620638,-79.3943205,104.80,10.83,0.69,12,1,00:43:00,00
2883966,24520,24289,53.82,1,1,9.94,103.8,35511,158,-1113,-314,1167,1,43.6620638,-79.3943205,104.80,10.83,0.69,12,1,00:43:00,00
2884285,24520,24289,53.86,1,1,10.85,113.3,35519,129,-984,-239,1021,1,43.6620837,-79.3943443,104.80,10.35,0.69,12,1,00:43:01,00
2884664,24520,24289,53.88,1,1,10.35,108.1,35527,-1,-1178,67,1180,1,43.6620837,-79.3943443,104.40,10.35,0.73,12,1,00:43:01,00
2884979,-409,24289,53.92,1,1,12.20,127.4,35535,136,-1041,-148,1060,1,43.6620837,-79.3943443,104.40,10.35,0.73,12,1,00:43:01,00
2885296,-457,24289,53.94,1,1,12.40,129.4,35543,131,-1019,-108,1033,1,43.6621030,-79.3943842,104.40,10.85,0.73,12,1,00:43:02,00
2885630,-464,24289,53.98,1,1,12.56,131.2,35552,158,-949,-33,963,1,43.6621030,-79.3943842,108.40,10.85,0.76,12,1,00:43:02,00
2885947,-437,24289,54.03,1,1,12.32,128.6,35560,179,-1104,-141,1127,1,43.6621030,-79.3943842,108.40,10.85,0.76,12,1,00:43:02,00
2886268,-435,24289,54.02,1,1,12.24,127.8,35568,165,-855,30,871,1,43.6621240,-79.3944003,108.40,8.09,0.76,12,1,00:43:03,00
2886582,-396,24289,54.04,1,1,12.08,126.2,35576,142,-1143,-149,1161,1,43.6621240,-79.3944003,108.90,8.09,0.64,12,1,00:43:03,00
2886903,-366,24289,54.03,1,1,11.90,124.2,35584,79,-1126,-77,1131,1,43.6621240,-79.3944003,108.90,8.09,0.64,12,1,00:43:03,00
2887221,-338,24289,54.03,1,1,11.64,121.5,35592,135,-909,-30,920,1,43.6621487,-79.3944250,108.90,12.70,0.64,12,1,00:43:04,00
2887545,-314,24289,54.05,1,1,11.44,119.5,35600,263,-828,-238,900,1,43.6621487,-79.3944250,108.80,12.70,0.64,12,1,00:43:04,00
2887862,-318,24289,54.07,1,1,11.06,115.5,35607,123,-1092,-168,1112,1,43.6621487,-79.3944250,108.80,12.70,0.64,12,1,00:43:04,00
2888190,-39,24289,54.04,1,1,10.88,113.6,35614,137,-902,-53,914,1,43.6621728,-79.3944540,108.80,12.15,0.64,12,1,00:43:05,00
2888517,748,24289,54.05,1,1,10.91,114.0,35622,176,-898,-172,931,1,43.6621728,-79.3944540,108.20,12.15,0.89,12,1,00:43:05,00
2888838,1869,24289,54.08,1,1,10.51,109.7,35629,-60,-1030,360,1093,1,43.6621728,-79.3944540,108.20,12.15,0.89,12,1,00:43:05,00
2889157,5471,24289,54.10,1,1,10.34,108.0,35636,136,-942,-64,954,1,43.6621728,-79.3944540,108.20,12.15,0.89,12,1,00:43:05,00
2889488,9195,24289,54.12,1,1,10.34,108.0,35643,115,-840,-25,848,1,43.6621947,-79.3944807,107.70,12.22,0.73,12,1,00:43:06,00
2889875,8920,24289,54.10,1,1,9.21,96.2,35650,95,-1103,-111,1113,1,43.6621947,-79.3944807,107.70,12.22,0.73,12,1,00:43:06,00
2890190,9463,24289,54.13,1,1,10.38,108.4,35657,102,-1040,-115,1051,1,43.6622148,-79.3945090,107.70,12.04,0.73,12,1,00:43:07,00
2890564,11385,24289,54.12,1,1,9.53,99.5,35665,138,-953,-131,971,1,43.6622148,-79.3945090,108.00,12.04,0.64,12,1,00:43:07,00
2890864,10944,24289,54.09,1,1,10.22,106.8,35671,71,-979,-102,987,1,43.6622148,-79.3945090,108.00,12.04,0.64,12,1,00:43:07,00
2891172,13020,24289,54.12,1,1,10.51,109.7,35678,118,-1007,-119,1021,1,43.6622337,-79.3945415,108.00,11.80,0.64,12,1,00:43:08,00
2891473,-194,24289,54.12,1,1,10.33,107.9,35684,175,-985,-90,1005,1,43.6622337,-79.3945415,109.40,11.80,0.72,12,1,00:43:08,00
2891776,-202,24289,54.15,1,1,10.44,109.0,35691,99,-1095,-88,1103,1,43.6622337,-79.3945415,109.40,11.80,0.72,12,1,00:43:08,00
2892078,-210,24289,54.15,1,1,10.19,106.4,35697,177,-886,-145,915,1,43.6622337,-79.3945415,109.40,11.80,0.72,12,1,00:43:08,00
2892382,-203,24289,54.23,1,1,10.28,107.4,35704,141,-856,-58,869,1,43.6622598,-79.3945728,109.70,13.91,0.64,12,1,00:43:09,00
2892689,-195,24289,54.22,1,1,10.01,104.5,35710,139,-890,-8,901,1,43.6622598,-79.3945728,109.70,13.91,0.64,12,1,00:43:09,00
2892992,-191,24289,54.26,1,1,10.13,105.7,35717,137,-995,-135,1014,1,43.6622598,-79.3945728,109.70,13.91,0.64,12,1,00:43:09,00
2893293,-184,24289,54.26,1,1,9.87,103.1,35723,229,-801,-189,854,1,43.6622847,-79.3946093,108.50,13.72,0.69,12,1,00:43:10,00
2893603,-173,24289,54.31,1,1,9.77,102.0,35729,106,-1076,-38,1082,1,43.6622847,-79.3946093,108.50,13.72,0.69,12,1,00:43:10,00
2893916,-175,24289,54.33,1,1,9.83,102.6,35736,68,-972,-38,975,1,43.6622847,-79.3946093,108.50,13.72,0.69,12,1,00:43:10,00
2894220,92,24289,54.37,1,1,9.58,100.0,35742,111,-990,-67,999,1,43.6623060,-79.3946253,108.50,10.24,0.69,12,1,00:43:11,00
2894522,215,24289,54.39,1,1,9.51,99.3,35748,152,-946,-128,967,1,43.6623060,-79.3946253,107.30,10.24,0.75,12,1,00:43:11,00
2894904,1917,24289,54.42,1,1,8.75,91.4,35755,173,-871,-142,899,1,43.6623060,-79.3946253,107.30,10.24,0.75,12,1,00:43:11,00
2895203,3921,24289,54.46,1,1,9.80,102.4,35761,216,-824,-189,872,1,43.6623212,-79.3946603,107.30,11.37,0.75,12,1,00:43:12,00
2895502,7469,24289,54.48,1,1,9.94,103.8,35767,110,-977,-92,987,1,43.6623212,-79.3946603,107.90,11.37,0.75,12,1,00:43:12,00
2895808,11590,24289,54.56,1,1,10.41,108.7,35774,107,-1062,-98,1072,1,43.6623212,-79.3946603,107.90,11.37,0.75,12,1,00:43:12,00
2896119,15151,24289,54.61,1,1,10.74,112.2,35781,163,-944,-187,976,1,43.6623370,-79.3946742,107.90,6.61,0.75,12,1,00:43:13,00
2896426,13864,24289,54.60,1,1,11.10,115.9,35788,72,-987,23,990,1,43.6623370,-79.3946742,108.50,6.61,0.75,12,1,00:43:13,00
2896728,13760,24289,54.64,1,1,11.43,119.4,35795,180,-926,-222,969,1,43.6623370,-79.3946742,108.50,6.61,0.75,12,1,00:43:13,00
2897041,16080,24289,54.71,1,1,11.94,124.7,35803,147,-893,-215,930,1,43.6623370,-79.3946742,108.50,6.61,0.75,12,1,00:43:13,00
2897350,19624,24289,54.75,1,1,12.32,128.6,35811,14,-1076,4,1077,1,43.6623458,-79.3946955,107.90,7.45,0.69,12,1,00:43:14,00
2897658,23732,24289,54.77,1,1,11.13,116.3,35818,103,-883,-112,896,1,43.6623458,-79.3946955,107.90,7.45,0.69,12,1,00:43:14,00
2897963,24520,24289,54.83,1,1,13.16,137.5,35826,97,-966,44,972,1,43.6623458,-79.3946955,107.90,7.45,0.69,12,1,00:43:14,00
2898279,-12,24289,54.85,1,1,14.04,146.6,35836,173,-892,-103,915,1,43.6623473,-79.3947207,108.50,4.80,0.73,12,1,00:43:15,00
2898593,-261,24289,54.88,1,1,13.99,146.1,35845,90,-1009,122,1021,1,43.6623473,-79.3947207,108.50,4.80,0.73,12,1,00:43:15,00
2898900,-258,24289,54.90,1,1,14.13,147.5,35854,171,-776,-76,799,1,43.6623473,-79.3947207,108.50,4.80,0.73,12,1,00:43:15,00
2899220,-264,24289,54.94,1,1,14.17,148.0,35863,146,-1096,-275,1140,1,43.6623443,-79.3947528,107.40,8.67,0.69,12,1,00:43:16,00
2899525,-241,24289,55.00,1,1,14.17,148.0,35872,106,-906,26,912,1,43.6623443,-79.3947528,107.40,8.67,0.69,12,1,00:43:16,00
2899902,-241,24289,55.02,1,1,13.37,139.6,35883,121,-1067,-131,1082,1,43.6623443,-79.3947528,107.40,8.67,0.69,12,1,00:43:16,00
2900205,-241,24289,55.05,1,1,14.17,148.0,35892,224,-652,-114,699,1,43.6623548,-79.3947980,107.00,11.80,0.76,12,1,00:43:17,00
2900508,-217,24289,55.12,1,1,14.22,148.5,35901,138,-881,-169,908,1,43.6623548,-79.3947980,107.00,11.80,0.76,12,1,00:43:17,00
2900811,-224,24289,55.11,1,1,14.17,148.0,35910,77,-1357,-18,1359,1,43.6623548,-79.3947980,107.00,11.80,0.76,12,1,00:43:17,00
2901114,-208,24289,55.16,1,1,14.17,148.0,35919,263,-633,-2,686,1,43.6623737,-79.3948412,107.00,10.78,0.76,12,1,00:43:18,00
2901430,-194,24289,55.21,1,1,13.95,145.6,35928,213,-1241,-169,1270,1,43.6623737,-79.3948412,105.20,10.78,0.67,12,1,00:43:18,00
2901742,-197,24289,55.23,1,1,13.30,138.9,35937,91,-1064,21,1068,1,43.6623737,-79.3948412,105.20,10.78,0.67,12,1,00:43:18,00
2902049,-184,24289,55.25,1,1,12.77,133.3,35945,230,-930,-102,964,1,43.6623887,-79.3948853,105.20,12.76,0.67,12,1,00:43:19,00
2902363,-176,24289,55.30,1,1,12.44,129.9,35953,129,-1036,57,1045,1,43.6623887,-79.3948853,103.60,12.76,0.66,12,1,00:43:19,00
2902678,-188,24289,55.33,1,1,11.86,123.8,35961,136,-1026,63,1037,1,43.6623887,-79.3948853,103.60,12.76,0.66,12,1,00:43:19,00
2902990,-185,24289,55.35,1,1,11.10,115.9,35968,190,-899,-97,924,1,43.6623887,-79.3948853,103.60,12.76,0.66,12,1,00:43:19,00
2903300,-171,24289,55.41,1,1,10.85,113.3,35975,174,-904,-67,923,1,43.6623990,-79.3949287,103.00,11.87,0.66,12,1,00:43:20,00
2903624,-164,24289,55.43,1,1,10.61,110.8,35982,162,-958,-109,978,1,43.6623990,-79.3949287,103.00,11.87,0.66,12,1,00:43:20,00
2903947,-154,24289,55.47,1,1,10.38,108.4,35989,139,-925,-99,941,1,43.6623990,-79.3949287,103.00,11.87,0.66,12,1,00:43:20,00
2904262,-158,24289,55.52,1,1,10.19,106.4,35996,99,-820,82,830,1,43.6624132,-79.3949668,101.30,11.06,0.66,12,1,00:43:21,00
2904581,-153,24289,55.55,1,1,9.67,101.0,36002,65,-1230,-132,1239,1,43.6624132,-79.3949668,101.30,11.06,0.66,12,1,00:43:21,00
2904966,-153,24289,55.57,1,1,8.53,89.1,36009,152,-1098,-149,1119,1,43.6624132,-79.3949668,101.30,11.06,0.66,12,1,00:43:21,00
2905313,-144,24289,55.59,1,1,9.28,97.0,36016,155,-989,-143,1011,1,43.6624308,-79.3949965,100.50,9.43,0.66,12,1,00:43:22,00
2905630,-148,24289,55.62,1,1,8.87,92.6,36022,126,-965,18,974,1,43.6624308,-79.3949965,100.50,9.43,0.66,12,1,00:43:22,00
2905944,-145,24289,55.66,1,1,8.46,88.3,36027,84,-955,-56,960,1,43.6624308,-79.3949965,100.50,9.43,0.66,12,1,00:43:22,00
2906258,28,24289,55.66,1,1,8.50,88.8,36033,241,-875,-181,925,1,43.6624537,-79.3950325,99.00,11.41,0.75,12,1,00:43:23,00
2906579,649,24289,55.72,1,1,8.11,84.7,36038,64,-1127,-10,1129,1,43.6624537,-79.3950325,99.00,11.41,0.75,12,1,00:43:23,00
2906903,2250,24289,55.77,1,1,8.16,85.2,36044,136,-1175,-233,1205,1,43.6624537,-79.3950325,99.00,11.41,0.75,12,1,00:43:23,00
2907220,5933,24289,55.73,1,1,7.82,81.7,36049,97,-1014,26,1019,1,43.6624778,-79.3950632,98.80,11.76,0.69,12,1,00:43:24,00
2907536,10844,24289,55.79,1,1,9.36,97.7,36055,127,-921,-86,934,1,43.6624778,-79.3950632,98.80,11.76,0.69,12,1,00:43:24,00
2907865,16499,24289,55.82,1,1,9.47,98.9,36062,76,-974,-9,977,1,43.6624778,-79.3950632,98.80,11.76,0.69,12,1,00:43:24,00
2908193,20055,24289,55.88,1,1,8.11,84.7,36067,60,-1205,-125,1213,1,43.6624975,-79.3951043,98.90,13.80,0.70,12,1,00:43:25,00
2908516,24247,24289,55.90,1,1,8.68,90.6,36073,118,-805,-14,814,1,43.6624975,-79.3951043,98.90,13.80,0.70,12,1,00:43:25,00
2908836,24520,24289,55.92,1,1,9.03,94.3,36079,53,-1180,-151,1191,1,43.6624975,-79.3951043,98.90,13.80,0.70,12,1,00:43:25,00
2909155,24520,24289,55.96,1,1,9.71,101.4,36086,133,-956,-226,991,1,43.6625097,-79.3951587,98.80,15.35,0.85,12,1,00:43:26,00
2909481,24520,24289,55.98,1,1,10.19,106.4,36093,49,-950,-10,952,1,43.6625097,-79.3951587,98.80,15.35,0.85,12,1,00:43:26,00
2909800,24520,24289,56.00,1,1,10.71,111.8,36100,86,-895,-122,907,1,43.6625097,-79.3951587,98.80,15.35,0.85,12,1,00:43:26,00
2910188,24520,24289,56.03,1,1,10.19,106.4,36108,40,-992,-98,997,1,43.6625168,-79.3952012,99.30,13.50,0.66,12,1,00:43:27,00
2910501,24520,24289,56.06,1,1,11.82,123.5,36116,32,-1036,-17,1037,1,43.6625168,-79.3952012,99.30,13.50,0.66,12,1,00:43:27,00
2910837,24520,24289,56.08,1,1,12.42,129.7,36125,113,-906,-142,924,1,43.6625168,-79.3952012,99.30,13.50,0.66,12,1,00:43:27,00
2911156,24520,24289,56.07,1,1,12.64,132.0,36133,72,-924,81,930,1,43.6625212,-79.3952390,99.90,11.43,0.64,12,1,00:43:28,00
2911467,24520,24289,56.13,1,1,13.18,137.6,36142,119,-750,-126,770,1,43.6625212,-79.3952390,99.90,11.43,0.64,12,1,00:43:28,00
2911784,24520,24289,56.11,1,1,11.64,121.5,36149,84,-994,10,998,1,43.6625212,-79.3952390,99.90,11.43,0.64,12,1,00:43:28,00
2912108,24520,24289,56.12,1,1,12.53,130.8,36158,97,-1188,-273,1223,1,43.6625252,-79.3952767,99.70,11.32,0.70,12,1,00:43:29,00
2912431,24520,24289,56.14,1,1,14.08,147.1,36167,67,-1044,-125,1053,1,43.6625252,-79.3952767,99.70,11.32,0.70,12,1,00:43:29,00
2912748,24518,24289,56.12,1,1,14.55,152.0,36177,116,-922,-92,934,1,43.6625252,-79.3952767,99.70,11.32,0.70,12,1,00:43:29,00
2913071,22610,24289,56.18,1,1,13.34,139.3,36186,77,-812,28,816,1,43.6625215,-79.3953150,99.70,10.78,0.70,12,1,00:43:30,00
2913441,-797,24289,56.17,1,1,13.93,145.5,36197,78,-1115,69,1120,1,43.6625215,-79.3953150,101.80,10.78,0.64,12,1,00:43:30,00
2913739,-769,24289,56.17,1,1,14.61,152.5,36206,143,-1069,-146,1088,1,43.6625215,-79.3953150,101.80,10.78,0.64,12,1,00:43:30,00
2914044,-725,24289,56.20,1,1,12.81,133.8,36214,187,-936,-151,966,1,43.6625215,-79.3953538,101.80,10.69,0.64,12,1,00:43:31,00
2914350,-675,24289,56.17,1,1,12.60,131.6,36222,94,-1085,-67,1092,1,43.6625215,-79.3953538,100.70,10.69,0.65,12,1,00:43:31,00
2914665,-620,24289,56.20,1,1,12.48,130.3,36230,129,-751,138,774,1,43.6625215,-79.3953538,100.70,10.69,0.65,12,1,00:43:31,00
2914966,-589,24289,56.19,1,1,12.20,127.4,36238,126,-1048,-164,1069,1,43.6625055,-79.3953953,100.70,12.32,0.65,12,1,00:43:32,00
2915334,-539,24289,56.21,1,1,12.17,127.1,36247,104,-843,-62,851,1,43.6625055,-79.3953953,101.30,12.32,0.85,12,1,00:43:32,00
2915627,-502,24289,56.24,1,1,13.07,136.5,36255,62,-1184,-37,1186,1,43.6625055,-79.3953953,101.30,12.32,0.85,12,1,00:43:32,00
2915936,-463,24289,56.24,1,1,13.02,136.0,36264,91,-795,138,812,1,43.6624877,-79.3954358,101.30,11.93,0.85,12,1,00:43:33,00
2916230,-431,24289,56.29,1,1,12.41,129.6,36271,267,-634,-116,698,1,43.6624877,-79.3954358,100.00,11.93,0.74,12,1,00:43:33,00
2916533,-384,24289,56.25,1,1,12.44,129.9,36279,53,-913,192,935,1,43.6624877,-79.3954358,100.00,11.93,0.74,12,1,00:43:33,00
2916840,-367,24289,56.29,1,1,12.24,127.8,36287,177,-1057,-193,1089,1,43.6624877,-79.3954358,100.00,11.93,0.74,12,1,00:43:33,00
2917147,-351,24289,56.34,1,1,12.12,126.6,36295,171,-712,117,742,1,43.6624680,-79.3954815,98.50,15.19,0.74,12,1,00:43:34,00
2917450,-322,24289,56.33,1,1,11.64,121.5,36302,178,-993,-179,1025,1,43.6624680,-79.3954815,98.50,15.19,0.74,12,1,00:43:34,00
2917751,-313,24289,56.33,1,1,11.79,123.1,36310,157,-867,-28,881,1,43.6624680,-79.3954815,98.50,15.19,0.74,12,1,00:43:34,00
2918058,-308,24289,56.32,1,1,11.44,119.5,36317,155,-914,-50,928,1,43.6624403,-79.3955273,98.50,15.19,0.74,12,1,00:43:35,00
2918368,-301,24289,56.36,1,1,11.28,117.8,36324,184,-839,-159,873,1,43.6624403,-79.3955273,99.00,15.19,0.76,12,1,00:43:35,00
2918674,-284,24289,56.37,1,1,11.28,117.8,36331,130,-970,-19,979,1,43.6624403,-79.3955273,99.00,15.19,0.76,12,1,00:43:35,00
2918986,-262,24289,56.36,1,1,11.43,119.4,36339,68,-992,-7,994,1,43.6624197,-79.3955822,99.00,17.15,0.76,12,1,00:43:36,00
2919294,-259,24289,56.36,1,1,11.36,118.6,36346,53,-1017,121,1026,1,43.6624197,-79.3955822,99.50,17.15,0.79,12,1,00:43:36,00
2919609,-246,24289,56.36,1,1,10.16,106.1,36353,142,-977,-90,991,1,43.6624197,-79.3955822,99.50,17.15,0.79,12,1,00:43:36,00
2919922,-229,24289,56.40,1,1,11.48,119.9,36360,65,-1106,-20,1108,1,43.6624028,-79.3956345,99.50,16.46,0.79,12,1,00:43:37,00
2920289,-232,24289,56.44,1,1,10.49,109.6,36368,117,-1061,-84,1071,1,43.6624028,-79.3956345,99.50,16.46,0.66,12,1,00:43:37,00
2920590,-227,24289,56.44,1,1,11.64,121.6,36376,161,-845,0,860,1,43.6624028,-79.3956345,99.50,16.46,0.66,12,1,00:43:37,00
2920909,-226,24289,56.47,1,1,11.40,119.0,36383,180,-948,-119,973,1,43.6624028,-79.3956345,99.50,16.46,0.66,12,1,00:43:37,00
2921223,-224,24289,56.51,1,1,11.61,121.2,36391,107,-1118,-126,1130,1,43.6623863,-79.3956790,98.40,13.19,0.80,12,1,00:43:38,00
2921527,-194,24289,56.53,1,1,11.40,119.0,36398,75,-1140,-37,1143,1,43.6623863,-79.3956790,98.40,13.19,0.80,12,1,00:43:38,00
2921836,-196,24289,56.56,1,1,11.50,120.1,36406,170,-984,-131,1007,1,43.6623863,-79.3956790,98.40,13.19,0.80,12,1,00:43:38,00
2922142,-196,24289,56.56,1,1,11.32,118.2,36413,146,-1007,-172,1032,1,43.6623657,-79.3957165,99.00,12.24,0.71,12,1,00:43:39,00
2922449,-194,24289,56.62,1,1,11.40,119.0,36420,132,-975,-53,985,1,43.6623657,-79.3957165,99.00,12.24,0.71,12,1,00:43:39,00
2922754,-206,24289,56.65,1,1,11.44,119.5,36427,114,-964,-75,973,1,43.6623657,-79.3957165,99.00,12.24,0.71,12,1,00:43:39,00
2923063,-197,24289,56.62,1,1,11.71,122.3,36435,149,-927,-130,948,1,43.6623492,-79.3957483,99.20,10.24,0.72,12,1,00:43:40,00
2923378,-193,24289,56.68,1,1,11.75,122.7,36443,160,-911,-69,927,1,43.6623492,-79.3957483,99.20,10.24,0.72,12,1,00:43:40,00
2923704,-193,24289,56.73,1,1,11.79,123.1,36451,29,-1074,-98,1079,1,43.6623492,-79.3957483,99.20,10.24,0.72,12,1,00:43:40,00
2924013,-187,24289,56.75,1,1,11.60,121.1,36458,165,-878,-97,898,1,43.6623165,-79.3957828,100.40,15.33,0.73,12,1,00:43:41,00
2924330,-183,24289,56.77,1,1,11.82,123.5,36466,63,-1189,29,1191,1,43.6623165,-79.3957828,100.40,15.33,0.73,12,1,00:43:41,00
2924640,-191,24289,56.81,1,1,11.79,123.1,36474,144,-1014,-256,1056,1,43.6623165,-79.3957828,100.40,15.33,0.73,12,1,00:43:41,00
2924959,-178,24289,56.81,1,1,11.52,120.3,36481,142,-817,106,836,1,43.6622993,-79.3958200,100.40,12.11,0.73,12,1,00:43:42,00
2925340,-174,24289,56.86,1,1,10.83,113.1,36490,159,-992,-141,1015,1,43.6622993,-79.3958200,99.30,12.11,0.77,12,1,00:43:42,00
2925657,-176,24289,56.88,1,1,11.79,123.1,36498,114,-1030,-95,1040,1,43.6622993,-79.3958200,99.30,12.11,0.77,12,1,00:43:42,00
2925965,-65,24289,56.91,1,1,11.52,120.3,36505,87,-997,28,1001,1,43.6622805,-79.3958567,99.30,12.00,0.77,12,1,00:43:43,00
2926283,133,24289,56.93,1,1,11.57,120.8,36513,90,-1172,-14,1175,1,43.6622805,-79.3958567,99.40,12.00,0.67,12,1,00:43:43,00
2926604,528,24289,56.97,1,1,11.21,117.1,36520,224,-668,-79,709,1,43.6622805,-79.3958567,99.40,12.00,0.67,12,1,00:43:43,00
2926918,1894,24289,56.99,1,1,11.37,118.7,36528,107,-1134,-190,1155,1,43.6622595,-79.3958900,99.40,10.76,0.67,12,1,00:43:44,00
2927238,4408,24289,57.01,1,1,11.13,116.3,36535,148,-910,-109,929,1,43.6622595,-79.3958900,99.80,10.76,0.77,12,1,00:43:44,00
2927563,9717,24289,57.04,1,1,11.27,117.6,36543,96,-1169,-222,1194,1,43.6622595,-79.3958900,99.80,10.76,0.77,12,1,00:43:44,00
2927877,14370,24289,57.07,1,1,11.25,117.4,36550,-9,-821,75,824,1,43.6622325,-79.3959265,99.80,13.17,0.77,12,1,00:43:45,00
2928188,18879,24289,57.09,1,1,11.68,122.0,36558,105,-942,-42,948,1,43.6622325,-79.3959265,100.10,13.17,0.72,12,1,00:43:45,00
2928499,1743,24289,57.14,1,1,11.97,125.0,36566,199,-722,-94,755,1,43.6622325,-79.3959265,100.10,13.17,0.72,12,1,00:43:45,00
2928815,-182,24289,57.16,1,1,12.12,126.6,36574,125,-1094,-92,1105,1,43.6622033,-79.3959615,100.10,11.30,0.72,12,1,00:43:46,00
2929128,-180,24289,57.14,1,1,12.08,126.2,36582,101,-1073,-29,1078,1,43.6622033,-79.3959615,103.80,11.30,0.64,12,1,00:43:46,00
2929442,-188,24289,57.20,1,1,11.88,124.1,36589,172,-1093,-236,1132,1,43.6622033,-79.3959615,103.80,11.30,0.64,12,1,00:43:46,00
2929756,-201,24289,57.20,1,1,12.04,125.8,36597,101,-1001,95,1010,1,43.6622033,-79.3959615,103.80,11.30,0.64,12,1,00:43:46,00
2930081,-198,24289,57.19,1,1,11.97,125.0,36605,127,-1036,-107,1049,1,43.6621735,-79.3959812,105.70,11.83,0.64,12,1,00:43:47,00
2930462,-189,24289,57.20,1,1,10.99,114.8,36614,123,-1109,-5,1116,1,43.6621735,-79.3959812,105.70,11.83,0.64,12,1,00:43:47,00
2930778,-173,24289,57.23,1,1,10.54,110.1,36621,20,-962,229,989,1,43.6621735,-79.3959812,105.70,11.83,0.64,12,1,00:43:47,00
2931095,-187,24289,57.21,1,1,12.16,127.0,36629,172,-580,-112,615,1,43.6621560,-79.3959993,104.60,8.26,0.64,12,1,00:43:48,00
2931411,-183,24289,57.16,1,1,12.20,127.4,36637,160,-1027,-192,1057,1,43.6621560,-79.3959993,104.60,8.26,0.64,12,1,00:43:48,00
2931728,-179,24289,57.23,1,1,12.24,127.8,36645,173,-1052,-198,1084,1,43.6621560,-79.3959993,104.60,8.26,0.64,12,1,00:43:48,00
2932047,-166,24289,57.26,1,1,12.16,127.0,36653,212,-951,-355,1037,1,43.6621327,-79.3960233,104.40,11.78,0.64,12,1,00:43:49,00
2932373,-157,24289,57.28,1,1,12.42,129.7,36662,127,-1117,-185,1140,1,43.6621327,-79.3960233,104.40,11.78,0.64,12,1,00:43:49,00
2932695,-157,24289,57.27,1,1,12.24,127.8,36670,240,-821,-172,873,1,43.6621327,-79.3960233,104.40,11.78,0.64,12,1,00:43:49,00
2933016,-152,24289,57.28,1,1,12.20,127.4,36678,118,-1208,-267,1243,1,43.6621058,-79.3960402,104.40,11.80,0.64,12,1,00:43:50,00
2933341,-151,24289,57.23,1,1,12.45,130.1,36687,181,-1049,-344,1119,1,43.6621058,-79.3960402,104.40,11.80,0.64,12,1,00:43:50,00
2933656,-156,24289,57.26,1,1,12.44,129.9,36695,138,-700,110,722,1,43.6621058,-79.3960402,104.40,11.80,0.64,12,1,00:43:50,00
2933977,-152,24289,57.30,1,1,12.60,131.6,36703,227,-1030,-264,1088,1,43.6620813,-79.3960512,102.50,9.85,0.65,12,1,00:43:51,00
2934301,-156,24289,57.26,1,1,12.86,134.3,36712,195,-884,-151,917,1,43.6620813,-79.3960512,102.50,9.85,0.65,12,1,00:43:51,00
2934625,-150,24289,57.28,1,1,12.94,135.1,36721,86,-1105,14,1108,1,43.6620813,-79.3960512,102.50,9.85,0.65,12,1,00:43:51,00
2934975,-152,24289,57.27,1,1,12.90,134.7,36730,74,-791,107,802,1,43.6620572,-79.3960525,101.90,8.48,0.65,12,1,00:43:52,00
2935294,-154,24289,57.31,1,1,13.02,136.0,36739,168,-893,-66,911,1,43.6620572,-79.3960525,101.90,8.48,0.65,12,1,00:43:52,00
2935680,-150,24289,57.32,1,1,12.18,127.2,36749,199,-905,-257,962,1,43.6620572,-79.3960525,101.90,8.48,0.65,12,1,00:43:52,00
2936034,-153,24289,57.35,1,1,12.00,125.3,36758,90,-1107,-61,1112,1,43.6620302,-79.3960583,102.00,11.06,0.76,12,1,00:43:53,00
2936333,-144,24289,57.34,1,1,11.40,119.0,36765,172,-953,-155,981,1,43.6620302,-79.3960583,102.00,11.06,0.76,12,1,00:43:53,00
2936636,-147,24289,57.36,1,1,13.16,137.5,36773,126,-1148,-118,1161,1,43.6620302,-79.3960583,102.00,11.06,0.76,12,1,00:43:53,00
2936941,-147,24289,57.38,1,1,13.38,139.8,36782,109,-952,18,958,1,43.6619947,-79.3960772,100.70,14.08,0.64,12,1,00:43:54,00
2937242,-146,24289,57.36,1,1,13.30,138.9,36790,128,-1071,0,1079,1,43.6619947,-79.3960772,100.70,14.08,0.64,12,1,00:43:54,00
2937540,-140,24289,57.36,1,1,13.39,139.9,36798,121,-1016,-134,1032,1,43.6619947,-79.3960772,100.70,14.08,0.64,12,1,00:43:54,00
2937839,-145,24289,57.35,1,1,13.59,142.0,36807,166,-867,-98,888,1,43.6619607,-79.3960832,100.70,13.28,0.64,12,1,00:43:55,00
2938146,-147,24289,57.35,1,1,13.77,143.8,36816,101,-1026,-43,1031,1,43.6619607,-79.3960832,99.60,13.28,0.64,12,1,00:43:55,00
2938449,-142,24289,57.32,1,1,13.63,142.3,36824,105,-907,39,914,1,43.6619607,-79.3960832,99.60,13.28,0.64,12,1,00:43:55,00
2938758,-151,24289,57.30,1,1,12.32,128.6,36832,174,-843,-74,864,1,43.6619607,-79.3960832,99.60,13.28,0.64,12,1,00:43:55,00
2939062,-144,24289,57.34,1,1,12.44,129.9,36840,152,-970,-184,999,1,43.6619253,-79.3960788,99.00,13.96,0.66,12,1,00:43:56,00
2939374,-155,24289,57.33,1,1,12.52,130.7,36848,158,-937,7,950,1,43.6619253,-79.3960788,99.00,13.96,0.66,12,1,00:43:56,00
2939676,-154,24289,57.34,1,1,14.08,147.1,36857,156,-962,-60,976,1,43.6619253,-79.3960788,99.00,13.96,0.66,12,1,00:43:56,00
2939984,-140,24289,57.36,1,1,14.17,148.0,36866,139,-848,-29,860,1,43.6618905,-79.3960855,98.30,13.19,0.62,12,1,00:43:57,00
2940294,-144,24289,57.38,1,1,14.42,150.6,36876,139,-1115,-130,1131,1,43.6618905,-79.3960855,98.30,13.19,0.62,12,1,00:43:57,00
2940675,-146,24289,57.36,1,1,13.26,138.5,36886,210,-980,-125,1010,1,43.6618905,-79.3960855,98.30,13.19,0.62,12,1,00:43:57,00
2940988,-149,24289,57.34,1,1,14.51,151.5,36896,105,-917,25,923,1,43.6618447,-79.3960880,98.20,18.17,0.62,12,1,00:43:58,00
2941293,-147,24289,57.31,1,1,14.41,150.5,36905,166,-736,-51,756,1,43.6618447,-79.3960880,98.20,18.17,0.62,12,1,00:43:58,00
2941598,-149,24289,57.33,1,1,12.81,133.8,36913,66,-960,126,971,1,43.6618447,-79.3960880,98.20,18.17,0.62,12,1,00:43:58,00
2941905,-151,24289,57.31,1,1,14.64,152.9,36923,215,-1147,-475,1259,1,43.6618047,-79.3960903,97.70,14.41,0.80,12,1,00:43:59,00
2942213,-149,24289,57.33,1,1,14.56,152.0,36932,31,-1141,231,1165,1,43.6618047,-79.3960903,97.70,14.41,0.80,12,1,00:43:59,00
2942519,-127,24289,57.33,1,1,12.90,134.7,36940,206,-806,-94,837,1,43.6618047,-79.3960903,97.70,14.41,0.80,12,1,00:43:59,00
2942836,-149,24289,57.32,1,1,14.78,154.3,36950,180,-1003,-169,1033,1,43.6617655,-79.3960947,97.70,13.98,0.80,12,1,00:44:00,00
2943149,-144,24289,57.33,1,1,13.30,138.9,36959,171,-985,-218,1023,1,43.6617655,-79.3960947,98.30,13.98,0.63,12,1,00:44:00,00
2943458,-130,24289,57.36,1,1,14.66,153.1,36968,177,-1045,-202,1079,1,43.6617655,-79.3960947,98.30,13.98,0.63,12,1,00:44:00,00
2943766,-141,24289,57.39,1,1,14.92,155.8,36978,149,-927,-183,957,1,43.6617288,-79.3961013,98.30,12.56,0.63,12,1,00:44:01,00
2944078,-152,24289,57.38,1,1,13.03,136.1,36986,334,-640,-200,749,1,43.6617288,-79.3961013,99.10,12.56,0.63,12,1,00:44:01,00
2944386,-141,24289,57.39,1,1,14.78,154.3,36996,99,-1068,-20,1072,1,43.6617288,-79.3961013,99.10,12.56,0.63,12,1,00:44:01,00
2944698,-139,24289,57.42,1,1,14.56,152.0,37005,86,-1037,-9,1040,1,43.6617288,-79.3961013,99.10,12.56,0.63,12,1,00:44:01,00
2945007,-139,24289,57.40,1,1,14.69,153.4,37015,323,-591,-94,680,1,43.6616917,-79.3960943,99.60,13.63,0.75,12,1,00:44:02,00
2945320,-138,24289,57.36,1,1,14.51,151.5,37024,131,-999,-44,1009,1,43.6616917,-79.3960943,99.60,13.63,0.75,12,1,00:44:02,00
2945700,-147,24289,57.36,1,1,13.72,143.2,37035,164,-1225,-253,1262,1,43.6616917,-79.3960943,99.60,13.63,0.75,12,1,00:44:02,00
2946011,-156,24289,57.35,1,1,13.18,137.6,37044,40,-1098,62,1101,1,43.6616567,-79.3960862,99.50,12.11,0.72,12,1,00:44:03,00
2946320,-151,24289,57.37,1,1,14.51,151.5,37053,126,-853,-81,866,1,43.6616567,-79.3960862,99.50,12.11,0.72,12,1,00:44:03,00
2946629,-135,24289,57.38,1,1,12.85,134.2,37061,127,-1048,-57,1057,1,43.6616567,-79.3960862,99.50,12.11,0.72,12,1,00:44:03,00
2946941,-146,24289,57.37,1,1,14.60,152.4,37071,157,-838,-183,872,1,43.6616233,-79.3960815,99.30,12.15,0.75,12,1,00:44:04,00
2947256,-143,24289,57.33,1,1,14.27,149.0,37080,213,-847,-158,887,1,43.6616233,-79.3960815,99.30,12.15,0.75,12,1,00:44:04,00
2947575,-128,24289,57.32,1,1,12.90,134.7,37089,162,-997,-69,1013,1,43.6616233,-79.3960815,99.30,12.15,0.75,12,1,00:44:04,00
2947887,-130,24289,57.29,1,1,14.08,147.1,37098,80,-1083,-35,1086,1,43.6615993,-79.3960715,100.50,9.96,0.67,12,1,00:44:05,00
2948200,-134,24289,57.29,1,1,13.81,144.2,37107,232,-825,-177,875,1,43.6615993,-79.3960715,100.50,9.96,0.67,12,1,00:44:05,00
2948522,-120,24289,57.27,1,1,13.55,141.5,37116,206,-889,-222,939,1,43.6615993,-79.3960715,100.50,9.96,0.67,12,1,00:44:05,00
2948832,-126,24289,57.27,1,1,13.38,139.7,37125,135,-938,-74,951,1,43.6615722,-79.3960678,100.20,9.50,0.66,12,1,00:44:06,00
2949157,-115,24289,57.28,1,1,13.14,137.2,37134,154,-989,-140,1011,1,43.6615722,-79.3960678,100.20,9.50,0.66,12,1,00:44:06,00
2949462,-122,24289,57.29,1,1,12.85,134.2,37142,113,-917,-42,925,1,43.6615722,-79.3960678,100.20,9.50,0.66,12,1,00:44:06,00
2949796,-129,24289,57.27,1,1,12.86,134.3,37151,147,-1171,-172,1193,1,43.6615482,-79.3960583,100.20,9.20,0.66,12,1,00:44:07,00
2950119,-126,24289,57.28,1,1,10.95,114.4,37158,144,-807,-96,826,1,43.6615482,-79.3960583,98.00,9.20,0.66,12,1,00:44:07,00
2950432,-119,24289,57.32,1,1,12.28,128.2,37166,111,-1163,-78,1171,1,43.6615482,-79.3960583,98.00,9.20,0.66,12,1,00:44:07,00
2950810,-143,24289,57.31,1,1,11.13,116.3,37175,177,-854,-102,879,1,43.6615190,-79.3960493,98.00,10.69,0.66,12,1,00:44:08,00
2951124,-140,24289,57.35,1,1,11.86,123.8,37183,93,-1028,25,1033,1,43.6615190,-79.3960493,95.90,10.69,0.75,12,1,00:44:08,00
2951436,-122,24289,57.35,1,1,11.52,120.3,37190,110,-910,1,917,1,43.6615190,-79.3960493,95.90,10.69,0.75,12,1,00:44:08,00
2951749,-133,24289,57.39,1,1,11.68,122.0,37198,128,-909,73,921,1,43.6614867,-79.3960332,95.90,13.52,0.75,12,1,00:44:09,00
2952066,-135,24289,57.40,1,1,11.75,122.7,37206,110,-954,22,960,1,43.6614867,-79.3960332,94.40,13.52,0.90,12,1,00:44:09,00
2952380,-133,24289,57.40,1,1,11.60,121.1,37213,130,-1096,-197,1121,1,43.6614867,-79.3960332,94.40,13.52,0.90,12,1,00:44:09,00
2952700,-124,24289,57.42,1,1,11.90,124.2,37221,149,-966,-91,982,1,43.6614482,-79.3960128,94.40,17.22,0.90,12,1,00:44:10,00
2953015,-120,24289,57.40,1,1,12.04,125.8,37229,155,-983,-151,1006,1,43.6614482,-79.3960128,93.70,17.22,0.90,12,1,00:44:10,00
2953335,-118,24289,57.43,1,1,12.12,126.6,37237,34,-995,218,1019,1,43.6614482,-79.3960128,93.70,17.22,0.90,12,1,00:44:10,00
2953655,-122,24289,57.46,1,1,12.45,130.1,37246,198,-861,-159,898,1,43.6614482,-79.3960128,93.70,17.22,0.90,12,1,00:44:10,00
2953997,-121,24289,57.47,1,1,12.64,132.0,37255,-55,-983,303,1030,1,43.6614147,-79.3960052,93.80,11.91,0.86,12,1,00:44:11,00
2954321,-114,24289,57.48,1,1,12.68,132.5,37263,278,-647,-143,719,1,43.6614147,-79.3960052,93.80,11.91,0.86,12,1,00:44:11,00
2954636,-125,24289,57.47,1,1,13.02,136.0,37272,144,-1326,-201,1349,1,43.6614147,-79.3960052,93.80,11.91,0.86,12,1,00:44:11,00
2954957,-123,24289,57.52,1,1,13.10,136.8,37281,215,-864,-118,899,1,43.6613835,-79.3959845,91.60,12.46,0.64,12,1,00:44:12,00
2955283,-101,24289,57.55,1,1,13.18,137.6,37290,147,-869,85,886,1,43.6613835,-79.3959845,91.60,12.46,0.64,12,1,00:44:12,00
2955605,252,24289,57.52,1,1,11.44,119.5,37297,144,-1038,-181,1063,1,43.6613835,-79.3959845,91.60,12.46,0.64,12,1,00:44:12,00
2955995,673,24289,57.54,1,1,11.45,119.6,37307,129,-1017,-119,1032,1,43.6613653,-79.3959488,91.00,11.89,0.64,12,1,00:44:13,00
2956313,2853,24289,57.52,1,1,12.01,125.4,37315,137,-780,-88,797,1,43.6613653,-79.3959488,91.00,11.89,0.64,12,1,00:44:13,00
2956639,4349,24289,57.58,1,1,13.64,142.4,37324,150,-896,-67,911,1,43.6613653,-79.3959488,91.00,11.89,0.64,12,1,00:44:13,00
2956957,9272,24289,57.56,1,1,13.81,144.2,37333,156,-1106,-138,1126,1,43.6613450,-79.3959183,90.80,10.74,0.65,12,1,00:44:14,00
2957280,-129,24289,57.56,1,1,12.82,133.9,37342,116,-1010,-99,1021,1,43.6613450,-79.3959183,90.80,10.74,0.65,12,1,00:44:14,00
2957596,-117,24289,57.52,1,1,14.17,148.0,37351,156,-885,-22,899,1,43.6613450,-79.3959183,90.80,10.74,0.65,12,1,00:44:14,00
2957918,-112,24289,57.52,1,1,14.42,150.6,37361,83,-955,-11,958,1,43.6613233,-79.3958932,91.60,10.07,0.64,12,1,00:44:15,00
2958237,-116,24289,57.50,1,1,14.36,150.0,37370,236,-666,-6,707,1,43.6613233,-79.3958932,91.60,10.07,0.64,12,1,00:44:15,00
2958561,-116,24289,57.51,1,1,14.64,152.9,37380,63,-1108,15,1110,1,43.6613233,-79.3958932,91.60,10.07,0.64,12,1,00:44:15,00
2958930,-137,24289,57.51,1,1,13.68,142.9,37391,97,-951,24,957,1,43.6613058,-79.3958723,93.80,10.78,0.72,12,1,00:44:16,00
2959246,-124,24289,57.52,1,1,14.61,152.5,37400,143,-988,-101,1004,1,43.6613058,-79.3958723,93.80,10.78,0.72,12,1,00:44:16,00
2959545,-106,24289,57.53,1,1,14.78,154.3,37410,167,-1016,-118,1037,1,43.6613058,-79.3958723,93.80,10.78,0.72,12,1,00:44:16,00
2959845,-123,24289,57.55,1,1,14.76,154.1,37419,106,-865,85,876,1,43.6612827,-79.3958457,94.80,13.80,0.76,12,1,00:44:17,00
2960150,-114,24289,57.55,1,1,13.16,137.5,37427,184,-1072,-258,1118,1,43.6612827,-79.3958457,94.80,13.80,0.76,12,1,00:44:17,00
2960460,-102,24289,57.52,1,1,14.96,156.3,37437,74,-989,58,994,1,43.6612827,-79.3958457,94.80,13.80,0.76,12,1,00:44:17,00
2960767,-107,24289,57.50,1,1,14.96,156.3,37447,120,-940,17,948,1,43.6612433,-79.3958137,94.80,17.91,0.76,12,1,00:44:18,00
2961134,-112,24289,57.51,1,1,13.72,143.3,37457,217,-781,-138,822,1,43.6612433,-79.3958137,94.10,17.91,0.82,12,1,00:44:18,00
2961431,-106,24289,57.47,1,1,14.56,152.0,37466,122,-1049,-95,1060,1,43.6612433,-79.3958137,94.10,17.91,0.82,12,1,00:44:18,00
2961732,-108,24289,57.45,1,1,14.46,151.0,37475,210,-881,-194,926,1,43.6612130,-79.3957783,94.10,14.93,0.82,12,1,00:44:19,00
2962039,-112,24289,57.43,1,1,14.64,152.9,37485,169,-871,-21,887,1,43.6612130,-79.3957783,94.10,14.93,0.79,12,1,00:44:19,00
2962342,-113,24289,57.41,1,1,14.46,151.0,37494,191,-875,-41,897,1,43.6612130,-79.3957783,94.10,14.93,0.79,12,1,00:44:19,00
2962651,-112,24289,57.36,1,1,14.08,147.1,37503,-4,-799,53,800,1,43.6612130,-79.3957783,94.10,14.93,0.79,12,1,00:44:19,00
2962955,-104,24289,57.38,1,1,13.77,143.8,37512,119,-943,102,956,1,43.6611798,-79.3957420,92.90,16.50,0.91,12,1,00:44:20,00
2963270,-121,24289,57.36,1,1,13.21,137.9,37520,182,-825,-45,846,1,43.6611798,-79.3957420,92.90,16.50,0.91,12,1,00:44:20,00
2963576,-105,24289,57.36,1,1,12.64,132.0,37528,131,-1092,-72,1102,1,43.6611798,-79.3957420,92.90,16.50,0.91,12,1,00:44:20,00
2963910,-109,24289,57.33,1,1,12.60,131.6,37537,129,-923,-4,932,1,43.6611453,-79.3956948,92.50,19.46,0.91,12,1,00:44:21,00
2964216,-105,24289,57.32,1,1,12.36,129.0,37545,107,-897,-112,910,1,43.6611453,-79.3956948,92.50,19.46,0.91,12,1,00:44:21,00
2964530,-90,24289,57.36,1,1,12.32,128.6,37553,36,-1035,93,1040,1,43.6611453,-79.3956948,92.50,19.46,0.91,12,1,00:44:21,00
2964842,-99,24289,57.35,1,1,12.28,128.2,37561,132,-1057,-122,1072,1,43.6611095,-79.3956487,92.40,17.83,0.80,12,1,00:44:22,00
2965152,-98,24289,57.31,1,1,12.28,128.2,37569,106,-1087,-55,1094,1,43.6611095,-79.3956487,92.40,17.83,0.80,12,1,00:44:22,00
2965463,-89,24289,57.32,1,1,12.20,127.4,37577,179,-977,-251,1024,1,43.6611095,-79.3956487,92.40,17.83,0.80,12,1,00:44:22,00
2965781,-98,24289,57.31,1,1,12.16,127.0,37585,57,-1063,123,1072,1,43.6610963,-79.3955897,92.40,14.87,0.80,12,1,00:44:23,00
2966153,-102,24289,57.30,1,1,11.22,117.2,37594,203,-889,-215,937,1,43.6610963,-79.3955897,95.30,14.87,0.68,12,1,00:44:23,00
2966455,-96,24289,57.30,1,1,12.10,126.4,37601,154,-790,47,807,1,43.6610963,-79.3955897,95.30,14.87,0.68,12,1,00:44:23,00
2966761,-106,24289,57.33,1,1,12.32,128.6,37609,100,-1041,-94,1050,1,43.6610725,-79.3955503,95.30,14.39,0.68,12,1,00:44:24,00
2967072,-103,24289,57.30,1,1,12.28,128.2,37617,150,-813,-2,827,1,43.6610725,-79.3955503,94.70,14.39,0.72,12,1,00:44:24,00
2967381,-100,24289,57.32,1,1,12.24,127.8,37625,83,-1083,-100,1091,1,43.6610725,-79.3955503,94.70,14.39,0.72,12,1,00:44:24,00
2967693,-102,24289,57.33,1,1,12.20,127.4,37633,189,-840,53,862,1,43.6610513,-79.3955077,94.70,14.00,0.72,12,1,00:44:25,00
2968002,-88,24289,57.33,1,1,12.01,125.4,37641,130,-1113,-1,1121,1,43.6610513,-79.3955077,95.20,14.00,0.71,12,1,00:44:25,00
2968309,-93,24289,57.34,1,1,11.28,117.8,37648,208,-947,-119,977,1,43.6610513,-79.3955077,95.20,14.00,0.71,12,1,00:44:25,00
2968617,-87,24289,57.32,1,1,10.78,112.5,37655,166,-962,-53,978,1,43.6610513,-79.3955077,95.20,14.00,0.71,12,1,00:44:25,00
2968928,-89,24289,57.36,1,1,10.28,107.4,37662,155,-1100,35,1112,1,43.6610298,-79.3954638,95.30,14.15,0.80,12,1,00:44:26,00
2969236,-92,24289,57.36,1,1,9.67,101.0,37668,230,-948,-131,984,1,43.6610298,-79.3954638,95.30,14.15,0.80,12,1,00:44:26,00
2969557,-93,24289,57.36,1,1,9.18,95.8,37674,124,-895,108,910,1,43.6610298,-79.3954638,95.30,14.15,0.80,12,1,00:44:26,00
2969868,-101,24289,57.34,1,1,8.37,87.4,37679,217,-928,-141,963,1,43.6610077,-79.3954290,95.70,12.67,0.78,12,1,00:44:27,00
2970181,-93,24289,57.33,1,1,7.72,80.6,37684,197,-875,11,897,1,43.6610077,-79.3954290,95.70,12.67,0.78,12,1,00:44:27,00
2970494,-80,24289,57.37,1,1,8.33,87.0,37690,196,-959,35,979,1,43.6610077,-79.3954290,95.70,12.67,0.78,12,1,00:44:27,00
2970809,-82,24289,57.38,1,1,7.46,77.9,37695,185,-1033,-34,1050,1,43.6610168,-79.3953748,97.00,13.26,0.73,12,1,00:44:28,00
2971187,-85,24289,57.39,1,1,4.02,42.0,37698,201,-920,-61,943,1,43.6610168,-79.3953748,97.00,13.26,0.73,12,1,00:44:28,00
2971507,-77,24289,57.40,1,1,4.47,46.7,37701,123,-962,61,971,1,43.6610168,-79.3953748,97.00,13.26,0.73,12,1,00:44:28,00
2971818,-87,24289,57.43,1,1,5.40,56.4,37704,209,-949,-88,975,1,43.6610175,-79.3953285,94.10,11.48,0.73,12,1,00:44:29,00
2972132,-89,24289,57.44,1,1,4.71,49.2,37707,227,-955,55,984,1,43.6610175,-79.3953285,94.10,11.48,0.73,12,1,00:44:29,00
2972452,-74,24289,57.46,1,1,3.77,39.4,37710,199,-982,-79,1005,1,43.6610175,-79.3953285,94.10,11.48,0.73,12,1,00:44:29,00
2972765,-86,24289,57.46,1,1,2.88,30.1,37711,156,-977,-50,991,1,43.6609990,-79.3952818,93.20,15.63,0.72,12,1,00:44:30,00
2973078,-78,24289,57.45,1,1,2.39,25.0,37713,153,-956,-12,968,1,43.6609990,-79.3952818,93.20,15.63,0.72,12,1,00:44:30,00
2973389,-84,24289,57.45,1,1,2.34,24.4,37714,165,-965,-66,981,1,43.6609990,-79.3952818,93.20,15.63,0.72,12,1,00:44:30,00
2973709,-83,24289,57.48,1,1,1.95,20.3,37715,168,-979,-30,994,1,43.6609815,-79.3952462,92.40,11.13,0.83,12,1,00:44:31,00
2974022,-73,24289,57.48,1,1,1.59,16.6,37716,172,-960,-36,976,1,43.6609815,-79.3952462,92.40,11.13,0.83,12,1,00:44:31,00
2974344,-85,24289,57.46,1,1,1.13,11.8,37717,177,-970,-23,986,1,43.6609815,-79.3952462,92.40,11.13,0.83,12,1,00:44:31,00
2974661,-72,24289,57.48,1,1,1.13,11.8,37717,121,-979,-52,988,1,43.6609815,-79.3952010,92.40,10.20,0.83,12,1,00:44:32,00
2974982,-70,24289,57.47,1,1,1.13,11.8,37717,144,-961,-72,974,1,43.6609815,-79.3952010,91.30,10.20,0.83,12,1,00:44:32,00
2975307,-66,24289,57.52,1,1,1.13,11.8,37717,118,-976,-62,985,1,43.6609815,-79.3952010,91.30,10.20,0.83,12,1,00:44:32,00
2975627,-72,24289,57.52,1,1,1.13,11.8,37717,133,-975,-72,986,1,43.6609880,-79.3951592,91.30,9.04,0.83,12,1,00:44:33,00
2975953,-72,24289,57.52,1,1,1.13,11.8,37717,128,-969,-51,979,1,43.6609880,-79.3951592,91.90,9.04,0.70,12,1,00:44:33,00
2976338,-72,24289,57.50,1,1,0.00,0.0,37717,159,-957,-20,970,1,43.6609880,-79.3951592,91.90,9.04,0.70,12,1,00:44:33,00
2976658,-69,24289,57.56,1,1,0.00,0.0,37717,126,-970,-64,981,1,43.6609872,-79.3951348,90.90,6.09,0.76,12,1,00:44:34,00
2976978,-67,24289,57.53,1,1,0.00,0.0,37717,120,-963,-50,972,1,43.6609872,-79.3951348,90.90,6.09,0.76,12,1,00:44:34,00
2977293,-72,24289,57.55,1,1,0.00,0.0,37717,156,-960,-78,976,1,43.6609872,-79.3951348,90.90,6.09,0.76,12,1,00:44:34,00
2977611,-57,24289,57.54,1,1,0.00,0.0,37717,107,-991,-46,998,1,43.6609943,-79.3951185,90.90,1.57,0.76,12,1,00:44:35,00
2977932,-64,24289,57.55,1,1,0.00,0.0,37717,119,-969,-82,979,1,43.6609943,-79.3951185,93.40,1.57,0.74,12,1,00:44:35,00
2978256,-62,24289,57.56,1,1,0.00,0.0,37717,160,-947,-40,961,1,43.6609943,-79.3951185,93.40,1.57,0.74,12,1,00:44:35,00
2978569,-57,24289,57.58,1,1,0.00,0.0,37717,155,-989,-51,1003,1,43.6609980,-79.3951055,93.40,3.15,0.74,12,1,00:44:36,00
2978889,-60,24289,57.56,1,1,0.00,0.0,37717,54,-983,-28,985,1,43.6609980,-79.3951055,95.30,3.15,0.74,12,1,00:44:36,00
2979207,-60,24289,57.59,1,1,0.00,0.0,37717,172,-971,-58,987,1,43.6609980,-79.3951055,95.30,3.15,0.74,12,1,00:44:36,00
2979534,-46,24289,57.58,1,1,0.00,0.0,37717,233,-972,9,1000,1,43.6609965,-79.3951027,95.30,2.17,0.74,12,1,00:44:37,00
2979857,-61,24289,57.60,1,1,0.00,0.0,37717,135,-962,-62,974,1,43.6609965,-79.3951027,97.20,2.17,0.66,12,1,00:44:37,00
2980189,-55,24289,57.60,1,1,0.00,0.0,37717,116,-996,-81,1006,1,43.6609965,-79.3951027,97.20,2.17,0.66,12,1,00:44:37,00
2980513,-43,24289,57.58,1,1,0.00,0.0,37717,154,-973,-73,988,1,43.6609913,-79.3951020,97.20,1.91,0.66,12,1,00:44:38,00
2980836,-57,24289,57.59,1,1,0.00,0.0,37717,119,-971,-40,979,1,43.6609913,-79.3951020,97.80,1.91,0.79,12,1,00:44:38,00
2981164,-49,24289,57.63,1,1,0.00,0.0,37717,135,-964,-63,976,1,43.6609913,-79.3951020,97.80,1.91,0.79,12,1,00:44:38,00
2981557,-39,24289,57.64,1,1,0.00,0.0,37717,122,-973,-62,982,1,43.6609913,-79.3950940,98.90,2.20,0.75,12,1,00:44:39,00
2981912,-53,24289,57.65,1,1,0.00,0.0,37717,104,-977,-53,984,1,43.6609913,-79.3950940,98.90,2.20,0.75,12,1,00:44:39,00
2982217,-50,24289,57.64,1,1,0.00,0.0,37717,158,-964,-100,982,1,43.6609913,-79.3950940,98.90,2.20,0.75,12,1,00:44:39,00
2982522,-47,24289,57.62,1,1,0.00,0.0,37717,152,-970,-43,983,1,43.6609982,-79.3950837,98.90,1.56,0.75,12,1,00:44:40,00
2982816,-49,24289,57.62,1,1,0.00,0.0,37717,86,-993,0,997,1,43.6609982,-79.3950837,99.30,1.56,0.75,12,1,00:44:40,00
2983126,-43,24289,57.62,1,1,0.00,0.0,37717,132,-970,-55,981,1,43.6609982,-79.3950837,99.30,1.56,0.75,12,1,00:44:40,00
2983435,-41,24289,57.62,1,1,0.00,0.0,37717,148,-979,-60,992,1,43.6610028,-79.3950877,99.30,1.61,0.75,12,1,00:44:41,00
2983758,-46,24289,57.61,1,1,0.00,0.0,37717,138,-970,-37,981,1,43.6610028,-79.3950877,101.30,1.61,0.84,12,1,00:44:41,00
2984070,-44,24289,57.55,1,1,0.00,0.0,37717,142,-954,-81,968,1,43.6610028,-79.3950877,101.30,1.61,0.84,12,1,00:44:41,00
2984376,-40,24289,57.57,1,1,0.00,0.0,37717,159,-966,-70,982,1,43.6610087,-79.3950868,101.30,0.19,0.84,12,1,00:44:42,00
2984684,-41,24289,57.58,1,1,0.00,0.0,37717,146,-971,-76,985,1,43.6610087,-79.3950868,102.10,0.19,0.84,12,1,00:44:42,00
2984988,-38,24289,57.52,1,1,0.00,0.0,37717,162,-984,-86,1001,1,43.6610087,-79.3950868,102.10,0.19,0.84,12,1,00:44:42,00
2985304,-41,24289,57.56,1,1,0.00,0.0,37717,44,-986,-67,989,1,43.6610087,-79.3950868,102.10,0.19,0.84,12,1,00:44:42,00
2985604,-40,24289,57.55,1,1,0.00,0.0,37717,122,-956,-21,964,1,43.6610213,-79.3950818,104.80,1.06,0.70,12,1,00:44:43,00
2985896,-44,24289,57.57,1,1,0.00,0.0,37717,94,-973,-62,980,1,43.6610213,-79.3950818,104.80,1.06,0.70,12,1,00:44:43,00
2986196,-52,24289,57.57,1,1,0.00,0.0,37717,127,-966,-49,975,1,43.6610213,-79.3950818,104.80,1.06,0.70,12,1,00:44:43,00
2986557,-40,24289,57.56,1,1,0.00,0.0,37717,102,-953,-55,960,1,43.6610240,-79.3950817,106.70,1.50,0.80,12,1,00:44:44,00
2986850,-37,24289,57.58,1,1,0.00,0.0,37717,148,-967,-30,978,1,43.6610240,-79.3950817,106.70,1.50,0.80,12,1,00:44:44,00
2987150,-41,24289,57.59,1,1,0.00,0.0,37717,138,-962,-75,975,1,43.6610240,-79.3950817,106.70,1.50,0.80,12,1,00:44:44,00
2987446,-38,24289,57.61,1,1,0.00,0.0,37717,141,-984,-57,995,1,43.6610125,-79.3950788,108.40,4.94,0.89,12,1,00:44:45,00
2987749,-45,24289,57.61,1,1,0.00,0.0,37717,139,-998,36,1008,1,43.6610125,-79.3950788,108.40,4.94,0.89,12,1,00:44:45,00
2988048,-42,24289,57.60,1,1,0.00,0.0,37717,132,-985,-46,995,1,43.6610125,-79.3950788,108.40,4.94,0.89,12,1,00:44:45,00
2988347,-43,24289,57.61,1,1,0.00,0.0,37717,133,-963,-39,973,1,43.6609997,-79.3950728,108.40,4.91,0.89,12,1,00:44:46,00
2988646,-47,24289,57.62,1,1,0.00,0.0,37717,119,-921,-29,929,1,43.6609997,-79.3950728,110.50,4.91,0.79,12,1,00:44:46,00
2988942,-37,24289,57.64,1,1,0.00,0.0,37717,108,-965,-58,973,1,43.6609997,-79.3950728,110.50,4.91,0.79,12,1,00:44:46,00
2989241,-40,24289,57.63,1,1,0.00,0.0,37717,128,-972,-49,981,1,43.6609997,-79.3950728,110.50,4.91,0.79,12,1,00:44:46,00
2989536,-33,24289,57.63,1,1,0.00,0.0,37717,139,-971,-59,983,1,43.6610117,-79.3950668,110.90,2.44,0.67,12,1,00:44:47,00
2989840,-39,24289,57.60,1,1,0.00,0.0,37717,130,-973,-49,982,1,43.6610117,-79.3950668,110.90,2.44,0.67,12,1,00:44:47,00
2990143,-37,24289,57.61,1,1,0.00,0.0,37717,124,-972,-57,982,1,43.6610117,-79.3950668,110.90,2.44,0.67,12,1,00:44:47,00
2990442,-33,24289,57.62,1,1,0.00,0.0,37717,139,-970,-52,981,1,43.6610130,-79.3950563,109.90,3.65,0.69,12,1,00:44:48,00
2990743,-38,24289,57.62,1,1,0.00,0.0,37717,137,-970,-69,982,1,43.6610130,-79.3950563,109.90,3.65,0.69,12,1,00:44:48,00
2991048,-40,24289,57.64,1,1,0.00,0.0,37717,131,-969,-57,979,1,43.6610130,-79.3950563,109.90,3.65,0.69,12,1,00:44:48,00
2991416,-37,24289,57.62,1,1,0.00,0.0,37717,138,-970,-53,982,1,43.6610103,-79.3950555,109.90,0.54,0.69,12,1,00:44:49,00
2991711,-40,24289,57.65,1,1,0.00,0.0,37717,135,-971,-53,982,1,43.6610103,-79.3950555,110.20,0.54,0.76,12,1,00:44:49,00
2992015,-36,24289,57.64,1,1,0.00,0.0,37717,139,-969,-61,981,1,43.6610103,-79.3950555,110.20,0.54,0.76,12,1,00:44:49,00
2992321,-41,24289,57.65,1,1,0.00,0.0,37717,128,-968,-55,978,1,43.6610152,-79.3950592,110.20,2.85,0.76,12,1,00:44:50,00
2992620,-37,24289,57.65,1,1,0.00,0.0,37717,135,-969,-54,980,1,43.6610152,-79.3950592,111.10,2.85,0.77,12,1,00:44:50,00
2992921,-34,24289,57.61,1,1,0.00,0.0,37717,134,-967,-62,978,1,43.6610152,-79.3950592,111.10,2.85,0.77,12,1,00:44:50,00
2993224,-36,24289,57.66,1,1,0.00,0.0,37717,134,-969,-56,980,1,43.6610152,-79.3950592,111.10,2.85,0.77,12,1,00:44:50,00
2993539,-26,24289,57.65,1,1,0.00,0.0,37717,127,-970,-55,980,1,43.6610195,-79.3950693,111.70,3.57,0.77,12,1,00:44:51,00
2993843,-32,24289,57.67,1,1,0.00,0.0,37717,145,-967,-49,979,1,43.6610195,-79.3950693,111.70,3.57,0.77,12,1,00:44:51,00
2994155,-36,24289,57.67,1,1,0.00,0.0,37717,127,-968,-63,979,1,43.6610195,-79.3950693,111.70,3.57,0.77,12,1,00:44:51,00
2994459,-33,24289,57.67,1,1,0.00,0.0,37717,138,-969,-57,980,1,43.6610210,-79.3950812,113.70,3.67,0.71,12,1,00:44:52,00
2994761,-35,24289,57.66,1,1,0.00,0.0,37717,132,-973,-63,984,1,43.6610210,-79.3950812,113.70,3.67,0.71,12,1,00:44:52,00
2995065,-30,24289,57.65,1,1,0.00,0.0,37717,133,-968,-51,979,1,43.6610210,-79.3950812,113.70,3.67,0.71,12,1,00:44:52,00
2995372,-38,24289,57.68,1,1,0.00,0.0,37717,131,-973,-51,983,1,43.6610253,-79.3950823,115.20,1.98,0.78,12,1,00:44:53,00
2995677,-40,24289,57.69,1,1,0.00,0.0,37717,136,-971,-45,981,1,43.6610253,-79.3950823,115.20,1.98,0.78,12,1,00:44:53,00
2995987,-39,24289,57.69,1,1,0.00,0.0,37717,126,-968,-54,978,1,43.6610253,-79.3950823,115.20,1.98,0.78,12,1,00:44:53,00
2996375,-39,24289,57.63,1,1,0.00,0.0,37717,128,-978,-53,988,1,43.6610305,-79.3950840,116.60,1.89,0.72,12,1,00:44:54,00
2996677,-30,24289,57.60,1,1,0.00,0.0,37717,135,-965,-63,976,1,43.6610305,-79.3950840,116.60,1.89,0.72,12,1,00:44:54,00
2996988,-32,24289,57.60,1,1,0.00,0.0,37717,128,-968,-48,977,1,43.6610305,-79.3950840,116.60,1.89,0.72,12,1,00:44:54,00
2997293,-23,24289,57.62,1,1,0.00,0.0,37717,135,-973,-62,984,1,43.6610307,-79.3950753,116.60,2.61,0.72,12,1,00:44:55,00
2997600,-24,24289,57.60,1,1,0.00,0.0,37717,130,-968,-48,978,1,43.6610307,-79.3950753,116.60,2.61,0.69,12,1,00:44:55,00
2997911,-21,24289,57.56,1,1,0.00,0.0,37717,136,-969,-58,980,1,43.6610307,-79.3950753,116.60,2.61,0.69,12,1,00:44:55,00
2998222,-18,24289,57.57,1,1,0.00,0.0,37717,132,-970,-58,981,1,43.6610313,-79.3950732,116.60,0.70,0.69,12,1,00:44:56,00
2998533,-7,24289,57.55,1,1,0.00,0.0,37717,130,-969,-54,980,1,43.6610313,-79.3950732,118.20,0.70,0.68,12,1,00:44:56,00
2998842,-16,24289,57.56,1,1,0.00,0.0,37717,133,-969,-58,980,1,43.6610313,-79.3950732,118.20,0.70,0.68,12,1,00:44:56,00
2999161,-23,24289,57.54,1,1,0.00,0.0,37717,132,-969,-55,979,1,43.6610293,-79.3950495,118.20,0.50,0.68,12,1,00:44:57,00
2999474,-7,24289,57.55,1,1,0.00,0.0,37717,135,-968,-59,979,1,43.6610293,-79.3950495,114.00,0.50,0.68,12,1,00:44:57,00
2999784,-27,24289,57.50,1,1,0.00,0.0,37717,122,-974,-31,982,1,43.6610293,-79.3950495,114.00,0.50,0.68,12,1,00:44:57,00
3000100,-19,24289,57.50,1,1,0.00,0.0,37717,137,-966,-73,978,1,43.6610293,-79.3950495,114.00,0.50,0.68,12,1,00:44:57,00
3000411,-18,24289,57.42,1,1,0.00,0.0,37717,128,-972,-47,982,1,43.6610292,-79.3950328,110.80,0.30,0.67,12,1,00:44:58,00
3000723,-12,24289,57.40,1,1,0.00,0.0,37717,133,-968,-58,979,1,43.6610292,-79.3950328,110.80,0.30,0.67,12,1,00:44:58,00
3001035,-21,24289,57.37,1,1,0.00,0.0,37717,132,-970,-56,980,1,43.6610292,-79.3950328,110.80,0.30,0.67,12,1,00:44:58,00
3001406,-21,24289,57.43,1,1,0.00,0.0,37717,131,-969,-53,979,1,43.6610360,-79.3950152,109.30,0.43,0.72,12,1,00:44:59,00
3001710,-3,24289,57.44,1,1,0.00,0.0,37717,132,-970,-56,981,1,43.6610360,-79.3950152,109.30,0.43,0.72,12,1,00:44:59,00
3002019,-14,24289,57.41,1,1,0.00,0.0,37717,132,-968,-56,979,1,43.6610360,-79.3950152,109.30,0.43,0.72,12,1,00:44:59,00
3002329,-18,24289,57.39,1,1,0.00,0.0,37717,130,-971,-53,981,1,43.6610423,-79.3950123,108.40,0.19,0.67,12,1,00:45:00,00
3002639,-12,24289,57.43,1,1,0.00,0.0,37717,134,-968,-57,979,1,43.6610423,-79.3950123,108.40,0.19,0.67,12,1,00:45:00,00
3002955,-14,24289,57.45,1,1,0.00,0.0,37717,130,-970,-52,980,1,43.6610423,-79.3950123,108.40,0.19,0.67,12,1,00:45:00,00
3003274,-14,24289,57.36,1,1,0.00,0.0,37717,134,-969,-62,980,1,43.6610522,-79.3950102,108.40,0.11,0.62,12,1,00:45:01,00
3003588,-8,24289,57.42,1,1,0.00,0.0,37717,131,-970,-53,980,1,43.6610522,-79.3950102,108.40,0.11,0.62,12,1,00:45:01,00
3003901,-14,24289,57.44,1,1,0.00,0.0,37717,135,-970,-60,982,1,43.6610522,-79.3950102,108.40,0.11,0.62,12,1,00:45:01,00
3004254,-24,24289,57.39,1,1,0.00,0.0,37717,135,-969,-61,980,1,43.6610582,-79.3950070,109.00,0.22,0.70,12,1,00:45:02,00
3004551,2,24289,57.42,1,1,0.00,0.0,37717,127,-973,-50,982,1,43.6610582,-79.3950070,109.00,0.22,0.70,12,1,00:45:02,00
3004849,-16,24289,57.39,1,1,0.00,0.0,37717,134,-970,-61,981,1,43.6610582,-79.3950070,109.00,0.22,0.70,12,1,00:45:02,00
3005144,-14,24289,57.40,1,1,0.00,0.0,37717,129,-969,-46,979,1,43.6610592,-79.3950050,109.00,0.13,0.70,12,1,00:45:03,00
3005437,-13,24289,57.42,1,1,0.00,0.0,37717,133,-967,-61,978,1,43.6610592,-79.3950050,108.80,0.13,0.65,12,1,00:45:03,00
3005728,-10,24289,57.32,1,1,0.00,0.0,37717,131,-969,-54,980,1,43.6610592,-79.3950050,108.80,0.13,0.65,12,1,00:45:03,00
3006025,-12,24289,57.39,1,1,0.00,0.0,37717,132,-969,-58,980,1,43.6610592,-79.3950050,108.80,0.13,0.65,12,1,00:45:03,00
3006389,-14,24289,57.38,1,1,0.00,0.0,37717,133,-970,-56,980,1,43.6610608,-79.3950043,108.50,0.09,0.66,12,1,00:45:04,00
3006681,-12,24289,57.33,1,1,0.00,0.0,37717,133,-968,-58,979,1,43.6610608,-79.3950043,108.50,0.09,0.66,12,1,00:45:04,00
3006974,-17,24289,57.33,1,1,0.00,0.0,37717,132,-968,-58,979,1,43.6610608,-79.3950043,108.50,0.09,0.66,12,1,00:45:04,00
3007268,-24,24289,57.33,1,1,0.00,0.0,37717,133,-970,-56,981,1,43.6610630,-79.3950045,108.20,0.06,0.66,12,1,00:45:05,00
3007561,-4,24289,57.35,1,1,0.00,0.0,37717,133,-969,-58,980,1,43.6610630,-79.3950045,108.20,0.06,0.66,12,1,00:45:05,00
3007852,-16,24289,57.38,1,1,0.00,0.0,37717,132,-968,-56,979,1,43.6610630,-79.3950045,108.20,0.06,0.66,12,1,00:45:05,00
3008148,-10,24289,57.36,1,1,0.00,0.0,37717,131,-969,-54,979,1,43.6610633,-79.3950040,108.20,0.24,0.63,12,1,00:45:06,00
3008441,-11,24289,57.32,1,1,0.00,0.0,37717,133,-970,-55,980,1,43.6610633,-79.3950040,108.20,0.24,0.63,12,1,00:45:06,00
3008739,-13,24289,57.36,1,1,0.00,0.0,37717,131,-969,-56,979,1,43.6610633,-79.3950040,108.20,0.24,0.63,12,1,00:45:06,00
3009038,-14,24289,57.36,1,1,0.00,0.0,37717,132,-970,-54,980,1,43.6610643,-79.3950028,108.20,0.15,0.63,12,1,00:45:07,00
3009338,-13,24289,57.30,1,1,0.00,0.0,37717,131,-969,-53,980,1,43.6610643,-79.3950028,108.00,0.15,0.70,12,1,00:45:07,00
3009633,-12,24289,57.31,1,1,0.00,0.0,37717,133,-969,-55,980,1,43.6610643,-79.3950028,108.00,0.15,0.70,12,1,00:45:07,00
3009928,-11,24289,57.26,1,1,0.00,0.0,37717,132,-969,-57,979,1,43.6610643,-79.3950028,108.00,0.15,0.70,12,1,00:45:07,00
3010230,-30,24289,57.26,1,1,0.00,0.0,37717,132,-969,-57,980,1,43.6610652,-79.3950028,107.70,0.17,0.81,12,1,00:45:08,00
3010530,-3,24289,57.11,1,1,0.00,0.0,37717,132,-969,-55,980,1,43.6610652,-79.3950028,107.70,0.17,0.81,12,1,00:45:08,00
3010827,-15,24289,57.14,1,1,0.00,0.0,37717,133,-969,-54,980,1,43.6610652,-79.3950028,107.70,0.17,0.81,12,1,00:45:08,00
3011189,-10,24289,57.14,1,1,0.00,0.0,37717,130,-971,-48,981,1,43.6610648,-79.3950043,107.70,0.09,0.69,12,1,00:45:09,00
3011489,4,24289,57.21,1,1,0.00,0.0,37717,135,-969,-59,980,1,43.6610648,-79.3950043,107.70,0.09,0.69,12,1,00:45:09,00
3011788,-4,24289,57.19,1,1,0.00,0.0,37717,133,-968,-55,979,1,43.6610648,-79.3950043,107.70,0.09,0.69,12,1,00:45:09,00
3012088,-11,24289,57.16,1,1,0.00,0.0,37717,132,-970,-56,980,1,43.6610657,-79.3950053,107.70,0.06,0.69,12,1,00:45:10,00
3012382,-7,24289,57.19,1,1,0.00,0.0,37717,133,-969,-58,980,1,43.6610657,-79.3950053,107.50,0.06,0.68,12,1,00:45:10,00
3012689,-17,24289,57.23,1,1,0.00,0.0,37717,132,-969,-54,980,1,43.6610657,-79.3950053,107.50,0.06,0.68,12,1,00:45:10,00
3012988,-19,24289,57.14,1,1,0.00,0.0,37717,134,-969,-58,980,1,43.6610655,-79.3950053,107.50,0.09,0.68,12,1,00:45:11,00
3013289,-18,24289,57.08,1,1,0.00,0.0,37717,132,-970,-52,980,1,43.6610655,-79.3950053,107.10,0.09,0.73,12,1,00:45:11,00
3013595,3,24289,57.14,1,1,0.00,0.0,37717,133,-969,-56,980,1,43.6610655,-79.3950053,107.10,0.09,0.73,12,1,00:45:11,00
3013891,-8,24289,57.14,1,1,0.00,0.0,37717,134,-968,-56,979,1,43.6610655,-79.3950053,107.10,0.09,0.73,12,1,00:45:11,00
3014196,-10,24289,57.08,1,1,0.00,0.0,37717,133,-970,-57,981,1,43.6610660,-79.3950053,106.80,0.17,0.71,12,1,00:45:12,00
3014500,-2,24289,56.98,1,1,0.00,0.0,37717,133,-970,-56,980,1,43.6610660,-79.3950053,106.80,0.17,0.71,12,1,00:45:12,00
3014804,-5,24289,56.97,1,1,0.00,0.0,37717,132,-969,-54,979,1,43.6610660,-79.3950053,106.80,0.17,0.71,12,1,00:45:12,00
3015108,-8,24289,56.95,1,1,0.00,0.0,37717,133,-969,-57,980,1,43.6610667,-79.3950060,106.70,0.06,0.66,12,1,00:45:13,00
3015416,0,24289,56.86,1,1,0.00,0.0,37717,133,-968,-56,979,1,43.6610667,-79.3950060,106.70,0.06,0.66,12,1,00:45:13,00
3015730,-4,24289,56.84,1,1,0.00,0.0,37717,132,-969,-54,980,1,43.6610667,-79.3950060,106.70,0.06,0.66,12,1,00:45:13,00
3016100,-4,24289,56.72,1,1,0.00,0.0,37717,133,-970,-55,980,1,43.6610667,-79.3950063,106.70,0.00,0.73,12,1,00:45:14,00
3016400,-6,24289,56.64,1,1,0.00,0.0,37717,133,-969,-55,980,1,43.6610667,-79.3950063,106.70,0.00,0.73,12,1,00:45:14,00
3016701,-6,24289,56.60,1,1,0.00,0.0,37717,132,-969,-56,980,1,43.6610667,-79.3950063,106.70,0.00,0.73,12,1,00:45:14,00
3016999,-6,24289,56.53,1,1,0.00,0.0,37717,132,-969,-55,980,1,43.6610668,-79.3950055,106.70,0.09,0.73,12,1,00:45:15,00
3017304,-8,24289,56.55,1,1,0.00,0.0,37717,132,-969,-56,979,1,43.6610668,-79.3950055,106.60,0.09,0.67,12,1,00:45:15,00
3017609,-5,24289,56.57,1,1,0.00,0.0,37717,132,-968,-56,979,1,43.6610668,-79.3950055,106.60,0.09,0.67,12,1,00:45:15,00
3017918,-10,24289,56.54,1,1,0.00,0.0,37717,132,-970,-54,980,1,43.6610662,-79.3950055,106.60,0.02,0.67,12,1,00:45:16,00
3018226,-8,24289,56.56,1,1,0.00,0.0,37717,132,-969,-57,980,1,43.6610662,-79.3950055,106.30,0.02,0.68,12,1,00:45:16,00
3018537,2,24289,56.59,1,1,0.00,0.0,37717,132,-970,-56,980,1,43.6610662,-79.3950055,106.30,0.02,0.68,12,1,00:45:16,00
3018845,-7,24289,56.57,1,1,0.00,0.0,37717,132,-970,-54,980,1,43.6610662,-79.3950055,106.30,0.02,0.68,12,1,00:45:16,00
3019156,-3,24289,56.57,1,1,0.00,0.0,37717,132,-968,-57,979,1,43.6610657,-79.3950063,106.40,0.06,0.69,12,1,00:45:17,00
3019467,7,24289,56.59,1,1,0.00,0.0,37717,133,-969,-56,979,1,43.6610657,-79.3950063,106.40,0.06,0.69,12,1,00:45:17,00
3019775,3,24289,56.56,1,1,0.00,0.0,37717,131,-969,-56,980,1,43.6610657,-79.3950063,106.40,0.06,0.69,12,1,00:45:17,00
3020094,-9,24289,56.57,1,1,0.00,0.0,37717,131,-970,-55,980,1,43.6610662,-79.3950058,106.40,0.06,0.70,12,1,00:45:18,00
3020402,5,24289,56.50,1,1,0.00,0.0,37717,132,-970,-56,980,1,43.6610662,-79.3950058,106.40,0.06,0.70,12,1,00:45:18,00
3020715,-4,24289,56.48,1,1,0.00,0.0,37717,133,-970,-57,980,1,43.6610662,-79.3950058,106.40,0.06,0.70,12,1,00:45:18,00
3021087,4,24289,56.51,1,1,0.00,0.0,37717,133,-970,-57,980,1,43.6610658,-79.3950062,106.50,0.09,0.75,12,1,00:45:19,00
3021393,-1,24289,56.53,1,1,0.00,0.0,37717,132,-970,-55,981,1,43.6610658,-79.3950062,106.50,0.09,0.75,12,1,00:45:19,00
3021707,-9,24289,56.44,1,1,0.00,0.0,37717,133,-969,-55,980,1,43.6610658,-79.3950062,106.50,0.09,0.75,12,1,00:45:19,00
3022010,-13,24289,56.47,1,1,0.00,0.0,37717,132,-969,-58,980,1,43.6610655,-79.3950062,106.50,0.07,0.69,12,1,00:45:20,00
3022327,-7,24289,56.48,1,1,0.00,0.0,37717,132,-970,-55,981,1,43.6610655,-79.3950062,106.50,0.07,0.69,12,1,00:45:20,00
3022637,-12,24289,56.44,1,1,0.00,0.0,37717,132,-969,-57,979,1,43.6610655,-79.3950062,106.50,0.07,0.69,12,1,00:45:20,00
3022946,-11,24289,56.49,1,1,0.00,0.0,37717,131,-970,-56,980,1,43.6610653,-79.3950058,106.50,0.20,0.69,12,1,00:45:21,00
3023252,-21,24289,56.47,1,1,0.00,0.0,37717,132,-969,-57,979,1,43.6610653,-79.3950058,106.40,0.20,0.63,12,1,00:45:21,00
3023560,-3,24289,56.45,1,1,0.00,0.0,37717,132,-970,-57,980,1,43.6610653,-79.3950058,106.40,0.20,0.63,12,1,00:45:21,00
3023871,-5,24289,56.50,1,1,0.00,0.0,37717,132,-969,-56,980,1,43.6610650,-79.3950055,106.40,0.06,0.63,12,1,00:45:22,00
3024185,-15,24289,56.49,1,1,0.00,0.0,37717,133,-969,-58,980,1,43.6610650,-79.3950055,106.40,0.06,0.66,12,1,00:45:22,00
3024502,-17,24289,56.47,1,1,0.00,0.0,37717,132,-970,-57,981,1,43.6610650,-79.3950055,106.40,0.06,0.66,12,1,00:45:22,00
3024820,-21,24289,56.41,1,1,0.00,0.0,37717,133,-969,-57,980,1,43.6610650,-79.3950055,106.40,0.06,0.66,12,1,00:45:22,00
3025135,-11,24289,56.43,1,1,0.00,0.0,37717,132,-969,-56,980,1,43.6610647,-79.3950050,106.30,0.11,0.66,12,1,00:45:23,00
3025447,-13,24289,56.38,1,1,0.00,0.0,37717,132,-969,-55,980,1,43.6610647,-79.3950050,106.30,0.11,0.66,12,1,00:45:23,00
3025763,-9,24289,56.35,1,1,0.00,0.0,37717,133,-970,-56,980,1,43.6610647,-79.3950050,106.30,0.11,0.66,12,1,00:45:23,00
3026187,-22,24289,56.41,1,1,0.00,0.0,37717,135,-970,-57,981,1,43.6610643,-79.3950045,106.20,0.06,0.66,12,1,00:45:24,00
3026481,-5,24289,56.32,1,1,0.00,0.0,37717,132,-969,-55,980,1,43.6610643,-79.3950045,106.20,0.06,0.66,12,1,00:45:24,00
3026778,-8,24289,56.29,1,1,0.00,0.0,37717,133,-970,-56,980,1,43.6610643,-79.3950045,106.20,0.06,0.66,12,1,00:45:24,00
3027070,-19,24289,56.35,1,1,0.00,0.0,37717,131,-970,-54,981,1,43.6610650,-79.3950040,106.30,0.67,0.67,12,1,00:45:25,00
3027362,-18,24289,56.33,1,1,0.00,0.0,37717,132,-969,-53,980,1,43.6610650,-79.3950040,106.30,0.67,0.67,12,1,00:45:25,00
3027652,-19,24289,56.33,1,1,0.00,0.0,37717,134,-970,-58,981,1,43.6610650,-79.3950040,106.30,0.67,0.67,12,1,00:45:25,00
3027946,-12,24289,56.34,1,1,0.00,0.0,37717,132,-970,-55,980,1,43.6610652,-79.3950040,106.30,0.02,0.67,12,1,00:45:26,00
3028242,-11,24289,56.37,1,1,0.00,0.0,37717,133,-970,-57,981,1,43.6610652,-79.3950040,106.30,0.02,0.67,12,1,00:45:26,00
3028531,-13,24289,56.31,1,1,0.00,0.0,37717,132,-969,-54,979,1,43.6610652,-79.3950040,106.30,0.02,0.67,12,1,00:45:26,00
3028830,-17,24289,56.37,1,1,0.00,0.0,37717,134,-970,-57,981,1,43.6610648,-79.3950042,106.30,0.09,0.67,12,1,00:45:27,00
3029125,-17,24289,56.32,1,1,0.00,0.0,37717,133,-969,-56,980,1,43.6610648,-79.3950042,106.20,0.09,0.76,12,1,00:45:27,00
3029418,-10,24289,56.35,1,1,0.00,0.0,37717,132,-970,-54,980,1,43.6610648,-79.3950042,106.20,0.09,0.76,12,1,00:45:27,00
3029711,-8,24289,56.45,1,1,0.00,0.0,37717,133,-970,-56,981,1,43.6610648,-79.3950042,106.20,0.09,0.76,12,1,00:45:27,00
3030008,-14,24289,56.44,1,1,0.00,0.0,37717,133,-970,-55,980,1,43.6610647,-79.3950040,106.10,0.09,0.68,12,1,00:45:28,00
3030307,-13,24289,56.34,1,1,0.00,0.0,37717,132,-970,-55,981,1,43.6610647,-79.3950040,106.10,0.09,0.68,12,1,00:45:28,00
3030599,-2,24289,56.41,1,1,0.00,0.0,37717,132,-970,-56,980,1,43.6610647,-79.3950040,106.10,0.09,0.68,12,1,00:45:28,00
3030963,-7,24289,56.43,1,1,0.00,0.0,37717,133,-969,-56,980,1,43.6610648,-79.3950035,106.00,0.17,0.69,12,1,00:45:29,00
3031259,-12,24289,56.37,1,1,0.00,0.0,37717,133,-971,-54,981,1,43.6610648,-79.3950035,106.00,0.17,0.69,12,1,00:45:29,00
3031558,-1,24289,56.45,1,1,0.00,0.0,37717,133,-970,-58,981,1,43.6610648,-79.3950035,106.00,0.17,0.69,12,1,00:45:29,00
3031851,-10,24289,56.46,1,1,0.00,0.0,37717,133,-969,-55,980,1,43.6610647,-79.3950037,106.00,0.04,0.69,12,1,00:45:30,00
3032145,-19,24289,56.46,1,1,0.00,0.0,37717,133,-970,-55,981,1,43.6610647,-79.3950037,106.00,0.04,0.75,12,1,00:45:30,00
3032443,-3,24289,56.46,1,1,0.00,0.0,37717,133,-970,-55,980,1,43.6610647,-79.3950037,106.00,0.04,0.75,12,1,00:45:30,00
3032740,-8,24289,56.44,1,1,0.00,0.0,37717,133,-970,-55,980,1,43.6610647,-79.3950037,106.00,0.04,0.75,12,1,00:45:30,00
3033045,-5,24289,56.43,1,1,0.00,0.0,37717,132,-970,-55,980,1,43.6610647,-79.3950042,106.10,0.20,0.70,12,1,00:45:31,00
3033346,0,24289,56.37,1,1,0.00,0.0,37717,133,-971,-54,981,1,43.6610647,-79.3950042,106.10,0.20,0.70,12,1,00:45:31,00
3033648,-13,24289,56.44,1,1,0.00,0.0,37717,133,-971,-56,981,1,43.6610647,-79.3950042,106.10,0.20,0.70,12,1,00:45:31,00
3033943,1,24289,56.43,1,1,0.00,0.0,37717,132,-970,-55,980,1,43.6610647,-79.3950038,106.10,0.07,0.70,12,1,00:45:32,00
3034248,5,24289,56.38,1,1,0.00,0.0,37717,133,-968,-57,979,1,43.6610647,-79.3950038,106.10,0.07,0.70,12,1,00:45:32,00
3034551,-1,24289,56.38,1,1,0.00,0.0,37717,132,-969,-58,979,1,43.6610647,-79.3950038,106.10,0.07,0.70,12,1,00:45:32,00
3034852,-19,24289,56.37,1,1,0.00,0.0,37717,134,-970,-57,981,1,43.6610647,-79.3950033,106.10,0.06,0.70,12,1,00:45:33,00
3035160,1,24289,56.35,1,1,0.00,0.0,37717,132,-970,-56,981,1,43.6610647,-79.3950033,105.90,0.06,0.71,12,1,00:45:33,00
3035470,-3,24289,56.32,1,1,0.00,0.0,37717,133,-969,-57,979,1,43.6610647,-79.3950033,105.90,0.06,0.71,12,1,00:45:33,00
3035841,-3,24289,56.32,1,1,0.00,0.0,37717,133,-970,-57,980,1,43.6610647,-79.3950028,105.90,0.13,0.71,12,1,00:45:34,00
3036135,-3,24289,56.24,1,1,0.00,0.0,37717,131,-970,-54,981,1,43.6610647,-79.3950028,105.80,0.13,0.67,12,1,00:45:34,00
3036433,-2,24289,56.28,1,1,0.00,0.0,37717,133,-969,-56,980,1,43.6610647,-79.3950028,105.80,0.13,0.67,12,1,00:45:34,00
3036733,-20,24289,56.20,1,1,0.00,0.0,37717,132,-969,-58,980,1,43.6610643,-79.3950023,105.80,0.07,0.67,12,1,00:45:35,00
3037030,-21,24289,56.07,1,1,0.00,0.0,37717,132,-969,-57,980,1,43.6610643,-79.3950023,105.70,0.07,0.69,12,1,00:45:35,00
3037337,-17,24289,56.05,1,1,0.00,0.0,37717,133,-969,-55,980,1,43.6610643,-79.3950023,105.70,0.07,0.69,12,1,00:45:35,00
3037639,-16,24289,56.06,1,1,0.00,0.0,37717,132,-970,-53,980,1,43.6610643,-79.3950023,105.70,0.07,0.69,12,1,00:45:35,00
3037948,-9,24289,56.02,1,1,0.00,0.0,37717,133,-970,-54,980,1,43.6610642,-79.3950025,105.60,0.13,0.70,12,1,00:45:36,00
3038254,-13,24289,55.97,1,1,0.00,0.0,37717,131,-971,-54,981,1,43.6610642,-79.3950025,105.60,0.13,0.70,12,1,00:45:36,00
3038558,2,24289,55.93,1,1,0.00,0.0,37717,134,-970,-56,980,1,43.6610642,-79.3950025,105.60,0.13,0.70,12,1,00:45:36,00
3038858,-4,24289,55.95,1,1,0.00,0.0,37717,131,-971,-53,981,1,43.6610640,-79.3950020,105.50,0.22,0.69,12,1,00:45:37,00
3039164,1,24289,55.89,1,1,0.00,0.0,37717,133,-969,-58,980,1,43.6610640,-79.3950020,105.50,0.22,0.69,12,1,00:45:37,00
3039489,-3,24289,55.85,1,1,0.00,0.0,37717,133,-970,-56,980,1,43.6610640,-79.3950020,105.50,0.22,0.69,12,1,00:45:37,00
3039803,-1,24289,55.82,1,1,0.00,0.0,37717,133,-970,-54,981,1,43.6610637,-79.3950018,105.50,0.07,0.69,12,1,00:45:38,00
3040117,-12,24289,55.78,1,1,0.00,0.0,37717,132,-968,-57,979,1,43.6610637,-79.3950018,105.50,0.07,0.83,12,1,00:45:38,00
3040423,-12,24289,55.80,1,1,0.00,0.0,37717,134,-970,-54,981,1,43.6610637,-79.3950018,105.50,0.07,0.83,12,1,00:45:38,00
3040794,-18,24289,55.77,1,1,0.00,0.0,37717,133,-970,-54,980,1,43.6610633,-79.3950025,105.50,0.09,0.72,12,1,00:45:39,00
3041096,-16,24289,55.79,1,1,0.00,0.0,37717,132,-970,-55,981,1,43.6610633,-79.3950025,105.50,0.09,0.72,12,1,00:45:39,00
3041404,-13,24289,55.81,1,1,0.00,0.0,37717,133,-970,-55,980,1,43.6610633,-79.3950025,105.50,0.09,0.72,12,1,00:45:39,00
3041709,-12,24289,55.83,1,1,0.00,0.0,37717,134,-970,-55,981,1,43.6610627,-79.3950038,105.50,0.48,0.72,12,1,00:45:40,00
3042023,0,24289,55.77,1,1,0.00,0.0,37717,133,-970,-56,981,1,43.6610627,-79.3950038,105.50,0.48,0.70,12,1,00:45:40,00
3042331,-7,24289,55.80,1,1,0.00,0.0,37717,133,-970,-55,981,1,43.6610627,-79.3950038,105.50,0.48,0.70,12,1,00:45:40,00
3042635,-6,24289,55.80,1,1,0.00,0.0,37717,133,-970,-55,980,1,43.6610627,-79.3950038,105.50,0.48,0.70,12,1,00:45:40,00
3042942,-14,24289,55.77,1,1,0.00,0.0,37717,133,-970,-54,981,1,43.6610622,-79.3950043,105.40,0.06,0.70,12,1,00:45:41,00
3043250,0,24289,55.77,1,1,0.00,0.0,37717,133,-970,-55,980,1,43.6610622,-79.3950043,105.40,0.06,0.70,12,1,00:45:41,00
3043558,-3,24289,55.84,1,1,0.00,0.0,37717,133,-969,-55,980,1,43.6610622,-79.3950043,105.40,0.06,0.70,12,1,00:45:41,00
3043869,-9,24289,55.69,1,1,0.00,0.0,37717,133,-969,-55,980,1,43.6610613,-79.3950053,105.50,0.09,0.66,12,1,00:45:42,00
3044179,-8,24289,55.66,1,1,0.00,0.0,37717,133,-970,-54,980,1,43.6610613,-79.3950053,105.50,0.09,0.66,12,1,00:45:42,00
3044487,-6,24289,55.60,1,1,0.00,0.0,37717,133,-970,-54,980,1,43.6610613,-79.3950053,105.50,0.09,0.66,12,1,00:45:42,00
3044801,-14,24289,55.53,1,1,0.00,0.0,37717,133,-971,-56,981,1,43.6610608,-79.3950062,105.60,0.09,0.66,12,1,00:45:43,00
3045112,-18,24289,55.48,1,1,0.00,0.0,37717,132,-969,-55,980,1,43.6610608,-79.3950062,105.60,0.09,0.66,12,1,00:45:43,00
3045428,-19,24289,55.44,1,1,0.00,0.0,37717,133,-971,-57,981,1,43.6610608,-79.3950062,105.60,0.09,0.66,12,1,00:45:43,00
3045805,-19,24289,55.35,1,1,0.00,0.0,37717,132,-970,-55,981,1,43.6610608,-79.3950067,105.60,0.07,0.72,12,1,00:45:44,00
3046121,-18,24289,55.30,1,1,0.00,0.0,37717,132,-971,-55,981,1,43.6610608,-79.3950067,105.60,0.07,0.72,12,1,00:45:44,00
3046432,-17,24289,54.63,1,1,0.00,0.0,37717,133,-969,-55,980,1,43.6610608,-79.3950067,105.60,0.07,0.72,12,1,00:45:44,00
3046741,-20,24289,53.68,1,1,0.00,0.0,37717,133,-970,-52,981,1,43.6610608,-79.3950070,105.60,0.11,0.71,12,1,00:45:45,00
3047054,-25,24289,50.39,1,1,0.00,0.0,37717,132,-970,-53,980,1,43.6610608,-79.3950070,105.60,0.11,0.71,12,1,00:45:45,00
3047370,-24,24289,45.08,1,1,0.00,0.0,37717,136,-971,-60,982,1,43.6610608,-79.3950070,105.60,0.11,0.71,12,1,00:45:45,00
3047685,-19,24289,36.92,1,1,0.00,0.0,37717,131,-969,-52,979,1,43.6610598,-79.3950083,105.60,0.54,0.71,12,1,00:45:46,00
3047995,-28,24289,26.19,1,1,0.00,0.0,37717,133,-971,-55,982,1,43.6610598,-79.3950083,105.80,0.54,0.68,12,1,00:45:46,00
3048362,-32,24289,18.79,1,1,0.00,0.0,37717,133,-971,-57,981,1,43.6610598,-79.3950083,105.80,0.54,0.68,12,1,00:45:46,00
3048652,-29,24289,14.68,1,1,0.00,0.0,37717,136,-969,-50,980,1,43.6610595,-79.3950088,105.80,0.13,0.68,12,1,00:45:47,00
3048946,-23,24289,11.27,1,1,0.00,0.0,37717,135,-970,-60,981,1,43.6610595,-79.3950088,106.00,0.13,0.66,12,1,00:45:47,00
3049240,-12,24289,8.31,1,1,0.00,0.0,37717,132,-969,-53,979,1,43.6610595,-79.3950088,106.00,0.13,0.66,12,1,00:45:47,00
3049533,1,24289,5.85,1,1,0.00,0.0,37717,134,-970,-52,981,1,43.6610595,-79.3950088,106.00,0.13,0.66,12,1,00:45:47,00
3049834,-14,24289,3.73,1,1,0.00,0.0,37717,136,-969,-65,981,1,43.6610597,-79.3950092,106.00,0.07,0.68,12,1,00:45:48,00
3050145,-20,24289,1.41,1,1,0.00,0.0,37717,130,-972,-48,982,1,43.6610597,-79.3950092,106.00,0.07,0.68,12,1,00:45:48,00
3050446,-11,24289,-8.51,1,1,0.00,0.0,37717,136,-969,-63,980,1,43.6610597,-79.3950092,106.00,0.07,0.68,12,1,00:45:48,00
3050803,-7,24289,-17.95,1,1,0.00,0.0,37717,137,-967,-63,979,1,43.6610597,-79.3950095,106.00,0.07,0.68,12,1,00:45:49,00
3051093,-17,24289,-21.23,1,1,0.00,0.0,37717,131,-971,-49,981,1,43.6610597,-79.3950095,106.00,0.07,0.68,12,1,00:45:49,00
3051393,-24,24289,-22.92,1,1,0.00,0.0,37717,136,-968,-62,980,1,43.6610597,-79.3950095,106.00,0.07,0.68,12,1,00:45:49,00
3051685,-18,24289,-24.14,1,1,0.00,0.0,37717,131,-971,-50,981,1,43.6610597,-79.3950098,106.00,0.11,0.68,12,1,00:45:50,00
3051978,-21,24289,-25.15,1,1,0.00,0.0,37717,135,-969,-60,980,1,43.6610597,-79.3950098,106.00,0.11,0.70,12,1,00:45:50,00
3052272,-23,24289,-26.34,1,1,0.00,0.0,37717,132,-970,-53,980,1,43.6610597,-79.3950098,106.00,0.11,0.70,12,1,00:45:50,00
3052569,-27,24289,-27.27,1,1,0.00,0.0,37717,135,-969,-57,980,1,43.6610595,-79.3950100,106.00,0.15,0.70,12,1,00:45:51,00
3052866,-26,24289,-27.27,1,1,0.00,0.0,37717,134,-970,-56,980,1,43.6610595,-79.3950100,106.00,0.15,0.71,12,1,00:45:51,00
3053159,-28,24289,-26.14,1,1,0.00,0.0,37717,133,-971,-56,981,1,43.6610595,-79.3950100,106.00,0.15,0.71,12,1,00:45:51,00
3053462,-20,24289,-26.16,1,1,0.00,0.0,37717,135,-969,-59,980,1,43.6610595,-79.3950100,106.00,0.15,0.71,12,1,00:45:51,00
3053760,-24,24289,-26.86,1,1,0.00,0.0,37717,133,-970,-54,981,1,43.6610595,-79.3950097,105.90,0.11,0.75,12,1,00:45:52,00
3054057,-20,24289,-27.51,1,1,0.00,0.0,37717,135,-969,-59,980,1,43.6610595,-79.3950097,105.90,0.11,0.75,12,1,00:45:52,00
3054357,-23,24289,-27.73,1,1,0.00,0.0,37717,134,-971,-54,982,1,43.6610595,-79.3950097,105.90,0.11,0.75,12,1,00:45:52,00
3054660,-32,24289,-27.00,1,1,0.00,0.0,37717,136,-969,-57,980,1,43.6610595,-79.3950088,105.70,0.11,0.70,12,1,00:45:53,00
3054958,-44,24289,-25.79,1,1,0.00,0.0,37717,133,-969,-55,980,1,43.6610595,-79.3950088,105.70,0.11,0.70,12,1,00:45:53,00
3055255,-41,24289,-24.27,1,1,0.00,0.0,37717,135,-970,-60,981,1,43.6610595,-79.3950088,105.70,0.11,0.70,12,1,00:45:53,00
3055623,-37,24289,-22.51,1,1,0.00,0.0,37717,138,-971,-61,983,1,43.6610592,-79.3950087,105.70,0.09,0.70,12,1,00:45:54,00
3055919,-32,24289,-21.43,1,1,0.00,0.0,37717,133,-969,-50,980,1,43.6610592,-79.3950087,105.70,0.09,0.68,12,1,00:45:54,00
3056212,-47,24289,-20.01,1,1,0.00,0.0,37717,136,-967,-61,978,1,43.6610592,-79.3950087,105.70,0.09,0.68,12,1,00:45:54,00
3056510,-33,24289,-18.96,1,1,0.00,0.0,37717,134,-971,-51,981,1,43.6610592,-79.3950087,105.70,0.09,0.68,12,1,00:45:54,00
3056820,-19,24289,-18.17,1,1,0.00,0.0,37717,135,-968,-56,979,1,43.6610590,-79.3950088,105.90,0.17,0.68,12,1,00:45:55,00
3057121,-21,24289,-17.76,1,1,0.00,0.0,37717,138,-971,-64,983,1,43.6610590,-79.3950088,105.90,0.17,0.68,12,1,00:45:55,00
3057423,-19,24289,-17.08,1,1,0.00,0.0,37717,128,-973,-42,982,1,43.6610590,-79.3950088,105.90,0.17,0.68,12,1,00:45:55,00
3057723,-28,24289,-16.68,1,1,0.00,0.0,37717,138,-970,-68,982,1,43.6610588,-79.3950090,106.10,0.06,0.69,12,1,00:45:56,00
3058023,-28,24289,-16.12,1,1,0.00,0.0,37717,131,-970,-50,980,1,43.6610588,-79.3950090,106.10,0.06,0.69,12,1,00:45:56,00
3058330,-24,24289,-15.46,1,1,0.00,0.0,37717,133,-971,-53,982,1,43.6610588,-79.3950090,106.10,0.06,0.69,12,1,00:45:56,00
3058625,-11,24289,-15.20,1,1,0.00,0.0,37717,136,-971,-62,982,1,43.6610585,-79.3950092,106.10,0.06,0.68,12,1,00:45:57,00
3058929,-25,24289,-14.45,1,1,0.00,0.0,37717,134,-969,-51,980,1,43.6610585,-79.3950092,106.10,0.06,0.68,12,1,00:45:57,00
3059234,-20,24289,-13.84,1,1,0.00,0.0,37717,136,-970,-57,981,1,43.6610585,-79.3950092,106.10,0.06,0.68,12,1,00:45:57,00
3059537,-11,24289,-13.19,1,1,0.00,0.0,37717,136,-969,-55,980,1,43.6610580,-79.3950092,106.10,0.07,0.68,12,1,00:45:58,00
3059842,-16,24289,-12.64,1,1,0.00,0.0,37717,134,-970,-52,981,1,43.6610580,-79.3950092,106.00,0.07,0.74,12,1,00:45:58,00
3060149,-19,24289,-11.93,1,1,0.00,0.0,37717,135,-969,-55,980,1,43.6610580,-79.3950092,106.00,0.07,0.74,12,1,00:45:58,00
3060513,-5,24289,-11.43,1,1,0.00,0.0,37717,134,-969,-55,980,1,43.6610575,-79.3950090,106.00,0.07,0.74,12,1,00:45:59,00
3060818,-22,24289,-11.05,1,1,0.00,0.0,37717,134,-970,-59,981,1,43.6610575,-79.3950090,106.10,0.07,0.68,12,1,00:45:59,00
3061128,-21,24289,-10.61,1,1,0.00,0.0,37717,134,-970,-55,981,1,43.6610575,-79.3950090,106.10,0.07,0.68,12,1,00:45:59,00
3061430,-23,24289,-10.13,1,1,0.00,0.0,37717,135,-969,-56,980,1,43.6610575,-79.3950090,106.10,0.07,0.68,12,1,00:45:59,00
3061734,0,24289,-9.74,1,1,0.00,0.0,37717,134,-969,-57,980,1,43.6610572,-79.3950083,106.10,0.04,0.73,12,1,00:46:00,00
3062049,-15,24289,-9.54,1,1,0.00,0.0,37717,135,-969,-55,980,1,43.6610572,-79.3950083,106.10,0.04,0.73,12,1,00:46:00,00
3062354,-10,24289,-9.14,1,1,0.00,0.0,37717,134,-968,-56,979,1,43.6610572,-79.3950083,106.10,0.04,0.73,12,1,00:46:00,00
3062656,-9,24289,-9.00,1,1,0.00,0.0,37717,136,-969,-58,980,1,43.6610573,-79.3950078,106.00,0.02,0.71,12,1,00:46:01,00
3062962,-1,24289,-8.75,1,1,0.00,0.0,37717,135,-970,-55,981,1,43.6610573,-79.3950078,106.00,0.02,0.71,12,1,00:46:01,00
3063285,-11,24289,-8.63,1,1,0.00,0.0,37717,130,-972,-46,982,1,43.6610573,-79.3950078,106.00,0.02,0.71,12,1,00:46:01,00
3063592,7,24289,-8.52,1,1,0.00,0.0,37717,136,-969,-58,980,1,43.6610573,-79.3950077,106.00,0.09,0.68,12,1,00:46:02,00
3063899,-3,24289,-8.39,1,1,0.00,0.0,37717,135,-969,-59,980,1,43.6610573,-79.3950077,106.00,0.09,0.68,12,1,00:46:02,00
3064209,-5,24289,-8.06,1,1,0.00,0.0,37717,131,-971,-48,981,1,43.6610573,-79.3950077,106.00,0.09,0.68,12,1,00:46:02,00
3064515,8,24289,-8.00,1,1,0.00,0.0,37717,138,-968,-62,980,1,43.6610572,-79.3950077,106.00,0.17,0.68,12,1,00:46:03,00
3064821,-1,24289,-7.53,1,1,0.00,0.0,37717,132,-971,-50,982,1,43.6610572,-79.3950077,106.10,0.17,0.68,12,1,00:46:03,00
3065131,-5,24289,-7.19,1,1,0.00,0.0,37717,133,-970,-55,981,1,43.6610572,-79.3950077,106.10,0.17,0.68,12,1,00:46:03,00
3065510,9,24289,-6.40,1,1,0.00,0.0,37717,134,-969,-57,980,1,43.6610570,-79.3950073,106.10,0.07,0.68,12,1,00:46:04,00
3065819,-5,24289,-5.87,1,1,0.00,0.0,37717,135,-969,-58,980,1,43.6610570,-79.3950073,106.10,0.07,0.75,12,1,00:46:04,00
3066138,-14,24289,-5.12,1,1,0.00,0.0,37717,132,-970,-50,980,1,43.6610570,-79.3950073,106.10,0.07,0.75,12,1,00:46:04,00
3066444,-1,24289,-4.43,1,1,0.00,0.0,37717,135,-969,-58,980,1,43.6610572,-79.3950070,106.10,0.06,0.75,12,1,00:46:05,00
3066757,-1,24289,-3.82,1,1,0.00,0.0,37717,134,-970,-55,980,1,43.6610572,-79.3950070,106.10,0.06,0.68,12,1,00:46:05,00
3067066,11,24289,-2.97,1,1,0.00,0.0,37717,133,-971,-52,981,1,43.6610572,-79.3950070,106.10,0.06,0.68,12,1,00:46:05,00
3067379,5,24289,-2.19,1,1,0.00,0.0,37717,135,-969,-59,980,1,43.6610572,-79.3950070,106.10,0.06,0.68,12,1,00:46:05,00
3067699,12,24289,-1.35,1,1,0.00,0.0,37717,133,-970,-55,980,1,43.6610572,-79.3950068,106.20,0.04,0.75,12,1,00:46:06,00
3068011,11,24289,-0.64,1,1,0.00,0.0,37717,133,-970,-54,981,1,43.6610572,-79.3950068,106.20,0.04,0.75,12,1,00:46:06,00
3068321,3,24289,0.17,1,1,0.00,0.0,37717,134,-969,-57,980,1,43.6610572,-79.3950068,106.20,0.04,0.75,12,1,00:46:06,00
3068636,-3,24289,1.01,1,1,0.00,0.0,37717,133,-970,-54,980,1,43.6610573,-79.3950065,106.30,0.07,0.73,12,1,00:46:07,00
3068960,-7,24289,1.81,1,1,0.00,0.0,37717,134,-971,-55,981,1,43.6610573,-79.3950065,106.30,0.07,0.73,12,1,00:46:07,00
3069273,-9,24289,2.57,1,1,0.00,0.0,37717,134,-969,-54,979,1,43.6610573,-79.3950065,106.30,0.07,0.73,12,1,00:46:07,00
3069587,3,24289,3.31,1,1,0.00,0.0,37717,133,-969,-53,980,1,43.6610575,-79.3950065,106.50,0.15,0.73,12,1,00:46:08,00
3069913,-7,24289,4.17,1,1,0.00,0.0,37717,133,-970,-56,981,1,43.6610575,-79.3950065,106.50,0.15,0.73,12,1,00:46:08,00
3070226,-10,24289,4.98,1,1,0.00,0.0,37717,134,-970,-57,981,1,43.6610575,-79.3950065,106.50,0.15,0.73,12,1,00:46:08,00
3070638,5,24289,6.09,1,1,0.00,0.0,37717,133,-970,-56,981,1,43.6610575,-79.3950068,106.60,0.07,0.71,12,1,00:46:09,00
3070924,2,24289,6.80,1,1,0.00,0.0,37717,134,-971,-56,982,1,43.6610575,-79.3950068,106.60,0.07,0.71,12,1,00:46:09,00
3071214,-7,24289,7.50,1,1,0.00,0.0,37717,134,-970,-56,981,1,43.6610575,-79.3950068,106.60,0.07,0.71,12,1,00:46:09,00
3071506,-16,24289,8.14,1,1,0.00,0.0,37717,133,-970,-55,981,1,43.6610577,-79.3950073,106.70,0.06,0.72,12,1,00:46:10,00
3071796,-11,24289,8.85,1,1,0.00,0.0,37717,134,-970,-55,981,1,43.6610577,-79.3950073,106.70,0.06,0.72,12,1,00:46:10,00
3072090,-15,24289,9.57,1,1,0.00,0.0,37717,135,-971,-55,982,1,43.6610577,-79.3950073,106.70,0.06,0.72,12,1,00:46:10,00
3072388,-7,24289,10.27,1,1,0.00,0.0,37717,134,-970,-55,981,1,43.6610578,-79.3950077,106.70,0.17,0.72,12,1,00:46:11,00
3072687,-1,24289,10.98,1,1,0.00,0.0,37717,134,-970,-55,981,1,43.6610578,-79.3950077,106.70,0.17,0.76,12,1,00:46:11,00
3072984,-13,24289,11.60,1,1,0.00,0.0,37717,134,-970,-55,981,1,43.6610578,-79.3950077,106.70,0.17,0.76,12,1,00:46:11,00
3073280,-7,24289,12.42,1,1,0.00,0.0,37717,134,-970,-56,981,1,43.6610578,-79.3950077,106.70,0.17,0.76,12,1,00:46:11,00
3073575,15,24289,13.02,1,1,0.00,0.0,37717,134,-970,-54,981,1,43.6610580,-79.3950082,106.90,0.02,0.72,12,1,00:46:12,00
3073875,-8,24289,13.74,1,1,0.00,0.0,37717,134,-970,-55,981,1,43.6610580,-79.3950082,106.90,0.02,0.72,12,1,00:46:12,00
3074179,9,24289,14.43,1,1,0.00,0.0,37717,134,-970,-55,980,1,43.6610580,-79.3950082,106.90,0.02,0.72,12,1,00:46:12,00
3074474,7,24289,15.05,1,1,0.00,0.0,37717,133,-970,-56,981,1,43.6610580,-79.3950082,106.90,0.09,0.76,12,1,00:46:13,00
3074770,5,24289,15.59,1,1,0.00,0.0,37717,134,-970,-55,981,1,43.6610580,-79.3950082,106.90,0.09,0.76,12,1,00:46:13,00
3075068,-1,24289,16.25,1,1,0.00,0.0,37717,134,-969,-53,980,1,43.6610580,-79.3950082,106.90,0.09,0.76,12,1,00:46:13,00
3075433,14,24289,16.96,1,1,0.00,0.0,37717,134,-970,-55,980,1,43.6610583,-79.3950085,106.90,0.13,0.79,12,1,00:46:14,00
3075729,-7,24289,17.47,1,1,0.00,0.0,37717,135,-971,-55,981,1,43.6610583,-79.3950085,106.90,0.13,0.79,12,1,00:46:14,00
3076023,4,24289,18.13,1,1,0.00,0.0,37717,134,-970,-55,981,1,43.6610583,-79.3950085,106.90,0.13,0.79,12,1,00:46:14,00
3076326,1,24289,18.64,1,1,0.00,0.0,37717,134,-970,-56,980,1,43.6610587,-79.3950087,106.90,0.06,0.79,12,1,00:46:15,00
3076621,3,24289,19.15,1,1,0.00,0.0,37717,134,-970,-54,980,1,43.6610587,-79.3950087,106.90,0.06,0.74,12,1,00:46:15,00
3076918,-6,24289,19.71,1,1,0.00,0.0,37717,134,-969,-54,980,1,43.6610587,-79.3950087,106.90,0.06,0.74,12,1,00:46:15,00
3077213,0,24289,20.25,1,1,0.00,0.0,37717,134,-969,-54,980,1,43.6610587,-79.3950087,106.90,0.06,0.74,12,1,00:46:15,00
3077512,26,24289,20.85,1,1,0.00,0.0,37717,134,-970,-55,981,1,43.6610587,-79.3950088,106.90,0.15,0.68,12,1,00:46:16,00
3077805,-6,24289,21.28,1,1,0.00,0.0,37717,134,-970,-54,981,1,43.6610587,-79.3950088,106.90,0.15,0.68,12,1,00:46:16,00
3078109,13,24289,21.95,1,1,0.00,0.0,37717,134,-970,-54,981,1,43.6610587,-79.3950088,106.90,0.15,0.68,12,1,00:46:16,00
3078411,-6,24289,22.30,1,1,0.00,0.0,37717,134,-970,-55,981,1,43.6610592,-79.3950092,106.90,0.22,0.66,12,1,00:46:17,00
3078708,-1,24289,22.77,1,1,0.00,0.0,37717,133,-971,-54,981,1,43.6610592,-79.3950092,106.90,0.22,0.66,12,1,00:46:17,00
3079005,-2,24289,23.27,1,1,0.00,0.0,37717,134,-970,-56,981,1,43.6610592,-79.3950092,106.90,0.22,0.66,12,1,00:46:17,00
3079310,8,24289,23.80,1,1,0.00,0.0,37717,134,-969,-55,980,1,43.6610593,-79.3950095,106.90,0.17,0.66,12,1,00:46:18,00
3079612,0,24289,24.25,1,1,0.00,0.0,37717,134,-970,-54,980,1,43.6610593,-79.3950095,107.00,0.17,0.68,12,1,00:46:18,00
3079914,-15,24289,24.73,1,1,0.00,0.0,37717,134,-970,-55,981,1,43.6610593,-79.3950095,107.00,0.17,0.68,12,1,00:46:18,00
3080276,-8,24289,25.26,1,1,0.00,0.0,37717,136,-968,-54,979,1,43.6610597,-79.3950100,107.00,0.13,0.68,12,1,00:46:19,00
3080578,-1,24289,25.74,1,1,0.00,0.0,37717,133,-969,-56,980,1,43.6610597,-79.3950100,107.00,0.13,0.66,12,1,00:46:19,00
3080873,-16,24289,26.18,1,1,0.00,0.0,37717,133,-970,-54,981,1,43.6610597,-79.3950100,107.00,0.13,0.66,12,1,00:46:19,00
3081177,-2,24289,26.63,1,1,0.00,0.0,37717,135,-969,-57,980,1,43.6610597,-79.3950100,107.00,0.13,0.66,12,1,00:46:19,00
3081480,-1,24289,27.13,1,1,0.00,0.0,37717,134,-970,-53,980,1,43.6610598,-79.3950097,107.00,0.17,0.66,12,1,00:46:20,00
3081779,-15,24289,27.56,1,1,0.00,0.0,37717,132,-969,-57,980,1,43.6610598,-79.3950097,107.00,0.17,0.66,12,1,00:46:20,00
3082089,-12,24289,28.05,1,1,0.00,0.0,37717,134,-972,-55,983,1,43.6610598,-79.3950097,107.00,0.17,0.66,12,1,00:46:20,00
3082392,-10,24289,28.51,1,1,0.00,0.0,37717,133,-969,-52,980,1,43.6610600,-79.3950095,106.90,0.09,0.69,12,1,00:46:21,00
3082702,-9,24289,28.97,1,1,0.00,0.0,37717,137,-968,-64,980,1,43.6610600,-79.3950095,106.90,0.09,0.69,12,1,00:46:21,00
3083009,-5,24289,29.38,1,1,0.00,0.0,37717,131,-970,-53,981,1,43.6610600,-79.3950095,106.90,0.09,0.69,12,1,00:46:21,00
3083315,-12,24289,29.84,1,1,0.00,0.0,37717,132,-967,-52,978,1,43.6610592,-79.3950088,106.90,0.35,0.69,12,1,00:46:22,00
3083621,-2,24289,30.28,1,1,0.00,0.0,37717,135,-972,-62,983,1,43.6610592,-79.3950088,107.30,0.35,0.70,12,1,00:46:22,00
3083928,-6,24289,30.72,1,1,0.00,0.0,37717,129,-969,-43,979,1,43.6610592,-79.3950088,107.30,0.35,0.70,12,1,00:46:22,00
3084236,0,24289,31.08,1,1,0.00,0.0,37717,137,-966,-62,978,1,43.6610583,-79.3950083,107.30,0.19,0.70,12,1,00:46:23,00
3084542,3,24289,31.55,1,1,0.00,0.0,37717,130,-971,-51,981,1,43.6610583,-79.3950083,107.40,0.19,0.72,12,1,00:46:23,00
3084854,-7,24289,31.94,1,1,0.00,0.0,37717,126,-971,-37,980,1,43.6610583,-79.3950083,107.40,0.19,0.72,12,1,00:46:23,00
3085229,3,24289,32.43,1,1,0.00,0.0,37717,126,-974,-46,983,1,43.6610582,-79.3950082,107.40,0.09,0.72,12,1,00:46:24,00
3085536,7,24289,32.79,1,1,0.00,0.0,37717,138,-968,-69,981,1,43.6610582,-79.3950082,107.50,0.09,0.72,12,1,00:46:24,00
3085840,5,24289,33.14,1,1,0.00,0.0,37717,128,-969,-39,978,1,43.6610582,-79.3950082,107.50,0.09,0.72,12,1,00:46:24,00
3086146,-4,24289,33.51,1,1,0.00,0.0,37717,136,-971,-65,983,1,43.6610582,-79.3950082,107.50,0.09,0.72,12,1,00:46:24,00
3086448,0,24289,33.70,1,1,0.00,0.0,37717,131,-969,-51,979,1,43.6610580,-79.3950080,107.40,0.09,0.77,12,1,00:46:25,00
3086758,-5,24289,34.18,1,1,0.00,0.0,37717,132,-974,-51,984,1,43.6610580,-79.3950080,107.40,0.09,0.77,12,1,00:46:25,00
3087073,8,24289,34.49,1,1,0.00,0.0,37717,137,-968,-63,979,1,43.6610580,-79.3950080,107.40,0.09,0.77,12,1,00:46:25,00
3087382,2,24289,34.83,1,1,0.00,0.0,37717,130,-972,-48,982,1,43.6610580,-79.3950082,107.40,0.20,0.72,12,1,00:46:26,00
3087691,2,24289,35.13,1,1,0.00,0.0,37717,134,-969,-57,980,1,43.6610580,-79.3950082,107.40,0.20,0.72,12,1,00:46:26,00
3088004,0,24289,35.43,1,1,0.00,0.0,37717,135,-971,-58,982,1,43.6610580,-79.3950082,107.40,0.20,0.72,12,1,00:46:26,00
3088314,-4,24289,35.74,1,1,0.00,0.0,37717,130,-970,-48,980,1,43.6610580,-79.3950088,107.50,0.19,0.72,12,1,00:46:27,00
3088627,-2,24289,36.03,1,1,0.00,0.0,37717,135,-969,-59,980,1,43.6610580,-79.3950088,107.50,0.19,0.72,12,1,00:46:27,00
3088942,-1,24289,36.28,1,1,0.00,0.0,37717,134,-969,-55,980,1,43.6610580,-79.3950088,107.50,0.19,0.72,12,1,00:46:27,00
3089259,-4,24289,36.56,1,1,0.00,0.0,37717,131,-971,-50,981,1,43.6610575,-79.3950090,107.50,0.11,0.72,12,1,00:46:28,00
3089576,1,24289,36.81,1,1,0.00,0.0,37717,134,-969,-59,980,1,43.6610575,-79.3950090,107.60,0.11,0.73,12,1,00:46:28,00
3089886,-4,24289,37.03,1,1,0.00,0.0,37717,134,-970,-53,981,1,43.6610575,-79.3950090,107.60,0.11,0.73,12,1,00:46:28,00
3090267,2,24289,37.29,1,1,0.00,0.0,37717,132,-971,-54,981,1,43.6610572,-79.3950095,107.70,0.22,0.68,12,1,00:46:29,00
3090575,16,24289,37.54,1,1,0.00,0.0,37717,134,-971,-54,982,1,43.6610572,-79.3950095,107.70,0.22,0.68,12,1,00:46:29,00
3090886,1,24289,37.71,1,1,0.00,0.0,37717,135,-970,-56,981,1,43.6610572,-79.3950095,107.70,0.22,0.68,12,1,00:46:29,00
3091205,-1,24289,37.93,1,1,0.00,0.0,37717,132,-970,-53,980,1,43.6610572,-79.3950097,107.70,0.13,0.68,12,1,00:46:30,00
3091518,17,24289,38.16,1,1,0.00,0.0,37717,133,-970,-54,981,1,43.6610572,-79.3950097,107.70,0.13,0.69,12,1,00:46:30,00
3091832,-1,24289,38.33,1,1,0.00,0.0,37717,134,-970,-55,981,1,43.6610572,-79.3950097,107.70,0.13,0.69,12,1,00:46:30,00
3092145,4,24289,38.47,1,1,0.00,0.0,37717,133,-970,-53,980,1,43.6610572,-79.3950098,107.70,0.06,0.69,12,1,00:46:31,00
3092495,6,24289,38.59,1,1,0.00,0.0,37717,133,-970,-53,981,1,43.6610572,-79.3950098,107.70,0.06,0.80,12,1,00:46:31,00
3092783,-1,24289,38.81,1,1,0.00,0.0,37717,133,-970,-57,980,1,43.6610572,-79.3950098,107.70,0.06,0.80,12,1,00:46:31,00
3093076,-1,24289,39.01,1,1,0.00,0.0,37717,132,-970,-53,981,1,43.6610572,-79.3950098,107.70,0.06,0.80,12,1,00:46:31,00
3093368,4,24289,39.08,1,1,0.00,0.0,37717,134,-969,-55,980,1,43.6610572,-79.3950100,107.70,0.02,0.73,12,1,00:46:32,00
3093667,10,24289,39.29,1,1,0.00,0.0,37717,133,-971,-53,981,1,43.6610572,-79.3950100,107.70,0.02,0.73,12,1,00:46:32,00
3093964,7,24289,39.47,1,1,0.00,0.0,37717,133,-969,-58,980,1,43.6610572,-79.3950100,107.70,0.02,0.73,12,1,00:46:32,00
3094264,5,24289,39.61,1,1,0.00,0.0,37717,133,-970,-54,980,1,43.6610573,-79.3950098,107.70,0.35,0.71,12,1,00:46:33,00
3094555,3,24289,39.77,1,1,0.00,0.0,37717,134,-970,-55,981,1,43.6610573,-79.3950098,107.70,0.35,0.71,12,1,00:46:33,00
3094854,2,24289,39.86,1,1,0.00,0.0,37717,134,-970,-55,980,1,43.6610573,-79.3950098,107.70,0.35,0.71,12,1,00:46:33,00
3095213,1,24289,39.96,1,1,0.00,0.0,37717,133,-970,-54,980,1,43.6610578,-79.3950100,107.70,0.26,0.75,12,1,00:46:34,00
3095507,10,24289,40.14,1,1,0.00,0.0,37717,133,-970,-55,981,1,43.6610578,-79.3950100,107.70,0.26,0.75,12,1,00:46:34,00
3095807,2,24289,40.21,1,1,0.00,0.0,37717,133,-971,-55,981,1,43.6610578,-79.3950100,107.70,0.26,0.75,12,1,00:46:34,00
3096106,1,24289,40.31,1,1,0.00,0.0,37717,133,-969,-54,980,1,43.6610568,-79.3950108,107.70,0.46,0.75,12,1,00:46:35,00
3096400,4,24289,40.46,1,1,0.00,0.0,37717,134,-970,-55,981,1,43.6610568,-79.3950108,107.80,0.46,0.68,12,1,00:46:35,00
3096693,-8,24289,40.45,1,1,0.00,0.0,37717,133,-970,-55,981,1,43.6610568,-79.3950108,107.80,0.46,0.68,12,1,00:46:35,00
3096991,-9,24289,40.67,1,1,0.00,0.0,37717,133,-970,-56,981,1,43.6610568,-79.3950108,107.80,0.46,0.68,12,1,00:46:35,00
3097289,1,24289,40.68,1,1,0.00,0.0,37717,133,-971,-53,981,1,43.6610558,-79.3950110,107.90,0.17,0.68,12,1,00:46:36,00
3097581,0,24289,40.65,1,1,0.00,0.0,37717,133,-968,-54,979,1,43.6610558,-79.3950110,107.90,0.17,0.68,12,1,00:46:36,00
3097880,-13,24289,40.20,1,1,0.00,0.0,37717,133,-971,-56,981,1,43.6610558,-79.3950110,107.90,0.17,0.68,12,1,00:46:36,00
3098180,-9,24289,39.83,1,1,0.00,0.0,37717,133,-970,-54,981,1,43.6610555,-79.3950113,107.90,0.02,0.68,12,1,00:46:37,00
3098479,4,24289,39.77,1,1,0.00,0.0,37717,133,-969,-55,980,1,43.6610555,-79.3950113,108.00,0.02,0.69,12,1,00:46:37,00
3098777,-1,24289,39.63,1,1,0.00,0.0,37717,133,-970,-54,980,1,43.6610555,-79.3950113,108.00,0.02,0.69,12,1,00:46:37,00
3099078,-1,24289,39.62,1,1,0.00,0.0,37717,134,-969,-57,980,1,43.6610552,-79.3950113,108.00,0.06,0.69,12,1,00:46:38,00
3099375,-5,24289,39.60,1,1,0.00,0.0,37717,133,-970,-54,980,1,43.6610552,-79.3950113,108.10,0.06,0.68,12,1,00:46:38,00
3099673,-5,24289,39.72,1,1,0.00,0.0,37717,133,-970,-54,980,1,43.6610552,-79.3950113,108.10,0.06,0.68,12,1,00:46:38,00
3100042,-3,24289,39.79,1,1,0.00,0.0,37717,134,-970,-55,981,1,43.6610552,-79.3950113,108.10,0.06,0.68,12,1,00:46:38,00
3100341,-15,24289,39.85,1,1,0.00,0.0,37717,134,-971,-55,982,1,43.6610552,-79.3950108,108.10,0.17,0.68,12,1,00:46:39,00
3100640,-6,24289,39.58,1,1,0.00,0.0,37717,133,-969,-54,980,1,43.6610552,-79.3950108,108.10,0.17,0.68,12,1,00:46:39,00
3100940,-11,24289,39.26,1,1,0.00,0.0,37717,133,-970,-56,980,1,43.6610552,-79.3950108,108.10,0.17,0.68,12,1,00:46:39,00
3101237,-14,24289,38.91,1,1,0.00,0.0,37717,133,-971,-53,981,1,43.6610543,-79.3950107,108.10,0.31,0.68,12,1,00:46:40,00
3101536,-9,24289,38.62,1,1,0.00,0.0,37717,134,-970,-55,981,1,43.6610543,-79.3950107,108.10,0.31,0.68,12,1,00:46:40,00
3101833,-3,24289,38.37,1,1,0.00,0.0,37717,134,-970,-56,981,1,43.6610543,-79.3950107,108.10,0.31,0.68,12,1,00:46:40,00
3102141,1,24289,38.20,1,1,0.00,0.0,37717,133,-969,-55,980,1,43.6610540,-79.3950108,108.10,0.04,0.68,12,1,00:46:41,00
3102445,-5,24289,38.19,1,1,0.00,0.0,37717,133,-971,-55,981,1,43.6610540,-79.3950108,108.00,0.04,0.69,12,1,00:46:41,00
3102750,0,24289,38.25,1,1,0.00,0.0,37717,134,-970,-56,980,1,43.6610540,-79.3950108,108.00,0.04,0.69,12,1,00:46:41,00
3103054,0,24289,38.30,1,1,0.00,0.0,37717,133,-970,-53,980,1,43.6610537,-79.3950110,108.00,0.07,0.69,12,1,00:46:42,00
3103359,2,24289,38.39,1,1,0.00,0.0,37717,134,-970,-54,981,1,43.6610537,-79.3950110,108.00,0.07,0.68,12,1,00:46:42,00
3103665,-11,24289,38.57,1,1,0.00,0.0,37717,134,-970,-56,981,1,43.6610537,-79.3950110,108.00,0.07,0.68,12,1,00:46:42,00
3103968,-2,24289,38.67,1,1,0.00,0.0,37717,133,-970,-54,980,1,43.6610537,-79.3950110,108.00,0.07,0.68,12,1,00:46:42,00
3104276,6,24289,38.83,1,1,0.00,0.0,37717,134,-969,-54,980,1,43.6610537,-79.3950112,108.00,0.11,0.78,12,1,00:46:43,00
3104586,22,24289,38.93,1,1,0.00,0.0,37717,133,-970,-55,980,1,43.6610537,-79.3950112,108.00,0.11,0.78,12,1,00:46:43,00
3104960,6,24289,39.19,1,1,0.00,0.0,37717,134,-970,-56,980,1,43.6610537,-79.3950112,108.00,0.11,0.78,12,1,00:46:43,00
3105262,-9,24289,39.38,1,1,0.00,0.0,37717,135,-970,-55,981,1,43.6610533,-79.3950110,107.90,0.17,0.71,12,1,00:46:44,00
3105566,5,24289,39.49,1,1,0.00,0.0,37717,133,-970,-57,980,1,43.6610533,-79.3950110,107.90,0.17,0.71,12,1,00:46:44,00
3105868,-4,24289,39.71,1,1,0.00,0.0,37717,133,-969,-54,980,1,43.6610533,-79.3950110,107.90,0.17,0.71,12,1,00:46:44,00
3106174,-2,24289,39.87,1,1,0.00,0.0,37717,134,-969,-57,980,1,43.6610530,-79.3950108,107.90,0.02,0.73,12,1,00:46:45,00
3106485,8,24289,40.06,1,1,0.00,0.0,37717,135,-969,-60,980,1,43.6610530,-79.3950108,107.90,0.02,0.73,12,1,00:46:45,00
3106787,-11,24289,40.26,1,1,0.00,0.0,37717,132,-971,-49,981,1,43.6610530,-79.3950108,107.90,0.02,0.73,12,1,00:46:45,00
3107093,-12,24289,40.41,1,1,0.00,0.0,37717,137,-968,-64,980,1,43.6610523,-79.3950105,107.90,0.07,0.73,12,1,00:46:46,00
3107398,4,24289,40.58,1,1,0.00,0.0,37717,132,-970,-51,981,1,43.6610523,-79.3950105,107.90,0.07,0.68,12,1,00:46:46,00
3107706,4,24289,40.76,1,1,0.00,0.0,37717,133,-971,-54,982,1,43.6610523,-79.3950105,107.90,0.07,0.68,12,1,00:46:46,00
3108011,-9,24289,40.88,1,1,0.00,0.0,37717,135,-968,-59,979,1,43.6610523,-79.3950102,107.90,0.00,0.68,12,1,00:46:47,00
3108318,1,24289,41.10,1,1,0.00,0.0,37717,132,-971,-50,981,1,43.6610523,-79.3950102,107.90,0.00,0.70,12,1,00:46:47,00
3108634,0,24289,41.28,1,1,0.00,0.0,37717,134,-968,-57,979,1,43.6610523,-79.3950102,107.90,0.00,0.70,12,1,00:46:47,00
3108944,5,24289,41.34,1,1,0.00,0.0,37717,134,-971,-55,981,1,43.6610523,-79.3950102,107.90,0.00,0.70,12,1,00:46:47,00
3109260,9,24289,41.55,1,1,0.00,0.0,37717,133,-970,-52,980,1,43.6610518,-79.3950093,107.80,0.52,0.70,12,1,00:46:48,00
3109570,9,24289,41.69,1,1,0.00,0.0,37717,135,-969,-58,980,1,43.6610518,-79.3950093,107.80,0.52,0.70,12,1,00:46:48,00
3109942,3,24289,41.86,1,1,0.00,0.0,37717,134,-970,-57,980,1,43.6610518,-79.3950093,107.80,0.52,0.70,12,1,00:46:48,00
3110247,-5,24289,42.00,1,1,0.00,0.0,37717,132,-970,-53,980,1,43.6610513,-79.3950087,107.80,0.06,0.71,12,1,00:46:49,00
3110558,10,24289,42.11,1,1,0.00,0.0,37717,134,-971,-57,981,1,43.6610513,-79.3950087,107.80,0.06,0.71,12,1,00:46:49,00
3110868,2,24289,42.29,1,1,0.00,0.0,37717,133,-970,-54,981,1,43.6610513,-79.3950087,107.80,0.06,0.71,12,1,00:46:49,00
3111184,2,24289,42.42,1,1,0.00,0.0,37717,133,-970,-53,981,1,43.6610513,-79.3950087,107.90,0.07,0.70,12,1,00:46:50,00
3111495,6,24289,42.57,1,1,0.00,0.0,37717,134,-970,-57,980,1,43.6610513,-79.3950087,107.90,0.07,0.70,12,1,00:46:50,00
3111805,-4,24289,42.65,1,1,0.00,0.0,37717,133,-970,-54,981,1,43.6610513,-79.3950087,107.90,0.07,0.70,12,1,00:46:50,00
3112115,-10,24289,42.79,1,1,0.00,0.0,37717,131,-970,-53,980,1,43.6610513,-79.3950088,107.70,0.06,0.69,12,1,00:46:51,00
3112424,-6,24289,42.91,1,1,0.00,0.0,37717,136,-968,-64,980,1,43.6610513,-79.3950088,107.70,0.06,0.69,12,1,00:46:51,00
3112730,-5,24289,43.00,1,1,0.00,0.0,37717,130,-971,-47,981,1,43.6610513,-79.3950088,107.70,0.06,0.69,12,1,00:46:51,00
3113049,-16,24289,42.92,1,1,0.00,0.0,37717,136,-969,-65,980,1,43.6610513,-79.3950090,107.70,0.04,0.69,12,1,00:46:52,00
3113363,-12,24289,42.76,1,1,0.00,0.0,37717,134,-968,-53,979,1,43.6610513,-79.3950090,107.60,0.04,0.70,12,1,00:46:52,00
3113673,-5,24289,42.73,1,1,0.00,0.0,37717,132,-970,-52,980,1,43.6610513,-79.3950090,107.60,0.04,0.70,12,1,00:46:52,00
3113987,-12,24289,42.68,1,1,0.00,0.0,37717,135,-970,-56,981,1,43.6610510,-79.3950087,107.60,0.19,0.70,12,1,00:46:53,00
3114302,5,24289,42.71,1,1,0.00,0.0,37717,136,-972,-60,983,1,43.6610510,-79.3950087,107.50,0.19,0.69,12,1,00:46:53,00
3114660,-16,24289,42.73,1,1,0.00,0.0,37717,137,-970,-66,982,1,43.6610510,-79.3950087,107.50,0.19,0.69,12,1,00:46:53,00
3115019,-15,24289,42.74,1,1,0.00,0.0,37717,135,-971,-60,982,1,43.6610507,-79.3950082,107.50,0.02,0.69,12,1,00:46:54,00
3115314,-23,24289,42.72,1,1,0.00,0.0,37717,132,-972,-51,982,1,43.6610507,-79.3950082,107.50,0.02,0.71,12,1,00:46:54,00
3115604,-18,24289,42.74,1,1,0.00,0.0,37717,135,-967,-59,978,1,43.6610507,-79.3950082,107.50,0.02,0.71,12,1,00:46:54,00
3115898,-16,24289,42.79,1,1,0.00,0.0,37717,132,-971,-50,981,1,43.6610507,-79.3950082,107.50,0.02,0.71,12,1,00:46:54,00
3116194,-21,24289,42.64,1,1,0.00,0.0,37717,136,-969,-60,980,1,43.6610495,-79.3950070,107.60,0.28,0.68,12,1,00:46:55,00
3116488,8,24289,42.14,1,1,0.00,0.0,37717,131,-969,-50,979,1,43.6610495,-79.3950070,107.60,0.28,0.68,12,1,00:46:55,00
3116780,-13,24289,41.22,1,1,0.00,0.0,37717,136,-968,-58,980,1,43.6610495,-79.3950070,107.60,0.28,0.68,12,1,00:46:55,00
3117085,-14,24289,40.33,1,1,0.00,0.0,37717,134,-971,-53,981,1,43.6610490,-79.3950070,107.50,0.13,0.68,12,1,00:46:56,00
3117383,-9,24289,39.81,1,1,0.00,0.0,37717,133,-970,-55,981,1,43.6610490,-79.3950070,107.50,0.13,0.68,12,1,00:46:56,00
3117678,-10,24289,39.49,1,1,0.00,0.0,37717,134,-970,-57,981,1,43.6610490,-79.3950070,107.50,0.13,0.68,12,1,00:46:56,00
3117973,2,24289,39.32,1,1,0.00,0.0,37717,132,-971,-52,982,1,43.6610487,-79.3950068,107.50,0.09,0.68,12,1,00:46:57,00
3118268,-18,24289,39.20,1,1,0.00,0.0,37717,134,-969,-56,980,1,43.6610487,-79.3950068,107.30,0.09,0.69,12,1,00:46:57,00
3118570,-24,24289,39.16,1,1,0.00,0.0,37717,132,-971,-48,981,1,43.6610487,-79.3950068,107.30,0.09,0.69,12,1,00:46:57,00
3118875,-26,24289,39.04,1,1,0.00,0.0,37717,135,-969,-57,980,1,43.6610487,-79.3950068,107.30,0.09,0.69,12,1,00:46:57,00
3119174,-32,24289,38.66,1,1,0.00,0.0,37717,135,-969,-55,980,1,43.6610490,-79.3950065,107.20,0.07,0.68,12,1,00:46:58,00
3119474,-26,24289,38.31,1,1,0.00,0.0,37717,168,-964,-87,982,1,43.6610490,-79.3950065,107.20,0.07,0.68,12,1,00:46:58,00
3119837,-37,24289,37.56,1,1,0.00,0.0,37717,124,-973,-59,983,1,43.6610490,-79.3950065,107.20,0.07,0.68,12,1,00:46:58,00
3120140,-27,24289,37.05,1,1,0.00,0.0,37717,124,-980,-163,1002,1,43.6610490,-79.3950062,107.10,0.04,0.69,12,1,00:46:59,00
3120428,-29,24289,36.92,1,1,0.00,0.0,37717,137,-970,-51,981,1,43.6610490,-79.3950062,107.10,0.04,0.69,12,1,00:46:59,00
3120723,-15,24289,36.52,1,1,0.00,0.0,37717,139,-970,-51,981,1,43.6610490,-79.3950062,107.10,0.04,0.69,12,1,00:46:59,00
3121021,-9,24289,36.34,1,1,0.00,0.0,37717,135,-971,-45,981,1,43.6610487,-79.3950053,107.10,0.24,0.69,12,1,00:47:00,00
3121316,3,24289,36.29,1,1,0.00,0.0,37717,141,-968,-58,980,1,43.6610487,-79.3950053,107.10,0.24,0.70,12,1,00:47:00,00
3121617,13,24289,36.24,1,1,0.00,0.0,37717,137,-970,-46,981,1,43.6610487,-79.3950053,107.10,0.24,0.70,12,1,00:47:00,00
3121912,9,24289,36.32,1,1,0.00,0.0,37717,140,-969,-56,981,1,43.6610485,-79.3950040,107.10,0.11,0.70,12,1,00:47:01,00
3122220,15,24289,36.40,1,1,0.00,0.0,37717,136,-971,-46,981,1,43.6610485,-79.3950040,107.00,0.11,0.73,12,1,00:47:01,00
3122521,22,24289,36.53,1,1,0.00,0.0,37717,138,-970,-53,981,1,43.6610485,-79.3950040,107.00,0.11,0.73,12,1,00:47:01,00
3122818,5,24289,36.71,1,1,0.00,0.0,37717,138,-970,-48,980,1,43.6610485,-79.3950040,107.00,0.11,0.73,12,1,00:47:01,00
3123116,9,24289,36.83,1,1,0.00,0.0,37717,137,-971,-49,982,1,43.6610485,-79.3950038,106.90,0.04,0.68,12,1,00:47:02,00
3123417,8,24289,37.04,1,1,0.00,0.0,37717,139,-969,-53,980,1,43.6610485,-79.3950038,106.90,0.04,0.68,12,1,00:47:02,00
3123724,-6,24289,37.20,1,1,0.00,0.0,37717,136,-971,-47,982,1,43.6610485,-79.3950038,106.90,0.04,0.68,12,1,00:47:02,00
3124023,-2,24289,37.40,1,1,0.00,0.0,37717,139,-970,-48,981,1,43.6610483,-79.3950035,106.80,0.06,0.69,12,1,00:47:03,00
3124326,-16,24289,37.48,1,1,0.00,0.0,37717,138,-970,-51,981,1,43.6610483,-79.3950035,106.80,0.06,0.69,12,1,00:47:03,00
3124691,-6,24289,37.42,1,1,0.00,0.0,37717,139,-969,-53,981,1,43.6610483,-79.3950035,106.80,0.06,0.69,12,1,00:47:03,00
3125000,2,24289,37.42,1,1,0.00,0.0,37717,137,-970,-49,981,1,43.6610485,-79.3950028,106.70,0.06,0.68,12,1,00:47:04,00
3125298,0,24289,37.44,1,1,0.00,0.0,37717,138,-970,-51,981,1,43.6610485,-79.3950028,106.70,0.06,0.68,12,1,00:47:04,00
3125604,16,24289,37.40,1,1,0.00,0.0,37717,139,-970,-53,981,1,43.6610485,-79.3950028,106.70,0.06,0.68,12,1,00:47:04,00
3125912,-1,24289,36.97,1,1,0.00,0.0,37717,137,-970,-48,980,1,43.6610490,-79.3950018,106.70,0.24,0.68,12,1,00:47:05,00
3126218,3,24289,36.34,1,1,0.00,0.0,37717,138,-970,-53,981,1,43.6610490,-79.3950018,106.70,0.24,0.65,12,1,00:47:05,00
3126523,31,24289,32.13,1,1,0.00,0.0,37717,138,-970,-47,980,1,43.6610490,-79.3950018,106.70,0.24,0.65,12,1,00:47:05,00
3126828,6,24289,27.24,1,1,0.00,0.0,37717,137,-969,-52,980,1,43.6610490,-79.3950018,106.70,0.24,0.65,12,1,00:47:05,00
3127139,16,24289,23.04,1,1,0.00,0.0,37717,139,-969,-51,981,1,43.6610492,-79.3950015,106.80,0.09,0.71,12,1,00:47:06,00
3127444,4,24289,19.19,1,1,0.00,0.0,37717,136,-968,-48,979,1,43.6610492,-79.3950015,106.80,0.09,0.71,12,1,00:47:06,00
3127751,17,24289,15.28,1,1,0.00,0.0,37717,139,-970,-52,981,1,43.6610492,-79.3950015,106.80,0.09,0.71,12,1,00:47:06,00
3128062,21,24289,11.01,1,1,0.00,0.0,37717,139,-970,-50,981,1,43.6610497,-79.3950008,106.80,0.28,0.70,12,1,00:47:07,00
3128369,15,24289,7.58,1,1,0.00,0.0,37717,139,-971,-51,982,1,43.6610497,-79.3950008,106.80,0.28,0.70,12,1,00:47:07,00
3128678,6,24289,4.52,1,1,0.00,0.0,37717,139,-969,-50,980,1,43.6610497,-79.3950008,106.80,0.28,0.70,12,1,00:47:07,00
3128988,9,24289,1.97,1,1,0.00,0.0,37717,136,-971,-48,982,1,43.6610497,-79.3950013,106.70,0.41,0.70,12,1,00:47:08,00
3129296,3,24289,-0.14,1,1,0.00,0.0,37717,139,-969,-53,980,1,43.6610497,-79.3950013,106.70,0.41,0.70,12,1,00:47:08,00
3129665,3,24289,-2.45,1,1,0.00,0.0,37717,138,-971,-51,982,1,43.6610497,-79.3950013,106.70,0.41,0.70,12,1,00:47:08,00
3129973,-2,24289,-7.30,1,1,0.00,0.0,37717,138,-970,-48,981,1,43.6610497,-79.3950013,106.70,0.06,0.68,12,1,00:47:09,00
3130285,-7,24289,-12.37,1,1,0.00,0.0,37717,139,-969,-51,981,1,43.6610497,-79.3950013,106.70,0.06,0.68,12,1,00:47:09,00
3130593,11,24289,-14.95,1,1,0.00,0.0,37717,139,-970,-52,981,1,43.6610497,-79.3950013,106.70,0.06,0.68,12,1,00:47:09,00
3130907,3,24289,-17.16,1,1,0.00,0.0,37717,138,-971,-50,982,1,43.6610498,-79.3950015,106.70,0.13,0.68,12,1,00:47:10,00
3131214,9,24289,-18.87,1,1,0.00,0.0,37717,139,-970,-51,981,1,43.6610498,-79.3950015,106.80,0.13,0.68,12,1,00:47:10,00
3131522,8,24289,-20.14,1,1,0.00,0.0,37717,137,-971,-51,982,1,43.6610498,-79.3950015,106.80,0.13,0.68,12,1,00:47:10,00
3131832,3,24289,-22.04,1,1,0.00,0.0,37717,138,-970,-51,981,1,43.6610497,-79.3950015,106.80,0.04,0.68,12,1,00:47:11,00
3132151,3,24289,-23.55,1,1,0.00,0.0,37717,138,-969,-52,980,1,43.6610497,-79.3950015,106.70,0.04,0.73,12,1,00:47:11,00
3132464,16,24289,-23.40,1,1,0.00,0.0,37717,137,-969,-51,980,1,43.6610497,-79.3950015,106.70,0.04,0.73,12,1,00:47:11,00
3132774,9,24289,-22.20,1,1,0.00,0.0,37717,139,-969,-51,981,1,43.6610497,-79.3950015,106.70,0.04,0.73,12,1,00:47:11,00
3133087,6,24289,-20.40,1,1,0.00,0.0,37717,138,-970,-51,981,1,43.6610490,-79.3950017,106.80,0.11,0.68,12,1,00:47:12,00
3133394,10,24289,-18.59,1,1,0.00,0.0,37717,138,-970,-49,981,1,43.6610490,-79.3950017,106.80,0.11,0.68,12,1,00:47:12,00
3133701,1,24289,-16.87,1,1,0.00,0.0,37717,139,-970,-51,981,1,43.6610490,-79.3950017,106.80,0.11,0.68,12,1,00:47:12,00
3134011,9,24289,-15.18,1,1,0.00,0.0,37717,138,-970,-48,981,1,43.6610492,-79.3950013,106.80,0.09,0.68,12,1,00:47:13,00
3134324,14,24289,-13.83,1,1,0.00,0.0,37717,141,-970,-51,982,1,43.6610492,-79.3950013,106.80,0.09,0.68,12,1,00:47:13,00
3134710,-1,24289,-12.01,1,1,0.00,0.0,37717,138,-966,-58,978,1,43.6610492,-79.3950013,106.80,0.09,0.68,12,1,00:47:13,00
3135033,8,24289,-10.91,1,1,0.00,0.0,37717,139,-968,-54,979,1,43.6610493,-79.3950005,106.80,0.07,0.68,12,1,00:47:14,00
3135342,-4,24289,-9.73,1,1,0.00,0.0,37717,134,-970,-42,981,1,43.6610493,-79.3950005,106.80,0.07,0.68,12,1,00:47:14,00
3135657,9,24289,-8.45,1,1,0.00,0.0,37717,140,-968,-56,980,1,43.6610493,-79.3950005,106.80,0.07,0.68,12,1,00:47:14,00
3135968,2,24289,-7.21,1,1,0.00,0.0,37717,137,-969,-49,980,1,43.6610493,-79.3950007,106.70,0.22,0.73,12,1,00:47:15,00
3136283,7,24289,-5.99,1,1,0.00,0.0,37717,136,-971,-46,981,1,43.6610493,-79.3950007,106.70,0.22,0.73,12,1,00:47:15,00
3136599,3,24289,-4.73,1,1,0.00,0.0,37717,140,-969,-56,981,1,43.6610493,-79.3950007,106.70,0.22,0.73,12,1,00:47:15,00
3136959,9,24289,-3.27,1,1,0.00,0.0,37717,140,-970,-54,981,1,43.6610493,-79.3950005,106.60,0.11,0.68,12,1,00:47:16,00
3137255,1,24289,-2.05,1,1,0.00,0.0,37717,136,-971,-46,981,1,43.6610493,-79.3950005,106.60,0.11,0.68,12,1,00:47:16,00
3137557,16,24289,-0.94,1,1,0.00,0.0,37717,139,-969,-55,980,1,43.6610493,-79.3950005,106.60,0.11,0.68,12,1,00:47:16,00
3137849,-2,24289,0.13,1,1,0.00,0.0,37717,135,-972,-46,982,1,43.6610490,-79.3950000,106.60,0.30,0.68,12,1,00:47:17,00
3138144,1,24289,1.19,1,1,0.00,0.0,37717,139,-970,-53,982,1,43.6610490,-79.3950000,106.40,0.30,0.69,12,1,00:47:17,00
3138445,8,24289,2.28,1,1,0.00,0.0,37717,137,-970,-48,980,1,43.6610490,-79.3950000,106.40,0.30,0.69,12,1,00:47:17,00
3138742,3,24289,3.36,1,1,0.00,0.0,37717,137,-969,-50,980,1,43.6610490,-79.3950000,106.40,0.30,0.69,12,1,00:47:17,00
3139039,2,24289,4.33,1,1,0.00,0.0,37717,138,-970,-53,981,1,43.6610490,-79.3949997,106.30,0.04,0.68,12,1,00:47:18,00
3139334,8,24289,5.28,1,1,0.00,0.0,37717,137,-970,-49,981,1,43.6610490,-79.3949997,106.30,0.04,0.68,12,1,00:47:18,00
3139684,3,24289,6.23,1,1,0.00,0.0,37717,138,-969,-50,980,1,43.6610490,-79.3949997,106.30,0.04,0.68,12,1,00:47:18,00
3139979,1,24289,7.09,1,1,0.00,0.0,37717,136,-970,-51,981,1,43.6610495,-79.3949997,106.10,0.11,0.68,12,1,00:47:19,00
3140271,-1,24289,8.01,1,1,0.00,0.0,37717,140,-970,-51,981,1,43.6610495,-79.3949997,106.10,0.11,0.68,12,1,00:47:19,00
3140561,8,24289,8.99,1,1,0.00,0.0,37717,136,-971,-48,982,1,43.6610495,-79.3949997,106.10,0.11,0.68,12,1,00:47:19,00
3140857,-1,24289,9.90,1,1,0.00,0.0,37717,137,-969,-51,980,1,43.6610500,-79.3949993,106.00,0.35,0.75,12,1,00:47:20,00
3141165,1,24289,10.79,1,1,0.00,0.0,37717,138,-969,-50,980,1,43.6610500,-79.3949993,106.00,0.35,0.75,12,1,00:47:20,00
3141459,11,24289,11.77,1,1,0.00,0.0,37717,137,-971,-48,981,1,43.6610500,-79.3949993,106.00,0.35,0.75,12,1,00:47:20,00
3141754,2,24289,12.52,1,1,0.00,0.0,37717,138,-969,-53,980,1,43.6610500,-79.3949990,106.00,0.02,0.75,12,1,00:47:21,00
3142049,3,24289,13.30,1,1,0.00,0.0,37717,137,-970,-47,980,1,43.6610500,-79.3949990,105.90,0.02,0.76,12,1,00:47:21,00
3142351,4,24289,14.09,1,1,0.00,0.0,37717,138,-969,-54,981,1,43.6610500,-79.3949990,105.90,0.02,0.76,12,1,00:47:21,00
3142653,-3,24289,14.84,1,1,0.00,0.0,37717,135,-970,-48,980,1,43.6610500,-79.3949990,105.90,0.02,0.76,12,1,00:47:21,00
3142947,8,24289,15.55,1,1,0.00,0.0,37717,137,-969,-51,980,1,43.6610503,-79.3949992,105.80,0.09,0.71,12,1,00:47:22,00
3143251,21,24289,16.26,1,1,0.00,0.0,37717,136,-970,-51,981,1,43.6610503,-79.3949992,105.80,0.09,0.71,12,1,00:47:22,00
3143551,31,24289,16.82,1,1,0.00,0.0,37717,138,-970,-50,981,1,43.6610503,-79.3949992,105.80,0.09,0.71,12,1,00:47:22,00
3143854,11,24289,17.57,1,1,0.00,0.0,37717,138,-970,-51,981,1,43.6610505,-79.3949995,105.80,0.24,0.65,12,1,00:47:23,00
3144154,17,24289,18.12,1,1,0.00,0.0,37717,138,-972,-51,983,1,43.6610505,-79.3949995,105.80,0.24,0.65,12,1,00:47:23,00
3144517,12,24289,18.86,1,1,0.00,0.0,37717,137,-970,-51,981,1,43.6610505,-79.3949995,105.80,0.24,0.65,12,1,00:47:23,00
3144817,-3,24289,19.33,1,1,0.00,0.0,37717,137,-970,-53,981,1,43.6610498,-79.3950000,105.80,0.24,0.68,12,1,00:47:24,00
3145109,11,24289,19.82,1,1,0.00,0.0,37717,137,-970,-51,981,1,43.6610498,-79.3950000,105.80,0.24,0.68,12,1,00:47:24,00
3145412,11,24289,20.34,1,1,0.00,0.0,37717,138,-970,-52,981,1,43.6610498,-79.3950000,105.80,0.24,0.68,12,1,00:47:24,00
3145708,19,24289,20.85,1,1,0.00,0.0,37717,138,-970,-52,981,1,43.6610498,-79.3950005,105.80,0.13,0.68,12,1,00:47:25,00
3146006,20,24289,21.35,1,1,0.00,0.0,37717,137,-970,-49,980,1,43.6610498,-79.3950005,105.80,0.13,0.75,12,1,00:47:25,00
3146301,11,24289,21.76,1,1,0.00,0.0,37717,137,-970,-51,981,1,43.6610498,-79.3950005,105.80,0.13,0.75,12,1,00:47:25,00
3146603,-10,24289,22.15,1,1,0.00,0.0,37717,138,-970,-50,981,1,43.6610498,-79.3950005,105.80,0.13,0.75,12,1,00:47:25,00
3146903,10,24289,22.61,1,1,0.00,0.0,37717,137,-970,-50,980,1,43.6610495,-79.3950005,105.90,0.22,0.78,12,1,00:47:26,00
3147203,22,24289,23.05,1,1,0.00,0.0,37717,138,-969,-52,980,1,43.6610495,-79.3950005,105.90,0.22,0.78,12,1,00:47:26,00
3147506,28,24289,23.47,1,1,0.00,0.0,37717,136,-970,-49,981,1,43.6610495,-79.3950005,105.90,0.22,0.78,12,1,00:47:26,00
3147807,20,24289,23.79,1,1,0.00,0.0,37717,138,-969,-52,980,1,43.6610495,-79.3950007,105.80,0.07,0.68,12,1,00:47:27,00
3148112,22,24289,24.14,1,1,0.00,0.0,37717,137,-970,-51,981,1,43.6610495,-79.3950007,105.80,0.07,0.68,12,1,00:47:27,00
3148417,28,24289,24.55,1,1,0.00,0.0,37717,142,-970,-57,981,1,43.6610495,-79.3950007,105.80,0.07,0.68,12,1,00:47:27,00
3148721,30,24289,24.89,1,1,0.00,0.0,37717,146,-962,-60,975,1,43.6610502,-79.3950008,105.80,0.07,0.68,12,1,00:47:28,00
3149028,33,24289,25.20,1,1,0.00,0.0,37717,139,-972,-37,983,1,43.6610502,-79.3950008,105.70,0.07,0.69,12,1,00:47:28,00
3149392,34,24289,25.60,1,1,0.00,0.0,37717,129,-972,-59,982,1,43.6610502,-79.3950008,105.70,0.07,0.69,12,1,00:47:28,00
3149701,42,24289,25.90,1,1,0.00,0.0,37717,128,-969,-54,979,1,43.6610508,-79.3950007,105.70,0.07,0.69,12,1,00:47:29,00
3150008,33,24289,26.19,1,1,0.00,0.0,37717,125,-969,-59,979,1,43.6610508,-79.3950007,105.60,0.07,0.73,12,1,00:47:29,00
3150310,28,24289,26.51,1,1,0.00,0.0,37717,136,-971,-46,981,1,43.6610508,-79.3950007,105.60,0.07,0.73,12,1,00:47:29,00
3150624,22,24289,26.75,1,1,0.00,0.0,37717,149,-971,-34,983,1,43.6610508,-79.3950007,105.60,0.07,0.73,12,1,00:47:29,00
3150928,25,24289,27.06,1,1,0.00,0.0,37717,159,-966,-50,981,1,43.6610512,-79.3950010,105.50,0.07,0.73,12,1,00:47:30,00
3151235,35,24289,27.27,1,1,0.00,0.0,37717,131,-970,-45,980,1,43.6610512,-79.3950010,105.50,0.07,0.73,12,1,00:47:30,00
3151545,40,24289,27.59,1,1,0.00,0.0,37717,109,-973,-63,981,1,43.6610512,-79.3950010,105.50,0.07,0.73,12,1,00:47:30,00
3151854,32,24289,27.79,1,1,0.00,0.0,37717,133,-971,-55,982,1,43.6610518,-79.3950013,105.50,0.15,0.70,12,1,00:47:31,00
3152161,29,24289,28.03,1,1,0.00,0.0,37717,160,-971,-30,984,1,43.6610518,-79.3950013,105.50,0.15,0.70,12,1,00:47:31,00
3152474,27,24289,28.28,1,1,0.00,0.0,37717,136,-968,-48,979,1,43.6610518,-79.3950013,105.50,0.15,0.70,12,1,00:47:31,00
3152785,30,24289,28.57,1,1,0.00,0.0,37717,146,-967,-97,983,1,43.6610523,-79.3950013,105.40,0.07,0.73,12,1,00:47:32,00
3153094,27,24289,28.79,1,1,0.00,0.0,37717,105,-981,0,986,1,43.6610523,-79.3950013,105.40,0.07,0.73,12,1,00:47:32,00
3153403,26,24289,29.04,1,1,0.00,0.0,37717,179,-968,-77,988,1,43.6610523,-79.3950013,105.40,0.07,0.73,12,1,00:47:32,00
3153716,27,24289,29.31,1,1,0.00,0.0,37717,80,-985,-32,989,1,43.6610523,-79.3950020,105.40,0.19,0.73,12,1,00:47:33,00
3154038,35,24289,29.56,1,1,0.00,0.0,37717,177,-967,-104,989,1,43.6610523,-79.3950020,105.40,0.19,0.73,12,1,00:47:33,00
3154413,35,24289,29.77,1,1,0.00,0.0,37717,141,-952,-67,964,1,43.6610523,-79.3950020,105.40,0.19,0.73,12,1,00:47:33,00
3154723,27,24289,29.98,1,1,0.00,0.0,37717,97,-1029,-32,1034,1,43.6610525,-79.3950028,105.40,0.06,0.71,12,1,00:47:34,00
3155028,34,24289,30.22,1,1,0.00,0.0,37717,193,-947,-102,972,1,43.6610525,-79.3950028,105.40,0.06,0.71,12,1,00:47:34,00
3155340,23,24289,30.41,1,1,0.00,0.0,37717,135,-975,-58,985,1,43.6610525,-79.3950028,105.40,0.06,0.71,12,1,00:47:34,00
3155648,34,24289,30.60,1,1,0.00,0.0,37717,154,-971,-89,987,1,43.6610523,-79.3950023,105.40,0.20,0.71,12,1,00:47:35,00
3155959,46,24289,30.76,1,1,0.00,0.0,37717,92,-970,-64,977,1,43.6610523,-79.3950023,105.30,0.20,0.70,12,1,00:47:35,00
3156275,29,24289,30.91,1,1,0.00,0.0,37717,114,-979,-102,991,1,43.6610523,-79.3950023,105.30,0.20,0.70,12,1,00:47:35,00
3156590,43,24289,30.97,1,1,0.00,0.0,37717,126,-975,-53,985,1,43.6610518,-79.3950023,105.30,0.20,0.70,12,1,00:47:36,00
3156900,31,24289,31.18,1,1,0.00,0.0,37717,145,-976,-125,994,1,43.6610518,-79.3950023,105.10,0.20,0.68,12,1,00:47:36,00
3157216,38,24289,31.37,1,1,0.00,0.0,37717,101,-984,-73,991,1,43.6610518,-79.3950023,105.10,0.20,0.68,12,1,00:47:36,00
3157533,38,24289,31.53,1,1,0.00,0.0,37717,109,-983,-48,990,1,43.6610518,-79.3950023,105.10,0.20,0.68,12,1,00:47:36,00
3157845,35,24289,31.60,1,1,0.00,0.0,37717,141,-966,-51,978,1,43.6610522,-79.3950017,104.90,0.33,0.68,12,1,00:47:37,00
3158165,33,24289,31.79,1,1,0.00,0.0,37717,151,-973,-34,986,1,43.6610522,-79.3950017,104.90,0.33,0.68,12,1,00:47:37,00
3158480,39,24289,31.79,1,1,0.00,0.0,37717,153,-965,-54,979,1,43.6610522,-79.3950017,104.90,0.33,0.68,12,1,00:47:37,00
3158797,36,24289,31.94,1,1,0.00,0.0,37717,138,-967,-68,979,1,43.6610527,-79.3950008,104.80,0.06,0.73,12,1,00:47:38,00
3159156,29,24289,31.99,1,1,0.00,0.0,37717,142,-975,-18,985,1,43.6610527,-79.3950008,104.80,0.06,0.73,12,1,00:47:38,00
3159519,44,24289,32.05,1,1,0.00,0.0,37717,101,-986,-57,993,1,43.6610527,-79.3950008,104.80,0.06,0.73,12,1,00:47:38,00
3159807,44,24289,32.17,1,1,0.00,0.0,37717,63,-955,50,958,1,43.6610535,-79.3949997,104.60,0.09,0.66,12,1,00:47:39,00
3160103,35,24289,32.25,1,1,0.00,0.0,37717,171,-962,-51,978,1,43.6610535,-79.3949997,104.60,0.09,0.66,12,1,00:47:39,00
3160393,11,24289,32.32,1,1,0.00,0.0,37717,135,-957,-79,970,1,43.6610535,-79.3949997,104.60,0.09,0.66,12,1,00:47:39,00
3160687,5,24289,32.38,1,1,0.00,0.0,37718,151,-967,-49,980,1,43.6610535,-79.3949995,104.50,0.09,0.67,12,1,00:47:40,00
3160976,-7,24289,32.50,1,1,0.00,0.0,37718,113,-976,-60,984,1,43.6610535,-79.3949995,104.50,0.09,0.67,12,1,00:47:40,00
3161269,1,24289,32.65,1,1,0.00,0.0,37718,135,-963,-52,974,1,43.6610535,-79.3949995,104.50,0.09,0.67,12,1,00:47:40,00
3161563,34,24289,32.72,1,1,0.00,0.0,37718,152,-971,-43,983,1,43.6610542,-79.3949992,104.50,0.07,0.67,12,1,00:47:41,00
3161857,19,24289,32.85,1,1,0.00,0.0,37718,169,-965,-61,981,1,43.6610542,-79.3949992,104.30,0.07,0.69,12,1,00:47:41,00
3162156,27,24289,32.95,1,1,0.00,0.0,37718,111,-974,-30,981,1,43.6610542,-79.3949992,104.30,0.07,0.69,12,1,00:47:41,00
3162452,19,24289,33.13,1,1,0.00,0.0,37718,153,-971,-56,985,1,43.6610542,-79.3949992,104.30,0.07,0.69,12,1,00:47:41,00
3162754,31,24289,33.19,1,1,0.00,0.0,37718,130,-974,-36,984,1,43.6610542,-79.3949987,104.30,0.19,0.68,12,1,00:47:42,00
3163053,21,24289,33.35,1,1,0.00,0.0,37718,142,-967,-55,979,1,43.6610542,-79.3949987,104.30,0.19,0.68,12,1,00:47:42,00
3163350,16,24289,33.45,1,1,0.00,0.0,37718,136,-968,-57,979,1,43.6610542,-79.3949987,104.30,0.19,0.68,12,1,00:47:42,00
3163648,17,24289,33.57,1,1,0.00,0.0,37718,140,-970,-51,982,1,43.6610542,-79.3949985,104.40,0.02,0.68,12,1,00:47:43,00
3163949,12,24289,33.71,1,1,0.00,0.0,37718,134,-971,-44,981,1,43.6610542,-79.3949985,104.40,0.02,0.68,12,1,00:47:43,00
3164312,13,24289,33.82,1,1,0.00,0.0,37718,160,-965,-59,980,1,43.6610542,-79.3949985,104.40,0.02,0.68,12,1,00:47:43,00
3164607,11,24289,33.99,1,1,0.00,0.0,37718,135,-977,-56,987,1,43.6610543,-79.3949978,104.50,0.26,0.68,12,1,00:47:44,00
3164904,15,24289,34.07,1,1,0.00,0.0,37718,118,-972,-55,981,1,43.6610543,-79.3949978,104.50,0.26,0.68,12,1,00:47:44,00
3165201,13,24289,34.19,1,1,0.00,0.0,37718,129,-973,-56,984,1,43.6610543,-79.3949978,104.50,0.26,0.68,12,1,00:47:44,00
3165503,18,24289,34.30,1,1,0.00,0.0,37718,158,-964,-37,977,1,43.6610545,-79.3949968,104.50,0.13,0.68,12,1,00:47:45,00
3165797,7,24289,34.43,1,1,0.00,0.0,37718,157,-964,-45,978,1,43.6610545,-79.3949968,104.40,0.13,0.70,12,1,00:47:45,00
3166089,10,24289,34.56,1,1,0.00,0.0,37718,141,-967,-60,979,1,43.6610545,-79.3949968,104.40,0.13,0.70,12,1,00:47:45,00
3166385,10,24289,34.62,1,1,0.00,0.0,37718,140,-973,-44,983,1,43.6610545,-79.3949968,104.40,0.13,0.70,12,1,00:47:45,00
3166687,21,24289,34.76,1,1,0.00,0.0,37718,134,-973,-53,983,1,43.6610545,-79.3949963,104.40,0.09,0.69,12,1,00:47:46,00
3166991,9,24289,34.86,1,1,0.00,0.0,37718,130,-971,-55,981,1,43.6610545,-79.3949963,104.40,0.09,0.69,12,1,00:47:46,00
3167292,20,24289,34.95,1,1,0.00,0.0,37718,133,-969,-52,980,1,43.6610545,-79.3949963,104.40,0.09,0.69,12,1,00:47:46,00
3167589,22,24289,35.04,1,1,0.00,0.0,37718,141,-970,-49,981,1,43.6610545,-79.3949960,104.40,0.13,0.70,12,1,00:47:47,00
3167888,14,24289,35.19,1,1,0.00,0.0,37718,133,-970,-52,981,1,43.6610545,-79.3949960,104.40,0.13,0.70,12,1,00:47:47,00
3168193,18,24289,35.27,1,1,0.00,0.0,37718,144,-966,-47,978,1,43.6610545,-79.3949960,104.40,0.13,0.70,12,1,00:47:47,00
3168497,24,24289,35.39,1,1,0.00,0.0,37718,132,-972,-50,982,1,43.6610545,-79.3949960,104.40,0.07,0.70,12,1,00:47:48,00
3168804,10,24289,35.52,1,1,0.00,0.0,37718,136,-970,-47,981,1,43.6610545,-79.3949960,104.40,0.07,0.76,12,1,00:47:48,00
3169171,24,24289,35.59,1,1,0.00,0.0,37718,135,-971,-50,982,1,43.6610545,-79.3949960,104.40,0.07,0.76,12,1,00:47:48,00
3169468,17,24289,35.71,1,1,0.00,0.0,37718,140,-970,-53,982,1,43.6610545,-79.3949957,104.40,0.20,0.76,12,1,00:47:49,00
3169769,11,24289,35.76,1,1,0.00,0.0,37718,138,-969,-51,980,1,43.6610545,-79.3949957,104.30,0.20,0.68,12,1,00:47:49,00
3170069,25,24289,35.92,1,1,0.00,0.0,37718,140,-969,-50,980,1,43.6610545,-79.3949957,104.30,0.20,0.68,12,1,00:47:49,00
3170372,11,24289,35.92,1,1,0.00,0.0,37718,135,-970,-51,980,1,43.6610545,-79.3949957,104.30,0.20,0.68,12,1,00:47:49,00
3170678,10,24289,36.14,1,1,0.00,0.0,37718,137,-972,-47,982,1,43.6610545,-79.3949957,104.30,0.15,0.71,12,1,00:47:50,00
3170986,8,24289,36.15,1,1,0.00,0.0,37718,136,-969,-50,980,1,43.6610545,-79.3949957,104.30,0.15,0.71,12,1,00:47:50,00
3171294,17,24289,36.35,1,1,0.00,0.0,37718,138,-969,-51,981,1,43.6610545,-79.3949957,104.30,0.15,0.71,12,1,00:47:50,00
3171603,32,24289,36.36,1,1,0.00,0.0,37718,138,-970,-52,981,1,43.6610547,-79.3949957,104.30,0.02,0.73,12,1,00:47:51,00
3171913,19,24289,36.41,1,1,0.00,0.0,37718,137,-970,-48,981,1,43.6610547,-79.3949957,104.30,0.02,0.73,12,1,00:47:51,00
3172218,22,24289,36.50,1,1,0.00,0.0,37718,139,-969,-50,980,1,43.6610547,-79.3949957,104.30,0.02,0.73,12,1,00:47:51,00
3172524,32,24289,36.59,1,1,0.00,0.0,37718,139,-970,-53,982,1,43.6610548,-79.3949952,104.30,0.04,0.73,12,1,00:47:52,00
3172836,15,24289,36.72,1,1,0.00,0.0,37718,138,-969,-53,981,1,43.6610548,-79.3949952,104.20,0.04,0.70,12,1,00:47:52,00
3173145,9,24289,36.85,1,1,0.00,0.0,37718,154,-958,-87,974,1,43.6610548,-79.3949952,104.20,0.04,0.70,12,1,00:47:52,00
3173457,22,24289,36.89,1,1,0.00,0.0,37718,138,-968,-64,980,1,43.6610548,-79.3949948,104.20,0.07,0.70,12,1,00:47:53,00
3173767,19,24289,36.95,1,1,0.00,0.0,37718,128,-977,-31,986,1,43.6610548,-79.3949948,104.10,0.07,0.67,12,1,00:47:53,00
3174139,20,24289,37.04,1,1,0.00,0.0,37718,137,-971,-49,982,1,43.6610548,-79.3949948,104.10,0.07,0.67,12,1,00:47:53,00
3174441,13,24289,37.16,1,1,0.00,0.0,37718,137,-970,-51,981,1,43.6610547,-79.3949950,104.10,0.15,0.67,12,1,00:47:54,00
3174749,21,24289,37.24,1,1,0.00,0.0,37718,137,-971,-51,982,1,43.6610547,-79.3949950,104.10,0.15,0.72,12,1,00:47:54,00
3175054,25,24289,37.26,1,1,0.00,0.0,37718,137,-975,-40,986,1,43.6610547,-79.3949950,104.10,0.15,0.72,12,1,00:47:54,00
3175362,25,24289,37.32,1,1,0.00,0.0,37718,140,-968,-54,980,1,43.6610547,-79.3949950,104.10,0.15,0.72,12,1,00:47:54,00
3175678,20,24289,37.39,1,1,0.00,0.0,37718,130,-973,-38,982,1,43.6610548,-79.3949947,104.10,0.11,0.70,12,1,00:47:55,00
3175989,24,24289,37.49,1,1,0.00,0.0,37718,135,-969,-48,979,1,43.6610548,-79.3949947,104.10,0.11,0.70,12,1,00:47:55,00
3176296,15,24289,37.59,1,1,0.00,0.0,37718,139,-969,-52,980,1,43.6610548,-79.3949947,104.10,0.11,0.70,12,1,00:47:55,00
3176604,34,24289,37.62,1,1,0.00,0.0,37718,136,-969,-49,980,1,43.6610545,-79.3949950,104.10,0.22,0.71,12,1,00:47:56,00
3176918,19,24289,37.66,1,1,0.00,0.0,37718,142,-970,-49,981,1,43.6610545,-79.3949950,104.10,0.22,0.71,12,1,00:47:56,00
3177232,25,24289,37.73,1,1,0.00,0.0,37718,134,-970,-51,981,1,43.6610545,-79.3949950,104.10,0.22,0.71,12,1,00:47:56,00
3177551,34,24289,37.81,1,1,0.00,0.0,37718,137,-971,-51,982,1,43.6610545,-79.3949948,103.80,0.26,0.73,12,1,00:47:57,00
3177863,25,24289,37.86,1,1,0.00,0.0,37718,138,-970,-51,982,1,43.6610545,-79.3949948,103.80,0.26,0.73,12,1,00:47:57,00
3178173,28,24289,37.92,1,1,0.00,0.0,37718,139,-971,-52,982,1,43.6610545,-79.3949948,103.80,0.26,0.73,12,1,00:47:57,00
3178485,31,24289,37.98,1,1,0.00,0.0,37718,137,-971,-52,982,1,43.6610548,-79.3949953,103.80,0.06,0.73,12,1,00:47:58,00
3178802,25,24289,38.05,1,1,0.00,0.0,37718,135,-969,-44,979,1,43.6610548,-79.3949953,103.70,0.06,0.73,12,1,00:47:58,00
3179174,28,24289,38.08,1,1,0.00,0.0,37718,125,-973,-49,982,1,43.6610548,-79.3949953,103.70,0.06,0.73,12,1,00:47:58,00
3179490,36,24289,38.15,1,1,0.00,0.0,37718,131,-971,-63,982,1,43.6610553,-79.3949962,103.70,0.41,0.73,12,1,00:47:59,00
3179799,22,24289,38.20,1,1,0.00,0.0,37718,132,-973,-56,984,1,43.6610553,-79.3949962,104.00,0.41,0.72,12,1,00:47:59,00
3180115,26,24289,38.28,1,1,0.00,0.0,37718,123,-977,-47,986,1,43.6610553,-79.3949962,104.00,0.41,0.72,12,1,00:47:59,00
3180426,28,24289,38.35,1,1,0.00,0.0,37718,124,-969,-57,979,1,43.6610557,-79.3949967,104.00,0.13,0.72,12,1,00:48:00,00
3180737,25,24289,38.44,1,1,0.00,0.0,37718,121,-965,-55,974,1,43.6610557,-79.3949967,104.00,0.13,0.70,12,1,00:48:00,00
