timestamp_ms,current_mA,voltage_mV,temperature_C,temperature_valid,wheel_speed_valid,wheel_speed_kmph,wheel_rpm,wheel_spoke_count,ax_x100,ay_x100,az_x100,amag_x100,gps_location_valid,gps_lat,gps_long,gps_alt_m,gps_speed_kmph,gps_hdop,gps_sats,gps_time_valid,gps_time_utc,gps_centisecond
2007128,14,24289,44.14,1,1,0.29,3.0,20790,89,-983,-31,987,1,43.6610618,-79.3949883,104.50,0.15,0.61,12,1,00:28:23,00
2007438,2,24289,44.15,1,1,0.35,3.6,20791,142,-972,-25,983,1,43.6610618,-79.3949883,104.50,0.15,0.59,12,1,00:28:23,00
2007739,13,24289,44.11,1,1,0.35,3.6,20791,123,-963,-55,973,1,43.6610618,-79.3949883,104.50,0.15,0.59,12,1,00:28:23,00
2008041,5,24289,44.10,1,1,0.35,3.6,20791,123,-970,-53,979,1,43.6610618,-79.3949883,104.50,0.15,0.59,12,1,00:28:23,00
2008413,14,24289,44.06,1,1,0.35,3.6,20791,128,-974,-44,984,1,43.6610618,-79.3949887,104.40,0.07,0.61,12,1,00:28:24,00
2008711,4,24289,44.02,1,1,0.35,3.6,20791,127,-969,-46,978,1,43.6610618,-79.3949887,104.40,0.07,0.61,12,1,00:28:24,00
2009011,7,24289,43.99,1,1,0.35,3.6,20791,127,-970,-56,980,1,43.6610618,-79.3949887,104.40,0.07,0.61,12,1,00:28:24,00
2009317,6,24289,43.97,1,1,0.35,3.6,20791,130,-970,-59,980,1,43.6610617,-79.3949888,104.40,0.02,0.60,12,1,00:28:25,00
2009626,6,24289,43.95,1,1,0.00,0.0,20791,128,-969,-60,980,1,43.6610617,-79.3949888,104.40,0.02,0.60,12,1,00:28:25,00
2009930,10,24289,43.97,1,1,0.00,0.0,20791,127,-971,-55,981,1,43.6610617,-79.3949888,104.40,0.02,0.60,12,1,00:28:25,00
2010231,9,24289,43.94,1,1,0.00,0.0,20791,127,-971,-58,981,1,43.6610618,-79.3949890,104.40,0.15,0.60,12,1,00:28:26,00
2010542,16,24289,43.96,1,1,0.00,0.0,20791,128,-969,-57,979,1,43.6610618,-79.3949890,104.40,0.15,0.59,12,1,00:28:26,00
2010844,5,24289,43.96,1,1,0.00,0.0,20791,128,-969,-57,979,1,43.6610618,-79.3949890,104.40,0.15,0.59,12,1,00:28:26,00
2011148,0,24289,43.93,1,1,0.00,0.0,20791,130,-970,-57,980,1,43.6610618,-79.3949890,104.40,0.15,0.59,12,1,00:28:26,00
2011455,2,24289,43.97,1,1,0.00,0.0,20791,129,-969,-58,980,1,43.6610623,-79.3949890,104.40,0.15,0.61,12,1,00:28:27,00
2011766,-2,24289,43.92,1,1,0.00,0.0,20791,130,-970,-59,980,1,43.6610623,-79.3949890,104.40,0.15,0.61,12,1,00:28:27,00
2012075,6,24289,43.93,1,1,0.00,0.0,20791,127,-969,-59,979,1,43.6610623,-79.3949890,104.40,0.15,0.61,12,1,00:28:27,00
2012383,7,24289,43.92,1,1,0.00,0.0,20791,128,-969,-59,979,1,43.6610623,-79.3949887,104.40,0.11,0.59,12,1,00:28:28,00
2012688,9,24289,43.90,1,1,0.00,0.0,20791,128,-969,-57,979,1,43.6610623,-79.3949887,104.40,0.11,0.59,12,1,00:28:28,00
2012996,11,24289,43.93,1,1,0.00,0.0,20791,130,-969,-56,980,1,43.6610623,-79.3949887,104.40,0.11,0.59,12,1,00:28:28,00
2013369,10,24289,43.92,1,1,0.00,0.0,20791,130,-969,-62,980,1,43.6610630,-79.3949878,104.40,0.11,0.59,12,1,00:28:29,00
2013670,8,24289,43.87,1,1,0.00,0.0,20791,127,-967,-60,977,1,43.6610630,-79.3949878,104.40,0.11,0.59,12,1,00:28:29,00
2013980,-3,24289,43.88,1,1,0.00,0.0,20791,132,-971,-60,982,1,43.6610630,-79.3949878,104.40,0.11,0.59,12,1,00:28:29,00
2014282,2,24289,43.89,1,1,0.00,0.0,20791,136,-967,-55,978,1,43.6610630,-79.3949878,104.40,0.11,0.59,12,1,00:28:29,00
2014592,0,24289,43.90,1,1,0.00,0.0,20791,127,-969,-56,979,1,43.6610642,-79.3949883,104.50,0.17,0.59,12,1,00:28:30,00
2014909,0,24289,43.90,1,1,0.00,0.0,20791,129,-970,-54,980,1,43.6610642,-79.3949883,104.50,0.17,0.59,12,1,00:28:30,00
2015216,2,24289,43.88,1,1,0.00,0.0,20791,129,-970,-57,980,1,43.6610642,-79.3949883,104.50,0.17,0.59,12,1,00:28:30,00
2015520,4,24289,43.86,1,1,0.00,0.0,20791,130,-970,-57,980,1,43.6610648,-79.3949875,104.40,0.11,0.66,12,1,00:28:31,00
2015825,7,24289,43.85,1,1,0.00,0.0,20791,130,-972,-58,982,1,43.6610648,-79.3949875,104.40,0.11,0.66,12,1,00:28:31,00
2016153,4,24289,43.88,1,1,0.00,0.0,20791,129,-970,-57,980,1,43.6610648,-79.3949875,104.40,0.11,0.66,12,1,00:28:31,00
2016459,9,24289,43.83,1,1,0.00,0.0,20791,128,-968,-55,978,1,43.6610678,-79.3949892,104.40,0.04,0.66,12,1,00:28:32,00
2016765,4,24289,43.80,1,1,0.00,0.0,20791,135,-967,-60,978,1,43.6610678,-79.3949892,104.40,0.04,0.59,12,1,00:28:32,00
2017077,5,24289,43.77,1,1,0.00,0.0,20791,130,-973,-58,983,1,43.6610678,-79.3949892,104.40,0.04,0.59,12,1,00:28:32,00
2017389,1,24289,43.73,1,1,0.00,0.0,20791,130,-970,-57,981,1,43.6610678,-79.3949892,104.40,0.04,0.59,12,1,00:28:32,00
2017695,-3,24289,43.72,1,1,0.00,0.0,20791,130,-971,-56,981,1,43.6610688,-79.3949902,104.30,0.11,0.59,12,1,00:28:33,00
2018008,-3,24289,43.75,1,1,0.00,0.0,20791,124,-971,-37,980,1,43.6610688,-79.3949902,104.30,0.11,0.59,12,1,00:28:33,00
2018390,3,24289,43.76,1,1,0.00,0.0,20791,123,-969,-43,978,1,43.6610688,-79.3949902,104.30,0.11,0.59,12,1,00:28:33,00
2018700,9,24289,43.77,1,1,0.00,0.0,20791,132,-970,-62,981,1,43.6610703,-79.3949908,104.30,0.07,0.59,12,1,00:28:34,00
2019018,10,24289,43.74,1,1,0.00,0.0,20791,130,-967,-53,977,1,43.6610703,-79.3949908,104.30,0.07,0.59,12,1,00:28:34,00
2019369,7,24289,43.70,1,1,0.00,0.0,20791,130,-968,-51,978,1,43.6610703,-79.3949908,104.30,0.07,0.59,12,1,00:28:34,00
2019662,3,24289,43.65,1,1,0.00,0.0,20791,130,-971,-53,981,1,43.6610707,-79.3949898,104.30,0.11,0.59,12,1,00:28:35,00
2019952,4,24289,43.63,1,1,0.00,0.0,20791,130,-971,-58,981,1,43.6610707,-79.3949898,104.40,0.11,0.59,12,1,00:28:35,00
2020244,6,24289,43.61,1,1,0.00,0.0,20791,132,-970,-55,980,1,43.6610707,-79.3949898,104.40,0.11,0.59,12,1,00:28:35,00
2020542,10,24289,43.60,1,1,0.00,0.0,20791,132,-969,-57,980,1,43.6610707,-79.3949898,104.40,0.11,0.59,12,1,00:28:35,00
2020834,4,24289,43.58,1,1,0.00,0.0,20791,126,-971,-61,981,1,43.6610710,-79.3949888,104.30,0.04,0.62,12,1,00:28:36,00
2021128,6,24289,43.59,1,1,0.00,0.0,20791,139,-970,-49,981,1,43.6610710,-79.3949888,104.30,0.04,0.62,12,1,00:28:36,00
2021422,10,24289,43.61,1,1,0.00,0.0,20791,132,-970,-65,981,1,43.6610710,-79.3949888,104.30,0.04,0.62,12,1,00:28:36,00
2021717,-1,24289,43.58,1,1,0.00,0.0,20791,136,-969,-66,981,1,43.6610713,-79.3949887,104.30,0.11,0.62,12,1,00:28:37,00
2022021,11,24289,43.56,1,1,0.00,0.0,20791,134,-973,-58,983,1,43.6610713,-79.3949887,104.40,0.11,0.64,12,1,00:28:37,00
2022317,14,24289,43.55,1,1,0.00,0.0,20791,131,-970,-47,980,1,43.6610713,-79.3949887,104.40,0.11,0.64,12,1,00:28:37,00
2022618,8,24289,43.56,1,1,0.00,0.0,20791,129,-969,-54,979,1,43.6610713,-79.3949887,104.40,0.11,0.64,12,1,00:28:37,00
2022915,11,24289,43.60,1,1,0.00,0.0,20791,128,-971,-62,982,1,43.6610720,-79.3949882,104.40,0.02,0.59,12,1,00:28:38,00
2023278,19,24289,43.60,1,1,0.00,0.0,20791,131,-967,-56,977,1,43.6610720,-79.3949882,104.40,0.02,0.59,12,1,00:28:38,00
2023575,21,24289,43.66,1,1,0.00,0.0,20791,131,-970,-62,981,1,43.6610720,-79.3949882,104.40,0.02,0.59,12,1,00:28:38,00
2023865,18,24289,43.65,1,1,0.00,0.0,20791,150,-965,-59,978,1,43.6610730,-79.3949878,104.40,0.33,0.59,12,1,00:28:39,00
2024158,11,24289,43.65,1,1,0.00,0.0,20791,116,-977,-32,984,1,43.6610730,-79.3949878,104.40,0.33,0.65,12,1,00:28:39,00
2024446,23,24289,43.65,1,1,0.00,0.0,20791,129,-969,-50,978,1,43.6610730,-79.3949878,104.40,0.33,0.65,12,1,00:28:39,00
2024745,13,24289,43.64,1,1,0.00,0.0,20791,127,-969,-49,979,1,43.6610730,-79.3949878,104.40,0.33,0.65,12,1,00:28:39,00
2025035,27,24289,43.64,1,1,0.00,0.0,20791,124,-965,-37,974,1,43.6610730,-79.3949877,104.30,0.13,0.64,12,1,00:28:40,00
2025332,25,24289,43.61,1,1,0.00,0.0,20791,132,-971,-48,981,1,43.6610730,-79.3949877,104.30,0.13,0.64,12,1,00:28:40,00
2025626,13,24289,43.59,1,1,0.00,0.0,20791,127,-964,-49,974,1,43.6610730,-79.3949877,104.30,0.13,0.64,12,1,00:28:40,00
2025921,15,24289,43.52,1,1,0.00,0.0,20791,126,-969,-27,977,1,43.6610727,-79.3949873,104.30,0.02,0.64,12,1,00:28:41,00
2026213,21,24289,43.49,1,1,0.00,0.0,20791,133,-971,-74,982,1,43.6610727,-79.3949873,104.40,0.02,0.62,12,1,00:28:41,00
2026512,18,24289,43.44,1,1,0.00,0.0,20791,125,-965,-60,975,1,43.6610727,-79.3949873,104.40,0.02,0.62,12,1,00:28:41,00
2026815,1,24289,43.41,1,1,0.00,0.0,20791,132,-967,-54,977,1,43.6610727,-79.3949873,104.40,0.02,0.62,12,1,00:28:41,00
2027120,1,24289,43.38,1,1,0.00,0.0,20791,134,-970,-57,981,1,43.6610727,-79.3949870,104.50,0.09,0.62,12,1,00:28:42,00
2027420,11,24289,43.34,1,1,0.00,0.0,20791,129,-971,-52,981,1,43.6610727,-79.3949870,104.50,0.09,0.62,12,1,00:28:42,00
2027720,4,24289,43.34,1,1,0.00,0.0,20791,132,-969,-60,979,1,43.6610727,-79.3949870,104.50,0.09,0.62,12,1,00:28:42,00
2028083,-4,24289,43.35,1,1,0.00,0.0,20791,130,-970,-60,980,1,43.6610727,-79.3949865,104.70,0.09,0.62,12,1,00:28:43,00
2028376,-5,24289,43.35,1,1,0.00,0.0,20791,135,-966,-71,978,1,43.6610727,-79.3949865,104.70,0.09,0.62,12,1,00:28:43,00
2028671,2,24289,43.36,1,1,0.00,0.0,20791,129,-970,-55,980,1,43.6610727,-79.3949865,104.70,0.09,0.62,12,1,00:28:43,00
2028980,3,24289,43.38,1,1,0.00,0.0,20791,129,-968,-66,978,1,43.6610718,-79.3949865,104.70,0.50,0.62,12,1,00:28:44,00
2029283,-1,24289,43.41,1,1,0.00,0.0,20791,122,-971,-64,980,1,43.6610718,-79.3949865,104.70,0.50,0.62,12,1,00:28:44,00
2029582,4,24289,43.45,1,1,0.00,0.0,20791,130,-968,-57,978,1,43.6610718,-79.3949865,104.70,0.50,0.62,12,1,00:28:44,00
2029882,1,24289,43.47,1,1,0.00,0.0,20791,156,-954,-86,970,1,43.6610718,-79.3949865,104.70,0.50,0.62,12,1,00:28:44,00
2030179,0,24289,43.50,1,1,0.00,0.0,20791,113,-972,-73,981,1,43.6610698,-79.3949858,104.40,0.69,0.59,12,1,00:28:45,00
2030479,13,24289,43.60,1,1,0.00,0.0,20791,103,-988,-36,994,1,43.6610698,-79.3949858,104.40,0.69,0.59,12,1,00:28:45,00
2030782,13,24289,43.67,1,1,0.00,0.0,20791,154,-944,-164,970,1,43.6610698,-79.3949858,104.40,0.69,0.59,12,1,00:28:45,00
2031089,18,24289,43.63,1,1,0.00,0.0,20791,93,-986,-40,991,1,43.6610688,-79.3949888,104.40,1.44,0.59,12,1,00:28:46,00
2031393,30,24289,43.65,1,1,0.00,0.0,20791,138,-969,-51,980,1,43.6610688,-79.3949888,104.20,1.44,0.59,12,1,00:28:46,00
2031694,7,24289,43.64,1,1,0.00,0.0,20791,122,-964,-51,973,1,43.6610688,-79.3949888,104.20,1.44,0.59,12,1,00:28:46,00
2031998,15,24289,43.62,1,1,0.00,0.0,20791,137,-970,-75,982,1,43.6610688,-79.3949888,104.20,1.44,0.59,12,1,00:28:46,00
2032299,13,24289,43.59,1,1,0.00,0.0,20791,160,-966,-71,981,1,43.6610685,-79.3949938,104.30,1.85,0.66,12,1,00:28:47,00
2032599,24,24289,43.56,1,1,0.00,0.0,20791,115,-976,-87,987,1,43.6610685,-79.3949938,104.30,1.85,0.66,12,1,00:28:47,00
2032969,23,24289,43.56,1,1,0.00,0.0,20791,124,-978,-93,990,1,43.6610685,-79.3949938,104.30,1.85,0.66,12,1,00:28:47,00
2033274,11,24289,43.49,1,1,0.00,0.0,20791,146,-963,-121,982,1,43.6610680,-79.3949950,104.20,0.37,0.62,12,1,00:28:48,00
2033579,10,24289,43.52,1,1,0.00,0.0,20791,116,-970,-40,978,1,43.6610680,-79.3949950,104.20,0.37,0.62,12,1,00:28:48,00
2033883,10,24289,43.46,1,1,0.00,0.0,20791,95,-995,-77,1003,1,43.6610680,-79.3949950,104.20,0.37,0.62,12,1,00:28:48,00
2034186,1,24289,43.43,1,1,0.00,0.0,20791,176,-945,-129,970,1,43.6610657,-79.3949938,104.10,1.33,0.59,12,1,00:28:49,00
2034486,3,24289,43.41,1,1,0.00,0.0,20791,124,-965,-88,977,1,43.6610657,-79.3949938,104.10,1.33,0.59,12,1,00:28:49,00
2034789,-1,24289,43.36,1,1,0.00,0.0,20791,136,-967,-27,977,1,43.6610657,-79.3949938,104.10,1.33,0.59,12,1,00:28:49,00
2035092,6,24289,43.33,1,1,0.00,0.0,20791,117,-975,-21,982,1,43.6610628,-79.3949955,103.90,1.37,0.59,12,1,00:28:50,00
2035401,10,24289,43.35,1,1,0.00,0.0,20791,138,-972,-65,984,1,43.6610628,-79.3949955,103.90,1.37,0.59,12,1,00:28:50,00
2035708,8,24289,43.32,1,1,0.00,0.0,20791,129,-963,-51,973,1,43.6610628,-79.3949955,103.90,1.37,0.59,12,1,00:28:50,00
2036017,24,24289,43.37,1,1,0.00,0.0,20791,128,-971,-56,981,1,43.6610613,-79.3949967,103.90,0.65,0.59,12,1,00:28:51,00
2036325,8,24289,43.35,1,1,0.00,0.0,20791,115,-980,-77,989,1,43.6610613,-79.3949967,103.60,0.65,0.59,12,1,00:28:51,00
2036634,18,24289,43.42,1,1,0.00,0.0,20791,131,-969,-68,980,1,43.6610613,-79.3949967,103.60,0.65,0.59,12,1,00:28:51,00
2036938,25,24289,43.46,1,1,0.00,0.0,20791,129,-969,-65,980,1,43.6610613,-79.3949967,103.60,0.65,0.59,12,1,00:28:51,00
2037252,14,24289,43.47,1,1,0.00,0.0,20791,124,-970,-50,980,1,43.6610665,-79.3949990,103.70,0.93,0.62,12,1,00:28:52,00
2037569,19,24289,43.52,1,1,0.00,0.0,20791,118,-970,-65,979,1,43.6610665,-79.3949990,103.70,0.93,0.62,12,1,00:28:52,00
2037940,15,24289,43.57,1,1,0.00,0.0,20791,134,-968,-63,979,1,43.6610665,-79.3949990,103.70,0.93,0.62,12,1,00:28:52,00
2038241,13,24289,43.59,1,1,0.00,0.0,20791,131,-970,-57,980,1,43.6610693,-79.3949977,103.60,0.30,0.59,12,1,00:28:53,00
2038545,22,24289,43.64,1,1,0.00,0.0,20791,129,-971,-58,981,1,43.6610693,-79.3949977,103.60,0.30,0.59,12,1,00:28:53,00
2038861,11,24289,43.70,1,1,0.00,0.0,20791,128,-970,-58,980,1,43.6610693,-79.3949977,103.60,0.30,0.59,12,1,00:28:53,00
2039173,14,24289,43.73,1,1,0.00,0.0,20791,129,-968,-55,978,1,43.6610715,-79.3949932,103.80,0.13,0.59,12,1,00:28:54,00
2039479,27,24289,43.77,1,1,0.00,0.0,20791,128,-971,-55,981,1,43.6610715,-79.3949932,103.80,0.13,0.59,12,1,00:28:54,00
2039796,12,24289,43.82,1,1,0.00,0.0,20791,131,-971,-49,981,1,43.6610715,-79.3949932,103.80,0.13,0.59,12,1,00:28:54,00
2040104,10,24289,43.83,1,1,0.00,0.0,20791,127,-970,-54,980,1,43.6610692,-79.3949925,103.90,0.06,0.61,12,1,00:28:55,00
2040415,20,24289,43.88,1,1,0.00,0.0,20791,128,-970,-55,980,1,43.6610692,-79.3949925,103.90,0.06,0.61,12,1,00:28:55,00
2040725,14,24289,43.89,1,1,0.00,0.0,20791,130,-970,-57,980,1,43.6610692,-79.3949925,103.90,0.06,0.61,12,1,00:28:55,00
2041038,16,24289,43.95,1,1,0.00,0.0,20791,128,-969,-59,979,1,43.6610655,-79.3949908,103.90,0.04,0.61,12,1,00:28:56,00
2041393,12,24289,44.01,1,1,0.00,0.0,20791,129,-969,-58,979,1,43.6610655,-79.3949908,104.00,0.04,0.66,12,1,00:28:56,00
2041685,19,24289,44.03,1,1,0.00,0.0,20791,131,-969,-54,980,1,43.6610655,-79.3949908,104.00,0.04,0.66,12,1,00:28:56,00
2041986,16,24289,44.08,1,1,0.00,0.0,20791,131,-970,-57,980,1,43.6610643,-79.3949940,104.00,2.00,0.66,12,1,00:28:57,00
2042281,15,24289,44.08,1,1,0.00,0.0,20791,129,-970,-59,981,1,43.6610643,-79.3949940,104.20,2.00,0.67,12,1,00:28:57,00
2042572,17,24289,44.15,1,1,0.00,0.0,20791,127,-970,-58,980,1,43.6610643,-79.3949940,104.20,2.00,0.67,12,1,00:28:57,00
2042928,13,24289,44.16,1,1,0.00,0.0,20791,130,-969,-57,979,1,43.6610643,-79.3949940,104.20,2.00,0.67,12,1,00:28:57,00
2043216,10,24289,44.17,1,1,0.00,0.0,20791,126,-968,-59,978,1,43.6610648,-79.3949923,104.40,0.85,0.64,12,1,00:28:58,00
2043510,19,24289,44.20,1,1,0.00,0.0,20791,129,-969,-57,980,1,43.6610648,-79.3949923,104.40,0.85,0.64,12,1,00:28:58,00
2043803,8,24289,44.24,1,1,0.00,0.0,20791,130,-970,-56,981,1,43.6610648,-79.3949923,104.40,0.85,0.64,12,1,00:28:58,00
2044101,12,24289,44.28,1,1,0.00,0.0,20791,129,-970,-58,980,1,43.6610607,-79.3949833,104.50,4.35,0.62,12,1,00:28:59,00
2044393,12,24289,44.31,1,1,0.00,0.0,20791,131,-971,-56,981,1,43.6610607,-79.3949833,104.50,4.35,0.62,12,1,00:28:59,00
2044682,12,24289,44.32,1,1,0.00,0.0,20791,130,-970,-58,981,1,43.6610607,-79.3949833,104.50,4.35,0.62,12,1,00:28:59,00
2044977,16,24289,44.33,1,1,0.00,0.0,20791,129,-970,-59,980,1,43.6610572,-79.3949758,104.50,1.98,0.62,12,1,00:29:00,00
2045272,18,24289,44.38,1,1,0.00,0.0,20791,128,-969,-58,979,1,43.6610572,-79.3949758,104.80,1.98,0.59,12,1,00:29:00,00
2045569,20,24289,44.36,1,1,0.00,0.0,20791,125,-973,-47,982,1,43.6610572,-79.3949758,104.80,1.98,0.59,12,1,00:29:00,00
2045864,10,24289,44.41,1,1,0.00,0.0,20791,128,-969,-56,979,1,43.6610572,-79.3949758,104.80,1.98,0.59,12,1,00:29:00,00
2046165,14,24289,44.39,1,1,0.00,0.0,20791,126,-971,-51,981,1,43.6610557,-79.3949750,104.90,0.31,0.59,12,1,00:29:01,00
2046461,26,24289,44.42,1,1,0.00,0.0,20791,129,-969,-51,979,1,43.6610557,-79.3949750,104.90,0.31,0.59,12,1,00:29:01,00
2046763,13,24289,44.43,1,1,0.00,0.0,20791,127,-969,-59,979,1,43.6610557,-79.3949750,104.90,0.31,0.59,12,1,00:29:01,00
2047061,11,24289,44.47,1,1,0.00,0.0,20791,130,-969,-56,979,1,43.6610547,-79.3949783,104.80,1.02,0.59,12,1,00:29:02,00
2047355,17,24289,44.45,1,1,0.00,0.0,20791,131,-972,-56,983,1,43.6610547,-79.3949783,104.80,1.02,0.59,12,1,00:29:02,00
2047716,15,24289,44.49,1,1,0.00,0.0,20791,130,-971,-59,981,1,43.6610547,-79.3949783,104.80,1.02,0.59,12,1,00:29:02,00
2048011,16,24289,44.51,1,1,0.00,0.0,20791,128,-970,-59,980,1,43.6610665,-79.3949813,104.80,4.20,0.59,12,1,00:29:03,00
2048312,21,24289,44.53,1,1,0.00,0.0,20791,129,-970,-58,980,1,43.6610665,-79.3949813,104.60,4.20,0.63,12,1,00:29:03,00
2048615,18,24289,44.53,1,1,0.00,0.0,20791,131,-969,-56,980,1,43.6610665,-79.3949813,104.60,4.20,0.63,12,1,00:29:03,00
2048916,18,24289,44.55,1,1,0.00,0.0,20791,128,-969,-58,979,1,43.6610665,-79.3949813,104.60,4.20,0.63,12,1,00:29:03,00
2049212,19,24289,44.55,1,1,0.00,0.0,20791,127,-965,-61,975,1,43.6610817,-79.3949840,104.50,4.61,0.67,12,1,00:29:04,00
2049512,34,24289,44.57,1,1,0.00,0.0,20791,133,-968,-55,979,1,43.6610817,-79.3949840,104.50,4.61,0.67,12,1,00:29:04,00
2049805,18,24289,44.55,1,1,0.00,0.0,20791,129,-970,-56,980,1,43.6610817,-79.3949840,104.50,4.61,0.67,12,1,00:29:04,00
2050104,22,24289,44.59,1,1,0.00,0.0,20791,131,-970,-60,980,1,43.6610908,-79.3949860,103.70,2.26,0.67,12,1,00:29:05,00
2050408,17,24289,44.60,1,1,0.00,0.0,20791,131,-970,-56,980,1,43.6610908,-79.3949860,103.70,2.26,0.67,12,1,00:29:05,00
2050706,13,24289,44.59,1,1,0.00,0.0,20791,128,-970,-55,980,1,43.6610908,-79.3949860,103.70,2.26,0.67,12,1,00:29:05,00
2051006,17,24289,44.60,1,1,0.00,0.0,20791,127,-972,-55,982,1,43.6610942,-79.3949922,103.70,2.50,0.70,12,1,00:29:06,00
2051304,11,24289,44.59,1,1,0.00,0.0,20791,129,-970,-59,980,1,43.6610942,-79.3949922,103.70,2.50,0.70,12,1,00:29:06,00
2051605,19,24289,44.59,1,1,0.00,0.0,20791,131,-970,-47,980,1,43.6610942,-79.3949922,103.70,2.50,0.70,12,1,00:29:06,00
2051911,3,24289,44.60,1,1,0.00,0.0,20791,129,-970,-53,980,1,43.6610998,-79.3949978,103.70,1.61,0.70,12,1,00:29:07,00
2052213,5,24289,44.61,1,1,0.00,0.0,20791,132,-969,-61,980,1,43.6610998,-79.3949978,103.40,1.61,0.66,12,1,00:29:07,00
2052585,1,24289,44.60,1,1,0.00,0.0,20791,130,-968,-61,979,1,43.6610998,-79.3949978,103.40,1.61,0.66,12,1,00:29:07,00
2052885,4,24289,44.61,1,1,0.00,0.0,20791,128,-974,-55,984,1,43.6610997,-79.3950048,103.40,2.28,0.66,12,1,00:29:08,00
2053189,-3,24289,44.62,1,1,0.00,0.0,20791,131,-971,-57,981,1,43.6610997,-79.3950048,103.20,2.28,0.66,12,1,00:29:08,00
2053488,12,24289,44.64,1,1,0.00,0.0,20791,125,-971,-53,981,1,43.6610997,-79.3950048,103.20,2.28,0.66,12,1,00:29:08,00
2053787,2,24289,44.65,1,1,0.00,0.0,20791,129,-970,-55,980,1,43.6610997,-79.3950048,103.20,2.28,0.66,12,1,00:29:08,00
2054091,2,24289,44.64,1,1,0.00,0.0,20791,127,-969,-55,979,1,43.6610952,-79.3950040,103.50,1.54,0.74,12,1,00:29:09,00
2054395,2,24289,44.66,1,1,0.00,0.0,20791,128,-970,-60,980,1,43.6610952,-79.3950040,103.50,1.54,0.74,12,1,00:29:09,00
2054709,0,24289,44.66,1,1,0.00,0.0,20791,124,-971,-53,981,1,43.6610952,-79.3950040,103.50,1.54,0.74,12,1,00:29:09,00
2055010,1,24289,44.68,1,1,0.00,0.0,20791,127,-970,-55,980,1,43.6610928,-79.3949998,103.60,1.70,0.63,12,1,00:29:10,00
2055315,6,24289,44.67,1,1,0.00,0.0,20791,130,-970,-58,980,1,43.6610928,-79.3949998,103.60,1.70,0.63,12,1,00:29:10,00
2055620,4,24289,44.68,1,1,0.00,0.0,20791,133,-969,-60,980,1,43.6610928,-79.3949998,103.60,1.70,0.63,12,1,00:29:10,00
2055929,1,24289,44.69,1,1,0.00,0.0,20791,131,-969,-59,979,1,43.6610867,-79.3949963,103.60,1.91,0.63,12,1,00:29:11,00
2056233,7,24289,44.68,1,1,0.00,0.0,20791,130,-969,-59,979,1,43.6610867,-79.3949963,103.80,1.91,0.62,12,1,00:29:11,00
2056536,10,24289,44.68,1,1,0.00,0.0,20791,128,-969,-57,979,1,43.6610867,-79.3949963,103.80,1.91,0.62,12,1,00:29:11,00
2056846,3,24289,44.69,1,1,0.00,0.0,20791,128,-970,-59,980,1,43.6610880,-79.3949852,103.80,4.07,0.62,12,1,00:29:12,00
2057160,0,24289,44.69,1,1,0.00,0.0,20791,130,-969,-58,980,1,43.6610880,-79.3949852,104.20,4.07,0.68,12,1,00:29:12,00
2057528,11,24289,44.69,1,1,0.00,0.0,20791,127,-970,-61,980,1,43.6610880,-79.3949852,104.20,4.07,0.68,12,1,00:29:12,00
2057831,-3,24289,44.70,1,1,0.00,0.0,20791,126,-968,-61,978,1,43.6610775,-79.3949823,104.20,3.83,0.68,12,1,00:29:13,00
2058135,2,24289,44.69,1,1,0.00,0.0,20791,129,-970,-59,981,1,43.6610775,-79.3949823,104.40,3.83,0.64,12,1,00:29:13,00
2058440,10,24289,44.70,1,1,0.00,0.0,20791,131,-967,-58,977,1,43.6610775,-79.3949823,104.40,3.83,0.64,12,1,00:29:13,00
2058748,0,24289,44.72,1,1,0.00,0.0,20791,134,-969,-53,980,1,43.6610775,-79.3949823,104.40,3.83,0.64,12,1,00:29:13,00
2059060,0,24289,44.71,1,1,0.00,0.0,20791,128,-966,-65,977,1,43.6610747,-79.3949803,105.70,1.22,0.80,12,1,00:29:14,00
2059360,-1,24289,44.69,1,1,0.00,0.0,20791,127,-968,-55,978,1,43.6610747,-79.3949803,105.70,1.22,0.80,12,1,00:29:14,00
2059665,-1,24289,44.71,1,1,0.00,0.0,20791,131,-970,-56,980,1,43.6610747,-79.3949803,105.70,1.22,0.80,12,1,00:29:14,00
2059976,-4,24289,44.72,1,1,0.00,0.0,20791,132,-971,-53,981,1,43.6610665,-79.3949780,105.40,3.83,0.80,12,1,00:29:15,00
2060289,-2,24289,44.72,1,1,0.00,0.0,20791,133,-970,-57,981,1,43.6610665,-79.3949780,105.40,3.83,0.80,12,1,00:29:15,00
2060596,2,24289,44.75,1,1,0.00,0.0,20791,132,-968,-57,979,1,43.6610665,-79.3949780,105.40,3.83,0.80,12,1,00:29:15,00
2060904,-3,24289,44.72,1,1,0.00,0.0,20791,134,-969,-55,979,1,43.6610647,-79.3949783,104.70,0.65,0.72,12,1,00:29:16,00
2061218,2,24289,44.72,1,1,0.00,0.0,20791,129,-968,-59,979,1,43.6610647,-79.3949783,104.70,0.65,0.72,12,1,00:29:16,00
2061534,-1,24289,44.73,1,1,0.00,0.0,20791,130,-970,-55,980,1,43.6610647,-79.3949783,104.70,0.65,0.72,12,1,00:29:16,00
2061845,2,24289,44.74,1,1,0.00,0.0,20791,130,-972,-57,982,1,43.6610692,-79.3949778,104.70,3.04,0.72,12,1,00:29:17,00
2062162,1,24289,44.76,1,1,0.00,0.0,20791,125,-968,-60,978,1,43.6610692,-79.3949778,104.00,3.04,0.67,12,1,00:29:17,00
2062542,7,24289,44.73,1,1,0.00,0.0,20791,130,-970,-56,980,1,43.6610692,-79.3949778,104.00,3.04,0.67,12,1,00:29:17,00
2062854,0,24289,44.75,1,1,0.00,0.0,20791,135,-968,-48,978,1,43.6610840,-79.3949785,104.00,4.69,0.67,12,1,00:29:18,00
2063166,3,24289,44.75,1,1,0.00,0.0,20791,127,-970,-53,980,1,43.6610840,-79.3949785,106.60,4.69,0.68,12,1,00:29:18,00
2063530,4,24289,44.76,1,1,0.00,0.0,20791,128,-967,-59,977,1,43.6610840,-79.3949785,106.60,4.69,0.68,12,1,00:29:18,00
2063820,-1,24289,44.78,1,1,0.00,0.0,20791,128,-971,-57,981,1,43.6610898,-79.3949762,106.60,4.15,0.68,12,1,00:29:19,00
2064111,1,24289,44.75,1,1,0.00,0.0,20791,132,-971,-56,982,1,43.6610898,-79.3949762,105.50,4.15,0.68,12,1,00:29:19,00
2064404,6,24289,44.73,1,1,0.00,0.0,20791,129,-969,-52,979,1,43.6610898,-79.3949762,105.50,4.15,0.68,12,1,00:29:19,00
2064693,3,24289,44.75,1,1,0.00,0.0,20791,129,-971,-56,982,1,43.6610898,-79.3949762,105.50,4.15,0.68,12,1,00:29:19,00
2064984,-4,24289,44.76,1,1,0.00,0.0,20791,127,-970,-56,980,1,43.6610823,-79.3949755,106.40,1.98,0.68,12,1,00:29:20,00
2065273,-3,24289,44.73,1,1,0.00,0.0,20791,130,-968,-59,979,1,43.6610823,-79.3949755,106.40,1.98,0.68,12,1,00:29:20,00
2065569,-1,24289,44.75,1,1,0.00,0.0,20791,132,-967,-61,978,1,43.6610823,-79.3949755,106.40,1.98,0.68,12,1,00:29:20,00
2065859,-3,24289,44.74,1,1,0.00,0.0,20791,130,-969,-56,980,1,43.6610797,-79.3949738,106.40,0.78,0.68,12,1,00:29:21,00
2066152,0,24289,44.75,1,1,0.00,0.0,20791,128,-970,-53,980,1,43.6610797,-79.3949738,106.20,0.78,0.62,12,1,00:29:21,00
2066447,8,24289,44.73,1,1,0.00,0.0,20791,129,-969,-56,979,1,43.6610797,-79.3949738,106.20,0.78,0.62,12,1,00:29:21,00
2066742,-1,24289,44.73,1,1,0.00,0.0,20791,127,-971,-58,981,1,43.6610797,-79.3949738,106.20,0.78,0.62,12,1,00:29:21,00
2067039,0,24289,44.73,1,1,0.00,0.0,20791,128,-969,-57,979,1,43.6610858,-79.3949732,106.90,1.41,0.64,12,1,00:29:22,00
2067396,2,24289,44.73,1,1,0.00,0.0,20791,131,-969,-55,979,1,43.6610858,-79.3949732,106.90,1.41,0.64,12,1,00:29:22,00
2067695,3,24289,44.72,1,1,0.00,0.0,20791,129,-968,-54,978,1,43.6610858,-79.3949732,106.90,1.41,0.64,12,1,00:29:22,00
2067986,-4,24289,44.72,1,1,0.00,0.0,20791,129,-971,-54,981,1,43.6610798,-79.3949678,105.00,1.98,0.64,12,1,00:29:23,00
2068279,136,24289,44.71,1,1,0.00,0.0,20791,127,-971,-56,981,1,43.6610798,-79.3949678,105.00,1.98,0.64,12,1,00:29:23,00
2068572,1623,24289,44.71,1,1,0.00,0.0,20791,125,-970,-57,980,1,43.6610798,-79.3949678,105.00,1.98,0.64,12,1,00:29:23,00
2068866,4464,24289,44.71,1,1,0.00,0.0,20791,126,-969,-58,979,1,43.6610828,-79.3949620,105.00,2.20,0.64,12,1,00:29:24,00
2069162,8587,24289,44.71,1,1,0.00,0.0,20791,120,-970,-63,980,1,43.6610828,-79.3949620,103.40,2.20,0.64,12,1,00:29:24,00
2069458,14067,24289,44.70,1,1,0.00,0.0,20791,104,-971,-65,979,1,43.6610828,-79.3949620,103.40,2.20,0.64,12,1,00:29:24,00
2069762,24069,24289,44.68,1,1,0.00,0.0,20791,86,-980,-76,987,1,43.6610775,-79.3949590,103.40,2.20,0.64,12,1,00:29:25,00
2070059,24520,24289,44.68,1,1,0.00,0.0,20791,83,-977,-64,982,1,43.6610775,-79.3949590,103.10,2.20,0.62,12,1,00:29:25,00
2070354,24520,24289,44.69,1,1,0.00,0.0,20792,60,-985,-73,989,1,43.6610775,-79.3949590,103.10,2.20,0.62,12,1,00:29:25,00
2070655,24454,24289,44.66,1,1,1.82,19.0,20794,83,-941,-94,949,1,43.6610775,-79.3949590,103.10,2.20,0.62,12,1,00:29:25,00
2070950,22291,24289,44.66,1,1,2.83,29.6,20796,86,-971,-82,978,1,43.6610757,-79.3949557,102.90,1.81,0.62,12,1,00:29:26,00
2071251,19537,24289,44.68,1,1,3.49,36.5,20798,87,-986,-93,994,1,43.6610757,-79.3949557,102.90,1.81,0.62,12,1,00:29:26,00
2071554,20451,24289,44.69,1,1,3.99,41.7,20800,100,-941,-115,953,1,43.6610757,-79.3949557,102.90,1.81,0.62,12,1,00:29:26,00
2071857,19466,24289,44.71,1,1,4.41,46.1,20802,95,-957,-125,970,1,43.6610735,-79.3949462,102.90,3.96,0.62,12,1,00:29:27,00
2072228,19463,24289,44.67,1,1,3.46,36.2,20806,103,-962,-107,974,1,43.6610735,-79.3949462,102.10,3.96,0.64,12,1,00:29:27,00
2072522,22573,24289,44.66,1,1,5.94,62.0,20809,100,-1008,-125,1021,1,43.6610735,-79.3949462,102.10,3.96,0.64,12,1,00:29:27,00
2072816,22921,24289,44.68,1,1,6.48,67.7,20813,70,-954,-54,958,1,43.6610755,-79.3949402,102.10,1.43,0.64,12,1,00:29:28,00
2073117,22676,24289,44.68,1,1,5.76,60.1,20817,113,-983,-103,995,1,43.6610755,-79.3949402,102.70,1.43,0.64,12,1,00:29:28,00
2073417,14160,24289,44.66,1,1,6.24,65.1,20821,137,-861,-156,886,1,43.6610755,-79.3949402,102.70,1.43,0.64,12,1,00:29:28,00
2073710,10983,24289,44.67,1,1,6.58,68.7,20825,103,-967,-69,975,1,43.6610755,-79.3949402,102.70,1.43,0.64,12,1,00:29:28,00
2074010,10269,24289,44.65,1,1,6.89,71.9,20829,169,-935,-196,970,1,43.6610782,-79.3949362,103.30,2.41,0.64,12,1,00:29:29,00
2074312,11946,24289,44.63,1,1,7.46,77.9,20834,91,-986,-126,998,1,43.6610782,-79.3949362,103.30,2.41,0.64,12,1,00:29:29,00
2074609,11825,24289,44.62,1,1,9.33,97.4,20840,44,-1029,-18,1030,1,43.6610782,-79.3949362,103.30,2.41,0.64,12,1,00:29:29,00
2074909,12019,24289,44.61,1,1,8.06,84.2,20845,108,-885,-86,896,1,43.6610802,-79.3949323,101.90,1.91,0.74,12,1,00:29:30,00
2075210,13092,24289,44.64,1,1,8.31,86.8,20850,97,-1022,-108,1032,1,43.6610802,-79.3949323,101.90,1.91,0.74,12,1,00:29:30,00
2075519,13783,24289,44.67,1,1,8.84,92.3,20856,75,-963,-17,966,1,43.6610802,-79.3949323,101.90,1.91,0.74,12,1,00:29:30,00
2075825,12095,24289,44.66,1,1,9.21,96.2,20862,107,-870,-104,882,1,43.6610768,-79.3949380,101.90,1.44,0.74,12,1,00:29:31,00
2076140,15778,24289,44.66,1,1,9.42,98.3,20868,169,-1004,-197,1037,1,43.6610768,-79.3949380,101.30,1.44,0.64,12,1,00:29:31,00
2076446,11413,24289,44.68,1,1,9.81,102.4,20874,92,-1010,-117,1021,1,43.6610768,-79.3949380,101.30,1.44,0.64,12,1,00:29:31,00
2076750,8656,24289,44.67,1,1,10.31,107.7,20881,129,-975,-92,988,1,43.6610822,-79.3949358,101.30,3.82,0.64,12,1,00:29:32,00
2077117,5597,24289,44.63,1,1,9.34,97.5,20888,131,-863,-82,877,1,43.6610822,-79.3949358,100.90,3.82,0.68,12,1,00:29:32,00
2077418,8703,24289,44.69,1,1,10.71,111.8,20895,99,-1062,-17,1067,1,43.6610822,-79.3949358,100.90,3.82,0.68,12,1,00:29:32,00
2077724,6950,24289,44.65,1,1,10.92,114.0,20902,127,-1006,-171,1028,1,43.6610857,-79.3949267,100.90,3.80,0.68,12,1,00:29:33,00
2078031,8584,24289,44.66,1,1,11.02,115.1,20909,99,-1018,-116,1029,1,43.6610857,-79.3949267,100.30,3.80,0.71,12,1,00:29:33,00
2078345,208,24289,44.64,1,1,11.10,115.9,20916,127,-955,-2,964,1,43.6610857,-79.3949267,100.30,3.80,0.71,12,1,00:29:33,00
2078650,759,24289,44.66,1,1,11.06,115.5,20923,212,-872,-163,912,1,43.6610857,-79.3949267,100.30,3.80,0.71,12,1,00:29:33,00
2078960,1510,24289,44.60,1,1,11.06,115.5,20930,132,-920,-36,930,1,43.6610850,-79.3949107,99.80,6.09,0.79,12,1,00:29:34,00
2079262,4267,24289,44.57,1,1,11.06,115.5,20937,152,-948,-174,976,1,43.6610850,-79.3949107,99.80,6.09,0.79,12,1,00:29:34,00
2079572,8969,24289,44.60,1,1,11.33,118.3,20945,85,-939,-122,951,1,43.6610850,-79.3949107,99.80,6.09,0.79,12,1,00:29:34,00
2079878,14141,24289,44.57,1,1,11.36,118.6,20952,137,-1056,-39,1066,1,43.6610918,-79.3948917,99.30,6.85,0.83,12,1,00:29:35,00
2080182,14422,24289,44.56,1,1,11.68,122.0,20959,61,-1093,-68,1097,1,43.6610918,-79.3948917,99.30,6.85,0.83,12,1,00:29:35,00
2080492,10374,24289,44.58,1,1,12.08,126.2,20967,190,-846,-103,873,1,43.6610918,-79.3948917,99.30,6.85,0.83,12,1,00:29:35,00
2080801,7509,24289,44.62,1,1,12.28,128.2,20975,174,-744,31,765,1,43.6610897,-79.3948632,99.30,8.82,0.83,12,1,00:29:36,00
2081117,1253,24289,44.62,1,1,12.48,130.3,20983,138,-973,-29,983,1,43.6610897,-79.3948632,100.40,8.82,0.70,12,1,00:29:36,00
2081435,2022,24289,44.64,1,1,12.71,132.7,20992,131,-947,45,957,1,43.6610897,-79.3948632,100.40,8.82,0.70,12,1,00:29:36,00
2081747,3229,24289,44.66,1,1,12.64,132.0,21000,60,-1103,57,1106,1,43.6610897,-79.3948632,100.40,8.82,0.70,12,1,00:29:36,00
2082123,4634,24289,44.69,1,1,11.71,122.3,21009,76,-889,108,899,1,43.6610828,-79.3948242,102.10,11.52,0.67,12,1,00:29:37,00
2082431,2305,24289,44.71,1,1,12.79,133.5,21018,149,-1067,-175,1091,1,43.6610828,-79.3948242,102.10,11.52,0.67,12,1,00:29:37,00
2082750,1974,24289,44.76,1,1,12.48,130.3,21026,171,-812,-15,830,1,43.6610828,-79.3948242,102.10,11.52,0.67,12,1,00:29:37,00
2083063,4781,24289,44.72,1,1,12.32,128.6,21034,102,-806,-7,812,1,43.6610857,-79.3947883,101.00,10.26,0.71,12,1,00:29:38,00
2083371,10349,24289,44.75,1,1,12.28,128.2,21042,94,-998,-40,1003,1,43.6610857,-79.3947883,101.00,10.26,0.71,12,1,00:29:38,00
2083681,15878,24289,44.75,1,1,12.24,127.8,21050,117,-835,-137,854,1,43.6610857,-79.3947883,101.00,10.26,0.71,12,1,00:29:38,00
2083989,19572,24289,44.77,1,1,12.36,129.0,21058,92,-1050,-181,1070,1,43.6611027,-79.3947548,99.80,12.63,0.71,12,1,00:29:39,00
2084299,23513,24289,44.79,1,1,12.52,130.7,21066,73,-1056,19,1059,1,43.6611027,-79.3947548,99.80,12.63,0.71,12,1,00:29:39,00
2084606,24520,24289,44.80,1,1,12.73,132.9,21074,120,-900,-153,921,1,43.6611027,-79.3947548,99.80,12.63,0.71,12,1,00:29:39,00
2084925,24520,24289,44.79,1,1,13.14,137.2,21083,93,-1087,-130,1099,1,43.6611177,-79.3947318,98.70,8.69,0.76,12,1,00:29:40,00
2085277,24520,24289,44.79,1,1,12.21,127.5,21092,184,-941,-192,978,1,43.6611177,-79.3947318,98.70,8.69,0.76,12,1,00:29:40,00
2085575,24520,24289,44.81,1,1,13.49,140.8,21100,105,-938,-114,951,1,43.6611177,-79.3947318,98.70,8.69,0.76,12,1,00:29:40,00
2085867,4240,24289,44.82,1,1,13.90,145.2,21109,101,-970,-46,977,1,43.6611298,-79.3947042,98.50,10.80,0.76,12,1,00:29:41,00
2086160,4748,24289,44.79,1,1,13.63,142.3,21117,23,-1105,49,1107,1,43.6611298,-79.3947042,98.50,10.80,0.76,12,1,00:29:41,00
2086451,4451,24289,44.84,1,1,13.53,141.3,21125,153,-864,-17,878,1,43.6611298,-79.3947042,98.50,10.80,0.76,12,1,00:29:41,00
2086745,35,24289,44.82,1,1,13.49,140.8,21133,175,-970,-52,987,1,43.6611448,-79.3946702,98.50,13.32,0.76,12,1,00:29:42,00
2087099,496,24289,44.84,1,1,12.60,131.6,21143,68,-975,-23,978,1,43.6611448,-79.3946702,98.20,13.32,0.73,12,1,00:29:42,00
2087387,1375,24289,44.83,1,1,13.44,140.4,21151,224,-879,-104,913,1,43.6611448,-79.3946702,98.20,13.32,0.73,12,1,00:29:42,00
2087675,2835,24289,44.84,1,1,13.35,139.4,21159,165,-1008,-10,1021,1,43.6611448,-79.3946702,98.20,13.32,0.73,12,1,00:29:42,00
2087967,3783,24289,44.82,1,1,13.39,139.9,21167,79,-1024,-3,1027,1,43.6611578,-79.3946418,98.80,10.30,0.67,12,1,00:29:43,00
2088260,8457,24289,44.84,1,1,13.44,140.4,21175,122,-961,-42,969,1,43.6611578,-79.3946418,98.80,10.30,0.67,12,1,00:29:43,00
2088557,12089,24289,44.82,1,1,13.72,143.3,21184,151,-951,-231,991,1,43.6611578,-79.3946418,98.80,10.30,0.67,12,1,00:29:43,00
2088852,17635,24289,44.84,1,1,13.73,143.4,21192,92,-830,-7,835,1,43.6611693,-79.3946140,98.80,10.76,0.67,12,1,00:29:44,00
2089156,21547,24289,44.88,1,1,12.60,131.6,21200,150,-974,-145,996,1,43.6611693,-79.3946140,98.70,10.76,0.64,12,1,00:29:44,00
2089450,24188,24289,44.89,1,1,14.61,152.5,21209,120,-1108,-149,1125,1,43.6611693,-79.3946140,98.70,10.76,0.64,12,1,00:29:44,00
2089743,24520,24289,44.94,1,1,14.96,156.3,21218,101,-944,-127,957,1,43.6611693,-79.3946140,98.70,10.76,0.64,12,1,00:29:44,00
2090041,21479,24289,44.89,1,1,14.13,147.5,21227,200,-1016,-133,1043,1,43.6611823,-79.3945882,98.40,10.74,0.63,12,1,00:29:45,00
2090338,1219,24289,44.88,1,1,14.41,150.5,21236,-16,-1051,137,1060,1,43.6611823,-79.3945882,98.40,10.74,0.63,12,1,00:29:45,00
2090638,-225,24289,44.91,1,1,14.32,149.5,21245,221,-847,-189,896,1,43.6611823,-79.3945882,98.40,10.74,0.63,12,1,00:29:45,00
2090942,-222,24289,44.96,1,1,15.80,165.0,21255,101,-938,94,948,1,43.6611940,-79.3945550,99.20,12.70,0.63,12,1,00:29:46,00
2091253,-196,24289,44.96,1,1,14.22,148.5,21264,142,-788,-13,801,1,43.6611940,-79.3945550,99.20,12.70,0.63,12,1,00:29:46,00
2091551,-183,24289,44.99,1,1,14.08,147.1,21273,82,-859,39,864,1,43.6611940,-79.3945550,99.20,12.70,0.63,12,1,00:29:46,00
2091914,-170,24289,45.01,1,1,14.43,150.7,21284,24,-1125,16,1125,1,43.6612102,-79.3945220,98.30,12.20,0.62,12,1,00:29:47,00
2092213,-163,24289,45.05,1,1,15.25,159.2,21294,211,-935,-181,976,1,43.6612102,-79.3945220,98.30,12.20,0.62,12,1,00:29:47,00
2092509,-143,24289,45.04,1,1,14.96,156.3,21303,51,-1034,59,1037,1,43.6612102,-79.3945220,98.30,12.20,0.62,12,1,00:29:47,00
2092804,-145,24289,45.08,1,1,14.61,152.5,21312,204,-1017,-256,1068,1,43.6612338,-79.3944960,98.30,13.00,0.62,12,1,00:29:48,00
2093103,-127,24289,45.09,1,1,14.32,149.5,21321,84,-1003,38,1007,1,43.6612338,-79.3944960,98.50,13.00,0.62,12,1,00:29:48,00
2093407,-107,24289,45.10,1,1,13.95,145.6,21330,77,-1009,21,1012,1,43.6612338,-79.3944960,98.50,13.00,0.62,12,1,00:29:48,00
2093711,-108,24289,45.10,1,1,11.64,121.5,21337,143,-1027,-73,1040,1,43.6612338,-79.3944960,98.50,13.00,0.62,12,1,00:29:48,00
2094011,-34,24289,45.14,1,1,12.81,133.8,21345,141,-891,-51,904,1,43.6612497,-79.3944710,97.60,9.57,0.62,12,1,00:29:49,00
2094307,128,24289,45.15,1,1,12.32,128.6,21353,101,-1023,-75,1031,1,43.6612497,-79.3944710,97.60,9.57,0.62,12,1,00:29:49,00
2094609,380,24289,45.20,1,1,11.56,120.7,21360,178,-912,-176,946,1,43.6612497,-79.3944710,97.60,9.57,0.62,12,1,00:29:49,00
2094911,3264,24289,45.18,1,1,11.28,117.8,21367,124,-896,-67,907,1,43.6612707,-79.3944452,96.40,11.48,0.69,12,1,00:29:50,00
2095213,5934,24289,45.24,1,1,10.95,114.4,21374,89,-953,-103,962,1,43.6612707,-79.3944452,96.40,11.48,0.69,12,1,00:29:50,00
2095526,12916,24289,45.26,1,1,10.74,112.2,21381,34,-1025,11,1026,1,43.6612707,-79.3944452,96.40,11.48,0.69,12,1,00:29:50,00
2095826,16698,24289,45.29,1,1,10.61,110.8,21388,92,-925,-177,947,1,43.6613012,-79.3944210,96.40,14.72,0.69,12,1,00:29:51,00
2096128,20986,24289,45.29,1,1,10.41,108.7,21394,57,-974,-114,983,1,43.6613012,-79.3944210,95.90,14.72,0.62,12,1,00:29:51,00
2096427,23569,24289,45.31,1,1,10.81,112.9,21401,107,-932,31,938,1,43.6613012,-79.3944210,95.90,14.72,0.62,12,1,00:29:51,00
2096804,22989,24289,45.34,1,1,10.08,105.3,21409,92,-966,-7,971,1,43.6613357,-79.3944148,95.90,13.67,0.62,12,1,00:29:52,00
2097105,23127,24289,45.32,1,1,11.25,117.4,21416,23,-1096,-6,1096,1,43.6613357,-79.3944148,95.50,13.67,0.63,12,1,00:29:52,00
2097405,21817,24289,45.37,1,1,11.44,119.5,21423,158,-850,-203,888,1,43.6613357,-79.3944148,95.50,13.67,0.63,12,1,00:29:52,00
2097712,21262,24289,45.38,1,1,11.82,123.5,21431,8,-873,-1,873,1,43.6613357,-79.3944148,95.50,13.67,0.63,12,1,00:29:52,00
2098013,21163,24289,45.39,1,1,11.80,123.2,21438,111,-928,-130,944,1,43.6613725,-79.3943933,96.60,16.59,0.65,12,1,00:29:53,00
2098314,18524,24289,45.41,1,1,12.32,128.6,21446,175,-966,-95,986,1,43.6613725,-79.3943933,96.60,16.59,0.65,12,1,00:29:53,00
2098619,7918,24289,45.45,1,1,12.40,129.4,21454,50,-970,91,975,1,43.6613725,-79.3943933,96.60,16.59,0.65,12,1,00:29:53,00
2098923,8827,24289,45.45,1,1,12.36,129.0,21462,166,-890,-93,910,1,43.6614063,-79.3943667,95.40,14.06,0.70,12,1,00:29:54,00
2099229,-227,24289,45.44,1,1,12.19,127.3,21469,81,-985,-88,992,1,43.6614063,-79.3943667,95.40,14.06,0.70,12,1,00:29:54,00
2099545,26,24289,45.41,1,1,12.12,126.6,21477,192,-998,-229,1042,1,43.6614063,-79.3943667,95.40,14.06,0.70,12,1,00:29:54,00
2099857,351,24289,45.44,1,1,11.90,124.2,21485,72,-968,64,973,1,43.6614425,-79.3943465,95.40,16.65,0.70,12,1,00:29:55,00
2100170,1646,24289,45.47,1,1,11.61,121.2,21493,194,-937,-148,969,1,43.6614425,-79.3943465,96.90,16.65,0.62,12,1,00:29:55,00
2100475,3609,24289,45.48,1,1,11.28,117.8,21500,10,-1010,74,1013,1,43.6614425,-79.3943465,96.90,16.65,0.62,12,1,00:29:55,00
2100782,8653,24289,45.51,1,1,11.10,115.9,21507,95,-990,-60,996,1,43.6614762,-79.3943152,96.90,15.89,0.62,12,1,00:29:56,00
2101093,14139,24289,45.54,1,1,11.10,115.9,21514,210,-925,-239,978,1,43.6614762,-79.3943152,96.20,15.89,0.64,12,1,00:29:56,00
2101405,15878,24289,45.57,1,1,11.33,118.3,21522,-3,-1057,29,1057,1,43.6614762,-79.3943152,96.20,15.89,0.64,12,1,00:29:56,00
2101782,15177,24289,45.61,1,1,10.19,106.4,21530,80,-1037,-63,1042,1,43.6614762,-79.3943152,96.20,15.89,0.64,12,1,00:29:56,00
2102091,18456,24289,45.60,1,1,11.17,116.7,21537,71,-1002,26,1005,1,43.6615050,-79.3943002,97.20,11.98,0.62,12,1,00:29:57,00
2102398,20220,24289,45.67,1,1,11.25,117.5,21544,71,-942,-6,945,1,43.6615050,-79.3943002,97.20,11.98,0.62,12,1,00:29:57,00
2102714,22314,24289,45.66,1,1,11.54,120.5,21552,42,-1000,-65,1003,1,43.6615050,-79.3943002,97.20,11.98,0.62,12,1,00:29:57,00
2103022,22387,24289,45.66,1,1,11.40,119.0,21559,79,-879,-122,891,1,43.6615335,-79.3942960,98.90,11.65,0.69,12,1,00:29:58,00
2103329,23188,24289,45.71,1,1,11.75,122.7,21567,87,-813,66,820,1,43.6615335,-79.3942960,98.90,11.65,0.69,12,1,00:29:58,00
2103638,22614,24289,45.78,1,1,11.68,122.0,21574,65,-1051,-87,1057,1,43.6615335,-79.3942960,98.90,11.65,0.69,12,1,00:29:58,00
2103951,22365,24289,45.77,1,1,12.01,125.4,21582,102,-1052,-117,1063,1,43.6615675,-79.3942863,99.30,14.52,0.72,12,1,00:29:59,00
2104270,22595,24289,45.82,1,1,10.64,111.1,21589,-35,-951,-11,952,1,43.6615675,-79.3942863,99.30,14.52,0.72,12,1,00:29:59,00
2104579,22182,24289,45.83,1,1,12.28,128.2,21597,98,-1006,8,1011,1,43.6615675,-79.3942863,99.30,14.52,0.72,12,1,00:29:59,00
2104890,17100,24289,45.83,1,1,12.52,130.7,21605,86,-1028,-128,1040,1,43.6615980,-79.3942803,99.30,11.52,0.72,12,1,00:30:00,00
2105201,12506,24289,45.87,1,1,12.68,132.5,21613,188,-921,-176,956,1,43.6615980,-79.3942803,99.80,11.52,0.62,12,1,00:30:00,00
2105510,18185,24289,45.84,1,1,12.86,134.3,21622,80,-971,-125,982,1,43.6615980,-79.3942803,99.80,11.52,0.62,12,1,00:30:00,00
2105820,22085,24289,45.90,1,1,12.85,134.2,21630,148,-830,-73,847,1,43.6616280,-79.3942707,99.80,11.98,0.62,12,1,00:30:01,00
2106133,24215,24289,45.89,1,1,13.18,137.6,21639,109,-879,21,885,1,43.6616280,-79.3942707,100.50,11.98,0.64,12,1,00:30:01,00
2106455,18616,24289,45.89,1,1,13.42,140.2,21648,159,-923,-68,939,1,43.6616280,-79.3942707,100.50,11.98,0.64,12,1,00:30:01,00
2106825,16653,24289,45.96,1,1,12.28,128.2,21657,81,-1034,-94,1041,1,43.6616582,-79.3942682,100.50,12.37,0.64,12,1,00:30:02,00
2107129,18291,24289,45.98,1,1,13.55,141.5,21666,9,-1016,-2,1016,1,43.6616582,-79.3942682,102.80,12.37,0.70,12,1,00:30:02,00
2107480,21734,24289,46.00,1,1,12.42,129.7,21675,85,-964,-58,969,1,43.6616582,-79.3942682,102.80,12.37,0.70,12,1,00:30:02,00
2107779,23915,24289,46.04,1,1,13.77,143.8,21684,44,-956,24,958,1,43.6616957,-79.3942612,102.80,15.95,0.70,12,1,00:30:03,00
2108071,23773,24289,46.03,1,1,13.68,142.9,21692,196,-1062,-206,1099,1,43.6616957,-79.3942612,103.90,15.95,0.66,12,1,00:30:03,00
2108363,23520,24289,46.06,1,1,13.88,144.9,21700,-71,-924,-183,944,1,43.6616957,-79.3942612,103.90,15.95,0.66,12,1,00:30:03,00
2108657,24399,24289,46.10,1,1,14.17,148.0,21709,46,-974,-7,975,1,43.6616957,-79.3942612,103.90,15.95,0.66,12,1,00:30:03,00
2108948,22976,24289,46.12,1,1,12.73,132.9,21717,82,-716,-63,724,1,43.6617285,-79.3942538,102.60,12.69,0.66,12,1,00:30:04,00
2109239,21494,24289,46.15,1,1,14.46,151.0,21726,97,-1154,-110,1164,1,43.6617285,-79.3942538,102.60,12.69,0.66,12,1,00:30:04,00
2109539,21288,24289,46.16,1,1,14.51,151.5,21735,191,-780,-247,840,1,43.6617285,-79.3942538,102.60,12.69,0.66,12,1,00:30:04,00
2109834,20384,24289,46.15,1,1,14.56,152.0,21744,172,-867,-37,884,1,43.6617573,-79.3942543,102.60,10.13,0.66,12,1,00:30:05,00
2110129,19800,24289,46.20,1,1,14.71,153.6,21753,121,-919,-174,943,1,43.6617573,-79.3942543,102.20,10.13,0.74,12,1,00:30:05,00
2110422,19993,24289,46.22,1,1,14.81,154.6,21762,98,-900,-20,906,1,43.6617573,-79.3942543,102.20,10.13,0.74,12,1,00:30:05,00
2110718,19679,24289,46.21,1,1,14.86,155.2,21771,160,-748,-39,766,1,43.6617573,-79.3942543,102.20,10.13,0.74,12,1,00:30:05,00
2111013,19115,24289,46.16,1,1,15.01,156.8,21780,13,-1117,67,1119,1,43.6617860,-79.3942528,102.80,10.57,0.78,12,1,00:30:06,00
2111315,14472,24289,46.22,1,1,15.20,158.7,21790,34,-1125,-67,1128,1,43.6617860,-79.3942528,102.80,10.57,0.78,12,1,00:30:06,00
2111674,15084,24289,46.22,1,1,12.60,131.6,21799,122,-977,36,986,1,43.6617860,-79.3942528,102.80,10.57,0.78,12,1,00:30:06,00
2111968,1586,24289,46.27,1,1,15.25,159.2,21809,173,-898,-214,939,1,43.6618267,-79.3942532,103.20,17.39,0.69,12,1,00:30:07,00
2112257,2313,24289,46.32,1,1,14.91,155.7,21818,95,-1085,-65,1091,1,43.6618267,-79.3942532,103.20,17.39,0.69,12,1,00:30:07,00
2112549,5130,24289,46.32,1,1,14.76,154.1,21827,21,-1121,-69,1124,1,43.6618267,-79.3942532,103.20,17.39,0.69,12,1,00:30:07,00
2112850,9329,24289,46.33,1,1,14.71,153.6,21836,22,-1128,-7,1128,1,43.6618480,-79.3942927,105.90,14.82,0.65,12,1,00:30:08,00
2113143,786,24289,46.43,1,1,13.03,136.1,21844,142,-800,-28,813,1,43.6618480,-79.3942927,105.90,14.82,0.65,12,1,00:30:08,00
2113441,-244,24289,46.42,1,1,12.77,133.3,21852,170,-984,-36,999,1,43.6618480,-79.3942927,105.90,14.82,0.65,12,1,00:30:08,00
2113733,-234,24289,46.45,1,1,14.03,146.5,21860,170,-904,-206,943,1,43.6618480,-79.3942927,105.90,14.82,0.65,12,1,00:30:08,00
2114036,-225,24289,46.47,1,1,13.99,146.1,21869,109,-977,-65,985,1,43.6618768,-79.3942988,106.40,13.35,0.62,12,1,00:30:09,00
2114334,-214,24289,46.49,1,1,12.36,129.0,21877,99,-994,31,999,1,43.6618768,-79.3942988,106.40,13.35,0.62,12,1,00:30:09,00
2114628,-203,24289,46.49,1,1,13.58,141.8,21885,182,-945,-134,971,1,43.6618768,-79.3942988,106.40,13.35,0.62,12,1,00:30:09,00
2114931,-181,24289,46.51,1,1,13.68,142.9,21894,150,-957,-58,971,1,43.6619057,-79.3943087,104.80,14.00,0.63,12,1,00:30:10,00
2115228,-149,24289,46.56,1,1,13.35,139.4,21902,137,-1059,-105,1073,1,43.6619057,-79.3943087,104.80,14.00,0.63,12,1,00:30:10,00
2115527,102,24289,46.53,1,1,13.25,138.4,21910,150,-790,-83,809,1,43.6619057,-79.3943087,104.80,14.00,0.63,12,1,00:30:10,00
2115826,389,24289,46.52,1,1,13.22,138.0,21919,155,-929,122,949,1,43.6619330,-79.3943400,104.80,14.87,0.63,12,1,00:30:11,00
2116128,1553,24289,46.56,1,1,12.85,134.2,21927,131,-1080,-156,1099,1,43.6619330,-79.3943400,105.10,14.87,0.72,12,1,00:30:11,00
2116494,4529,24289,46.57,1,1,11.68,122.0,21936,137,-966,-79,979,1,43.6619330,-79.3943400,105.10,14.87,0.72,12,1,00:30:11,00
2116787,7299,24289,46.62,1,1,12.41,129.6,21943,195,-957,-208,998,1,43.6619330,-79.3943400,105.10,14.87,0.72,12,1,00:30:11,00
2117092,6616,24289,46.61,1,1,12.94,135.1,21952,68,-948,41,952,1,43.6619685,-79.3943587,105.20,15.30,0.66,12,1,00:30:12,00
2117385,5748,24289,46.63,1,1,12.65,132.1,21959,104,-909,-45,916,1,43.6619685,-79.3943587,105.20,15.30,0.66,12,1,00:30:12,00
2117688,4896,24289,46.65,1,1,13.22,138.0,21968,109,-1078,-145,1094,1,43.6619685,-79.3943587,105.20,15.30,0.66,12,1,00:30:12,00
2117989,6783,24289,46.66,1,1,13.16,137.5,21976,197,-884,-147,918,1,43.6620125,-79.3943777,106.20,18.72,0.62,12,1,00:30:13,00
2118292,7663,24289,46.68,1,1,13.55,141.5,21985,79,-938,22,942,1,43.6620125,-79.3943777,106.20,18.72,0.62,12,1,00:30:13,00
2118589,7628,24289,46.68,1,1,13.49,140.8,21993,203,-810,-187,855,1,43.6620125,-79.3943777,106.20,18.72,0.62,12,1,00:30:13,00
2118890,8846,24289,46.74,1,1,13.77,143.8,22002,167,-950,-174,980,1,43.6620495,-79.3944052,106.20,16.28,0.62,12,1,00:30:14,00
2119205,8344,24289,46.78,1,1,13.81,144.2,22011,170,-905,-140,932,1,43.6620495,-79.3944052,106.30,16.28,0.68,12,1,00:30:14,00
2119509,8025,24289,46.77,1,1,13.58,141.8,22019,129,-873,-55,884,1,43.6620495,-79.3944052,106.30,16.28,0.68,12,1,00:30:14,00
2119811,10811,24289,46.77,1,1,13.72,143.3,22028,170,-821,-38,839,1,43.6620908,-79.3944400,106.30,20.48,0.68,12,1,00:30:15,00
2120121,12933,24289,46.79,1,1,13.81,144.2,22037,167,-748,-180,787,1,43.6620908,-79.3944400,106.50,20.48,0.68,12,1,00:30:15,00
2120424,12242,24289,46.84,1,1,13.86,144.7,22046,143,-972,-92,987,1,43.6620908,-79.3944400,106.50,20.48,0.68,12,1,00:30:15,00
2120731,6931,24289,46.85,1,1,13.90,145.2,22055,77,-1068,42,1071,1,43.6620908,-79.3944400,106.50,20.48,0.68,12,1,00:30:15,00
2121040,6004,24289,46.92,1,1,13.73,143.4,22063,241,-814,-200,872,1,43.6621305,-79.3944803,108.10,19.69,0.65,12,1,00:30:16,00
2121418,1717,24289,46.94,1,1,12.97,135.5,22074,186,-725,-17,749,1,43.6621305,-79.3944803,108.10,19.69,0.65,12,1,00:30:16,00
2121722,1314,24289,47.01,1,1,13.44,140.4,22082,165,-939,-129,963,1,43.6621305,-79.3944803,108.10,19.69,0.65,12,1,00:30:16,00
2122025,2685,24289,47.02,1,1,13.59,142.0,22091,111,-976,-84,986,1,43.6621627,-79.3945057,108.00,13.45,0.74,12,1,00:30:17,00
2122333,4962,24289,47.06,1,1,13.25,138.4,22099,129,-908,-95,922,1,43.6621627,-79.3945057,108.00,13.45,0.74,12,1,00:30:17,00
2122641,5150,24289,47.11,1,1,13.34,139.3,22108,164,-980,-139,1003,1,43.6621627,-79.3945057,108.00,13.45,0.74,12,1,00:30:17,00
2122944,9620,24289,47.17,1,1,13.12,137.0,22116,118,-914,-123,930,1,43.6621895,-79.3945255,108.00,12.19,0.74,12,1,00:30:18,00
2123250,15318,24289,47.20,1,1,13.47,140.6,22125,54,-1072,-25,1074,1,43.6621895,-79.3945255,108.10,12.19,0.70,12,1,00:30:18,00
2123558,19771,24289,47.26,1,1,13.64,142.4,22134,186,-890,-244,942,1,43.6621895,-79.3945255,108.10,12.19,0.70,12,1,00:30:18,00
2123867,23817,24289,47.30,1,1,13.86,144.7,22143,93,-943,-65,950,1,43.6622068,-79.3945483,108.10,10.17,0.70,12,1,00:30:19,00
2124175,24221,24289,47.29,1,1,14.17,148.0,22152,96,-850,-108,862,1,43.6622068,-79.3945483,106.50,10.17,0.70,12,1,00:30:19,00
2124484,24315,24289,47.30,1,1,14.46,151.0,22161,115,-1046,-52,1054,1,43.6622068,-79.3945483,106.50,10.17,0.70,12,1,00:30:19,00
2124795,23618,24289,47.31,1,1,14.96,156.3,22171,-103,-1157,-292,1198,1,43.6622068,-79.3945483,106.50,10.17,0.70,12,1,00:30:19,00
2125103,24063,24289,47.33,1,1,15.49,161.8,22181,41,-875,2,876,1,43.6622283,-79.3945835,107.10,13.56,0.73,12,1,00:30:20,00
2125418,23868,24289,47.35,1,1,13.90,145.2,22190,173,-729,-23,750,1,43.6622283,-79.3945835,107.10,13.56,0.73,12,1,00:30:20,00
2125734,19542,24289,47.34,1,1,15.85,165.5,22200,65,-879,165,897,1,43.6622283,-79.3945835,107.10,13.56,0.73,12,1,00:30:20,00
2126049,3432,24289,47.37,1,1,16.36,170.9,22211,91,-1021,-120,1032,1,43.6622500,-79.3946213,106.60,16.11,0.67,12,1,00:30:21,00
2126424,1957,24289,47.32,1,1,12.91,134.8,22221,221,-656,-69,696,1,43.6622500,-79.3946213,106.60,16.11,0.67,12,1,00:30:21,00
2126734,-158,24289,47.35,1,1,15.06,157.2,22231,173,-865,-70,885,1,43.6622500,-79.3946213,106.60,16.11,0.67,12,1,00:30:21,00
2127042,-261,24289,47.34,1,1,16.56,173.0,22242,85,-913,33,918,1,43.6622675,-79.3946395,105.40,7.78,0.73,12,1,00:30:22,00
2127355,-258,24289,47.39,1,1,16.45,171.8,22252,219,-883,-345,973,1,43.6622675,-79.3946395,105.40,7.78,0.73,12,1,00:30:22,00
2127665,-240,24289,47.42,1,1,16.56,173.0,22263,96,-869,52,876,1,43.6622675,-79.3946395,105.40,7.78,0.73,12,1,00:30:22,00
2127981,-226,24289,47.41,1,1,15.06,157.2,22273,108,-939,-75,948,1,43.6622857,-79.3946715,105.10,13.26,0.70,12,1,00:30:23,00
2128295,-217,24289,47.43,1,1,15.01,156.7,22283,244,-920,-293,996,1,43.6622857,-79.3946715,105.10,13.26,0.70,12,1,00:30:23,00
2128606,-193,24289,47.45,1,1,16.56,173.0,22294,149,-896,37,909,1,43.6622857,-79.3946715,105.10,13.26,0.70,12,1,00:30:23,00
2128920,-199,24289,47.46,1,1,16.45,171.8,22304,124,-1039,-69,1048,1,43.6623095,-79.3947110,105.90,14.67,0.72,12,1,00:30:24,00
2129242,-182,24289,47.50,1,1,15.31,159.9,22315,122,-958,-28,966,1,43.6623095,-79.3947110,105.90,14.67,0.72,12,1,00:30:24,00
2129595,-174,24289,47.51,1,1,13.92,145.3,22325,135,-913,37,924,1,43.6623095,-79.3947110,105.90,14.67,0.72,12,1,00:30:24,00
2129889,-159,24289,47.54,1,1,14.81,154.6,22334,57,-1055,-14,1057,1,43.6623300,-79.3947485,105.90,13.00,0.72,12,1,00:30:25,00
2130184,-163,24289,47.56,1,1,14.76,154.1,22343,220,-900,-119,934,1,43.6623300,-79.3947485,104.30,13.00,0.68,12,1,00:30:25,00
2130479,-135,24289,47.55,1,1,14.71,153.6,22352,138,-1292,-112,1304,1,43.6623300,-79.3947485,104.30,13.00,0.68,12,1,00:30:25,00
2130772,-136,24289,47.59,1,1,16.40,171.2,22362,127,-1112,83,1122,1,43.6623300,-79.3947485,104.30,13.00,0.68,12,1,00:30:25,00
2131066,-142,24289,47.60,1,1,16.40,171.2,22372,131,-1039,-101,1053,1,43.6623420,-79.3947758,101.60,8.45,0.72,12,1,00:30:26,00
2131420,-116,24289,47.62,1,1,15.49,161.7,22384,184,-838,-231,888,1,43.6623420,-79.3947758,101.60,8.45,0.72,12,1,00:30:26,00
2131714,-112,24289,47.67,1,1,16.28,170.1,22394,23,-1073,98,1078,1,43.6623420,-79.3947758,101.60,8.45,0.72,12,1,00:30:26,00
2132005,-127,24289,47.69,1,1,16.12,168.4,22404,123,-824,27,833,1,43.6623507,-79.3948050,103.30,10.93,0.70,12,1,00:30:27,00
2132306,-118,24289,47.69,1,1,14.32,149.5,22413,80,-983,-32,987,1,43.6623507,-79.3948050,103.30,10.93,0.70,12,1,00:30:27,00
2132599,-104,24289,47.70,1,1,13.83,144.4,22421,207,-1163,-177,1194,1,43.6623507,-79.3948050,103.30,10.93,0.70,12,1,00:30:27,00
2132896,-102,24289,47.69,1,1,15.54,162.3,22431,160,-1115,-46,1127,1,43.6623755,-79.3948475,103.30,17.93,0.70,12,1,00:30:28,00
2133190,-107,24289,47.74,1,1,13.49,140.8,22439,72,-1079,46,1082,1,43.6623755,-79.3948475,103.90,17.93,0.74,12,1,00:30:28,00
2133485,-92,24289,47.79,1,1,14.86,155.2,22448,257,-886,-217,948,1,43.6623755,-79.3948475,103.90,17.93,0.74,12,1,00:30:28,00
2133777,-109,24289,47.80,1,1,14.61,152.5,22457,121,-910,-17,918,1,43.6623755,-79.3948475,103.90,17.93,0.74,12,1,00:30:28,00
2134078,-110,24289,47.79,1,1,12.77,133.3,22465,110,-1187,-141,1201,1,43.6623893,-79.3948948,103.40,14.83,0.84,12,1,00:30:29,00
2134381,-103,24289,47.81,1,1,12.48,130.3,22473,221,-937,-74,965,1,43.6623893,-79.3948948,103.40,14.83,0.84,12,1,00:30:29,00
2134679,-99,24289,47.82,1,1,13.86,144.7,22482,-77,-1026,397,1102,1,43.6623893,-79.3948948,103.40,14.83,0.84,12,1,00:30:29,00
2134979,-104,24289,47.88,1,1,13.44,140.4,22490,173,-747,-92,772,1,43.6624017,-79.3949420,103.60,14.50,0.80,12,1,00:30:30,00
2135278,-98,24289,47.88,1,1,13.25,138.4,22498,106,-1186,-81,1194,1,43.6624017,-79.3949420,103.60,14.50,0.80,12,1,00:30:30,00
2135579,-101,24289,47.92,1,1,13.18,137.6,22507,147,-992,-16,1003,1,43.6624017,-79.3949420,103.60,14.50,0.80,12,1,00:30:30,00
2135881,-92,24289,47.93,1,1,12.81,133.8,22515,140,-1190,-221,1219,1,43.6624173,-79.3949888,103.60,15.06,0.80,12,1,00:30:31,00
2136246,79,24289,47.96,1,1,9.97,104.2,22522,150,-1099,-36,1110,1,43.6624173,-79.3949888,104.20,15.06,0.84,12,1,00:30:31,00
2136542,221,24289,47.96,1,1,12.48,130.3,22530,147,-813,-51,828,1,43.6624173,-79.3949888,104.20,15.06,0.84,12,1,00:30:31,00
2136837,910,24289,47.99,1,1,12.32,128.6,22538,122,-938,-22,946,1,43.6624333,-79.3950328,104.20,14.74,0.84,12,1,00:30:32,00
2137132,3795,24289,48.02,1,1,12.01,125.4,22545,163,-829,-57,847,1,43.6624333,-79.3950328,104.70,14.74,1.17,12,1,00:30:32,00
2137429,8148,24289,48.00,1,1,12.20,127.4,22553,64,-905,-59,909,1,43.6624333,-79.3950328,104.70,14.74,1.17,12,1,00:30:32,00
2137728,13336,24289,48.03,1,1,12.06,125.9,22560,166,-984,-211,1020,1,43.6624333,-79.3950328,104.70,14.74,1.17,12,1,00:30:32,00
2138032,17904,24289,47.99,1,1,12.32,128.6,22568,1,-1063,49,1064,1,43.6624442,-79.3950882,105.70,17.13,0.96,12,1,00:30:33,00
2138329,22001,24289,47.99,1,1,12.60,131.6,22576,126,-918,-97,932,1,43.6624442,-79.3950882,105.70,17.13,0.96,12,1,00:30:33,00
2138634,24469,24289,47.96,1,1,12.64,132.0,22584,146,-833,-137,857,1,43.6624442,-79.3950882,105.70,17.13,0.96,12,1,00:30:33,00
2138936,24520,24289,47.96,1,1,12.90,134.7,22592,-5,-951,121,959,1,43.6624543,-79.3951522,105.70,18.59,0.96,12,1,00:30:34,00
2139238,24520,24289,47.98,1,1,13.12,137.0,22600,66,-968,-151,982,1,43.6624543,-79.3951522,106.20,18.59,1.12,12,1,00:30:34,00
2139533,24520,24289,48.00,1,1,13.51,141.1,22609,84,-1073,-88,1080,1,43.6624543,-79.3951522,106.20,18.59,1.12,12,1,00:30:34,00
2139834,24520,24289,48.00,1,1,13.63,142.3,22617,49,-1006,-142,1017,1,43.6624628,-79.3952087,106.20,18.41,1.12,12,1,00:30:35,00
2140138,24520,24289,48.07,1,1,14.08,147.1,22626,47,-1014,37,1015,1,43.6624628,-79.3952087,108.90,18.41,1.12,12,1,00:30:35,00
2140446,24018,24289,48.06,1,1,14.27,149.0,22635,148,-928,-177,956,1,43.6624628,-79.3952087,108.90,18.41,1.12,12,1,00:30:35,00
2140752,23808,24289,48.07,1,1,14.64,152.9,22645,100,-985,106,995,1,43.6624628,-79.3952087,108.90,18.41,1.12,12,1,00:30:35,00
2141121,23452,24289,48.09,1,1,12.17,127.1,22654,63,-940,-35,943,1,43.6624618,-79.3952593,108.30,15.74,1.03,12,1,00:30:36,00
2141421,23011,24289,48.08,1,1,14.96,156.3,22664,87,-953,-163,971,1,43.6624618,-79.3952593,108.30,15.74,1.03,12,1,00:30:36,00
2141723,19431,24289,48.10,1,1,14.96,156.3,22673,132,-953,-114,969,1,43.6624618,-79.3952593,108.30,15.74,1.03,12,1,00:30:36,00
2142024,16155,24289,48.11,1,1,15.30,159.7,22683,239,-967,-77,999,1,43.6624717,-79.3953152,108.50,16.32,0.80,12,1,00:30:37,00
2142328,10697,24289,48.12,1,1,13.44,140.4,22691,95,-1007,-157,1023,1,43.6624717,-79.3953152,108.50,16.32,0.80,12,1,00:30:37,00
2142636,11472,24289,48.17,1,1,15.35,160.3,22701,169,-1182,-120,1200,1,43.6624717,-79.3953152,108.50,16.32,0.80,12,1,00:30:37,00
2142948,-421,24289,48.19,1,1,15.30,159.7,22711,129,-908,-37,918,1,43.6624783,-79.3953665,108.50,13.35,0.80,12,1,00:30:38,00
2143251,-403,24289,48.24,1,1,15.10,157.7,22721,223,-760,43,793,1,43.6624783,-79.3953665,106.50,13.35,0.86,12,1,00:30:38,00
2143560,-385,24289,48.26,1,1,13.03,136.1,22729,186,-824,-221,873,1,43.6624783,-79.3953665,106.50,13.35,0.86,12,1,00:30:38,00
2143869,-362,24289,48.28,1,1,14.82,154.8,22739,70,-1167,-174,1182,1,43.6624708,-79.3954098,106.50,13.45,0.86,12,1,00:30:39,00
2144175,-320,24289,48.29,1,1,14.36,150.0,22748,219,-758,-29,789,1,43.6624708,-79.3954098,108.20,13.45,0.73,12,1,00:30:39,00
2144479,-276,24289,48.33,1,1,14.27,149.0,22757,138,-940,-122,958,1,43.6624708,-79.3954098,108.20,13.45,0.73,12,1,00:30:39,00
2144787,-264,24289,48.35,1,1,14.13,147.5,22766,64,-1036,-2,1038,1,43.6624708,-79.3954098,108.20,13.45,0.73,12,1,00:30:39,00
2145100,-255,24289,48.36,1,1,13.95,145.6,22775,84,-887,-40,892,1,43.6624642,-79.3954542,108.80,12.83,0.72,12,1,00:30:40,00
2145408,-238,24289,48.43,1,1,13.86,144.7,22784,18,-1027,144,1037,1,43.6624642,-79.3954542,108.80,12.83,0.72,12,1,00:30:40,00
2145720,-220,24289,48.46,1,1,12.40,129.4,22792,178,-896,-82,918,1,43.6624642,-79.3954542,108.80,12.83,0.72,12,1,00:30:40,00
2146087,-202,24289,48.49,1,1,11.61,121.3,22801,90,-992,-38,997,1,43.6624600,-79.3955042,107.00,15.59,0.86,12,1,00:30:41,00
2146389,-207,24289,48.57,1,1,13.99,146.1,22810,165,-980,-179,1010,1,43.6624600,-79.3955042,107.00,15.59,0.86,12,1,00:30:41,00
2146699,-194,24289,48.58,1,1,14.04,146.6,22819,80,-957,89,964,1,43.6624600,-79.3955042,107.00,15.59,0.86,12,1,00:30:41,00
2147007,-175,24289,48.61,1,1,14.04,146.6,22828,134,-1038,-77,1049,1,43.6624515,-79.3955588,106.50,16.65,0.88,12,1,00:30:42,00
2147322,-178,24289,48.67,1,1,13.99,146.1,22837,110,-883,-71,893,1,43.6624515,-79.3955588,106.50,16.65,0.88,12,1,00:30:42,00
2147634,-162,24289,48.70,1,1,12.44,129.9,22845,157,-989,-99,1006,1,43.6624515,-79.3955588,106.50,16.65,0.88,12,1,00:30:42,00
2147945,-164,24289,48.75,1,1,13.99,146.1,22854,111,-1016,-87,1025,1,43.6624362,-79.3956128,106.50,17.09,0.88,12,1,00:30:43,00
2148254,-159,24289,48.79,1,1,13.99,146.1,22863,214,-844,-63,873,1,43.6624362,-79.3956128,106.60,17.09,0.88,12,1,00:30:43,00
2148567,-161,24289,48.80,1,1,14.12,147.5,22873,94,-997,44,1002,1,43.6624362,-79.3956128,106.60,17.09,0.88,12,1,00:30:43,00
2148875,-154,24289,48.85,1,1,14.04,146.6,22882,136,-974,-94,988,1,43.6624127,-79.3956687,106.60,18.69,0.88,12,1,00:30:44,00
2149188,-143,24289,48.87,1,1,14.13,147.5,22891,117,-1038,-44,1046,1,43.6624127,-79.3956687,107.70,18.69,0.79,12,1,00:30:44,00
2149508,-133,24289,48.89,1,1,14.17,148.0,22900,119,-872,34,881,1,43.6624127,-79.3956687,107.70,18.69,0.79,12,1,00:30:44,00
2149822,-139,24289,48.90,1,1,14.42,150.6,22910,124,-1134,-103,1146,1,43.6624127,-79.3956687,107.70,18.69,0.79,12,1,00:30:44,00
2150142,-138,24289,48.92,1,1,12.73,132.9,22918,182,-756,-209,805,1,43.6623875,-79.3957182,108.70,16.32,0.72,12,1,00:30:45,00
2150454,-133,24289,48.96,1,1,14.46,151.1,22928,154,-1012,-105,1029,1,43.6623875,-79.3957182,108.70,16.32,0.72,12,1,00:30:45,00
2150767,-138,24289,48.97,1,1,14.32,149.5,22937,113,-1095,-105,1106,1,43.6623875,-79.3957182,108.70,16.32,0.72,12,1,00:30:45,00
2151149,-134,24289,48.99,1,1,13.50,141.0,22948,257,-927,-293,1005,1,43.6623680,-79.3957625,108.50,14.56,0.78,12,1,00:30:46,00
2151461,-123,24289,49.00,1,1,12.81,133.8,22956,175,-859,-60,878,1,43.6623680,-79.3957625,108.50,14.56,0.78,12,1,00:30:46,00
2151756,-136,24289,49.00,1,1,14.32,149.5,22965,181,-915,-37,934,1,43.6623680,-79.3957625,108.50,14.56,0.78,12,1,00:30:46,00
2152051,-132,24289,48.98,1,1,12.68,132.5,22973,257,-891,-250,961,1,43.6623460,-79.3958020,108.30,14.35,0.93,12,1,00:30:47,00
2152340,-132,24289,49.02,1,1,13.88,144.9,22981,34,-1030,77,1033,1,43.6623460,-79.3958020,108.30,14.35,0.93,12,1,00:30:47,00
2152639,-128,24289,49.01,1,1,14.04,146.6,22990,172,-903,-108,926,1,43.6623460,-79.3958020,108.30,14.35,0.93,12,1,00:30:47,00
2152931,-131,24289,49.07,1,1,13.90,145.2,22999,117,-1008,-24,1016,1,43.6623182,-79.3958450,108.30,16.72,0.93,12,1,00:30:48,00
2153224,-132,24289,49.07,1,1,13.62,142.3,23007,182,-1077,-205,1112,1,43.6623182,-79.3958450,109.10,16.72,0.72,12,1,00:30:48,00
2153517,-123,24289,49.08,1,1,13.45,140.4,23015,148,-943,-90,959,1,43.6623182,-79.3958450,109.10,16.72,0.72,12,1,00:30:48,00
2153815,-125,24289,49.13,1,1,13.64,142.4,23024,72,-964,63,969,1,43.6622987,-79.3958917,109.10,14.61,0.72,12,1,00:30:49,00
2154105,-123,24289,49.13,1,1,13.39,139.9,23032,123,-992,-65,1002,1,43.6622987,-79.3958917,108.70,14.61,0.72,12,1,00:30:49,00
2154402,-115,24289,49.11,1,1,13.44,140.3,23040,96,-1056,76,1063,1,43.6622987,-79.3958917,108.70,14.61,0.72,12,1,00:30:49,00
2154698,-118,24289,49.12,1,1,13.35,139.4,23048,145,-978,-129,997,1,43.6622987,-79.3958917,108.70,14.61,0.72,12,1,00:30:49,00
2154994,-127,24289,49.14,1,1,13.51,141.1,23057,77,-1007,-79,1013,1,43.6622670,-79.3959145,109.50,14.58,0.75,12,1,00:30:50,00
2155288,-129,24289,49.17,1,1,13.25,138.4,23065,216,-893,-120,926,1,43.6622670,-79.3959145,109.50,14.58,0.75,12,1,00:30:50,00
2155586,-123,24289,49.18,1,1,13.39,139.9,23073,85,-1125,27,1128,1,43.6622670,-79.3959145,109.50,14.58,0.75,12,1,00:30:50,00
2155949,-107,24289,49.21,1,1,11.28,117.8,23082,230,-956,-186,1000,1,43.6622317,-79.3959390,109.90,15.91,0.72,12,1,00:30:51,00
2156242,-106,24289,49.21,1,1,13.39,139.9,23090,518,-651,-140,844,1,43.6622317,-79.3959390,109.90,15.91,0.72,12,1,00:30:51,00
2156537,-106,24289,49.21,1,1,13.49,140.8,23098,45,-1121,-52,1123,1,43.6622317,-79.3959390,109.90,15.91,0.72,12,1,00:30:51,00
2156835,-115,24289,49.21,1,1,13.68,142.9,23107,121,-1137,-162,1155,1,43.6622055,-79.3959787,109.90,16.80,0.72,12,1,00:30:52,00
2157131,-106,24289,49.26,1,1,13.49,140.8,23115,96,-1028,-121,1040,1,43.6622055,-79.3959787,111.60,16.80,0.72,12,1,00:30:52,00
2157427,-111,24289,49.29,1,1,13.44,140.3,23123,239,-851,-124,893,1,43.6622055,-79.3959787,111.60,16.80,0.72,12,1,00:30:52,00
2157720,-109,24289,49.31,1,1,13.64,142.4,23132,30,-1053,232,1078,1,43.6622055,-79.3959787,111.60,16.80,0.72,12,1,00:30:52,00
2158027,-105,24289,49.32,1,1,13.49,140.8,23140,197,-907,-244,959,1,43.6621722,-79.3960105,112.10,16.08,0.72,12,1,00:30:53,00
2158326,-111,24289,49.38,1,1,13.81,144.2,23149,154,-953,-215,989,1,43.6621722,-79.3960105,112.10,16.08,0.72,12,1,00:30:53,00
2158623,-109,24289,49.38,1,1,13.99,146.1,23158,33,-1029,166,1042,1,43.6621722,-79.3960105,112.10,16.08,0.72,12,1,00:30:53,00
2158919,-104,24289,49.40,1,1,13.83,144.4,23166,163,-876,-57,893,1,43.6621382,-79.3960388,113.00,15.85,0.72,12,1,00:30:54,00
2159225,-104,24289,49.42,1,1,14.22,148.5,23175,138,-999,-212,1030,1,43.6621382,-79.3960388,113.00,15.85,0.72,12,1,00:30:54,00
2159523,-90,24289,49.41,1,1,14.17,148.0,23184,235,-795,-166,845,1,43.6621382,-79.3960388,113.00,15.85,0.72,12,1,00:30:54,00
2159820,-105,24289,49.41,1,1,14.27,149.0,23193,87,-1138,-127,1148,1,43.6621002,-79.3960608,113.00,16.61,0.72,12,1,00:30:55,00
2160128,-106,24289,49.45,1,1,12.77,133.3,23201,184,-858,-182,896,1,43.6621002,-79.3960608,114.10,16.61,0.72,12,1,00:30:55,00
2160430,-107,24289,49.48,1,1,14.41,150.5,23210,182,-908,-84,930,1,43.6621002,-79.3960608,114.10,16.61,0.72,12,1,00:30:55,00
2160796,-112,24289,49.50,1,1,13.57,141.8,23221,110,-990,-43,997,1,43.6620798,-79.3960955,114.10,12.95,0.72,12,1,00:30:56,00
2161092,-112,24289,49.52,1,1,14.46,151.0,23230,198,-913,-184,952,1,43.6620798,-79.3960955,114.90,12.95,0.91,12,1,00:30:56,00
2161397,-103,24289,49.50,1,1,14.51,151.5,23239,143,-957,-15,968,1,43.6620798,-79.3960955,114.90,12.95,0.91,12,1,00:30:56,00
2161699,-104,24289,49.55,1,1,12.98,135.6,23247,196,-1008,-218,1050,1,43.6620798,-79.3960955,114.90,12.95,0.91,12,1,00:30:56,00
2162003,-106,24289,49.56,1,1,14.66,153.1,23256,112,-1166,-132,1179,1,43.6620573,-79.3961227,111.80,12.43,0.70,12,1,00:30:57,00
2162308,-92,24289,49.56,1,1,14.96,156.3,23266,163,-945,-137,969,1,43.6620573,-79.3961227,111.80,12.43,0.70,12,1,00:30:57,00
2162611,-103,24289,49.57,1,1,13.16,137.5,23274,141,-1022,-77,1035,1,43.6620573,-79.3961227,111.80,12.43,0.70,12,1,00:30:57,00
2162920,-108,24289,49.56,1,1,15.10,157.7,23284,129,-970,-75,981,1,43.6620222,-79.3961333,111.70,14.35,0.70,12,1,00:30:58,00
2163227,-103,24289,49.55,1,1,15.10,157.7,23294,63,-903,-16,905,1,43.6620222,-79.3961333,111.70,14.35,0.70,12,1,00:30:58,00
2163530,-98,24289,49.56,1,1,13.35,139.4,23302,164,-812,62,831,1,43.6620222,-79.3961333,111.70,14.35,0.70,12,1,00:30:58,00
2163832,-115,24289,49.52,1,1,15.25,159.2,23312,159,-892,-122,915,1,43.6619962,-79.3961468,111.70,12.30,0.70,12,1,00:30:59,00
2164136,-103,24289,49.53,1,1,15.35,160.3,23322,260,-822,-173,880,1,43.6619962,-79.3961468,112.70,12.30,0.71,12,1,00:30:59,00
2164446,-89,24289,49.51,1,1,15.35,160.3,23332,135,-1007,-71,1019,1,43.6619962,-79.3961468,112.70,12.30,0.71,12,1,00:30:59,00
2164751,-105,24289,49.49,1,1,13.58,141.8,23340,66,-875,3,877,1,43.6619962,-79.3961468,112.70,12.30,0.71,12,1,00:30:59,00
2165062,-103,24289,49.48,1,1,13.90,145.2,23349,92,-1052,-81,1059,1,43.6619782,-79.3961520,113.30,9.19,0.73,12,1,00:31:00,00
2165366,-98,24289,49.47,1,1,15.44,161.3,23359,114,-767,121,785,1,43.6619782,-79.3961520,113.30,9.19,0.73,12,1,00:31:00,00
2165741,-98,24289,49.43,1,1,12.24,127.9,23369,72,-1067,38,1070,1,43.6619522,-79.3961647,113.30,9.96,0.73,12,1,00:31:01,00
2166046,-100,24289,49.45,1,1,13.73,143.4,23377,133,-902,-167,926,1,43.6619522,-79.3961647,112.30,9.96,0.72,12,1,00:31:01,00
2166347,-103,24289,49.44,1,1,15.60,162.9,23387,210,-966,-181,1005,1,43.6619522,-79.3961647,112.30,9.96,0.72,12,1,00:31:01,00
2166657,-102,24289,49.44,1,1,15.86,165.7,23398,57,-900,-300,951,1,43.6619522,-79.3961647,112.30,9.96,0.72,12,1,00:31:01,00
2166961,-98,24289,49.43,1,1,14.17,148.0,23407,237,-819,-132,863,1,43.6619093,-79.3961633,113.40,13.41,0.76,12,1,00:31:02,00
2167265,-105,24289,49.42,1,1,14.22,148.5,23416,35,-1078,66,1081,1,43.6619093,-79.3961633,113.40,13.41,0.76,12,1,00:31:02,00
2167567,-101,24289,49.45,1,1,14.22,148.5,23425,201,-943,-92,968,1,43.6619093,-79.3961633,113.40,13.41,0.76,12,1,00:31:02,00
2167874,-107,24289,49.44,1,1,14.27,149.0,23434,99,-971,12,976,1,43.6618692,-79.3961660,114.40,13.85,0.77,12,1,00:31:03,00
2168186,-107,24289,49.44,1,1,15.75,164.5,23444,101,-1035,-12,1040,1,43.6618692,-79.3961660,114.40,13.85,0.77,12,1,00:31:03,00
2168496,-81,24289,49.46,1,1,15.75,164.5,23454,173,-953,-235,996,1,43.6618692,-79.3961660,114.40,13.85,0.77,12,1,00:31:03,00
2168809,-110,24289,49.44,1,1,15.70,163.9,23464,314,-617,-235,731,1,43.6618283,-79.3961625,114.40,16.11,0.77,12,1,00:31:04,00
2169121,-104,24289,49.42,1,1,14.38,150.2,23474,86,-1176,18,1179,1,43.6618283,-79.3961625,113.80,16.11,0.72,12,1,00:31:04,00
2169438,-89,24289,49.43,1,1,15.70,163.9,23484,133,-1013,-140,1031,1,43.6618283,-79.3961625,113.80,16.11,0.72,12,1,00:31:04,00
2169747,-100,24289,49.42,1,1,15.65,163.4,23494,105,-1016,-25,1021,1,43.6617982,-79.3961563,113.80,12.54,0.72,12,1,00:31:05,00
2170058,-96,24289,49.40,1,1,15.65,163.4,23504,154,-952,-209,987,1,43.6617982,-79.3961563,111.30,12.54,0.72,12,1,00:31:05,00
2170372,-97,24289,49.42,1,1,14.29,149.3,23514,84,-1018,65,1024,1,43.6617982,-79.3961563,111.30,12.54,0.72,12,1,00:31:05,00
2170750,-94,24289,49.37,1,1,13.15,137.4,23524,64,-1004,73,1008,1,43.6617635,-79.3961460,111.30,14.19,0.72,12,1,00:31:06,00
2171069,-103,24289,49.42,1,1,15.54,162.3,23534,211,-954,-201,997,1,43.6617635,-79.3961460,111.10,14.19,0.74,12,1,00:31:06,00
2171373,-101,24289,49.41,1,1,15.39,160.8,23544,200,-1080,-120,1105,1,43.6617635,-79.3961460,111.10,14.19,0.74,12,1,00:31:06,00
2171687,-106,24289,49.44,1,1,15.25,159.2,23554,113,-1065,-143,1080,1,43.6617635,-79.3961460,111.10,14.19,0.74,12,1,00:31:06,00
2171997,-91,24289,49.44,1,1,15.06,157.2,23564,98,-1082,-49,1087,1,43.6617260,-79.3961322,112.60,14.59,0.71,12,1,00:31:07,00
2172316,-96,24289,49.41,1,1,13.34,139.3,23573,133,-691,37,705,1,43.6617260,-79.3961322,112.60,14.59,0.71,12,1,00:31:07,00
2172627,-94,24289,49.39,1,1,14.41,150.5,23582,89,-928,61,934,1,43.6617260,-79.3961322,112.60,14.59,0.71,12,1,00:31:07,00
2172940,-96,24289,49.38,1,1,14.46,151.1,23592,94,-869,-4,874,1,43.6616912,-79.3961150,111.50,15.04,0.84,12,1,00:31:08,00
2173254,-94,24289,49.35,1,1,14.08,147.1,23601,174,-938,10,954,1,43.6616912,-79.3961150,111.50,15.04,0.84,12,1,00:31:08,00
2173611,-97,24289,49.35,1,1,12.64,132.0,23610,177,-909,28,926,1,43.6616912,-79.3961150,111.50,15.04,0.84,12,1,00:31:08,00
2173904,-93,24289,49.36,1,1,13.77,143.8,23619,179,-996,-190,1030,1,43.6616608,-79.3961018,110.80,12.19,0.96,12,1,00:31:09,00
2174197,-90,24289,49.38,1,1,13.44,140.4,23627,35,-936,105,943,1,43.6616608,-79.3961018,110.80,12.19,0.96,12,1,00:31:09,00
2174488,-92,24289,49.39,1,1,13.16,137.5,23635,124,-1059,-30,1067,1,43.6616608,-79.3961018,110.80,12.19,0.96,12,1,00:31:09,00
2174787,-102,24289,49.40,1,1,13.07,136.5,23643,118,-776,34,786,1,43.6616233,-79.3960625,110.80,18.87,0.96,12,1,00:31:10,00
2175082,-91,24289,49.39,1,1,12.90,134.7,23651,149,-1009,-234,1047,1,43.6616233,-79.3960625,113.90,18.87,1.00,12,1,00:31:10,00
2175381,7,24289,49.41,1,1,12.85,134.2,23659,92,-1039,-68,1045,1,43.6616233,-79.3960625,113.90,18.87,1.00,12,1,00:31:10,00
2175742,207,24289,49.42,1,1,11.81,123.3,23668,17,-1108,50,1109,1,43.6616055,-79.3960387,113.90,8.95,1.00,12,1,00:31:11,00
2176031,741,24289,49.41,1,1,12.85,134.2,23676,168,-916,-164,946,1,43.6616055,-79.3960387,114.80,8.95,0.96,12,1,00:31:11,00
2176326,2927,24289,49.45,1,1,13.03,136.1,23684,98,-973,-17,978,1,43.6616055,-79.3960387,114.80,8.95,0.96,12,1,00:31:11,00
2176615,4464,24289,49.41,1,1,13.12,137.0,23692,118,-1019,-62,1028,1,43.6616055,-79.3960387,114.80,8.95,0.96,12,1,00:31:11,00
2176920,850,24289,49.45,1,1,13.35,139.4,23700,67,-885,100,893,1,43.6615905,-79.3960273,116.30,6.19,1.29,12,1,00:31:12,00
2177213,271,24289,49.43,1,1,13.67,142.8,23709,213,-963,-142,996,1,43.6615905,-79.3960273,116.30,6.19,1.29,12,1,00:31:12,00
2177510,754,24289,49.45,1,1,13.64,142.4,23717,150,-972,-60,985,1,43.6615905,-79.3960273,116.30,6.19,1.29,12,1,00:31:12,00
2177805,17,24289,49.45,1,1,13.99,146.1,23726,171,-882,-187,918,1,43.6615843,-79.3960178,116.30,3.20,1.29,12,1,00:31:13,00
2178101,-52,24289,49.47,1,1,13.98,146.0,23734,144,-1049,-120,1066,1,43.6615843,-79.3960178,117.70,3.20,0.84,12,1,00:31:13,00
2178398,-89,24289,49.47,1,1,14.17,148.0,23743,187,-969,-116,994,1,43.6615843,-79.3960178,117.70,3.20,0.84,12,1,00:31:13,00
2178695,191,24289,49.46,1,1,14.32,149.5,23752,114,-978,-6,984,1,43.6615780,-79.3960023,117.70,3.43,0.84,12,1,00:31:14,00
2178991,439,24289,49.48,1,1,12.85,134.2,23760,89,-850,95,860,1,43.6615780,-79.3960023,119.90,3.43,1.01,12,1,00:31:14,00
2179289,1035,24289,49.44,1,1,12.85,134.2,23768,179,-888,-187,925,1,43.6615780,-79.3960023,119.90,3.43,1.01,12,1,00:31:14,00
2179603,2416,24289,49.47,1,1,13.26,138.5,23777,149,-963,-97,979,1,43.6615780,-79.3960023,119.90,3.43,1.01,12,1,00:31:14,00
2179903,-78,24289,49.47,1,1,14.76,154.1,23786,196,-876,-139,908,1,43.6615638,-79.3959800,122.70,6.20,0.77,12,1,00:31:15,00
2180209,-86,24289,49.44,1,1,14.76,154.1,23795,148,-1078,-210,1108,1,43.6615638,-79.3959800,122.70,6.20,0.77,12,1,00:31:15,00
2180570,-85,24289,49.46,1,1,14.01,146.3,23806,152,-933,-81,949,1,43.6615638,-79.3959800,122.70,6.20,0.77,12,1,00:31:15,00
2180863,-72,24289,49.46,1,1,13.30,138.9,23814,166,-859,-106,882,1,43.6615475,-79.3959375,125.90,11.30,0.77,12,1,00:31:16,00
2181161,-79,24289,49.44,1,1,15.25,159.2,23824,147,-958,-56,971,1,43.6615475,-79.3959375,125.90,11.30,0.77,12,1,00:31:16,00
2181463,-75,24289,49.45,1,1,13.49,140.8,23832,60,-1122,13,1123,1,43.6615475,-79.3959375,125.90,11.30,0.77,12,1,00:31:16,00
2181771,-83,24289,49.44,1,1,15.49,161.8,23842,157,-938,-88,955,1,43.6615287,-79.3958987,125.90,8.69,0.77,12,1,00:31:17,00
2182069,-92,24289,49.47,1,1,15.49,161.8,23852,286,-878,-43,924,1,43.6615287,-79.3958987,132.00,8.69,0.72,12,1,00:31:17,00
2182370,-84,24289,49.46,1,1,13.63,142.3,23860,194,-979,-92,1002,1,43.6615287,-79.3958987,132.00,8.69,0.72,12,1,00:31:17,00
2182677,-81,24289,49.45,1,1,14.04,146.6,23869,90,-981,-39,986,1,43.6615287,-79.3958987,132.00,8.69,0.72,12,1,00:31:17,00
2182979,-79,24289,49.49,1,1,14.08,147.1,23878,61,-987,47,990,1,43.6615160,-79.3958648,137.40,7.57,0.72,12,1,00:31:18,00
2183276,-73,24289,49.50,1,1,15.60,162.9,23888,73,-1076,7,1078,1,43.6615160,-79.3958648,137.40,7.57,0.72,12,1,00:31:18,00
2183579,-70,24289,49.51,1,1,15.65,163.4,23898,195,-941,-165,975,1,43.6615160,-79.3958648,137.40,7.57,0.72,12,1,00:31:18,00
2183887,-72,24289,49.48,1,1,15.65,163.4,23908,169,-965,-94,984,1,43.6615045,-79.3958220,139.60,14.65,0.87,12,1,00:31:19,00
2184195,-77,24289,49.34,1,1,15.65,163.4,23918,105,-1016,-49,1023,1,43.6615045,-79.3958220,139.60,14.65,0.87,12,1,00:31:19,00
2184495,-65,24289,49.46,1,1,15.65,163.4,23928,168,-985,-158,1011,1,43.6615045,-79.3958220,139.60,14.65,0.87,12,1,00:31:19,00
2184797,-78,24289,49.48,1,1,15.60,162.9,23938,153,-905,-167,933,1,43.6614818,-79.3957772,139.60,17.30,0.87,12,1,00:31:20,00
2185097,-81,24289,49.48,1,1,15.50,161.9,23947,101,-955,-80,964,1,43.6614818,-79.3957772,140.80,17.30,0.87,12,1,00:31:20,00
2185460,-69,24289,49.48,1,1,11.87,124.0,23956,166,-861,-68,880,1,43.6614818,-79.3957772,140.80,17.30,0.87,12,1,00:31:20,00
2185761,-73,24289,49.50,1,1,15.60,162.9,23966,64,-901,74,906,1,43.6614513,-79.3957302,140.80,17.17,0.87,12,1,00:31:21,00
2186071,-70,24289,49.50,1,1,15.60,162.9,23976,150,-916,-95,933,1,43.6614513,-79.3957302,141.70,17.17,0.73,12,1,00:31:21,00
2186372,-69,24289,49.50,1,1,15.54,162.3,23986,184,-1004,111,1027,1,43.6614513,-79.3957302,141.70,17.17,0.73,12,1,00:31:21,00
2186676,-65,24289,49.51,1,1,15.49,161.8,23996,195,-867,-173,906,1,43.6614513,-79.3957302,141.70,17.17,0.73,12,1,00:31:21,00
2186981,-63,24289,49.49,1,1,15.44,161.3,24006,110,-1043,15,1049,1,43.6614398,-79.3956710,140.80,17.89,0.89,12,1,00:31:22,00
2187293,-68,24289,49.50,1,1,13.90,145.2,24015,197,-957,-208,999,1,43.6614398,-79.3956710,140.80,17.89,0.89,12,1,00:31:22,00
2187597,-56,24289,49.47,1,1,13.49,140.8,24023,163,-1025,-277,1075,1,43.6614398,-79.3956710,140.80,17.89,0.89,12,1,00:31:22,00
2187904,-60,24289,49.48,1,1,13.86,144.7,24032,150,-1000,-15,1012,1,43.6614072,-79.3956133,140.90,18.85,0.89,12,1,00:31:23,00
2188212,-61,24289,49.46,1,1,15.39,160.8,24042,74,-1018,28,1021,1,43.6614072,-79.3956133,140.90,18.85,0.89,12,1,00:31:23,00
2188517,-50,24289,49.47,1,1,15.35,160.3,24052,140,-992,-184,1018,1,43.6614072,-79.3956133,140.90,18.85,0.89,12,1,00:31:23,00
2188825,-53,24289,49.47,1,1,15.35,160.3,24062,242,-908,-236,969,1,43.6613910,-79.3955687,140.90,14.30,0.89,12,1,00:31:24,00
2189136,-49,24289,49.48,1,1,15.35,160.3,24072,74,-1046,-6,1048,1,43.6613910,-79.3955687,138.60,14.30,0.76,12,1,00:31:24,00
2189446,-51,24289,49.48,1,1,15.44,161.3,24082,167,-873,-94,894,1,43.6613910,-79.3955687,138.60,14.30,0.76,12,1,00:31:24,00
2189754,-60,24289,49.45,1,1,15.44,161.3,24092,26,-1053,122,1061,1,43.6613910,-79.3955687,138.60,14.30,0.76,12,1,00:31:24,00
2190065,-63,24289,49.47,1,1,15.54,162.3,24102,102,-871,-43,878,1,43.6613618,-79.3955328,135.30,14.87,0.70,12,1,00:31:25,00
2190444,-47,24289,49.45,1,1,14.47,151.1,24113,115,-992,-8,999,1,43.6613618,-79.3955328,135.30,14.87,0.70,12,1,00:31:25,00
2190749,-57,24289,49.42,1,1,15.54,162.3,24123,86,-866,90,875,1,43.6613618,-79.3955328,135.30,14.87,0.70,12,1,00:31:25,00
2191056,-59,24289,49.43,1,1,15.49,161.8,24133,115,-817,-39,826,1,43.6613340,-79.3954830,134.90,16.17,0.70,12,1,00:31:26,00
2191364,-58,24289,49.40,1,1,15.54,162.3,24143,193,-833,-25,855,1,43.6613340,-79.3954830,134.90,16.17,0.70,12,1,00:31:26,00
2191674,-60,24289,49.37,1,1,15.54,162.3,24153,180,-912,-127,938,1,43.6613340,-79.3954830,134.90,16.17,0.70,12,1,00:31:26,00
2191977,-51,24289,49.37,1,1,15.49,161.8,24163,121,-909,-96,922,1,43.6613120,-79.3954357,135.30,13.91,0.76,12,1,00:31:27,00
2192282,-31,24289,49.35,1,1,15.49,161.8,24173,71,-997,74,1003,1,43.6613120,-79.3954357,135.30,13.91,0.76,12,1,00:31:27,00
2192596,-47,24289,49.33,1,1,15.54,162.3,24183,302,-915,-260,998,1,43.6613120,-79.3954357,135.30,13.91,0.76,12,1,00:31:27,00
2192903,-69,24289,49.31,1,1,15.49,161.8,24193,-21,-1229,48,1230,1,43.6612873,-79.3953908,135.30,14.39,0.76,12,1,00:31:28,00
2193215,-53,24289,49.33,1,1,15.49,161.8,24203,121,-737,-53,749,1,43.6612873,-79.3953908,134.10,14.39,0.73,12,1,00:31:28,00
2193521,-54,24289,49.34,1,1,15.60,162.9,24213,350,-794,-182,887,1,43.6612873,-79.3953908,134.10,14.39,0.73,12,1,00:31:28,00
2193836,-51,24289,49.31,1,1,15.60,162.9,24223,36,-1013,51,1015,1,43.6612873,-79.3953908,134.10,14.39,0.73,12,1,00:31:28,00
2194149,-46,24289,49.30,1,1,14.38,150.2,24233,191,-1098,-46,1115,1,43.6612595,-79.3953440,131.10,14.17,0.66,12,1,00:31:29,00
2194461,-50,24289,49.29,1,1,15.70,163.9,24243,192,-1081,-273,1131,1,43.6612595,-79.3953440,131.10,14.17,0.66,12,1,00:31:29,00
2194777,-41,24289,49.28,1,1,15.75,164.5,24253,158,-1025,-182,1053,1,43.6612595,-79.3953440,131.10,14.17,0.66,12,1,00:31:29,00
2195091,-46,24289,49.28,1,1,14.51,151.5,24263,218,-849,-205,900,1,43.6612398,-79.3952877,129.60,16.63,0.69,12,1,00:31:30,00
2195464,-33,24289,49.25,1,1,13.34,139.3,24273,161,-967,-150,991,1,43.6612398,-79.3952877,129.60,16.63,0.69,12,1,00:31:30,00
2195814,-47,24289,49.28,1,1,13.37,139.7,24283,324,-806,-319,926,1,43.6612398,-79.3952877,129.60,16.63,0.69,12,1,00:31:30,00
2196104,-51,24289,49.25,1,1,15.80,165.0,24293,202,-769,-187,817,1,43.6612125,-79.3952322,127.90,17.67,0.69,12,1,00:31:31,00
2196390,-38,24289,49.27,1,1,13.98,146.0,24301,-21,-990,17,991,1,43.6612125,-79.3952322,127.90,17.67,0.69,12,1,00:31:31,00
2196683,-37,24289,49.26,1,1,15.85,165.6,24311,192,-1046,-133,1072,1,43.6612125,-79.3952322,127.90,17.67,0.69,12,1,00:31:31,00
2196976,-51,24289,49.26,1,1,15.73,164.2,24320,163,-863,15,878,1,43.6611957,-79.3951805,127.20,14.98,0.90,12,1,00:31:32,00
2197272,-57,24289,49.24,1,1,14.32,149.5,24329,150,-901,-46,915,1,43.6611957,-79.3951805,127.20,14.98,0.90,12,1,00:31:32,00
2197566,-48,24289,49.23,1,1,15.70,163.9,24339,44,-1017,41,1019,1,43.6611957,-79.3951805,127.20,14.98,0.90,12,1,00:31:32,00
2197859,-44,24289,49.22,1,1,15.44,161.3,24348,190,-1005,-276,1060,1,43.6611957,-79.3951805,127.20,14.98,0.90,12,1,00:31:32,00
2198153,-45,24289,49.22,1,1,15.39,160.8,24358,505,-664,-661,1065,1,43.6611800,-79.3951328,125.50,15.20,0.67,12,1,00:31:33,00
2198443,-31,24289,49.21,1,1,15.12,157.9,24367,142,-895,-182,924,1,43.6611800,-79.3951328,125.50,15.20,0.67,12,1,00:31:33,00
2198741,-38,24289,49.20,1,1,13.35,139.4,24375,316,-1031,-400,1150,1,43.6611800,-79.3951328,125.50,15.20,0.67,12,1,00:31:33,00
2199045,-39,24289,49.17,1,1,15.30,159.7,24385,-4,-858,227,887,1,43.6611782,-79.3950840,124.60,13.91,0.85,12,1,00:31:34,00
2199340,-37,24289,49.14,1,1,15.12,157.9,24394,-46,-1184,-22,1185,1,43.6611782,-79.3950840,124.60,13.91,0.85,12,1,00:31:34,00
2199641,-38,24289,49.09,1,1,15.20,158.7,24404,136,-965,-171,989,1,43.6611782,-79.3950840,124.60,13.91,0.85,12,1,00:31:34,00
2199935,-42,24289,49.08,1,1,15.12,157.9,24413,286,-833,-235,911,1,43.6611587,-79.3950300,124.60,17.35,0.85,12,1,00:31:35,00
2200300,-45,24289,49.07,1,1,14.08,147.1,24424,113,-973,-88,983,1,43.6611587,-79.3950300,122.60,17.35,1.14,12,1,00:31:35,00
2200596,-35,24289,49.09,1,1,13.30,138.9,24432,60,-978,87,983,1,43.6611587,-79.3950300,122.60,17.35,1.14,12,1,00:31:35,00
2200890,-32,24289,49.08,1,1,14.86,155.2,24441,144,-1084,-10,1094,1,43.6611587,-79.3950300,122.60,17.35,1.14,12,1,00:31:35,00
2201191,-30,24289,49.07,1,1,14.56,152.0,24450,171,-900,-149,928,1,43.6611640,-79.3949715,122.70,15.63,1.08,12,1,00:31:36,00
2201489,-39,24289,49.06,1,1,14.51,151.5,24459,188,-953,-119,979,1,43.6611640,-79.3949715,122.70,15.63,1.08,12,1,00:31:36,00
2201789,-42,24289,49.07,1,1,14.17,148.0,24468,102,-925,80,934,1,43.6611640,-79.3949715,122.70,15.63,1.08,12,1,00:31:36,00
2202092,-46,24289,49.07,1,1,12.40,129.5,24476,148,-963,-24,975,1,43.6611648,-79.3949128,122.00,16.67,0.91,12,1,00:31:37,00
2202389,-42,24289,49.10,1,1,13.53,141.3,24484,31,-934,-9,935,1,43.6611648,-79.3949128,122.00,16.67,0.91,12,1,00:31:37,00
2202688,138,24289,49.06,1,1,12.08,126.2,24492,117,-868,-170,893,1,43.6611648,-79.3949128,122.00,16.67,0.91,12,1,00:31:37,00
2202983,382,24289,49.10,1,1,13.16,137.5,24500,114,-1049,-35,1056,1,43.6611980,-79.3948640,122.00,18.52,0.91,12,1,00:31:38,00
2203290,1761,24289,49.13,1,1,12.94,135.1,24508,141,-860,-275,914,1,43.6611980,-79.3948640,121.80,18.52,0.75,12,1,00:31:38,00
2203589,3527,24289,49.16,1,1,12.64,132.0,24516,164,-838,134,864,1,43.6611980,-79.3948640,121.80,18.52,0.75,12,1,00:31:38,00
2203893,7700,24289,49.17,1,1,12.48,130.3,24524,36,-1059,-188,1076,1,43.6612032,-79.3948293,121.80,14.48,0.75,12,1,00:31:39,00
2204194,12769,24289,49.19,1,1,12.48,130.3,24532,6,-1024,-75,1027,1,43.6612032,-79.3948293,118.80,14.48,0.69,12,1,00:31:39,00
2204497,18117,24289,49.17,1,1,12.48,130.3,24540,141,-908,-181,937,1,43.6612032,-79.3948293,118.80,14.48,0.69,12,1,00:31:39,00
2204800,21983,24289,49.21,1,1,10.95,114.4,24547,79,-1040,-162,1055,1,43.6612032,-79.3948293,118.80,14.48,0.69,12,1,00:31:39,00
2205165,24325,24289,49.20,1,1,11.71,122.3,24556,80,-888,-55,893,1,43.6612105,-79.3947805,118.90,16.09,0.66,12,1,00:31:40,00
2205468,24193,24289,49.21,1,1,13.21,137.9,24564,205,-1044,-330,1114,1,43.6612105,-79.3947805,118.90,16.09,0.66,12,1,00:31:40,00
2205766,23167,24289,49.23,1,1,13.77,143.8,24573,15,-1079,-33,1080,1,43.6612105,-79.3947805,118.90,16.09,0.66,12,1,00:31:40,00
2206066,12359,24289,49.22,1,1,13.83,144.4,24581,142,-952,-229,990,1,43.6612190,-79.3947342,119.10,15.45,0.83,12,1,00:31:41,00
2206366,9816,24289,49.22,1,1,14.32,149.5,24590,18,-1088,126,1095,1,43.6612190,-79.3947342,119.10,15.45,0.83,12,1,00:31:41,00
2206671,11318,24289,49.24,1,1,14.46,151.0,24599,119,-1028,-81,1038,1,43.6612190,-79.3947342,119.10,15.45,0.83,12,1,00:31:41,00
2206973,16255,24289,49.21,1,1,14.78,154.3,24609,152,-901,-188,933,1,43.6612312,-79.3946973,116.00,14.37,0.78,12,1,00:31:42,00
2207274,20637,24289,49.22,1,1,14.81,154.6,24618,-14,-1011,19,1011,1,43.6612312,-79.3946973,116.00,14.37,0.78,12,1,00:31:42,00
2207584,12519,24289,49.21,1,1,15.39,160.8,24628,205,-954,-198,996,1,43.6612312,-79.3946973,116.00,14.37,0.78,12,1,00:31:42,00
2207890,9232,24289,49.20,1,1,15.60,162.9,24638,130,-1072,-140,1089,1,43.6612547,-79.3946692,116.00,12.89,0.78,12,1,00:31:43,00
2208197,7516,24289,49.23,1,1,15.80,165.0,24648,86,-1261,-149,1272,1,43.6612547,-79.3946692,118.30,12.89,0.67,12,1,00:31:43,00
2208510,3775,24289,49.23,1,1,14.73,153.8,24658,64,-977,-150,990,1,43.6612547,-79.3946692,118.30,12.89,0.67,12,1,00:31:43,00
2208815,4573,24289,49.25,1,1,16.01,167.2,24668,160,-886,-206,923,1,43.6612547,-79.3946692,118.30,12.89,0.67,12,1,00:31:43,00
2209126,7101,24289,49.23,1,1,15.96,166.7,24678,80,-970,79,976,1,43.6612705,-79.3946390,117.80,12.56,0.63,12,1,00:31:44,00
2209429,5050,24289,49.24,1,1,16.31,170.3,24689,158,-1002,-130,1023,1,43.6612705,-79.3946390,117.80,12.56,0.63,12,1,00:31:44,00
2209742,5075,24289,49.24,1,1,16.17,168.9,24699,94,-984,51,990,1,43.6612705,-79.3946390,117.80,12.56,0.63,12,1,00:31:44,00
2210112,7290,24289,49.22,1,1,13.97,145.9,24710,82,-981,23,985,1,43.6612843,-79.3946092,117.00,11.82,0.63,12,1,00:31:45,00
2210416,2753,24289,49.25,1,1,16.12,168.3,24720,69,-1072,-85,1078,1,43.6612843,-79.3946092,117.00,11.82,0.63,12,1,00:31:45,00
2210720,-84,24289,49.21,1,1,14.36,150.0,24729,49,-1073,-14,1074,1,43.6612843,-79.3946092,117.00,11.82,0.63,12,1,00:31:45,00
2211025,90,24289,49.23,1,1,14.22,148.5,24738,157,-1010,-87,1025,1,43.6612980,-79.3945907,116.70,8.24,0.63,12,1,00:31:46,00
2211329,331,24289,49.19,1,1,15.49,161.8,24748,130,-1248,-146,1263,1,43.6612980,-79.3945907,116.70,8.24,0.63,12,1,00:31:46,00
2211641,1173,24289,49.22,1,1,15.01,156.7,24758,130,-1098,-150,1116,1,43.6612980,-79.3945907,116.70,8.24,0.63,12,1,00:31:46,00
2211956,3055,24289,49.23,1,1,13.18,137.6,24767,172,-898,29,915,1,43.6613150,-79.3945743,116.70,10.78,0.63,12,1,00:31:47,00
2212262,7042,24289,49.18,1,1,13.94,145.6,24776,79,-959,134,971,1,43.6613150,-79.3945743,116.80,10.78,0.63,12,1,00:31:47,00
2212570,11212,24289,49.18,1,1,13.39,139.9,24784,60,-897,100,905,1,43.6613150,-79.3945743,116.80,10.78,0.63,12,1,00:31:47,00
2212883,16934,24289,49.20,1,1,13.42,140.2,24793,132,-1016,-145,1035,1,43.6613418,-79.3945482,116.80,14.06,0.63,12,1,00:31:48,00
2213190,22147,24289,49.21,1,1,13.12,137.0,24801,34,-984,105,990,1,43.6613418,-79.3945482,117.10,14.06,0.63,12,1,00:31:48,00
2213501,24467,24289,49.22,1,1,13.26,138.5,24810,82,-1041,-302,1087,1,43.6613418,-79.3945482,117.10,14.06,0.63,12,1,00:31:48,00
2213813,24520,24289,49.21,1,1,13.34,139.3,24819,61,-938,-112,947,1,43.6613418,-79.3945482,117.10,14.06,0.63,12,1,00:31:48,00
2214136,24520,24289,49.22,1,1,13.64,142.4,24828,140,-894,-196,926,1,43.6613678,-79.3945155,117.60,14.69,0.63,12,1,00:31:49,00
2214452,24372,24289,49.21,1,1,13.86,144.7,24837,95,-1007,14,1011,1,43.6613678,-79.3945155,117.60,14.69,0.63,12,1,00:31:49,00
2214764,23739,24289,49.24,1,1,14.08,147.1,24846,101,-961,-183,984,1,43.6613678,-79.3945155,117.60,14.69,0.63,12,1,00:31:49,00
2215137,23099,24289,49.19,1,1,13.47,140.7,24857,117,-1034,-153,1052,1,43.6613963,-79.3944793,116.40,16.26,0.65,12,1,00:31:50,00
2215448,22443,24289,49.15,1,1,14.51,151.5,24866,81,-1030,-168,1047,1,43.6613963,-79.3944793,116.40,16.26,0.65,12,1,00:31:50,00
2215761,22097,24289,49.12,1,1,14.96,156.3,24876,170,-1098,-171,1124,1,43.6613963,-79.3944793,116.40,16.26,0.65,12,1,00:31:50,00
2216071,22363,24289,49.14,1,1,13.59,142.0,24885,131,-954,-195,982,1,43.6614283,-79.3944440,118.60,17.46,0.65,12,1,00:31:51,00
2216382,22063,24289,49.13,1,1,15.30,159.7,24895,74,-859,43,863,1,43.6614283,-79.3944440,118.60,17.46,0.65,12,1,00:31:51,00
2216695,20143,24289,49.15,1,1,13.90,145.2,24904,249,-698,-150,756,1,43.6614283,-79.3944440,118.60,17.46,0.65,12,1,00:31:51,00
2217010,20707,24289,49.13,1,1,13.99,146.1,24913,113,-955,-23,962,1,43.6614635,-79.3944080,117.10,17.45,0.69,12,1,00:31:52,00
2217322,20712,24289,49.17,1,1,15.65,163.4,24923,148,-899,-11,911,1,43.6614635,-79.3944080,117.10,17.45,0.69,12,1,00:31:52,00
2217635,15008,24289,49.17,1,1,15.91,166.2,24934,192,-1026,-91,1047,1,43.6614635,-79.3944080,117.10,17.45,0.69,12,1,00:31:52,00
2217990,13070,24289,49.21,1,1,13.06,136.4,24943,186,-955,34,974,1,43.6614995,-79.3943765,119.60,17.69,0.69,12,1,00:31:53,00
2218283,16316,24289,49.20,1,1,14.27,149.0,24952,160,-980,-208,1015,1,43.6614995,-79.3943765,119.60,17.69,0.69,12,1,00:31:53,00
2218581,-333,24289,49.19,1,1,15.80,165.0,24962,97,-968,-30,974,1,43.6614995,-79.3943765,119.60,17.69,0.69,12,1,00:31:53,00
2218873,-311,24289,49.17,1,1,15.33,160.1,24971,112,-1086,-86,1095,1,43.6615243,-79.3943557,119.60,9.83,0.69,12,1,00:31:54,00
2219170,-280,24289,49.18,1,1,15.35,160.3,24981,57,-1051,92,1057,1,43.6615243,-79.3943557,120.40,9.83,0.72,12,1,00:31:54,00
2219469,-52,24289,49.20,1,1,13.16,137.5,24989,143,-808,-18,821,1,43.6615243,-79.3943557,120.40,9.83,0.72,12,1,00:31:54,00
2219767,181,24289,49.19,1,1,14.51,151.5,24998,186,-885,-160,918,1,43.6615243,-79.3943557,120.40,9.83,0.72,12,1,00:31:54,00
2220122,731,24289,49.21,1,1,13.23,138.1,25008,7,-1109,67,1111,1,43.6615488,-79.3943372,121.60,11.33,0.72,12,1,00:31:55,00
2220411,1848,24289,49.20,1,1,13.73,143.4,25016,399,-615,-127,744,1,43.6615488,-79.3943372,121.60,11.33,0.72,12,1,00:31:55,00
2220708,4123,24289,49.25,1,1,13.81,144.2,25025,153,-974,69,988,1,43.6615488,-79.3943372,121.60,11.33,0.72,12,1,00:31:55,00
2221002,8270,24289,49.25,1,1,13.49,140.8,25033,44,-1102,82,1105,1,43.6615770,-79.3943218,122.10,12.43,0.95,12,1,00:31:56,00
2221294,13402,24289,49.26,1,1,13.44,140.4,25041,192,-1116,-289,1168,1,43.6615770,-79.3943218,122.10,12.43,0.95,12,1,00:31:56,00
2221591,19373,24289,49.27,1,1,13.72,143.3,25050,113,-1012,-91,1022,1,43.6615770,-79.3943218,122.10,12.43,0.95,12,1,00:31:56,00
2221890,21326,24289,49.30,1,1,13.58,141.8,25058,68,-940,32,943,1,43.6616215,-79.3943068,122.10,18.72,0.95,12,1,00:31:57,00
2222188,20894,24289,49.30,1,1,12.40,129.5,25066,136,-891,-43,902,1,43.6616215,-79.3943068,123.20,18.72,0.88,12,1,00:31:57,00
2222481,22178,24289,49.36,1,1,13.88,144.9,25074,112,-1101,-211,1126,1,43.6616215,-79.3943068,123.20,18.72,0.88,12,1,00:31:57,00
2222785,23519,24289,49.35,1,1,14.22,148.5,25083,91,-933,-71,940,1,43.6616215,-79.3943068,123.20,18.72,0.88,12,1,00:31:57,00
2223090,24353,24289,49.40,1,1,14.46,151.1,25093,73,-1030,-59,1034,1,43.6616610,-79.3943007,123.90,15.45,0.88,12,1,00:31:58,00
2223386,24520,24289,49.42,1,1,14.56,152.0,25102,131,-1040,-181,1063,1,43.6616610,-79.3943007,123.90,15.45,0.88,12,1,00:31:58,00
2223684,24520,24289,49.39,1,1,14.76,154.1,25111,90,-871,-46,876,1,43.6616610,-79.3943007,123.90,15.45,0.88,12,1,00:31:58,00
2223986,24520,24289,49.42,1,1,13.25,138.4,25119,216,-949,-271,1011,1,43.6616952,-79.3942863,123.90,13.59,0.88,12,1,00:31:59,00
2224288,24447,24289,49.42,1,1,15.25,159.2,25129,132,-830,-145,853,1,43.6616952,-79.3942863,123.90,13.59,0.88,12,1,00:31:59,00
2224584,22337,24289,49.46,1,1,15.23,159.0,25138,28,-979,26,980,1,43.6616952,-79.3942863,123.90,13.59,0.88,12,1,00:31:59,00
2224951,23301,24289,49.44,1,1,11.87,124.0,25147,-37,-988,-67,991,1,43.6617308,-79.3942785,123.80,13.70,0.88,12,1,00:32:00,00
2225243,21238,24289,49.45,1,1,15.65,163.4,25157,-24,-1120,70,1123,1,43.6617308,-79.3942785,123.80,13.70,0.88,12,1,00:32:00,00
2225539,17908,24289,49.50,1,1,15.70,163.9,25167,165,-1006,-248,1049,1,43.6617308,-79.3942785,123.80,13.70,0.88,12,1,00:32:00,00
2225836,18347,24289,49.46,1,1,13.78,143.9,25175,123,-628,133,654,1,43.6617693,-79.3942818,123.80,14.82,0.88,12,1,00:32:01,00
2226135,17386,24289,49.48,1,1,14.22,148.5,25184,117,-973,-239,1009,1,43.6617693,-79.3942818,125.10,14.82,0.85,12,1,00:32:01,00
2226435,16292,24289,49.48,1,1,15.85,165.6,25194,10,-1110,-54,1111,1,43.6617693,-79.3942818,125.10,14.82,0.85,12,1,00:32:01,00
2226738,15793,24289,49.48,1,1,15.85,165.6,25204,150,-966,-96,983,1,43.6617693,-79.3942818,125.10,14.82,0.85,12,1,00:32:01,00
2227046,14658,24289,49.48,1,1,14.36,150.0,25213,63,-1063,-69,1067,1,43.6618052,-79.3942940,126.70,13.61,0.84,12,1,00:32:02,00
2227343,15990,24289,49.52,1,1,14.32,149.5,25222,122,-1051,-72,1060,1,43.6618052,-79.3942940,126.70,13.61,0.84,12,1,00:32:02,00
2227644,17380,24289,49.47,1,1,14.27,149.0,25231,103,-1305,-213,1326,1,43.6618052,-79.3942940,126.70,13.61,0.84,12,1,00:32:02,00
2227944,966,24289,49.50,1,1,15.91,166.1,25241,197,-886,-86,912,1,43.6618378,-79.3943060,126.20,13.63,0.97,12,1,00:32:03,00
2228248,2312,24289,49.54,1,1,15.60,162.9,25251,186,-998,-201,1035,1,43.6618378,-79.3943060,126.20,13.63,0.97,12,1,00:32:03,00
2228549,5270,24289,49.55,1,1,15.60,162.9,25261,149,-947,-70,961,1,43.6618378,-79.3943060,126.20,13.63,0.97,12,1,00:32:03,00
2228851,10179,24289,49.59,1,1,15.35,160.3,25271,141,-847,-53,860,1,43.6618678,-79.3943105,126.20,12.48,0.97,12,1,00:32:04,00
2229167,15912,24289,49.59,1,1,13.81,144.2,25280,88,-1085,-162,1100,1,43.6618678,-79.3943105,126.00,12.48,0.84,12,1,00:32:04,00
2229471,19766,24289,49.66,1,1,13.53,141.3,25288,69,-1047,-119,1056,1,43.6618678,-79.3943105,126.00,12.48,0.84,12,1,00:32:04,00
2229834,20605,24289,49.67,1,1,11.81,123.3,25297,180,-812,-146,844,1,43.6618933,-79.3943203,126.00,12.46,0.84,12,1,00:32:05,00
2230134,20249,24289,49.65,1,1,15.70,163.9,25307,92,-1087,-69,1093,1,43.6618933,-79.3943203,125.20,12.46,0.85,12,1,00:32:05,00
2230438,19494,24289,49.71,1,1,16.07,167.8,25317,158,-908,-92,926,1,43.6618933,-79.3943203,125.20,12.46,0.85,12,1,00:32:05,00
2230741,15782,24289,49.72,1,1,14.82,154.8,25327,65,-969,78,974,1,43.6618933,-79.3943203,125.20,12.46,0.85,12,1,00:32:05,00
2231043,9990,24289,49.72,1,1,16.23,169.5,25337,72,-1025,25,1027,1,43.6619275,-79.3943308,123.50,15.65,0.74,12,1,00:32:06,00
2231359,6046,24289,49.76,1,1,14.92,155.8,25347,61,-969,-51,972,1,43.6619275,-79.3943308,123.50,15.65,0.74,12,1,00:32:06,00
2231665,4195,24289,49.76,1,1,16.12,168.4,25357,106,-855,84,866,1,43.6619275,-79.3943308,123.50,15.65,0.74,12,1,00:32:06,00
2231968,4839,24289,49.85,1,1,16.07,167.8,25367,176,-1012,-209,1048,1,43.6619643,-79.3943453,124.70,14.20,0.68,12,1,00:32:07,00
2232275,4760,24289,49.86,1,1,14.78,154.3,25377,-123,-1146,219,1173,1,43.6619643,-79.3943453,124.70,14.20,0.68,12,1,00:32:07,00
2232582,-187,24289,49.87,1,1,16.17,168.9,25387,5,-1052,138,1061,1,43.6619643,-79.3943453,124.70,14.20,0.68,12,1,00:32:07,00
2232885,-207,24289,49.90,1,1,16.17,168.9,25397,66,-1258,-81,1262,1,43.6619977,-79.3943722,125.80,15.48,0.71,12,1,00:32:08,00
2233191,-197,24289,49.94,1,1,14.92,155.8,25407,238,-832,-192,886,1,43.6619977,-79.3943722,125.80,15.48,0.71,12,1,00:32:08,00
2233503,-176,24289,49.97,1,1,16.17,168.9,25417,168,-1058,-81,1074,1,43.6619977,-79.3943722,125.80,15.48,0.71,12,1,00:32:08,00
2233809,-176,24289,50.01,1,1,14.78,154.3,25427,19,-1151,79,1154,1,43.6620427,-79.3943842,125.80,18.59,0.71,12,1,00:32:09,00
2234119,-165,24289,50.05,1,1,15.91,166.1,25437,85,-1119,-7,1122,1,43.6620427,-79.3943842,125.20,18.59,0.70,12,1,00:32:09,00
2234428,-143,24289,50.07,1,1,15.70,163.9,25447,93,-1014,-198,1038,1,43.6620427,-79.3943842,125.20,18.59,0.70,12,1,00:32:09,00
2234803,-146,24289,50.09,1,1,13.08,136.6,25457,223,-831,-231,891,1,43.6620765,-79.3944030,125.20,14.32,0.70,12,1,00:32:10,00
2235109,13,24289,50.12,1,1,15.30,159.7,25467,116,-1097,-93,1107,1,43.6620765,-79.3944030,124.60,14.32,0.70,12,1,00:32:10,00
2235418,240,24289,50.18,1,1,15.15,158.2,25477,20,-1028,50,1030,1,43.6620765,-79.3944030,124.60,14.32,0.70,12,1,00:32:10,00
2235734,802,24289,50.18,1,1,13.42,140.2,25486,118,-1007,7,1014,1,43.6620998,-79.3944282,124.60,13.70,0.70,12,1,00:32:11,00
2236044,2338,24289,50.20,1,1,14.61,152.5,25495,171,-912,-219,954,1,43.6620998,-79.3944282,123.10,13.70,0.75,12,1,00:32:11,00
2236355,4435,24289,50.22,1,1,14.64,152.9,25505,167,-865,-147,893,1,43.6620998,-79.3944282,123.10,13.70,0.75,12,1,00:32:11,00
2236664,2110,24289,50.24,1,1,14.36,150.0,25514,172,-999,-206,1034,1,43.6620998,-79.3944282,123.10,13.70,0.75,12,1,00:32:11,00
2236981,2125,24289,50.22,1,1,12.64,132.0,25522,174,-932,-85,952,1,43.6621322,-79.3944525,120.80,16.39,0.75,12,1,00:32:12,00
2237293,1484,24289,50.20,1,1,14.25,148.8,25532,120,-1028,-28,1035,1,43.6621322,-79.3944525,120.80,16.39,0.75,12,1,00:32:12,00
2237605,141,24289,50.23,1,1,13.99,146.1,25541,158,-878,-123,900,1,43.6621322,-79.3944525,120.80,16.39,0.75,12,1,00:32:12,00
2237919,-118,24289,50.20,1,1,13.86,144.7,25550,72,-998,79,1004,1,43.6621608,-79.3944700,120.10,11.39,0.81,12,1,00:32:13,00
2238240,-115,24289,50.19,1,1,13.77,143.8,25559,163,-894,-193,929,1,43.6621608,-79.3944700,120.10,11.39,0.81,12,1,00:32:13,00
2238551,170,24289,50.18,1,1,13.68,142.9,25568,163,-939,-93,958,1,43.6621608,-79.3944700,120.10,11.39,0.81,12,1,00:32:13,00
2238865,376,24289,50.15,1,1,13.51,141.1,25577,86,-992,57,997,1,43.6621840,-79.3944880,115.70,13.43,0.76,12,1,00:32:14,00
2239181,1618,24289,50.13,1,1,13.42,140.2,25586,270,-834,-256,913,1,43.6621840,-79.3944880,115.70,13.43,0.76,12,1,00:32:14,00
2239498,2843,24289,50.14,1,1,13.38,139.8,25595,189,-954,-137,982,1,43.6621840,-79.3944880,115.70,13.43,0.76,12,1,00:32:14,00
2239908,7645,24289,50.15,1,1,10.99,114.8,25604,120,-944,-111,958,1,43.6622127,-79.3945218,114.00,16.43,0.76,12,1,00:32:15,00
2240204,15139,24289,50.18,1,1,13.30,138.9,25612,71,-936,5,939,1,43.6622127,-79.3945218,114.00,16.43,0.76,12,1,00:32:15,00
2240500,17939,24289,50.20,1,1,12.20,127.4,25620,179,-951,-239,996,1,43.6622127,-79.3945218,114.00,16.43,0.76,12,1,00:32:15,00
2240795,20906,24289,50.23,1,1,14.17,148.0,25629,38,-1098,-119,1105,1,43.6622402,-79.3945640,114.00,15.98,0.76,12,1,00:32:16,00
2241085,19456,24289,50.28,1,1,14.35,149.8,25637,177,-850,14,868,1,43.6622402,-79.3945640,113.90,15.98,0.76,12,1,00:32:16,00
2241374,6957,24289,50.31,1,1,14.91,155.7,25646,191,-968,-238,1015,1,43.6622402,-79.3945640,113.90,15.98,0.76,12,1,00:32:16,00
2241674,217,24289,50.35,1,1,13.68,142.9,25655,88,-1049,71,1055,1,43.6622402,-79.3945640,113.90,15.98,0.76,12,1,00:32:16,00
2241972,-155,24289,50.36,1,1,13.49,140.8,25663,210,-938,-253,994,1,43.6622673,-79.3946128,112.50,17.85,0.76,12,1,00:32:17,00
2242265,-154,24289,50.40,1,1,15.30,159.7,25673,48,-1008,132,1018,1,43.6622673,-79.3946128,112.50,17.85,0.76,12,1,00:32:17,00
2242558,-141,24289,50.43,1,1,15.12,157.9,25682,121,-952,165,974,1,43.6622673,-79.3946128,112.50,17.85,0.76,12,1,00:32:17,00
2242853,-146,24289,50.43,1,1,15.12,157.9,25691,122,-891,-73,902,1,43.6622827,-79.3946582,111.20,13.26,0.88,12,1,00:32:18,00
2243149,-145,24289,50.47,1,1,15.30,159.7,25701,77,-1056,26,1059,1,43.6622827,-79.3946582,111.20,13.26,0.88,12,1,00:32:18,00
2243441,-123,24289,50.46,1,1,13.44,140.4,25709,229,-878,-199,929,1,43.6622827,-79.3946582,111.20,13.26,0.88,12,1,00:32:18,00
2243740,-123,24289,50.50,1,1,15.12,157.9,25718,157,-974,-131,995,1,43.6622942,-79.3947067,111.20,13.50,0.88,12,1,00:32:19,00
2244034,-131,24289,50.51,1,1,15.44,161.3,25728,197,-936,-189,975,1,43.6622942,-79.3947067,111.30,13.50,0.83,12,1,00:32:19,00
2244345,-126,24289,50.51,1,1,15.39,160.8,25738,296,-564,-38,638,1,43.6622942,-79.3947067,111.30,13.50,0.83,12,1,00:32:19,00
2244702,-115,24289,50.54,1,1,14.08,147.1,25748,74,-990,37,993,1,43.6622942,-79.3947067,111.30,13.50,0.83,12,1,00:32:19,00
2244993,-111,24289,50.59,1,1,15.35,160.3,25758,256,-720,-107,771,1,43.6623113,-79.3947507,111.90,14.52,0.75,12,1,00:32:20,00
2245288,-111,24289,50.60,1,1,13.49,140.8,25766,153,-1082,-266,1124,1,43.6623113,-79.3947507,111.90,14.52,0.75,12,1,00:32:20,00
2245581,-99,24289,50.61,1,1,15.07,157.3,25775,142,-1024,-68,1036,1,43.6623113,-79.3947507,111.90,14.52,0.75,12,1,00:32:20,00
2245875,-99,24289,50.60,1,1,15.39,160.8,25785,188,-1042,-189,1076,1,43.6623342,-79.3947972,111.90,16.67,0.74,12,1,00:32:21,00
2246169,-95,24289,50.58,1,1,13.49,140.8,25793,207,-1015,-221,1059,1,43.6623342,-79.3947972,111.90,16.67,0.74,12,1,00:32:21,00
2246468,-77,24289,50.60,1,1,15.25,159.2,25803,65,-864,39,867,1,43.6623342,-79.3947972,111.90,16.67,0.74,12,1,00:32:21,00
2246766,-89,24289,50.61,1,1,15.07,157.3,25812,113,-1085,74,1093,1,43.6623565,-79.3948412,111.90,14.63,0.74,12,1,00:32:22,00
2247068,-97,24289,50.63,1,1,14.91,155.7,25821,163,-960,-78,976,1,43.6623565,-79.3948412,113.00,14.63,0.74,12,1,00:32:22,00
2247366,-105,24289,50.63,1,1,14.96,156.3,25831,143,-894,-53,907,1,43.6623565,-79.3948412,113.00,14.63,0.74,12,1,00:32:22,00
2247667,-96,24289,50.64,1,1,14.66,153.1,25840,71,-1011,93,1018,1,43.6623720,-79.3948797,113.00,12.91,0.74,12,1,00:32:23,00
2247973,-91,24289,50.69,1,1,12.85,134.2,25848,192,-784,-127,817,1,43.6623720,-79.3948797,113.40,12.91,0.74,12,1,00:32:23,00
2248273,-76,24289,50.69,1,1,14.27,149.0,25857,164,-1054,-80,1070,1,43.6623720,-79.3948797,113.40,12.91,0.74,12,1,00:32:23,00
2248581,133,24289,50.71,1,1,12.48,130.3,25865,112,-953,-70,962,1,43.6623720,-79.3948797,113.40,12.91,0.74,12,1,00:32:23,00
2248884,435,24289,50.69,1,1,13.81,144.2,25874,155,-898,-37,912,1,43.6623880,-79.3949133,113.70,11.61,0.74,12,1,00:32:24,00
2249188,1708,24289,50.73,1,1,13.35,139.4,25882,164,-975,-216,1012,1,43.6623880,-79.3949133,113.70,11.61,0.74,12,1,00:32:24,00
2249557,4620,24289,50.73,1,1,12.37,129.2,25892,220,-989,-246,1043,1,43.6623880,-79.3949133,113.70,11.61,0.74,12,1,00:32:24,00
2249852,8393,24289,50.72,1,1,13.07,136.5,25900,151,-1084,-132,1102,1,43.6623987,-79.3949615,113.70,17.04,0.68,12,1,00:32:25,00
2250157,14090,24289,50.81,1,1,13.03,136.1,25908,33,-983,-93,988,1,43.6623987,-79.3949615,113.70,17.04,0.68,12,1,00:32:25,00
2250456,18628,24289,50.77,1,1,13.12,137.0,25916,95,-1086,-165,1103,1,43.6623987,-79.3949615,113.70,17.04,0.68,12,1,00:32:25,00
2250760,23661,24289,50.80,1,1,13.38,139.8,25925,71,-850,-16,854,1,43.6623987,-79.3950037,113.70,12.15,0.68,12,1,00:32:26,00
2251063,24520,24289,50.82,1,1,13.44,140.4,25933,30,-1074,-26,1075,1,43.6623987,-79.3950037,113.60,12.15,0.68,12,1,00:32:26,00
2251366,24520,24289,50.87,1,1,12.32,128.6,25941,33,-1107,-79,1111,1,43.6623987,-79.3950037,113.60,12.15,0.68,12,1,00:32:26,00
2251671,24520,24289,50.88,1,1,12.64,132.0,25949,-22,-1005,47,1006,1,43.6623987,-79.3950037,113.60,12.15,0.68,12,1,00:32:26,00
2251975,24520,24289,50.87,1,1,14.56,152.0,25958,108,-961,-177,984,1,43.6624040,-79.3950490,113.60,13.98,0.69,12,1,00:32:27,00
2252280,20616,24289,50.93,1,1,14.96,156.3,25968,127,-1016,-50,1025,1,43.6624040,-79.3950490,113.60,13.98,0.69,12,1,00:32:27,00
2252584,19870,24289,50.92,1,1,15.30,159.7,25978,96,-912,-94,922,1,43.6624040,-79.3950490,113.60,13.98,0.69,12,1,00:32:27,00
2252891,19958,24289,50.97,1,1,13.95,145.6,25987,55,-1047,-63,1050,1,43.6624012,-79.3950933,113.90,14.69,0.70,12,1,00:32:28,00
2253209,15960,24289,50.99,1,1,15.75,164.5,25997,17,-1034,-125,1042,1,43.6624012,-79.3950933,113.90,14.69,0.70,12,1,00:32:28,00
2253515,14536,24289,50.98,1,1,15.75,164.4,26007,76,-1090,-70,1095,1,43.6624012,-79.3950933,113.90,14.69,0.70,12,1,00:32:28,00
2253823,10752,24289,51.01,1,1,14.22,148.6,26016,84,-934,41,939,1,43.6624073,-79.3951442,113.90,15.67,0.70,12,1,00:32:29,00
2254141,-328,24289,51.04,1,1,14.42,150.6,26026,187,-848,-35,869,1,43.6624073,-79.3951442,112.30,15.67,0.68,12,1,00:32:29,00
2254505,-315,24289,51.07,1,1,14.43,150.7,26037,108,-1098,-59,1105,1,43.6624073,-79.3951442,112.30,15.67,0.68,12,1,00:32:29,00
2254804,-317,24289,51.09,1,1,13.44,140.4,26045,57,-986,76,991,1,43.6624093,-79.3952005,112.30,16.04,0.68,12,1,00:32:30,00
2255115,-284,24289,51.10,1,1,15.06,157.2,26055,145,-1022,-109,1037,1,43.6624093,-79.3952005,115.00,16.04,0.75,12,1,00:32:30,00
2255431,-251,24289,51.11,1,1,13.30,138.9,26064,59,-919,188,940,1,43.6624093,-79.3952005,115.00,16.04,0.75,12,1,00:32:30,00
2255736,-248,24289,51.13,1,1,14.41,150.5,26073,128,-910,-135,929,1,43.6624093,-79.3952005,115.00,16.04,0.75,12,1,00:32:30,00
2256041,-232,24289,51.16,1,1,14.17,148.0,26082,143,-1042,-80,1055,1,43.6624080,-79.3952487,113.80,13.95,0.73,12,1,00:32:31,00
2256349,-214,24289,51.17,1,1,13.95,145.6,26091,162,-883,-113,905,1,43.6624080,-79.3952487,113.80,13.95,0.73,12,1,00:32:31,00
2256657,-195,24289,51.22,1,1,13.77,143.8,26100,64,-970,113,978,1,43.6624080,-79.3952487,113.80,13.95,0.73,12,1,00:32:31,00
2256964,-194,24289,51.25,1,1,13.39,139.9,26108,59,-984,36,986,1,43.6624127,-79.3952982,113.70,13.22,0.72,12,1,00:32:32,00
2257279,-183,24289,51.24,1,1,13.34,139.3,26117,142,-990,-47,1001,1,43.6624127,-79.3952982,113.70,13.22,0.72,12,1,00:32:32,00
2257587,-164,24289,51.23,1,1,13.06,136.4,26126,78,-995,6,998,1,43.6624127,-79.3952982,113.70,13.22,0.72,12,1,00:32:32,00
2257898,-162,24289,51.24,1,1,12.68,132.5,26134,126,-1056,-75,1066,1,43.6624337,-79.3953447,113.70,14.09,0.72,12,1,00:32:33,00
2258218,-155,24289,51.27,1,1,10.95,114.4,26141,184,-647,-164,693,1,43.6624337,-79.3953447,111.40,14.09,0.82,12,1,00:32:33,00
2258530,-146,24289,51.30,1,1,12.24,127.8,26149,170,-926,-53,943,1,43.6624337,-79.3953447,111.40,14.09,0.82,12,1,00:32:33,00
2258845,-152,24289,51.30,1,1,12.08,126.2,26157,212,-920,-312,995,1,43.6624362,-79.3953930,111.40,14.20,0.82,12,1,00:32:34,00
2259157,-144,24289,51.32,1,1,11.86,123.8,26165,3,-1146,-2,1146,1,43.6624362,-79.3953930,112.30,14.20,0.79,12,1,00:32:34,00
2259534,-128,24289,51.32,1,1,10.47,109.3,26173,59,-999,-35,1001,1,43.6624362,-79.3953930,112.30,14.20,0.79,12,1,00:32:34,00
2259847,-123,24289,51.34,1,1,11.25,117.4,26180,99,-1005,-57,1012,1,43.6624280,-79.3954413,112.30,14.83,0.79,12,1,00:32:35,00
2260161,-126,24289,51.33,1,1,11.40,119.0,26188,158,-994,-122,1014,1,43.6624280,-79.3954413,111.50,14.83,0.76,12,1,00:32:35,00
2260475,-116,24289,51.35,1,1,10.99,114.8,26195,155,-859,-51,874,1,43.6624280,-79.3954413,111.50,14.83,0.76,12,1,00:32:35,00
2260783,21,24289,51.35,1,1,10.88,113.6,26202,162,-1140,-135,1160,1,43.6624280,-79.3954413,111.50,14.83,0.76,12,1,00:32:35,00
2261098,239,24289,51.35,1,1,10.95,114.4,26209,146,-877,-48,890,1,43.6624338,-79.3954945,109.40,14.37,0.69,12,1,00:32:36,00
2261418,1440,24289,51.39,1,1,11.13,116.3,26217,74,-981,40,984,1,43.6624338,-79.3954945,109.40,14.37,0.69,12,1,00:32:36,00
2261738,3132,24289,51.41,1,1,11.02,115.1,26224,108,-994,-49,1001,1,43.6624338,-79.3954945,109.40,14.37,0.69,12,1,00:32:36,00
2262087,4654,24289,51.41,1,1,9.94,103.9,26231,164,-859,-197,896,1,43.6624273,-79.3955453,109.10,14.33,0.69,12,1,00:32:37,00
2262387,3168,24289,51.47,1,1,11.50,120.1,26239,135,-989,-93,1003,1,43.6624273,-79.3955453,109.10,14.33,0.69,12,1,00:32:37,00
2262685,3181,24289,51.51,1,1,11.44,119.5,26246,143,-941,-156,964,1,43.6624273,-79.3955453,109.10,14.33,0.69,12,1,00:32:37,00
2262975,703,24289,51.51,1,1,11.48,119.9,26253,108,-935,-16,942,1,43.6624188,-79.3955872,108.10,10.85,0.66,12,1,00:32:38,00
2263267,-113,24289,51.53,1,1,11.48,119.9,26260,149,-923,-73,938,1,43.6624188,-79.3955872,108.10,10.85,0.66,12,1,00:32:38,00
2263560,-101,24289,51.56,1,1,11.56,120.7,26267,206,-973,-169,1008,1,43.6624188,-79.3955872,108.10,10.85,0.66,12,1,00:32:38,00
2263857,-108,24289,51.56,1,1,11.48,119.9,26274,181,-819,-50,840,1,43.6624017,-79.3956317,108.10,15.37,0.66,12,1,00:32:39,00
2264153,-118,24289,51.61,1,1,11.48,119.9,26281,102,-1117,-77,1124,1,43.6624017,-79.3956317,106.80,15.37,0.71,12,1,00:32:39,00
2264505,-109,24289,51.61,1,1,10.52,109.9,26289,141,-1007,-115,1023,1,43.6624017,-79.3956317,106.80,15.37,0.71,12,1,00:32:39,00
2264796,-115,24289,51.63,1,1,11.56,120.7,26296,128,-993,16,1001,1,43.6624017,-79.3956317,106.80,15.37,0.71,12,1,00:32:39,00
2265086,-113,24289,51.66,1,1,11.60,121.1,26303,108,-1085,-56,1092,1,43.6623917,-79.3956848,105.80,15.09,0.71,12,1,00:32:40,00
2265381,-103,24289,51.68,1,1,11.72,122.4,26310,161,-949,-111,969,1,43.6623917,-79.3956848,105.80,15.09,0.71,12,1,00:32:40,00
2265680,-108,24289,51.65,1,1,11.72,122.4,26317,113,-1005,70,1014,1,43.6623917,-79.3956848,105.80,15.09,0.71,12,1,00:32:40,00
2265980,-99,24289,51.68,1,1,11.93,124.6,26325,116,-954,-22,962,1,43.6623750,-79.3957322,105.60,14.32,0.71,12,1,00:32:41,00
2266277,-99,24289,51.70,1,1,11.80,123.2,26332,218,-834,-199,885,1,43.6623750,-79.3957322,105.60,14.32,0.71,12,1,00:32:41,00
2266570,-104,24289,51.66,1,1,11.80,123.2,26339,88,-1107,-78,1113,1,43.6623750,-79.3957322,105.60,14.32,0.71,12,1,00:32:41,00
2266864,-97,24289,51.69,1,1,11.97,125.0,26347,182,-727,-43,751,1,43.6623678,-79.3957730,105.60,10.67,0.71,12,1,00:32:42,00
2267159,-94,24289,51.72,1,1,11.76,122.8,26354,232,-949,-302,1022,1,43.6623678,-79.3957730,104.40,10.67,0.71,12,1,00:32:42,00
2267460,-92,24289,51.71,1,1,11.72,122.4,26361,106,-792,-6,799,1,43.6623678,-79.3957730,104.40,10.67,0.71,12,1,00:32:42,00
2267759,-96,24289,51.68,1,1,11.93,124.6,26369,172,-960,-106,982,1,43.6623678,-79.3957730,104.40,10.67,0.71,12,1,00:32:42,00
2268062,-99,24289,51.70,1,1,11.72,122.4,26376,203,-1009,-153,1040,1,43.6623572,-79.3958017,103.50,8.61,0.72,12,1,00:32:43,00
2268361,-105,24289,51.67,1,1,11.64,121.5,26383,100,-887,33,893,1,43.6623572,-79.3958017,103.50,8.61,0.72,12,1,00:32:43,00
2268657,-105,24289,51.69,1,1,11.75,122.7,26391,112,-1027,-193,1051,1,43.6623572,-79.3958017,103.50,8.61,0.72,12,1,00:32:43,00
2268957,-91,24289,51.70,1,1,11.52,120.3,26398,134,-975,-83,987,1,43.6623338,-79.3958322,104.50,11.70,0.69,12,1,00:32:44,00
2269323,-100,24289,51.66,1,1,10.47,109.3,26406,103,-936,9,941,1,43.6623338,-79.3958322,104.50,11.70,0.69,12,1,00:32:44,00
2269617,-103,24289,51.65,1,1,11.40,119.0,26413,83,-944,3,947,1,43.6623338,-79.3958322,104.50,11.70,0.69,12,1,00:32:44,00
2269915,-99,24289,51.66,1,1,11.28,117.8,26420,185,-867,-45,888,1,43.6623058,-79.3958630,104.50,12.19,0.69,12,1,00:32:45,00
2270213,-96,24289,51.68,1,1,11.21,117.1,26427,104,-1027,0,1032,1,43.6623058,-79.3958630,106.40,12.19,0.65,12,1,00:32:45,00
2270507,-90,24289,51.66,1,1,11.21,117.1,26434,117,-918,-8,926,1,43.6623058,-79.3958630,106.40,12.19,0.65,12,1,00:32:45,00
2270802,-86,24289,51.63,1,1,11.06,115.5,26441,117,-1020,-96,1031,1,43.6622798,-79.3958908,106.40,11.45,0.65,12,1,00:32:46,00
2271099,-92,24289,51.64,1,1,10.88,113.6,26447,119,-914,-35,923,1,43.6622798,-79.3958908,106.70,11.45,0.65,12,1,00:32:46,00
2271400,-80,24289,51.65,1,1,11.10,115.9,26454,87,-1024,21,1028,1,43.6622798,-79.3958908,106.70,11.45,0.65,12,1,00:32:46,00
2271695,-86,24289,51.66,1,1,11.06,115.5,26461,100,-869,-89,879,1,43.6622798,-79.3958908,106.70,11.45,0.65,12,1,00:32:46,00
2271996,-92,24289,51.63,1,1,11.02,115.1,26468,180,-975,-57,993,1,43.6622643,-79.3959210,107.30,9.57,0.68,12,1,00:32:47,00
2272304,115,24289,51.62,1,1,11.02,115.1,26475,113,-935,-15,942,1,43.6622643,-79.3959210,107.30,9.57,0.68,12,1,00:32:47,00
2272602,-95,24289,51.63,1,1,11.06,115.5,26482,189,-946,-175,980,1,43.6622643,-79.3959210,107.30,9.57,0.68,12,1,00:32:47,00
2272903,-97,24289,51.59,1,1,11.02,115.1,26489,150,-998,-190,1027,1,43.6622422,-79.3959582,107.30,13.80,0.68,12,1,00:32:48,00
2273204,-98,24289,51.59,1,1,11.13,116.3,26496,52,-839,-27,841,1,43.6622422,-79.3959582,107.80,13.80,0.76,12,1,00:32:48,00
2273508,-74,24289,51.56,1,1,11.13,116.3,26503,59,-1049,-60,1052,1,43.6622422,-79.3959582,107.80,13.80,0.76,12,1,00:32:48,00
2273814,-84,24289,51.58,1,1,11.17,116.7,26510,87,-993,13,997,1,43.6622252,-79.3960075,107.80,14.93,0.76,12,1,00:32:49,00
2274178,-100,24289,51.59,1,1,10.30,107.5,26518,139,-1046,-149,1065,1,43.6622252,-79.3960075,106.60,14.93,0.74,12,1,00:32:49,00
2274484,-69,24289,51.58,1,1,11.25,117.4,26525,47,-1123,29,1125,1,43.6622252,-79.3960075,106.60,14.93,0.74,12,1,00:32:49,00
2274789,-71,24289,51.58,1,1,11.25,117.4,26532,86,-880,79,888,1,43.6622252,-79.3960075,106.60,14.93,0.74,12,1,00:32:49,00
2275088,-82,24289,51.56,1,1,11.25,117.4,26539,217,-927,-140,963,1,43.6621932,-79.3960282,108.00,12.59,0.74,12,1,00:32:50,00
2275394,-84,24289,51.59,1,1,11.43,119.4,26547,111,-1114,-131,1127,1,43.6621932,-79.3960282,108.00,12.59,0.74,12,1,00:32:50,00
2275702,-86,24289,51.58,1,1,11.21,117.1,26554,167,-1046,-181,1075,1,43.6621932,-79.3960282,108.00,12.59,0.74,12,1,00:32:50,00
2276010,-94,24289,51.57,1,1,11.25,117.4,26561,138,-983,-175,1008,1,43.6621777,-79.3960485,107.20,7.32,0.73,12,1,00:32:51,00
2276314,-81,24289,51.58,1,1,11.36,118.6,26568,44,-983,25,985,1,43.6621777,-79.3960485,107.20,7.32,0.73,12,1,00:32:51,00
2276622,-85,24289,51.59,1,1,11.64,121.6,26576,148,-939,-169,965,1,43.6621777,-79.3960485,107.20,7.32,0.73,12,1,00:32:51,00
2276934,-96,24289,51.56,1,1,11.56,120.7,26583,154,-885,-56,900,1,43.6621558,-79.3960718,107.20,12.19,0.73,12,1,00:32:52,00
2277241,-88,24289,51.57,1,1,11.82,123.5,26591,153,-1029,-64,1042,1,43.6621558,-79.3960718,106.10,12.19,0.78,12,1,00:32:52,00
2277548,-84,24289,51.55,1,1,11.93,124.6,26599,105,-947,-76,956,1,43.6621558,-79.3960718,106.10,12.19,0.78,12,1,00:32:52,00
2277858,-95,24289,51.56,1,1,11.80,123.2,26606,157,-1072,-104,1089,1,43.6621270,-79.3960837,106.10,10.50,0.78,12,1,00:32:53,00
2278164,-81,24289,51.60,1,1,11.97,125.0,26614,124,-817,67,829,1,43.6621270,-79.3960837,107.40,10.50,0.78,12,1,00:32:53,00
2278474,-67,24289,51.58,1,1,12.12,126.6,26622,163,-1049,-182,1077,1,43.6621270,-79.3960837,107.40,10.50,0.78,12,1,00:32:53,00
2278793,-90,24289,51.58,1,1,12.16,127.0,26630,110,-1004,-73,1013,1,43.6621025,-79.3961032,107.40,10.74,0.78,12,1,00:32:54,00
2279173,-87,24289,51.57,1,1,8.73,91.1,26637,116,-1016,-151,1033,1,43.6621025,-79.3961032,107.90,10.74,0.78,12,1,00:32:54,00
2279476,-80,24289,51.57,1,1,11.97,125.0,26644,131,-951,-20,960,1,43.6621025,-79.3961032,107.90,10.74,0.78,12,1,00:32:54,00
2279785,-100,24289,51.58,1,1,12.28,128.2,26652,143,-934,-43,946,1,43.6621025,-79.3961032,107.90,10.74,0.78,12,1,00:32:54,00
2280099,-91,24289,51.56,1,1,12.32,128.6,26660,159,-986,-134,1008,1,43.6620668,-79.3961260,104.40,17.15,0.78,12,1,00:32:55,00
2280408,-89,24289,51.55,1,1,12.32,128.6,26668,95,-1000,30,1005,1,43.6620668,-79.3961260,104.40,17.15,0.78,12,1,00:32:55,00
2280713,-91,24289,51.58,1,1,12.44,129.9,26676,153,-923,-95,941,1,43.6620668,-79.3961260,104.40,17.15,0.78,12,1,00:32:55,00
2281027,-81,24289,51.55,1,1,12.64,132.0,26685,139,-934,-56,946,1,43.6620312,-79.3961402,104.00,13.15,0.76,12,1,00:32:56,00
2281335,-79,24289,51.56,1,1,12.60,131.6,26693,131,-1031,-148,1050,1,43.6620312,-79.3961402,104.00,13.15,0.76,12,1,00:32:56,00
2281648,-85,24289,51.55,1,1,11.10,115.9,26700,128,-886,-80,899,1,43.6620312,-79.3961402,104.00,13.15,0.76,12,1,00:32:56,00
2281959,-95,24289,51.56,1,1,12.72,132.9,26708,117,-900,-2,907,1,43.6619987,-79.3961527,103.50,12.82,0.72,12,1,00:32:57,00
2282272,-85,24289,51.55,1,1,12.94,135.1,26717,121,-958,4,966,1,43.6619987,-79.3961527,103.50,12.82,0.72,12,1,00:32:57,00
2282587,-78,24289,51.55,1,1,12.81,133.8,26725,118,-843,56,853,1,43.6619987,-79.3961527,103.50,12.82,0.72,12,1,00:32:57,00
2282901,-87,24289,51.54,1,1,13.10,136.8,26734,212,-984,-163,1020,1,43.6619712,-79.3961638,102.40,10.78,0.70,12,1,00:32:58,00
2283223,-87,24289,51.57,1,1,13.10,136.8,26743,152,-884,-139,908,1,43.6619712,-79.3961638,102.40,10.78,0.70,12,1,00:32:58,00
2283537,-76,24289,51.58,1,1,12.94,135.1,26751,115,-1065,-39,1072,1,43.6619712,-79.3961638,102.40,10.78,0.70,12,1,00:32:58,00
2283855,-76,24289,51.60,1,1,13.30,138.9,26760,173,-867,-145,896,1,43.6619387,-79.3961758,102.40,14.58,0.70,12,1,00:32:59,00
2284265,-94,24289,51.63,1,1,11.37,118.8,26770,139,-986,-153,1008,1,43.6619387,-79.3961758,104.00,14.58,0.69,12,1,00:32:59,00
2284554,-87,24289,51.63,1,1,12.94,135.1,26777,167,-992,-106,1011,1,43.6619387,-79.3961758,104.00,14.58,0.69,12,1,00:32:59,00
2284847,-81,24289,51.63,1,1,11.86,123.8,26785,162,-1017,-161,1043,1,43.6618992,-79.3961825,104.00,15.67,0.69,12,1,00:33:00,00
2285143,-84,24289,51.62,1,1,11.60,121.1,26792,131,-1006,-111,1020,1,43.6618992,-79.3961825,102.40,15.67,0.82,12,1,00:33:00,00
2285435,-78,24289,51.61,1,1,13.30,138.9,26800,143,-968,-120,986,1,43.6618992,-79.3961825,102.40,15.67,0.82,12,1,00:33:00,00
2285729,-87,24289,51.61,1,1,13.39,139.9,26808,88,-1108,5,1111,1,43.6618992,-79.3961825,102.40,15.67,0.82,12,1,00:33:00,00
2286038,-87,24289,51.59,1,1,13.59,142.0,26817,171,-873,-68,892,1,43.6618653,-79.3961860,102.20,12.70,0.75,12,1,00:33:01,00
2286334,-83,24289,51.56,1,1,13.49,140.8,26825,172,-1043,-111,1063,1,43.6618653,-79.3961860,102.20,12.70,0.75,12,1,00:33:01,00
2286635,-87,24289,51.56,1,1,12.16,127.0,26833,106,-1066,-133,1079,1,43.6618653,-79.3961860,102.20,12.70,0.75,12,1,00:33:01,00
2286927,-91,24289,51.56,1,1,13.58,141.8,26841,54,-1035,70,1039,1,43.6618305,-79.3961862,103.00,12.45,0.70,12,1,00:33:02,00
2287223,-85,24289,51.54,1,1,13.81,144.2,26850,136,-989,-46,1000,1,43.6618305,-79.3961862,103.00,12.45,0.70,12,1,00:33:02,00
2287521,-87,24289,51.56,1,1,13.63,142.3,26858,155,-1039,-83,1054,1,43.6618305,-79.3961862,103.00,12.45,0.70,12,1,00:33:02,00
2287819,-89,24289,51.56,1,1,13.77,143.8,26867,177,-822,-127,851,1,43.6618027,-79.3961863,103.00,11.50,0.70,12,1,00:33:03,00
2288114,-86,24289,51.54,1,1,13.53,141.3,26875,101,-1077,89,1085,1,43.6618027,-79.3961863,100.80,11.50,0.77,12,1,00:33:03,00
2288406,-76,24289,51.55,1,1,13.53,141.3,26883,135,-924,-103,939,1,43.6618027,-79.3961863,100.80,11.50,0.77,12,1,00:33:03,00
2288703,-82,24289,51.54,1,1,12.08,126.2,26891,156,-849,5,863,1,43.6618027,-79.3961863,100.80,11.50,0.77,12,1,00:33:03,00
2289067,-77,24289,51.52,1,1,11.01,114.9,26899,25,-1152,16,1153,1,43.6617638,-79.3961835,100.80,14.98,0.84,12,1,00:33:04,00
2289362,-85,24289,51.52,1,1,13.59,142.0,26908,175,-909,-147,937,1,43.6617638,-79.3961835,100.80,14.98,0.84,12,1,00:33:04,00
2289664,-80,24289,51.51,1,1,11.72,122.4,26915,138,-938,-77,951,1,43.6617638,-79.3961835,100.80,14.98,0.84,12,1,00:33:04,00
2289959,-88,24289,51.51,1,1,13.44,140.4,26923,204,-994,-209,1036,1,43.6617283,-79.3961853,101.30,12.82,0.74,12,1,00:33:05,00
2290257,-82,24289,51.52,1,1,13.55,141.5,26932,128,-957,-88,970,1,43.6617283,-79.3961853,101.30,12.82,0.74,12,1,00:33:05,00
2290554,-73,24289,51.53,1,1,13.39,139.9,26940,102,-1043,15,1048,1,43.6617283,-79.3961853,101.30,12.82,0.74,12,1,00:33:05,00
2290850,-79,24289,51.56,1,1,13.39,139.9,26948,94,-1148,-115,1157,1,43.6616973,-79.3961715,101.30,12.30,0.74,12,1,00:33:06,00
2291147,-80,24289,51.58,1,1,13.47,140.6,26957,174,-929,-164,960,1,43.6616973,-79.3961715,101.60,12.30,0.80,12,1,00:33:06,00
2291445,-67,24289,51.60,1,1,13.25,138.4,26965,-4,-1014,267,1049,1,43.6616973,-79.3961715,101.60,12.30,0.80,12,1,00:33:06,00
2291748,-88,24289,51.64,1,1,13.03,136.1,26973,158,-1077,-112,1095,1,43.6616973,-79.3961715,101.60,12.30,0.80,12,1,00:33:06,00
2292049,-86,24289,51.64,1,1,12.98,135.6,26981,192,-822,41,845,1,43.6616615,-79.3961475,100.80,15.87,0.69,12,1,00:33:07,00
2292350,-76,24289,51.67,1,1,12.73,132.9,26989,276,-936,-399,1054,1,43.6616615,-79.3961475,100.80,15.87,0.69,12,1,00:33:07,00
2292652,-83,24289,51.66,1,1,12.48,130.3,26997,95,-1014,-105,1024,1,43.6616615,-79.3961475,100.80,15.87,0.69,12,1,00:33:07,00
2292949,-78,24289,51.68,1,1,12.28,128.2,27005,158,-1011,-173,1038,1,43.6616327,-79.3961165,101.20,12.87,0.75,12,1,00:33:08,00
2293250,-78,24289,51.67,1,1,11.97,125.0,27012,174,-970,-110,991,1,43.6616327,-79.3961165,101.20,12.87,0.75,12,1,00:33:08,00
2293554,-77,24289,51.67,1,1,11.93,124.6,27020,21,-1001,107,1007,1,43.6616327,-79.3961165,101.20,12.87,0.75,12,1,00:33:08,00
2293920,-80,24289,51.67,1,1,10.61,110.8,27028,71,-912,15,915,1,43.6615997,-79.3961050,102.00,12.06,0.76,12,1,00:33:09,00
2294213,-75,24289,51.71,1,1,11.40,119.0,27035,128,-995,-11,1003,1,43.6615997,-79.3961050,102.00,12.06,0.76,12,1,00:33:09,00
2294510,-64,24289,51.72,1,1,11.28,117.8,27042,163,-1009,-108,1028,1,43.6615997,-79.3961050,102.00,12.06,0.76,12,1,00:33:09,00
2294810,-74,24289,51.71,1,1,11.13,116.3,27049,118,-1097,-40,1104,1,43.6615690,-79.3960973,102.00,10.39,0.76,12,1,00:33:10,00
2295115,-76,24289,51.72,1,1,10.92,114.0,27056,172,-906,-190,942,1,43.6615690,-79.3960973,103.30,10.39,0.88,12,1,00:33:10,00
2295415,9,24289,51.74,1,1,10.74,112.2,27063,138,-928,-53,940,1,43.6615690,-79.3960973,103.30,10.39,0.88,12,1,00:33:10,00
2295718,267,24289,51.77,1,1,10.37,108.3,27069,204,-950,-68,974,1,43.6615690,-79.3960973,103.30,10.39,0.88,12,1,00:33:10,00
2296027,1152,24289,51.76,1,1,10.47,109.4,27076,142,-981,-126,1000,1,43.6615492,-79.3960840,103.50,8.09,0.74,12,1,00:33:11,00
2296331,2362,24289,51.76,1,1,10.44,109.0,27083,87,-1141,-141,1153,1,43.6615492,-79.3960840,103.50,8.09,0.74,12,1,00:33:11,00
2296631,3907,24289,51.73,1,1,10.26,107.1,27089,108,-1000,-49,1007,1,43.6615492,-79.3960840,103.50,8.09,0.74,12,1,00:33:11,00
2296937,3756,24289,51.74,1,1,10.64,111.1,27096,147,-957,-142,978,1,43.6615277,-79.3960700,103.50,9.33,0.74,12,1,00:33:12,00
2297249,2639,24289,51.79,1,1,10.81,112.9,27103,184,-933,-107,956,1,43.6615277,-79.3960700,103.50,9.33,0.74,12,1,00:33:12,00
2297557,2059,24289,51.76,1,1,10.95,114.4,27110,196,-787,-136,823,1,43.6615277,-79.3960700,103.50,9.33,0.74,12,1,00:33:12,00
2297863,1712,24289,51.81,1,1,11.06,115.5,27117,169,-994,-167,1022,1,43.6614945,-79.3960463,105.80,13.45,0.76,12,1,00:33:13,00
2298176,-69,24289,51.80,1,1,11.29,117.9,27124,23,-984,21,985,1,43.6614945,-79.3960463,105.80,13.45,0.76,12,1,00:33:13,00
2298485,-63,24289,51.82,1,1,11.57,120.8,27132,134,-1077,-17,1085,1,43.6614945,-79.3960463,105.80,13.45,0.76,12,1,00:33:13,00
2298854,-64,24289,51.81,1,1,10.58,110.5,27140,106,-1041,-98,1051,1,43.6614462,-79.3959938,105.80,23.45,0.76,12,1,00:33:14,00
2299159,-74,24289,51.85,1,1,11.97,125.0,27148,181,-846,-246,899,1,43.6614462,-79.3959938,111.10,23.45,0.66,12,1,00:33:14,00
2299465,-59,24289,51.81,1,1,11.88,124.1,27155,126,-1009,35,1018,1,43.6614462,-79.3959938,111.10,23.45,0.66,12,1,00:33:14,00
2299772,-77,24289,51.84,1,1,12.16,127.0,27163,155,-836,-151,863,1,43.6614217,-79.3959570,111.10,14.63,0.66,12,1,00:33:15,00
2300084,-74,24289,51.85,1,1,12.28,128.2,27171,135,-934,-80,947,1,43.6614217,-79.3959570,111.60,14.63,0.66,12,1,00:33:15,00
2300398,-76,24289,51.87,1,1,12.28,128.2,27179,158,-942,-90,960,1,43.6614217,-79.3959570,111.60,14.63,0.66,12,1,00:33:15,00
2300705,-72,24289,51.85,1,1,12.52,130.7,27187,68,-1080,34,1083,1,43.6614217,-79.3959570,111.60,14.63,0.66,12,1,00:33:15,00
2301016,-68,24289,51.85,1,1,12.48,130.3,27195,150,-1017,-73,1031,1,43.6614118,-79.3959332,115.90,4.96,0.72,12,1,00:33:16,00
2301326,-62,24289,51.82,1,1,12.56,131.1,27203,140,-958,-164,982,1,43.6614118,-79.3959332,115.90,4.96,0.72,12,1,00:33:16,00
2301638,-60,24289,51.81,1,1,12.82,133.9,27212,175,-890,-173,923,1,43.6614118,-79.3959332,115.90,4.96,0.72,12,1,00:33:16,00
2301946,-64,24289,51.80,1,1,12.68,132.5,27220,132,-958,-90,971,1,43.6614040,-79.3959223,118.70,3.87,0.65,12,1,00:33:17,00
2302260,-72,24289,51.78,1,1,12.81,133.8,27228,83,-968,87,975,1,43.6614040,-79.3959223,118.70,3.87,0.65,12,1,00:33:17,00
2302576,-61,24289,51.73,1,1,13.02,136.0,27237,119,-1015,-41,1022,1,43.6614040,-79.3959223,118.70,3.87,0.65,12,1,00:33:17,00
2302888,-67,24289,51.71,1,1,12.98,135.6,27245,135,-1016,4,1025,1,43.6613787,-79.3959120,119.50,9.69,0.70,12,1,00:33:18,00
2303199,-69,24289,51.69,1,1,13.26,138.5,27254,122,-930,55,939,1,43.6613787,-79.3959120,119.50,9.69,0.70,12,1,00:33:18,00
2303508,-58,24289,51.64,1,1,13.47,140.6,27263,147,-949,-153,973,1,43.6613787,-79.3959120,119.50,9.69,0.70,12,1,00:33:18,00
2303876,-74,24289,51.65,1,1,12.24,127.8,27272,87,-972,44,977,1,43.6613612,-79.3958910,119.50,9.24,0.70,12,1,00:33:19,00
2304187,-72,24289,51.63,1,1,13.55,141.5,27281,139,-898,-81,913,1,43.6613612,-79.3958910,118.80,9.24,0.74,12,1,00:33:19,00
2304497,-59,24289,51.59,1,1,13.55,141.5,27290,171,-926,-39,943,1,43.6613612,-79.3958910,118.80,9.24,0.74,12,1,00:33:19,00
2304812,-60,24289,51.61,1,1,13.68,142.9,27299,126,-963,-80,974,1,43.6613423,-79.3958530,118.80,11.67,0.74,12,1,00:33:20,00
2305122,-65,24289,51.57,1,1,13.68,142.9,27308,190,-909,-194,949,1,43.6613423,-79.3958530,119.80,11.67,0.67,12,1,00:33:20,00
2305435,-58,24289,51.56,1,1,13.77,143.8,27317,115,-1094,-73,1102,1,43.6613423,-79.3958530,119.80,11.67,0.67,12,1,00:33:20,00
2305745,-58,24289,51.53,1,1,13.81,144.2,27326,73,-1034,-59,1038,1,43.6613423,-79.3958530,119.80,11.67,0.67,12,1,00:33:20,00
2306059,-70,24289,51.53,1,1,13.86,144.7,27335,100,-1009,30,1015,1,43.6613377,-79.3958253,122.70,5.39,0.84,12,1,00:33:21,00
2306412,-64,24289,51.52,1,1,12.60,131.6,27344,109,-1020,-57,1027,1,43.6613377,-79.3958253,122.70,5.39,0.84,12,1,00:33:21,00
2306702,-61,24289,51.49,1,1,13.58,141.8,27352,156,-1061,-29,1073,1,43.6613377,-79.3958253,122.70,5.39,0.84,12,1,00:33:21,00
2307004,-48,24289,51.50,1,1,12.36,129.0,27360,92,-890,28,895,1,43.6613217,-79.3957955,122.90,12.63,0.75,12,1,00:33:22,00
2307303,-57,24289,51.52,1,1,13.90,145.2,27369,172,-969,-142,994,1,43.6613217,-79.3957955,122.90,12.63,0.75,12,1,00:33:22,00
2307598,-67,24289,51.54,1,1,13.63,142.3,27377,46,-1113,22,1114,1,43.6613217,-79.3957955,122.90,12.63,0.75,12,1,00:33:22,00
2307893,-58,24289,51.52,1,1,13.90,145.2,27386,185,-865,-115,893,1,43.6613027,-79.3957625,124.50,11.33,0.75,12,1,00:33:23,00
2308190,-67,24289,51.51,1,1,13.73,143.4,27394,135,-1063,-177,1086,1,43.6613027,-79.3957625,124.50,11.33,0.75,12,1,00:33:23,00
2308485,-45,24289,51.53,1,1,12.28,128.2,27402,177,-849,18,868,1,43.6613027,-79.3957625,124.50,11.33,0.75,12,1,00:33:23,00
2308843,-55,24289,51.51,1,1,11.17,116.6,27410,41,-993,115,1000,1,43.6612850,-79.3957200,124.50,13.52,0.75,12,1,00:33:24,00
2309137,-46,24289,51.49,1,1,13.63,142.3,27418,214,-972,-200,1015,1,43.6612850,-79.3957200,126.90,13.52,0.75,12,1,00:33:24,00
2309436,-46,24289,51.49,1,1,12.24,127.8,27426,155,-1054,-186,1082,1,43.6612850,-79.3957200,126.90,13.52,0.75,12,1,00:33:24,00
2309729,-58,24289,51.50,1,1,13.53,141.3,27434,116,-953,75,963,1,43.6612850,-79.3957200,126.90,13.52,0.75,12,1,00:33:24,00
2310020,-55,24289,51.50,1,1,13.68,142.9,27443,127,-862,-34,872,1,43.6612595,-79.3956770,126.70,12.72,0.69,12,1,00:33:25,00
2310316,-43,24289,51.48,1,1,13.53,141.3,27451,45,-1163,31,1164,1,43.6612595,-79.3956770,126.70,12.72,0.69,12,1,00:33:25,00
2310612,-50,24289,51.50,1,1,13.53,141.3,27459,137,-958,-77,971,1,43.6612595,-79.3956770,126.70,12.72,0.69,12,1,00:33:25,00
2310902,-46,24289,51.45,1,1,13.64,142.4,27468,72,-1039,44,1042,1,43.6612458,-79.3956265,128.00,13.04,0.63,12,1,00:33:26,00
2311199,-49,24289,51.43,1,1,13.44,140.4,27476,206,-823,-81,852,1,43.6612458,-79.3956265,128.00,13.04,0.63,12,1,00:33:26,00
2311495,-37,24289,51.40,1,1,13.44,140.3,27484,62,-957,126,967,1,43.6612458,-79.3956265,128.00,13.04,0.63,12,1,00:33:26,00
2311794,-43,24289,51.39,1,1,12.16,127.0,27492,166,-892,-173,924,1,43.6612348,-79.3955792,128.00,13.52,0.63,12,1,00:33:27,00
2312089,-42,24289,51.34,1,1,13.53,141.3,27500,138,-978,26,988,1,43.6612348,-79.3955792,128.30,13.52,0.68,12,1,00:33:27,00
2312387,-47,24289,51.37,1,1,13.72,143.3,27509,56,-981,129,991,1,43.6612348,-79.3955792,128.30,13.52,0.68,12,1,00:33:27,00
2312691,-48,24289,51.30,1,1,13.49,140.8,27517,127,-963,-116,978,1,43.6612348,-79.3955792,128.30,13.52,0.68,12,1,00:33:27,00
2312990,-53,24289,51.30,1,1,12.16,127.0,27525,265,-855,-153,908,1,43.6612237,-79.3955320,128.40,14.11,0.62,12,1,00:33:28,00
2313296,-60,24289,51.25,1,1,13.68,142.9,27534,49,-913,27,914,1,43.6612237,-79.3955320,128.40,14.11,0.62,12,1,00:33:28,00
2313658,-51,24289,51.26,1,1,12.45,130.1,27543,168,-1026,-69,1042,1,43.6612237,-79.3955320,128.40,14.11,0.62,12,1,00:33:28,00
2313951,-57,24289,51.25,1,1,13.49,140.8,27551,157,-897,-109,917,1,43.6612030,-79.3954867,128.90,14.95,0.63,12,1,00:33:29,00
2314247,-44,24289,51.21,1,1,13.59,142.0,27560,232,-856,-156,900,1,43.6612030,-79.3954867,128.90,14.95,0.63,12,1,00:33:29,00
2314546,-52,24289,51.21,1,1,13.39,139.9,27568,103,-1167,-95,1176,1,43.6612030,-79.3954867,128.90,14.95,0.63,12,1,00:33:29,00
2314847,-53,24289,51.20,1,1,13.64,142.4,27577,128,-1032,-43,1041,1,43.6611868,-79.3954452,128.90,12.85,0.63,12,1,00:33:30,00
2315146,-50,24289,51.18,1,1,13.44,140.4,27585,87,-906,49,912,1,43.6611868,-79.3954452,128.50,12.85,0.62,12,1,00:33:30,00
2315450,-35,24289,51.16,1,1,13.55,141.5,27594,184,-818,-193,860,1,43.6611868,-79.3954452,128.50,12.85,0.62,12,1,00:33:30,00
2315750,-42,24289,51.15,1,1,13.35,139.4,27602,225,-958,-212,1006,1,43.6611868,-79.3954452,128.50,12.85,0.62,12,1,00:33:30,00
2316060,-39,24289,51.17,1,1,13.51,141.1,27611,123,-893,-89,906,1,43.6611762,-79.3953988,127.70,14.78,0.62,12,1,00:33:31,00
2316359,-46,24289,51.17,1,1,13.39,139.9,27619,123,-983,-45,992,1,43.6611762,-79.3953988,127.70,14.78,0.62,12,1,00:33:31,00
2316658,-50,24289,51.14,1,1,13.59,142.0,27628,154,-1014,-202,1046,1,43.6611762,-79.3953988,127.70,14.78,0.62,12,1,00:33:31,00
2316964,-54,24289,51.13,1,1,13.39,139.9,27636,40,-905,308,957,1,43.6611605,-79.3953530,124.80,14.67,0.63,12,1,00:33:32,00
2317263,-43,24289,51.14,1,1,13.72,143.3,27645,242,-1011,-221,1063,1,43.6611605,-79.3953530,124.80,14.67,0.63,12,1,00:33:32,00
2317569,-50,24289,51.12,1,1,13.49,140.8,27653,241,-918,-186,968,1,43.6611605,-79.3953530,124.80,14.67,0.63,12,1,00:33:32,00
2317879,-51,24289,51.10,1,1,13.72,143.3,27662,151,-1019,-141,1040,1,43.6611562,-79.3953013,124.80,14.83,0.63,12,1,00:33:33,00
2318197,-35,24289,51.11,1,1,12.24,127.8,27670,176,-993,-206,1029,1,43.6611562,-79.3953013,125.00,14.83,0.74,12,1,00:33:33,00
2318566,-34,24289,51.13,1,1,12.77,133.3,27680,235,-900,-269,969,1,43.6611562,-79.3953013,125.00,14.83,0.74,12,1,00:33:33,00
2318864,-39,24289,51.12,1,1,13.77,143.8,27689,95,-1209,-88,1216,1,43.6611497,-79.3952513,125.00,14.15,0.74,12,1,00:33:34,00
2319168,-37,24289,51.13,1,1,13.63,142.3,27697,173,-934,-268,987,1,43.6611497,-79.3952513,125.10,14.15,0.75,12,1,00:33:34,00
2319482,-25,24289,51.10,1,1,13.88,144.9,27707,145,-800,79,817,1,43.6611497,-79.3952513,125.10,14.15,0.75,12,1,00:33:34,00
2319793,-39,24289,51.10,1,1,13.86,144.7,27716,100,-1042,-178,1062,1,43.6611427,-79.3952008,125.10,14.22,0.75,12,1,00:33:35,00
2320094,-36,24289,51.08,1,1,13.68,142.9,27724,109,-944,-91,955,1,43.6611427,-79.3952008,124.10,14.22,0.66,12,1,00:33:35,00
2320399,-25,24289,51.10,1,1,13.86,144.7,27733,138,-1038,-134,1055,1,43.6611427,-79.3952008,124.10,14.22,0.66,12,1,00:33:35,00
2320706,-35,24289,51.06,1,1,13.90,145.2,27742,162,-919,-60,935,1,43.6611427,-79.3952008,124.10,14.22,0.66,12,1,00:33:35,00
2321011,-42,24289,51.06,1,1,13.81,144.2,27751,104,-1035,-26,1041,1,43.6611258,-79.3951482,122.50,15.17,0.66,12,1,00:33:36,00
2321316,-51,24289,51.05,1,1,13.53,141.3,27759,117,-994,-58,1002,1,43.6611258,-79.3951482,122.50,15.17,0.66,12,1,00:33:36,00
2321623,-29,24289,51.00,1,1,12.04,125.8,27767,173,-1020,-200,1054,1,43.6611258,-79.3951482,122.50,15.17,0.66,12,1,00:33:36,00
2321935,-25,24289,50.98,1,1,13.42,140.2,27776,88,-1071,-94,1078,1,43.6611093,-79.3951033,121.00,12.96,0.69,12,1,00:33:37,00
2322250,-33,24289,50.95,1,1,13.12,137.0,27784,161,-899,-166,928,1,43.6611093,-79.3951033,121.00,12.96,0.69,12,1,00:33:37,00
2322560,-29,24289,50.95,1,1,13.26,138.5,27793,147,-911,-71,925,1,43.6611093,-79.3951033,121.00,12.96,0.69,12,1,00:33:37,00
2322865,-23,24289,50.92,1,1,13.12,137.0,27801,335,-1003,-378,1123,1,43.6610923,-79.3950578,121.00,15.17,0.69,12,1,00:33:38,00
2323181,145,24289,50.93,1,1,13.30,138.9,27810,163,-916,-137,941,1,43.6610923,-79.3950578,119.40,15.17,0.66,12,1,00:33:38,00
2323551,477,24289,50.95,1,1,12.28,128.2,27820,98,-988,-35,993,1,43.6610923,-79.3950578,119.40,15.17,0.66,12,1,00:33:38,00
2323853,957,24289,50.97,1,1,13.12,137.0,27828,71,-1007,-31,1010,1,43.6610903,-79.3950208,119.40,10.39,0.66,12,1,00:33:39,00
2324163,2169,24289,50.98,1,1,13.07,136.5,27836,78,-1081,38,1084,1,43.6610903,-79.3950208,118.00,10.39,0.68,12,1,00:33:39,00
2324472,6652,24289,50.99,1,1,13.34,139.3,27845,172,-860,-167,893,1,43.6610903,-79.3950208,118.00,10.39,0.68,12,1,00:33:39,00
2324784,9839,24289,50.97,1,1,13.51,141.1,27854,103,-1020,-47,1026,1,43.6610903,-79.3950208,118.00,10.39,0.68,12,1,00:33:39,00
2325094,16256,24289,50.93,1,1,13.59,142.0,27863,221,-895,-179,939,1,43.6611070,-79.3949860,118.10,13.13,0.68,12,1,00:33:40,00
2325403,10297,24289,50.95,1,1,13.44,140.4,27871,121,-1029,-91,1040,1,43.6611070,-79.3949860,118.10,13.13,0.68,12,1,00:33:40,00
2325712,2919,24289,50.98,1,1,13.72,143.3,27880,114,-1028,-63,1036,1,43.6611070,-79.3949860,118.10,13.13,0.68,12,1,00:33:40,00
2326037,4066,24289,50.96,1,1,13.47,140.6,27889,75,-938,-21,941,1,43.6611225,-79.3949462,116.50,12.80,0.64,12,1,00:33:41,00
2326354,7279,24289,50.98,1,1,13.34,139.3,27898,97,-859,-116,873,1,43.6611225,-79.3949462,116.50,12.80,0.64,12,1,00:33:41,00
2326666,13393,24289,51.03,1,1,13.26,138.5,27907,44,-1071,-47,1073,1,43.6611225,-79.3949462,116.50,12.80,0.64,12,1,00:33:41,00
2326979,18104,24289,50.99,1,1,13.12,137.0,27915,148,-946,-123,966,1,43.6611320,-79.3948938,114.30,15.32,0.64,12,1,00:33:42,00
2327293,10629,24289,51.04,1,1,13.47,140.6,27924,81,-1131,-43,1134,1,43.6611320,-79.3948938,114.30,15.32,0.64,12,1,00:33:42,00
2327609,4145,24289,51.06,1,1,13.38,139.8,27933,136,-1107,-150,1126,1,43.6611320,-79.3948938,114.30,15.32,0.64,12,1,00:33:42,00
2327922,2922,24289,51.12,1,1,13.26,138.5,27942,81,-954,-159,971,1,43.6611477,-79.3948500,114.30,12.96,0.64,12,1,00:33:43,00
2328287,1050,24289,51.07,1,1,9.21,96.2,27949,214,-833,-248,895,1,43.6611477,-79.3948500,114.90,12.96,0.65,12,1,00:33:43,00
2328647,1174,24289,51.14,1,1,11.37,118.7,27957,77,-1099,-65,1103,1,43.6611477,-79.3948500,114.90,12.96,0.65,12,1,00:33:43,00
2328938,1849,24289,51.16,1,1,12.40,129.5,27965,-11,-805,173,823,1,43.6611612,-79.3948143,113.00,10.85,0.65,12,1,00:33:44,00
2329228,4243,24289,51.08,1,1,12.01,125.4,27972,81,-1076,-104,1084,1,43.6611612,-79.3948143,113.00,10.85,0.65,12,1,00:33:44,00
2329516,4047,24289,51.04,1,1,11.97,125.0,27979,104,-875,25,882,1,43.6611612,-79.3948143,113.00,10.85,0.65,12,1,00:33:44,00
2329810,4473,24289,51.05,1,1,12.16,127.0,27987,123,-963,-186,989,1,43.6611817,-79.3947703,113.00,16.20,0.65,12,1,00:33:45,00
2330103,7935,24289,51.02,1,1,11.97,125.0,27994,2,-1206,102,1210,1,43.6611817,-79.3947703,112.70,16.20,0.71,12,1,00:33:45,00
2330398,12052,24289,51.01,1,1,12.32,128.6,28002,145,-902,-225,941,1,43.6611817,-79.3947703,112.70,16.20,0.71,12,1,00:33:45,00
2330693,12231,24289,51.02,1,1,12.28,128.2,28009,74,-1000,54,1005,1,43.6611817,-79.3947703,112.70,16.20,0.71,12,1,00:33:45,00
2330991,11961,24289,51.02,1,1,12.56,131.1,28017,146,-866,-78,882,1,43.6611965,-79.3947315,113.40,12.00,0.71,12,1,00:33:46,00
2331286,12295,24289,51.02,1,1,12.81,133.8,28025,174,-970,-355,1047,1,43.6611965,-79.3947315,113.40,12.00,0.71,12,1,00:33:46,00
2331579,12095,24289,51.00,1,1,12.98,135.6,28033,164,-717,-5,735,1,43.6611965,-79.3947315,113.40,12.00,0.71,12,1,00:33:46,00
2331879,10185,24289,51.04,1,1,13.12,137.0,28041,158,-816,-94,836,1,43.6612045,-79.3946870,113.40,13.24,0.71,12,1,00:33:47,00
2332176,9911,24289,51.03,1,1,13.35,139.4,28049,118,-968,-108,981,1,43.6612045,-79.3946870,113.30,13.24,0.71,12,1,00:33:47,00
2332471,6795,24289,51.09,1,1,13.72,143.3,28058,230,-739,-173,793,1,43.6612045,-79.3946870,113.30,13.24,0.71,12,1,00:33:47,00
2332772,3604,24289,51.10,1,1,13.95,145.6,28067,192,-1108,-153,1135,1,43.6612045,-79.3946870,113.30,13.24,0.71,12,1,00:33:47,00
2333082,2424,24289,51.08,1,1,14.13,147.5,28076,65,-1031,12,1033,1,43.6612215,-79.3946513,115.30,12.17,0.69,12,1,00:33:48,00
2333435,1819,24289,51.13,1,1,12.82,133.9,28085,89,-1064,-60,1070,1,43.6612215,-79.3946513,115.30,12.17,0.69,12,1,00:33:48,00
2333726,-19,24289,51.13,1,1,14.17,148.0,28094,131,-987,-101,1001,1,43.6612215,-79.3946513,115.30,12.17,0.69,12,1,00:33:48,00
2334022,-78,24289,51.12,1,1,14.08,147.1,28103,173,-866,-99,889,1,43.6612425,-79.3946168,116.10,13.20,0.69,12,1,00:33:49,00
2334315,-60,24289,51.14,1,1,13.78,143.9,28111,28,-971,-9,972,1,43.6612425,-79.3946168,116.10,13.20,0.69,12,1,00:33:49,00
2334617,150,24289,51.19,1,1,13.95,145.6,28120,72,-1065,25,1068,1,43.6612425,-79.3946168,116.10,13.20,0.69,12,1,00:33:49,00
2334916,337,24289,51.21,1,1,13.68,142.9,28128,99,-1132,-44,1138,1,43.6612675,-79.3945823,116.50,14.67,0.68,12,1,00:33:50,00
2335213,592,24289,51.19,1,1,13.77,143.8,28137,135,-926,-57,937,1,43.6612675,-79.3945823,116.50,14.67,0.68,12,1,00:33:50,00
2335511,1851,24289,51.19,1,1,13.39,139.9,28145,123,-1054,-132,1069,1,43.6612675,-79.3945823,116.50,14.67,0.68,12,1,00:33:50,00
2335821,4712,24289,51.19,1,1,11.90,124.2,28153,110,-1004,-115,1016,1,43.6612918,-79.3945603,116.50,11.13,0.68,12,1,00:33:51,00
2336118,7731,24289,51.19,1,1,13.03,136.1,28161,31,-1074,-24,1075,1,43.6612918,-79.3945603,117.00,11.13,0.68,12,1,00:33:51,00
2336423,14718,24289,51.22,1,1,12.98,135.6,28169,113,-929,-104,942,1,43.6612918,-79.3945603,117.00,11.13,0.68,12,1,00:33:51,00
2336722,19246,24289,51.23,1,1,12.85,134.2,28177,122,-1075,-294,1121,1,43.6612918,-79.3945603,117.00,11.13,0.68,12,1,00:33:51,00
2337026,23416,24289,51.24,1,1,12.68,132.5,28185,85,-905,140,919,1,43.6613175,-79.3945277,116.40,15.58,0.71,12,1,00:33:52,00
2337332,24520,24289,51.23,1,1,12.86,134.3,28194,58,-1141,-105,1147,1,43.6613175,-79.3945277,116.40,15.58,0.71,12,1,00:33:52,00
2337637,24520,24289,51.23,1,1,12.60,131.6,28202,36,-1015,-2,1015,1,43.6613175,-79.3945277,116.40,15.58,0.71,12,1,00:33:52,00
2337940,24520,24289,51.25,1,1,12.64,132.0,28210,98,-995,-205,1020,1,43.6613495,-79.3944832,114.10,19.89,0.68,12,1,00:33:53,00
2338305,24520,24289,51.26,1,1,11.40,119.0,28218,109,-889,-136,906,1,43.6613495,-79.3944832,114.10,19.89,0.68,12,1,00:33:53,00
2338605,24520,24289,51.29,1,1,12.81,133.8,28226,88,-976,-284,1020,1,43.6613495,-79.3944832,114.10,19.89,0.68,12,1,00:33:53,00
2338912,24520,24289,51.21,1,1,13.06,136.4,28235,62,-1025,-52,1028,1,43.6613813,-79.3944535,114.30,14.46,0.73,12,1,00:33:54,00
2339217,21275,24289,51.28,1,1,13.07,136.5,28243,11,-1135,-10,1135,1,43.6613813,-79.3944535,114.30,14.46,0.73,12,1,00:33:54,00
2339517,21012,24289,51.24,1,1,13.21,137.9,28251,150,-822,-177,854,1,43.6613813,-79.3944535,114.30,14.46,0.73,12,1,00:33:54,00
2339826,19751,24289,51.23,1,1,11.93,124.6,28259,109,-1004,-63,1012,1,43.6614052,-79.3944063,114.30,16.98,0.73,12,1,00:33:55,00
2340135,19748,24289,51.25,1,1,13.68,142.9,28268,113,-1008,-115,1021,1,43.6614052,-79.3944063,113.50,16.98,0.73,12,1,00:33:55,00
2340438,15878,24289,51.21,1,1,13.68,142.9,28277,187,-773,-139,807,1,43.6614052,-79.3944063,113.50,16.98,0.73,12,1,00:33:55,00
2340739,12444,24289,51.19,1,1,13.68,142.9,28285,-35,-1202,-49,1203,1,43.6614052,-79.3944063,113.50,16.98,0.73,12,1,00:33:55,00
2341042,9885,24289,51.22,1,1,13.86,144.7,28294,227,-912,-263,976,1,43.6614327,-79.3943692,112.40,15.58,0.73,12,1,00:33:56,00
2341349,15900,24289,51.18,1,1,13.90,145.2,28303,131,-828,-90,844,1,43.6614327,-79.3943692,112.40,15.58,0.73,12,1,00:33:56,00
2341655,3640,24289,51.17,1,1,13.99,146.1,28312,93,-1066,30,1071,1,43.6614327,-79.3943692,112.40,15.58,0.73,12,1,00:33:56,00
2341960,2249,24289,51.16,1,1,13.86,144.7,28321,371,-711,-282,850,1,43.6614648,-79.3943412,112.90,16.41,0.69,12,1,00:33:57,00
2342267,5844,24289,51.16,1,1,13.49,140.8,28329,113,-822,46,831,1,43.6614648,-79.3943412,112.90,16.41,0.69,12,1,00:33:57,00
2342570,10446,24289,51.17,1,1,13.64,142.4,28338,56,-1109,-120,1117,1,43.6614648,-79.3943412,112.90,16.41,0.69,12,1,00:33:57,00
2342878,17732,24289,51.18,1,1,13.59,142.0,28347,110,-1070,-42,1076,1,43.6615012,-79.3943158,112.90,16.35,0.69,12,1,00:33:58,00
2343251,17478,24289,51.21,1,1,12.38,129.3,28356,-11,-1078,41,1079,1,43.6615012,-79.3943158,113.80,16.35,0.73,12,1,00:33:58,00
2343557,17301,24289,51.20,1,1,13.68,142.9,28365,152,-1253,-365,1314,1,43.6615012,-79.3943158,113.80,16.35,0.73,12,1,00:33:58,00
2343862,19050,24289,51.24,1,1,13.77,143.8,28374,-39,-1033,36,1034,1,43.6615332,-79.3942975,114.30,13.13,0.73,12,1,00:33:59,00
2344164,18593,24289,51.27,1,1,13.81,144.2,28383,97,-1107,-101,1116,1,43.6615332,-79.3942975,114.30,13.13,0.73,12,1,00:33:59,00
2344467,20778,24289,51.27,1,1,13.63,142.4,28391,183,-979,-107,1002,1,43.6615332,-79.3942975,114.30,13.13,0.73,12,1,00:33:59,00
2344775,20627,24289,51.32,1,1,12.48,130.3,28399,94,-901,-55,908,1,43.6615618,-79.3942775,114.30,12.78,0.73,12,1,00:34:00,00
2345090,20537,24289,51.32,1,1,12.79,133.5,28408,87,-829,-97,839,1,43.6615618,-79.3942775,114.50,12.78,0.71,12,1,00:34:00,00
2345402,16328,24289,51.36,1,1,14.04,146.6,28417,41,-1026,31,1027,1,43.6615618,-79.3942775,114.50,12.78,0.71,12,1,00:34:00,00
2345714,15961,24289,51.39,1,1,14.04,146.6,28426,25,-1272,-122,1278,1,43.6615618,-79.3942775,114.50,12.78,0.71,12,1,00:34:00,00
2346026,10368,24289,51.39,1,1,14.08,147.1,28435,84,-962,3,966,1,43.6615882,-79.3942570,114.80,11.48,0.68,12,1,00:34:01,00
2346335,12422,24289,51.49,1,1,14.04,146.6,28444,109,-741,8,749,1,43.6615882,-79.3942570,114.80,11.48,0.68,12,1,00:34:01,00
2346645,17886,24289,51.49,1,1,12.44,129.9,28452,197,-919,-289,983,1,43.6615882,-79.3942570,114.80,11.48,0.68,12,1,00:34:01,00
2346954,21818,24289,51.52,1,1,14.08,147.1,28461,50,-1026,-46,1028,1,43.6616215,-79.3942412,114.60,14.95,0.68,12,1,00:34:02,00
2347266,21567,24289,51.52,1,1,14.38,150.2,28471,47,-1065,-53,1067,1,43.6616215,-79.3942412,114.60,14.95,0.68,12,1,00:34:02,00
2347582,20161,24289,51.57,1,1,14.27,149.0,28480,89,-1015,-38,1020,1,43.6616215,-79.3942412,114.60,14.95,0.68,12,1,00:34:02,00
2347896,19328,24289,51.58,1,1,14.64,152.9,28490,79,-1237,-197,1255,1,43.6616588,-79.3942267,113.90,15.52,0.68,12,1,00:34:03,00
2348270,10595,24289,51.61,1,1,12.17,127.1,28499,201,-1002,-163,1035,1,43.6616588,-79.3942267,113.90,15.52,0.68,12,1,00:34:03,00
2348578,15583,24289,51.68,1,1,14.69,153.4,28509,196,-859,-71,884,1,43.6616588,-79.3942267,113.90,15.52,0.68,12,1,00:34:03,00
2348882,16787,24289,51.70,1,1,14.56,152.0,28518,151,-950,-118,970,1,43.6616925,-79.3942275,113.90,13.15,0.68,12,1,00:34:04,00
2349194,16509,24289,51.72,1,1,13.26,138.5,28527,56,-1041,-43,1043,1,43.6616925,-79.3942275,115.40,13.15,0.73,12,1,00:34:04,00
2349499,15078,24289,51.72,1,1,14.61,152.5,28536,29,-908,34,909,1,43.6616925,-79.3942275,115.40,13.15,0.73,12,1,00:34:04,00
2349811,14355,24289,51.74,1,1,12.98,135.6,28544,205,-1014,-256,1066,1,43.6617318,-79.3942305,115.40,15.74,0.73,12,1,00:34:05,00
2350128,15785,24289,51.75,1,1,14.69,153.4,28554,301,-788,-102,850,1,43.6617318,-79.3942305,115.40,15.74,0.69,12,1,00:34:05,00
2350480,18738,24289,51.80,1,1,13.52,141.2,28564,94,-908,11,913,1,43.6617318,-79.3942305,115.40,15.74,0.69,12,1,00:34:05,00
2350769,16313,24289,51.76,1,1,14.61,152.5,28573,86,-996,-173,1014,1,43.6617653,-79.3942373,115.40,12.59,0.69,12,1,00:34:06,00
2351066,14671,24289,51.83,1,1,12.94,135.1,28581,70,-969,31,972,1,43.6617653,-79.3942373,116.00,12.59,0.73,12,1,00:34:06,00
2351360,15346,24289,51.82,1,1,12.90,134.7,28589,29,-1029,-137,1038,1,43.6617653,-79.3942373,116.00,12.59,0.73,12,1,00:34:06,00
2351656,9492,24289,51.82,1,1,12.90,134.7,28597,81,-950,40,955,1,43.6617653,-79.3942373,116.00,12.59,0.73,12,1,00:34:06,00
2351950,9382,24289,51.81,1,1,14.41,150.5,28606,185,-985,-219,1026,1,43.6617955,-79.3942543,116.30,13.70,0.80,12,1,00:34:07,00
2352251,10154,24289,51.84,1,1,14.36,150.0,28615,151,-1056,-97,1071,1,43.6617955,-79.3942543,116.30,13.70,0.80,12,1,00:34:07,00
2352542,9639,24289,51.82,1,1,14.19,148.1,28623,147,-967,-66,980,1,43.6617955,-79.3942543,116.30,13.70,0.80,12,1,00:34:07,00
2352842,9653,24289,51.85,1,1,14.32,149.5,28632,226,-873,-191,922,1,43.6618355,-79.3942763,116.30,16.06,0.80,12,1,00:34:08,00
2353200,9472,24289,51.89,1,1,11.84,123.6,28641,60,-861,114,871,1,43.6618355,-79.3942763,119.10,16.06,0.67,12,1,00:34:08,00
2353491,7918,24289,51.87,1,1,12.64,132.0,28649,183,-868,-229,916,1,43.6618355,-79.3942763,119.10,16.06,0.67,12,1,00:34:08,00
2353782,7692,24289,51.88,1,1,13.88,144.9,28657,146,-851,-90,868,1,43.6618628,-79.3942837,119.10,11.69,0.67,12,1,00:34:09,00
2354074,2987,24289,51.90,1,1,13.99,146.1,28666,145,-881,19,893,1,43.6618628,-79.3942837,117.90,11.69,0.68,12,1,00:34:09,00
2354380,3862,24289,51.91,1,1,13.81,144.2,28675,166,-880,-147,907,1,43.6618628,-79.3942837,117.90,11.69,0.68,12,1,00:34:09,00
2354676,8026,24289,51.91,1,1,13.53,141.3,28683,64,-1040,-15,1042,1,43.6618628,-79.3942837,117.90,11.69,0.68,12,1,00:34:09,00
2354972,13252,24289,51.93,1,1,13.49,140.8,28691,19,-881,98,887,1,43.6618995,-79.3943118,119.20,17.91,0.74,12,1,00:34:10,00
2355270,15753,24289,51.94,1,1,13.64,142.4,28700,143,-1045,-101,1060,1,43.6618995,-79.3943118,119.20,17.91,0.74,12,1,00:34:10,00
2355566,16727,24289,51.96,1,1,13.44,140.4,28708,61,-930,89,936,1,43.6618995,-79.3943118,119.20,17.91,0.74,12,1,00:34:10,00
2355863,15630,24289,51.92,1,1,13.72,143.3,28717,134,-1115,-240,1148,1,43.6619328,-79.3943200,119.20,14.61,0.74,12,1,00:34:11,00
2356165,14850,24289,51.97,1,1,13.63,142.3,28725,185,-974,-221,1016,1,43.6619328,-79.3943200,118.40,14.61,0.74,12,1,00:34:11,00
2356467,14985,24289,51.95,1,1,12.44,129.9,28733,114,-960,-39,967,1,43.6619328,-79.3943200,118.40,14.61,0.74,12,1,00:34:11,00
2356762,14585,24289,52.00,1,1,14.17,148.0,28742,76,-966,-56,970,1,43.6619648,-79.3943467,118.40,15.35,0.74,12,1,00:34:12,00
2357063,14244,24289,52.03,1,1,14.27,149.0,28751,-41,-1042,154,1054,1,43.6619648,-79.3943467,120.80,15.35,0.69,12,1,00:34:12,00
2357367,14797,24289,52.03,1,1,14.41,150.5,28760,151,-1022,-215,1056,1,43.6619648,-79.3943467,120.80,15.35,0.69,12,1,00:34:12,00
2357670,12006,24289,52.06,1,1,12.90,134.7,28768,102,-1003,-130,1016,1,43.6619648,-79.3943467,120.80,15.35,0.69,12,1,00:34:12,00
2358033,8908,24289,52.07,1,1,12.10,126.4,28777,80,-969,-17,972,1,43.6619948,-79.3943627,119.30,14.58,0.71,12,1,00:34:13,00
2358329,22,24289,52.09,1,1,14.56,152.0,28786,158,-896,-25,910,1,43.6619948,-79.3943627,119.30,14.58,0.71,12,1,00:34:13,00
2358630,209,24289,52.09,1,1,14.46,151.0,28795,93,-814,123,828,1,43.6619948,-79.3943627,119.30,14.58,0.71,12,1,00:34:13,00
2358931,646,24289,52.12,1,1,14.60,152.4,28805,201,-977,-140,1007,1,43.6620278,-79.3943905,119.20,16.56,0.69,12,1,00:34:14,00
2359230,1643,24289,52.14,1,1,14.41,150.5,28814,162,-927,-155,954,1,43.6620278,-79.3943905,119.20,16.56,0.69,12,1,00:34:14,00
2359533,4092,24289,52.15,1,1,14.51,151.5,28823,78,-1142,-5,1145,1,43.6620278,-79.3943905,119.20,16.56,0.69,12,1,00:34:14,00
2359834,5910,24289,52.16,1,1,14.56,152.0,28832,290,-926,-337,1027,1,43.6620557,-79.3944178,119.20,14.13,0.69,12,1,00:34:15,00
2360136,3661,24289,52.17,1,1,13.03,136.1,28840,-3,-923,275,963,1,43.6620557,-79.3944178,118.70,14.13,0.69,12,1,00:34:15,00
2360441,816,24289,52.22,1,1,14.78,154.3,28850,129,-1223,-188,1245,1,43.6620557,-79.3944178,118.70,14.13,0.69,12,1,00:34:15,00
2360747,590,24289,52.18,1,1,14.51,151.5,28859,114,-920,-76,930,1,43.6620557,-79.3944178,118.70,14.13,0.69,12,1,00:34:15,00
2361058,618,24289,52.25,1,1,14.27,149.0,28868,17,-1180,25,1181,1,43.6620925,-79.3944145,115.30,17.33,0.65,12,1,00:34:16,00
2361360,687,24289,52.26,1,1,13.99,146.1,28877,177,-1016,-279,1069,1,43.6620925,-79.3944145,115.30,17.33,0.65,12,1,00:34:16,00
2361662,642,24289,52.27,1,1,13.81,144.2,28886,43,-1051,53,1053,1,43.6620925,-79.3944145,115.30,17.33,0.65,12,1,00:34:16,00
2361966,646,24289,52.27,1,1,13.39,139.9,28894,263,-999,-264,1066,1,43.6621212,-79.3944235,112.80,12.22,0.62,12,1,00:34:17,00
2362274,-91,24289,52.30,1,1,13.47,140.6,28903,187,-924,-259,978,1,43.6621212,-79.3944235,112.80,12.22,0.62,12,1,00:34:17,00
2362575,-81,24289,52.32,1,1,13.07,136.5,28911,141,-1005,40,1016,1,43.6621212,-79.3944235,112.80,12.22,0.62,12,1,00:34:17,00
2362948,-74,24289,52.31,1,1,11.84,123.6,28920,168,-842,-44,860,1,43.6621507,-79.3944538,111.60,16.61,0.64,12,1,00:34:18,00
2363250,-72,24289,52.30,1,1,12.60,131.6,28928,105,-974,-122,987,1,43.6621507,-79.3944538,111.60,16.61,0.64,12,1,00:34:18,00
2363557,-91,24289,52.32,1,1,12.52,130.7,28936,157,-848,-74,866,1,43.6621507,-79.3944538,111.60,16.61,0.64,12,1,00:34:18,00
2363869,-87,24289,52.28,1,1,12.40,129.4,28944,136,-944,-43,955,1,43.6621763,-79.3944897,111.60,16.59,0.64,12,1,00:34:19,00
2364172,-86,24289,52.29,1,1,12.16,127.0,28952,158,-963,-93,980,1,43.6621763,-79.3944897,109.60,16.59,0.62,12,1,00:34:19,00
2364477,144,24289,52.31,1,1,12.08,126.2,28960,120,-1025,-96,1037,1,43.6621763,-79.3944897,109.60,16.59,0.62,12,1,00:34:19,00
2364782,308,24289,52.38,1,1,11.72,122.4,28967,182,-912,-184,948,1,43.6622063,-79.3945203,109.60,15.63,0.62,12,1,00:34:20,00
2365092,1077,24289,52.37,1,1,11.86,123.8,28975,92,-1087,-51,1092,1,43.6622063,-79.3945203,108.90,15.63,0.62,12,1,00:34:20,00
2365396,2596,24289,52.41,1,1,11.56,120.7,28982,159,-912,-83,929,1,43.6622063,-79.3945203,108.90,15.63,0.62,12,1,00:34:20,00
2365699,5948,24289,52.46,1,1,11.79,123.1,28990,154,-899,-160,926,1,43.6622063,-79.3945203,108.90,15.63,0.62,12,1,00:34:20,00
2366006,10305,24289,52.52,1,1,11.56,120.7,28997,127,-968,-93,980,1,43.6622300,-79.3945488,107.90,13.08,0.62,12,1,00:34:21,00
2366314,15440,24289,52.47,1,1,11.93,124.6,29005,78,-1046,-113,1055,1,43.6622300,-79.3945488,107.90,13.08,0.62,12,1,00:34:21,00
2366622,14894,24289,52.52,1,1,11.84,123.7,29012,110,-959,-119,973,1,43.6622300,-79.3945488,107.90,13.08,0.62,12,1,00:34:21,00
2366935,14753,24289,52.55,1,1,12.24,127.8,29020,160,-899,-156,926,1,43.6622483,-79.3945833,106.50,12.43,0.64,12,1,00:34:22,00
2367250,15232,24289,52.60,1,1,12.49,130.4,29029,13,-1005,-43,1006,1,43.6622483,-79.3945833,106.50,12.43,0.64,12,1,00:34:22,00
2367563,16949,24289,52.56,1,1,12.52,130.7,29037,154,-945,-197,977,1,43.6622483,-79.3945833,106.50,12.43,0.64,12,1,00:34:22,00
2367940,14332,24289,52.64,1,1,10.49,109.6,29045,157,-906,-123,928,1,43.6622713,-79.3946053,104.00,11.54,0.62,12,1,00:34:23,00
2368245,9851,24289,52.65,1,1,13.38,139.8,29054,94,-1161,-177,1178,1,43.6622713,-79.3946053,104.00,11.54,0.62,12,1,00:34:23,00
2368551,9852,24289,52.69,1,1,13.58,141.8,29062,103,-1022,-120,1034,1,43.6622713,-79.3946053,104.00,11.54,0.62,12,1,00:34:23,00
2368862,6114,24289,52.70,1,1,12.40,129.4,29070,94,-1023,-74,1030,1,43.6622982,-79.3946290,104.00,13.46,0.62,12,1,00:34:24,00
2369173,7370,24289,52.75,1,1,14.21,148.4,29080,144,-957,-190,986,1,43.6622982,-79.3946290,103.70,13.46,0.62,12,1,00:34:24,00
2369487,8054,24289,52.77,1,1,14.32,149.5,29089,34,-1079,142,1089,1,43.6622982,-79.3946290,103.70,13.46,0.62,12,1,00:34:24,00
2369802,9241,24289,52.77,1,1,13.10,136.8,29098,126,-808,5,818,1,43.6622982,-79.3946290,103.70,13.46,0.62,12,1,00:34:24,00
2370114,10866,24289,52.75,1,1,14.56,152.0,29107,44,-941,38,942,1,43.6623295,-79.3946593,102.60,15.59,0.62,12,1,00:34:25,00
2370425,14350,24289,52.78,1,1,15.06,157.2,29117,52,-913,-3,914,1,43.6623295,-79.3946593,102.60,15.59,0.62,12,1,00:34:25,00
2370739,19054,24289,52.80,1,1,13.72,143.3,29126,85,-1113,-69,1119,1,43.6623295,-79.3946593,102.60,15.59,0.62,12,1,00:34:25,00
2371054,23389,24289,52.80,1,1,15.54,162.3,29136,60,-1011,-18,1013,1,43.6623558,-79.3946992,102.70,14.48,0.62,12,1,00:34:26,00
2371366,23695,24289,52.83,1,1,16.16,168.7,29147,181,-883,-221,928,1,43.6623558,-79.3946992,102.70,14.48,0.62,12,1,00:34:26,00
2371681,21606,24289,52.85,1,1,16.56,173.0,29158,4,-1158,-95,1161,1,43.6623558,-79.3946992,102.70,14.48,0.62,12,1,00:34:26,00
2371993,9592,24289,52.90,1,1,16.93,176.8,29169,194,-940,-266,996,1,43.6623738,-79.3947462,103.10,15.87,0.62,12,1,00:34:27,00
2372309,-193,24289,52.94,1,1,15.49,161.8,29179,144,-1010,-196,1039,1,43.6623738,-79.3947462,103.10,15.87,0.62,12,1,00:34:27,00
2372673,-192,24289,52.93,1,1,14.63,152.8,29190,155,-1200,-176,1223,1,43.6623738,-79.3947462,103.10,15.87,0.62,12,1,00:34:27,00
2373023,-193,24289,52.97,1,1,13.26,138.5,29200,556,-407,-105,697,1,43.6623843,-79.3947928,107.30,12.11,0.62,12,1,00:34:28,00
2373312,-177,24289,52.99,1,1,16.92,176.7,29210,82,-1106,47,1110,1,43.6623843,-79.3947928,107.30,12.11,0.62,12,1,00:34:28,00
2373600,-178,24289,52.99,1,1,15.23,159.0,29219,130,-988,-221,1020,1,43.6623843,-79.3947928,107.30,12.11,0.62,12,1,00:34:28,00
2373897,-172,24289,53.00,1,1,15.49,161.8,29229,44,-947,-51,950,1,43.6623980,-79.3948272,107.30,11.87,0.62,12,1,00:34:29,00
2374189,-145,24289,52.98,1,1,16.80,175.4,29239,78,-1106,45,1110,1,43.6623980,-79.3948272,106.70,11.87,0.62,12,1,00:34:29,00
2374485,-144,24289,53.01,1,1,15.01,156.8,29248,100,-1092,-98,1101,1,43.6623980,-79.3948272,106.70,11.87,0.62,12,1,00:34:29,00
2374780,-146,24289,53.03,1,1,14.81,154.6,29257,89,-978,-145,992,1,43.6623980,-79.3948272,106.70,11.87,0.62,12,1,00:34:29,00
2375077,-136,24289,53.04,1,1,14.71,153.6,29266,205,-698,-130,739,1,43.6624042,-79.3948683,105.00,12.93,0.62,12,1,00:34:30,00
2375370,-125,24289,53.08,1,1,16.17,168.9,29276,191,-904,-64,926,1,43.6624042,-79.3948683,105.00,12.93,0.62,12,1,00:34:30,00
2375664,-119,24289,53.10,1,1,14.36,150.0,29285,98,-1021,-114,1032,1,43.6624042,-79.3948683,105.00,12.93,0.62,12,1,00:34:30,00
2375966,-115,24289,53.12,1,1,15.65,163.4,29295,-11,-1005,161,1018,1,43.6624077,-79.3949097,106.10,11.58,0.65,12,1,00:34:31,00
2376263,-113,24289,53.14,1,1,15.23,159.0,29304,120,-1060,-214,1088,1,43.6624077,-79.3949097,106.10,11.58,0.65,12,1,00:34:31,00
2376561,-100,24289,53.14,1,1,15.25,159.2,29314,107,-944,-37,951,1,43.6624077,-79.3949097,106.10,11.58,0.65,12,1,00:34:31,00
2376860,11,24289,53.14,1,1,13.12,137.0,29322,135,-664,74,681,1,43.6624077,-79.3949097,106.10,11.58,0.65,12,1,00:34:31,00
2377164,135,24289,53.14,1,1,14.56,152.0,29331,48,-1312,29,1313,1,43.6624162,-79.3949672,105.70,17.02,0.64,12,1,00:34:32,00
2377463,445,24289,53.17,1,1,14.36,150.0,29340,144,-732,-121,755,1,43.6624162,-79.3949672,105.70,17.02,0.64,12,1,00:34:32,00
2377829,859,24289,53.20,1,1,11.81,123.3,29349,53,-758,326,827,1,43.6624162,-79.3949672,105.70,17.02,0.64,12,1,00:34:32,00
2378132,768,24289,53.21,1,1,12.32,128.6,29357,186,-959,-171,991,1,43.6624147,-79.3950210,107.00,16.65,0.63,12,1,00:34:33,00
2378429,175,24289,53.22,1,1,13.81,144.2,29366,58,-1003,120,1012,1,43.6624147,-79.3950210,107.00,16.65,0.63,12,1,00:34:33,00
2378725,199,24289,53.20,1,1,13.44,140.4,29374,150,-872,-73,888,1,43.6624147,-79.3950210,107.00,16.65,0.63,12,1,00:34:33,00
2379025,175,24289,53.21,1,1,13.21,137.9,29382,140,-991,-177,1016,1,43.6624167,-79.3950715,109.60,15.04,0.66,12,1,00:34:34,00
2379326,179,24289,53.23,1,1,13.12,137.0,29390,128,-1052,-108,1066,1,43.6624167,-79.3950715,109.60,15.04,0.66,12,1,00:34:34,00
2379623,461,24289,53.25,1,1,13.14,137.2,29399,86,-999,49,1004,1,43.6624167,-79.3950715,109.60,15.04,0.66,12,1,00:34:34,00
2379920,794,24289,53.25,1,1,12.65,132.1,29406,141,-914,-106,931,1,43.6624128,-79.3951227,109.60,15.46,0.66,12,1,00:34:35,00
2380227,1005,24289,53.28,1,1,12.90,134.7,29415,117,-935,0,943,1,43.6624128,-79.3951227,110.00,15.46,0.63,12,1,00:34:35,00
2380523,1717,24289,53.31,1,1,12.41,129.6,29422,144,-916,-74,930,1,43.6624128,-79.3951227,110.00,15.46,0.63,12,1,00:34:35,00
2380817,4093,24289,53.28,1,1,12.40,129.4,29430,85,-1083,-39,1087,1,43.6624128,-79.3951227,110.00,15.46,0.63,12,1,00:34:35,00
2381117,5852,24289,53.32,1,1,12.28,128.2,29438,52,-1053,57,1056,1,43.6624162,-79.3951763,108.70,15.65,0.65,12,1,00:34:36,00
2381416,10145,24289,53.37,1,1,11.93,124.6,29445,121,-903,-19,911,1,43.6624162,-79.3951763,108.70,15.65,0.65,12,1,00:34:36,00
2381718,16194,24289,53.37,1,1,12.12,126.5,29453,67,-969,-11,971,1,43.6624162,-79.3951763,108.70,15.65,0.65,12,1,00:34:36,00
2382024,20335,24289,53.37,1,1,12.24,127.8,29461,112,-957,-163,977,1,43.6624252,-79.3952407,111.40,21.17,0.67,12,1,00:34:37,00
2382332,23661,24289,53.38,1,1,12.40,129.4,29469,110,-941,-110,954,1,43.6624252,-79.3952407,111.40,21.17,0.67,12,1,00:34:37,00
2382693,24520,24289,53.37,1,1,11.30,118.0,29477,30,-1049,14,1050,1,43.6624252,-79.3952407,111.40,21.17,0.67,12,1,00:34:37,00
2382991,24520,24289,53.42,1,1,12.85,134.2,29485,96,-959,-98,968,1,43.6624250,-79.3952953,111.40,16.30,0.67,12,1,00:34:38,00
2383292,24520,24289,53.41,1,1,13.12,137.0,29493,54,-950,22,952,1,43.6624250,-79.3952953,110.40,16.30,0.72,12,1,00:34:38,00
2383590,24520,24289,53.39,1,1,13.55,141.5,29502,-75,-1084,19,1087,1,43.6624250,-79.3952953,110.40,16.30,0.72,12,1,00:34:38,00
2383892,24390,24289,53.36,1,1,13.77,143.8,29511,98,-1035,-154,1051,1,43.6624208,-79.3953423,110.40,14.63,0.72,12,1,00:34:39,00
2384200,23672,24289,53.35,1,1,14.04,146.6,29520,83,-1025,-100,1034,1,43.6624208,-79.3953423,109.80,14.63,0.72,12,1,00:34:39,00
2384509,22390,24289,53.36,1,1,14.32,149.5,29529,122,-1012,-312,1066,1,43.6624208,-79.3953423,109.80,14.63,0.72,12,1,00:34:39,00
2384812,22546,24289,53.34,1,1,14.46,151.0,29538,164,-1123,-262,1165,1,43.6624208,-79.3953423,109.80,14.63,0.72,12,1,00:34:39,00
2385119,14778,24289,53.35,1,1,12.94,135.1,29546,-36,-970,163,985,1,43.6624238,-79.3953938,110.50,15.70,0.70,12,1,00:34:40,00
2385425,12427,24289,53.35,1,1,14.87,155.3,29556,38,-967,152,979,1,43.6624238,-79.3953938,110.50,15.70,0.70,12,1,00:34:40,00
2385734,10971,24289,53.33,1,1,13.07,136.5,29564,77,-1224,-196,1242,1,43.6624238,-79.3953938,110.50,15.70,0.70,12,1,00:34:40,00
2386038,11366,24289,53.37,1,1,14.87,155.3,29574,139,-884,29,895,1,43.6624170,-79.3954420,111.80,14.98,0.70,12,1,00:34:41,00
2386348,450,24289,53.39,1,1,13.07,136.5,29582,81,-932,-61,938,1,43.6624170,-79.3954420,111.80,14.98,0.70,12,1,00:34:41,00
2386660,-347,24289,53.38,1,1,14.82,154.8,29592,100,-997,-115,1008,1,43.6624170,-79.3954420,111.80,14.98,0.70,12,1,00:34:41,00
2386965,-310,24289,53.39,1,1,12.85,134.2,29600,111,-901,-37,909,1,43.6624068,-79.3954782,112.10,11.06,0.73,12,1,00:34:42,00
2387274,-296,24289,53.42,1,1,14.32,149.5,29609,69,-1076,-47,1079,1,43.6624068,-79.3954782,112.10,11.06,0.73,12,1,00:34:42,00
2387646,-279,24289,53.43,1,1,13.33,139.2,29620,202,-938,-181,976,1,43.6624068,-79.3954782,112.10,11.06,0.73,12,1,00:34:42,00
2387946,-250,24289,53.44,1,1,13.93,145.5,29628,95,-932,18,937,1,43.6623953,-79.3955148,112.10,12.02,0.73,12,1,00:34:43,00
2388247,-236,24289,53.47,1,1,14.13,147.5,29637,189,-933,-150,964,1,43.6623953,-79.3955148,112.60,12.02,0.69,12,1,00:34:43,00
2388551,-216,24289,53.47,1,1,14.22,148.5,29646,115,-1037,-107,1049,1,43.6623953,-79.3955148,112.60,12.02,0.69,12,1,00:34:43,00
2388860,-213,24289,53.52,1,1,14.38,150.2,29656,93,-884,-48,890,1,43.6623847,-79.3955553,112.60,12.30,0.69,12,1,00:34:44,00
2389170,-184,24289,53.56,1,1,14.22,148.5,29665,172,-891,-60,910,1,43.6623847,-79.3955553,114.00,12.30,0.69,12,1,00:34:44,00
2389475,-171,24289,53.59,1,1,14.27,149.0,29674,155,-968,-167,994,1,43.6623847,-79.3955553,114.00,12.30,0.69,12,1,00:34:44,00
2389786,-169,24289,53.61,1,1,12.68,132.5,29682,139,-961,0,972,1,43.6623847,-79.3955553,114.00,12.30,0.69,12,1,00:34:44,00
2390094,-165,24289,53.59,1,1,14.27,149.0,29691,172,-1071,-250,1113,1,43.6623602,-79.3955925,116.30,13.72,0.65,12,1,00:34:45,00
2390410,-147,24289,53.59,1,1,14.38,150.2,29701,126,-911,-73,923,1,43.6623602,-79.3955925,116.30,13.72,0.65,12,1,00:34:45,00
2390720,-145,24289,53.58,1,1,14.22,148.5,29710,174,-933,-156,962,1,43.6623602,-79.3955925,116.30,13.72,0.65,12,1,00:34:45,00
2391037,-142,24289,53.57,1,1,12.98,135.5,29719,54,-1024,35,1026,1,43.6623425,-79.3956378,117.70,15.39,0.65,12,1,00:34:46,00
2391348,-149,24289,53.58,1,1,14.36,150.0,29728,148,-1004,-108,1021,1,43.6623425,-79.3956378,117.70,15.39,0.65,12,1,00:34:46,00
2391662,-140,24289,53.61,1,1,13.18,137.6,29737,167,-974,-132,997,1,43.6623425,-79.3956378,117.70,15.39,0.65,12,1,00:34:46,00
2391977,-134,24289,53.64,1,1,14.51,151.5,29746,167,-992,-233,1032,1,43.6623178,-79.3956812,118.40,15.76,0.65,12,1,00:34:47,00
2392293,-120,24289,53.62,1,1,14.73,153.8,29756,154,-879,59,894,1,43.6623178,-79.3956812,118.40,15.76,0.65,12,1,00:34:47,00
2392668,-127,24289,53.64,1,1,12.47,130.2,29766,160,-960,-189,992,1,43.6623178,-79.3956812,118.40,15.76,0.65,12,1,00:34:47,00
2392980,-111,24289,53.63,1,1,14.56,152.0,29775,60,-911,100,918,1,43.6623015,-79.3957232,118.00,13.74,0.67,12,1,00:34:48,00
2393303,-113,24289,53.64,1,1,13.26,138.5,29784,101,-1034,-94,1043,1,43.6623015,-79.3957232,118.00,13.74,0.67,12,1,00:34:48,00
2393610,-117,24289,53.64,1,1,12.90,134.7,29792,182,-1035,-213,1072,1,43.6623015,-79.3957232,118.00,13.74,0.67,12,1,00:34:48,00
2393917,-118,24289,53.66,1,1,14.55,152.0,29802,83,-1109,-100,1117,1,43.6622718,-79.3957570,118.00,14.39,0.67,12,1,00:34:49,00
2394229,-113,24289,53.65,1,1,14.22,148.5,29811,148,-941,-49,953,1,43.6622718,-79.3957570,120.00,14.39,0.65,12,1,00:34:49,00
2394576,-118,24289,53.71,1,1,12.82,133.9,29820,173,-917,-147,945,1,43.6622718,-79.3957570,120.00,14.39,0.65,12,1,00:34:49,00
2394872,-111,24289,53.71,1,1,12.44,129.9,29828,126,-1113,-106,1125,1,43.6622508,-79.3957862,120.00,10.78,0.65,12,1,00:34:50,00
2395173,-114,24289,53.73,1,1,13.90,145.2,29837,204,-903,-212,950,1,43.6622508,-79.3957862,120.70,10.78,0.65,12,1,00:34:50,00
2395473,-103,24289,53.76,1,1,13.58,141.8,29845,173,-848,-106,872,1,43.6622508,-79.3957862,120.70,10.78,0.65,12,1,00:34:50,00
2395764,-123,24289,53.79,1,1,13.44,140.4,29853,85,-979,-14,983,1,43.6622508,-79.3957862,120.70,10.78,0.65,12,1,00:34:50,00
2396058,-115,24289,53.81,1,1,13.55,141.5,29862,93,-975,-156,992,1,43.6622330,-79.3958237,119.90,13.70,0.69,12,1,00:34:51,00
2396359,-112,24289,53.81,1,1,13.39,139.9,29870,71,-896,28,899,1,43.6622330,-79.3958237,119.90,13.70,0.69,12,1,00:34:51,00
2396658,-106,24289,53.83,1,1,13.44,140.4,29878,140,-927,-20,938,1,43.6622330,-79.3958237,119.90,13.70,0.69,12,1,00:34:51,00
2396950,-106,24289,53.84,1,1,13.51,141.1,29887,157,-1005,-124,1024,1,43.6621998,-79.3958623,119.90,17.35,0.69,12,1,00:34:52,00
2397246,-107,24289,53.85,1,1,13.30,138.9,29895,129,-982,-72,993,1,43.6621998,-79.3958623,123.40,17.35,0.69,12,1,00:34:52,00
2397610,-114,24289,53.86,1,1,10.91,114.0,29903,307,-789,-304,899,1,43.6621998,-79.3958623,123.40,17.35,0.69,12,1,00:34:52,00
2397902,-103,24289,53.90,1,1,13.39,139.9,29911,319,-846,-46,905,1,43.6621775,-79.3958992,123.40,12.98,0.69,12,1,00:34:53,00
2398192,-97,24289,53.89,1,1,13.55,141.5,29920,154,-589,6,608,1,43.6621775,-79.3958992,125.50,12.98,0.70,12,1,00:34:53,00
2398487,-90,24289,53.92,1,1,13.39,139.9,29928,88,-954,-12,958,1,43.6621775,-79.3958992,125.50,12.98,0.70,12,1,00:34:53,00
2398777,-105,24289,53.94,1,1,13.44,140.4,29936,74,-928,-67,934,1,43.6621775,-79.3958992,125.50,12.98,0.70,12,1,00:34:53,00
2399080,-100,24289,53.90,1,1,13.59,142.0,29945,204,-886,-211,933,1,43.6621517,-79.3959215,126.90,11.45,0.68,12,1,00:34:54,00
2399375,-95,24289,53.89,1,1,13.39,139.9,29953,20,-1044,46,1046,1,43.6621517,-79.3959215,126.90,11.45,0.68,12,1,00:34:54,00
2399670,-98,24289,53.86,1,1,13.44,140.4,29961,218,-969,-304,1039,1,43.6621517,-79.3959215,126.90,11.45,0.68,12,1,00:34:54,00
2399964,-93,24289,53.88,1,1,13.39,139.9,29969,131,-1015,-27,1024,1,43.6621233,-79.3959392,127.90,13.32,0.67,12,1,00:34:55,00
2400260,-92,24289,53.84,1,1,12.20,127.4,29977,55,-1130,-27,1131,1,43.6621233,-79.3959392,127.90,13.32,0.67,12,1,00:34:55,00
2400557,-94,24289,53.83,1,1,13.68,142.9,29985,60,-994,103,1001,1,43.6621233,-79.3959392,127.90,13.32,0.67,12,1,00:34:55,00
2400850,-92,24289,53.81,1,1,13.95,145.6,29994,301,-955,-257,1033,1,43.6621015,-79.3959710,127.90,11.83,0.67,12,1,00:34:56,00
2401149,-94,24289,53.81,1,1,14.13,147.5,30003,45,-1018,-47,1020,1,43.6621015,-79.3959710,127.50,11.83,0.64,12,1,00:34:56,00
2401450,-87,24289,53.84,1,1,14.17,148.0,30012,163,-1023,-261,1068,1,43.6621015,-79.3959710,127.50,11.83,0.64,12,1,00:34:56,00
2401758,-103,24289,53.86,1,1,14.17,148.0,30021,-49,-1075,-25,1076,1,43.6621015,-79.3959710,127.50,11.83,0.64,12,1,00:34:56,00
2402058,-93,24289,53.88,1,1,14.22,148.5,30030,221,-795,-89,829,1,43.6620725,-79.3959812,127.70,12.96,0.65,12,1,00:34:57,00
2402417,-89,24289,53.92,1,1,13.30,138.9,30040,16,-1045,147,1055,1,43.6620725,-79.3959812,127.70,12.96,0.65,12,1,00:34:57,00
2402716,-100,24289,53.90,1,1,14.36,150.0,30049,210,-870,-240,926,1,43.6620725,-79.3959812,127.70,12.96,0.65,12,1,00:34:57,00
2403018,-99,24289,53.91,1,1,14.46,151.0,30058,146,-979,-51,991,1,43.6620472,-79.3960007,123.30,12.89,0.65,12,1,00:34:58,00
2403315,-98,24289,53.95,1,1,14.46,151.0,30067,180,-917,-229,962,1,43.6620472,-79.3960007,123.30,12.89,0.65,12,1,00:34:58,00
2403614,-93,24289,53.92,1,1,14.51,151.5,30076,107,-1087,-77,1095,1,43.6620472,-79.3960007,123.30,12.89,0.65,12,1,00:34:58,00
2403921,-96,24289,53.91,1,1,14.56,152.0,30085,140,-996,-85,1009,1,43.6620198,-79.3960123,123.30,10.91,0.65,12,1,00:34:59,00
2404226,-96,24289,53.90,1,1,14.78,154.3,30095,176,-892,8,909,1,43.6620198,-79.3960123,124.60,10.91,0.67,12,1,00:34:59,00
2404523,-84,24289,53.91,1,1,14.71,153.6,30104,153,-886,-35,900,1,43.6620198,-79.3960123,124.60,10.91,0.67,12,1,00:34:59,00
2404825,-99,24289,53.93,1,1,14.81,154.6,30113,95,-1013,-42,1018,1,43.6620198,-79.3960123,124.60,10.91,0.67,12,1,00:34:59,00
2405127,-94,24289,53.90,1,1,14.81,154.6,30122,158,-895,-42,910,1,43.6619843,-79.3960255,124.60,14.95,0.70,12,1,00:35:00,00
2405432,-80,24289,53.97,1,1,15.01,156.7,30132,174,-987,-161,1015,1,43.6619843,-79.3960255,124.60,14.95,0.70,12,1,00:35:00,00
2405735,-85,24289,53.97,1,1,14.96,156.2,30141,161,-923,-94,941,1,43.6619843,-79.3960255,124.60,14.95,0.70,12,1,00:35:00,00
2406041,-97,24289,53.98,1,1,15.15,158.2,30151,199,-1030,-229,1074,1,43.6619452,-79.3960423,123.80,16.02,0.68,12,1,00:35:01,00
2406347,-88,24289,53.99,1,1,15.20,158.7,30161,134,-924,-12,934,1,43.6619452,-79.3960423,123.80,16.02,0.68,12,1,00:35:01,00
2406655,-83,24289,53.99,1,1,13.68,142.9,30170,168,-955,-121,977,1,43.6619452,-79.3960423,123.80,16.02,0.68,12,1,00:35:01,00
2406963,-92,24289,53.96,1,1,13.49,140.8,30178,164,-955,-148,980,1,43.6619147,-79.3960727,123.10,14.22,0.76,12,1,00:35:02,00
2407331,-83,24289,53.97,1,1,12.98,135.5,30188,141,-1017,-14,1027,1,43.6619147,-79.3960727,123.10,14.22,0.76,12,1,00:35:02,00
2407634,-88,24289,53.96,1,1,15.35,160.3,30198,128,-841,44,852,1,43.6619147,-79.3960727,123.10,14.22,0.76,12,1,00:35:02,00
2407939,-93,24289,53.98,1,1,15.44,161.3,30208,209,-870,-173,912,1,43.6618847,-79.3960968,122.00,14.45,0.78,12,1,00:35:03,00
2408248,-81,24289,54.00,1,1,15.49,161.8,30218,164,-1045,-233,1083,1,43.6618847,-79.3960968,122.00,14.45,0.78,12,1,00:35:03,00
2408557,-87,24289,53.97,1,1,15.49,161.8,30228,163,-830,-192,867,1,43.6618847,-79.3960968,122.00,14.45,0.78,12,1,00:35:03,00
2408862,-88,24289,53.97,1,1,15.60,162.9,30238,137,-958,37,969,1,43.6618550,-79.3961238,122.00,14.26,0.78,12,1,00:35:04,00
2409165,-79,24289,53.95,1,1,15.65,163.4,30248,105,-1015,-164,1034,1,43.6618550,-79.3961238,118.30,14.26,0.74,12,1,00:35:04,00
2409469,-87,24289,53.94,1,1,15.70,163.9,30258,155,-968,14,981,1,43.6618550,-79.3961238,118.30,14.26,0.74,12,1,00:35:04,00
2409787,-86,24289,53.95,1,1,14.17,148.0,30267,174,-1060,-321,1121,1,43.6618550,-79.3961238,118.30,14.26,0.74,12,1,00:35:04,00
2410095,-86,24289,53.91,1,1,15.80,165.0,30277,206,-824,-79,853,1,43.6618195,-79.3961385,117.70,14.80,0.76,12,1,00:35:05,00
2410403,-91,24289,53.96,1,1,15.75,164.5,30287,140,-1033,-175,1057,1,43.6618195,-79.3961385,117.70,14.80,0.76,12,1,00:35:05,00
2410715,-85,24289,54.01,1,1,14.38,150.2,30297,139,-819,-70,834,1,43.6618195,-79.3961385,117.70,14.80,0.76,12,1,00:35:05,00
2411023,-83,24289,54.00,1,1,15.60,162.9,30307,140,-992,-99,1006,1,43.6617882,-79.3961423,115.60,13.06,0.87,12,1,00:35:06,00
2411328,-90,24289,54.02,1,1,15.65,163.4,30317,117,-866,-24,875,1,43.6617882,-79.3961423,115.60,13.06,0.87,12,1,00:35:06,00
2411635,-96,24289,54.05,1,1,15.65,163.4,30327,113,-909,-54,918,1,43.6617882,-79.3961423,115.60,13.06,0.87,12,1,00:35:06,00
2411948,-89,24289,54.06,1,1,15.60,162.9,30337,77,-929,148,944,1,43.6617570,-79.3961473,113.50,13.26,0.68,12,1,00:35:07,00
2412319,-91,24289,54.04,1,1,13.23,138.1,30347,-5,-1004,164,1017,1,43.6617570,-79.3961473,113.50,13.26,0.68,12,1,00:35:07,00
2412639,-91,24289,54.03,1,1,14.25,148.8,30357,104,-934,3,940,1,43.6617570,-79.3961473,113.50,13.26,0.68,12,1,00:35:07,00
2412945,-81,24289,54.06,1,1,13.99,146.1,30366,194,-952,-213,995,1,43.6617232,-79.3961467,111.50,13.28,0.70,12,1,00:35:08,00
2413259,-85,24289,54.06,1,1,14.04,146.6,30375,264,-809,-173,869,1,43.6617232,-79.3961467,111.50,13.28,0.70,12,1,00:35:08,00
2413569,-80,24289,54.04,1,1,15.44,161.3,30385,37,-1043,101,1049,1,43.6617232,-79.3961467,111.50,13.28,0.70,12,1,00:35:08,00
2413877,-90,24289,54.03,1,1,15.30,159.7,30395,120,-1061,-100,1073,1,43.6616857,-79.3961428,110.20,15.06,0.76,12,1,00:35:09,00
2414189,-82,24289,54.07,1,1,13.64,142.4,30404,234,-956,-114,991,1,43.6616857,-79.3961428,110.20,15.06,0.76,12,1,00:35:09,00
2414506,-70,24289,54.05,1,1,13.16,137.5,30412,262,-615,-136,682,1,43.6616857,-79.3961428,110.20,15.06,0.76,12,1,00:35:09,00
2414826,-75,24289,54.05,1,1,14.69,153.4,30422,163,-956,-127,978,1,43.6616412,-79.3961448,110.20,18.04,0.76,12,1,00:35:10,00
2415134,-73,24289,54.05,1,1,14.55,152.0,30432,142,-995,-104,1010,1,43.6616412,-79.3961448,108.80,18.04,0.77,12,1,00:35:10,00
2415446,-80,24289,53.86,1,1,14.22,148.5,30441,117,-1062,-219,1091,1,43.6616412,-79.3961448,108.80,18.04,0.77,12,1,00:35:10,00
2415777,-81,24289,53.97,1,1,14.17,147.9,30451,142,-1056,-145,1076,1,43.6616068,-79.3961310,108.80,13.37,0.77,12,1,00:35:11,00
2416091,-76,24289,53.93,1,1,13.95,145.6,30460,61,-1026,-29,1028,1,43.6616068,-79.3961310,108.20,13.37,0.82,12,1,00:35:11,00
2416405,-71,24289,53.94,1,1,13.72,143.3,30469,263,-965,-231,1027,1,43.6616068,-79.3961310,108.20,13.37,0.82,12,1,00:35:11,00
2416774,-81,24289,53.88,1,1,12.24,127.8,30478,245,-774,-259,852,1,43.6616068,-79.3961310,108.20,13.37,0.82,12,1,00:35:11,00
2417073,-82,24289,53.89,1,1,13.07,136.5,30486,100,-899,144,916,1,43.6615770,-79.3961175,108.70,11.98,0.73,12,1,00:35:12,00
2417429,-63,24289,53.87,1,1,11.97,125.0,30495,117,-1038,-158,1056,1,43.6615770,-79.3961175,108.70,11.98,0.73,12,1,00:35:12,00
2417716,-74,24289,53.89,1,1,12.90,134.7,30503,206,-779,-60,808,1,43.6615770,-79.3961175,108.70,11.98,0.73,12,1,00:35:12,00
2418003,-72,24289,53.84,1,1,12.90,134.7,30511,81,-1073,-82,1079,1,43.6615522,-79.3960962,108.00,11.54,0.69,12,1,00:35:13,00
2418295,-87,24289,53.83,1,1,12.94,135.1,30519,130,-860,76,873,1,43.6615522,-79.3960962,108.00,11.54,0.69,12,1,00:35:13,00
2418587,-77,24289,53.84,1,1,13.07,136.5,30527,199,-949,-165,984,1,43.6615522,-79.3960962,108.00,11.54,0.69,12,1,00:35:13,00
2418879,-75,24289,53.82,1,1,13.12,137.0,30535,159,-896,-157,924,1,43.6615113,-79.3960738,108.00,17.06,0.69,12,1,00:35:14,00
2419177,-69,24289,53.84,1,1,13.25,138.4,30543,110,-992,-83,1001,1,43.6615113,-79.3960738,107.00,17.06,0.69,12,1,00:35:14,00
2419472,-65,24289,53.87,1,1,13.25,138.4,30551,193,-955,-74,977,1,43.6615113,-79.3960738,107.00,17.06,0.69,12,1,00:35:14,00
2419773,-69,24289,53.88,1,1,13.68,142.9,30560,150,-980,-19,992,1,43.6615113,-79.3960738,107.00,17.06,0.69,12,1,00:35:14,00
2420068,-79,24289,53.89,1,1,13.68,142.9,30568,220,-908,-173,951,1,43.6614883,-79.3960372,111.20,11.59,0.69,12,1,00:35:15,00
2420363,-68,24289,53.91,1,1,13.95,145.6,30577,183,-919,-57,939,1,43.6614883,-79.3960372,111.20,11.59,0.69,12,1,00:35:15,00
2420656,-68,24289,53.89,1,1,13.83,144.4,30585,127,-867,61,878,1,43.6614883,-79.3960372,111.20,11.59,0.69,12,1,00:35:15,00
2420953,-83,24289,53.92,1,1,14.08,147.1,30594,239,-931,-258,995,1,43.6614593,-79.3960077,112.60,15.11,0.64,12,1,00:35:16,00
2421253,-64,24289,53.91,1,1,14.17,148.0,30603,75,-1069,-63,1073,1,43.6614593,-79.3960077,112.60,15.11,0.64,12,1,00:35:16,00
2421557,-68,24289,53.94,1,1,14.17,148.0,30612,230,-971,-146,1008,1,43.6614593,-79.3960077,112.60,15.11,0.64,12,1,00:35:16,00
2421858,-66,24289,53.98,1,1,14.32,149.5,30621,106,-951,-47,958,1,43.6614322,-79.3959762,112.60,14.37,0.64,12,1,00:35:17,00
2422217,-72,24289,53.97,1,1,13.23,138.1,30631,142,-970,-45,981,1,43.6614322,-79.3959762,114.20,14.37,0.64,12,1,00:35:17,00
2422511,-66,24289,53.96,1,1,14.51,151.5,30640,188,-973,-98,996,1,43.6614322,-79.3959762,114.20,14.37,0.64,12,1,00:35:17,00
2422803,-76,24289,53.96,1,1,14.19,148.1,30648,68,-1035,-96,1042,1,43.6614098,-79.3959408,114.20,13.91,0.64,12,1,00:35:18,00
2423099,-63,24289,53.96,1,1,14.56,152.0,30657,186,-1000,-172,1031,1,43.6614098,-79.3959408,115.30,13.91,0.68,12,1,00:35:18,00
2423404,-61,24289,53.97,1,1,14.78,154.3,30667,131,-887,-104,902,1,43.6614098,-79.3959408,115.30,13.91,0.68,12,1,00:35:18,00
2423698,-70,24289,53.97,1,1,14.76,154.1,30676,186,-1150,-246,1191,1,43.6614098,-79.3959408,115.30,13.91,0.68,12,1,00:35:18,00
2423997,-65,24289,53.98,1,1,13.21,137.9,30684,192,-901,-201,943,1,43.6613968,-79.3959085,116.70,9.61,0.64,12,1,00:35:19,00
2424292,-64,24289,53.95,1,1,14.91,155.7,30693,149,-945,-147,968,1,43.6613968,-79.3959085,116.70,9.61,0.64,12,1,00:35:19,00
2424594,-68,24289,53.96,1,1,15.06,157.2,30703,132,-960,-47,970,1,43.6613968,-79.3959085,116.70,9.61,0.64,12,1,00:35:19,00
2424890,-72,24289,53.97,1,1,14.96,156.3,30712,132,-1044,-62,1054,1,43.6613775,-79.3958920,116.70,8.11,0.64,12,1,00:35:20,00
2425187,-68,24289,53.94,1,1,14.96,156.3,30721,158,-989,-193,1020,1,43.6613775,-79.3958920,116.20,8.11,0.64,12,1,00:35:20,00
2425493,-56,24289,53.92,1,1,15.20,158.7,30731,133,-1036,-54,1046,1,43.6613775,-79.3958920,116.20,8.11,0.64,12,1,00:35:20,00
2425791,-65,24289,53.93,1,1,15.12,157.9,30740,188,-864,-99,890,1,43.6613535,-79.3958660,116.20,12.26,0.64,12,1,00:35:21,00
2426095,-56,24289,53.94,1,1,13.77,143.8,30749,116,-1170,-224,1197,1,43.6613535,-79.3958660,116.60,12.26,0.66,12,1,00:35:21,00
2426398,-64,24289,53.89,1,1,15.35,160.3,30759,111,-847,-16,854,1,43.6613535,-79.3958660,116.60,12.26,0.66,12,1,00:35:21,00
2426697,-68,24289,53.96,1,1,15.12,157.9,30768,124,-896,3,904,1,43.6613535,-79.3958660,116.60,12.26,0.66,12,1,00:35:21,00
2427068,-52,24289,53.98,1,1,13.05,136.2,30778,58,-1025,-46,1028,1,43.6613313,-79.3958288,119.80,12.58,0.66,12,1,00:35:22,00
2427365,-57,24289,53.99,1,1,15.39,160.8,30788,64,-970,155,985,1,43.6613313,-79.3958288,119.80,12.58,0.66,12,1,00:35:22,00
2427671,-68,24289,53.98,1,1,15.44,161.3,30798,180,-829,-122,857,1,43.6613313,-79.3958288,119.80,12.58,0.66,12,1,00:35:22,00
2427968,-58,24289,53.99,1,1,15.28,159.6,30807,157,-870,46,886,1,43.6613198,-79.3957943,122.60,9.56,0.64,12,1,00:35:23,00
2428266,-66,24289,53.99,1,1,15.54,162.3,30817,126,-1072,-79,1082,1,43.6613198,-79.3957943,122.60,9.56,0.64,12,1,00:35:23,00
2428569,-57,24289,53.96,1,1,15.39,160.8,30827,93,-961,59,967,1,43.6613198,-79.3957943,122.60,9.56,0.64,12,1,00:35:23,00
2428866,-65,24289,53.95,1,1,14.96,156.3,30836,145,-885,124,905,1,43.6612932,-79.3957550,122.60,15.65,0.64,12,1,00:35:24,00
2429174,-64,24289,53.94,1,1,14.71,153.6,30845,74,-1083,27,1086,1,43.6612932,-79.3957550,122.60,15.65,0.64,12,1,00:35:24,00
2429477,-51,24289,53.93,1,1,14.55,152.0,30855,192,-934,-131,962,1,43.6612932,-79.3957550,122.60,15.65,0.64,12,1,00:35:24,00
2429793,-62,24289,53.89,1,1,14.13,147.5,30864,186,-1037,-73,1056,1,43.6612932,-79.3957550,122.60,15.65,0.64,12,1,00:35:24,00
2430095,-64,24289,53.90,1,1,13.68,142.9,30873,70,-1028,135,1039,1,43.6612792,-79.3957082,124.00,13.08,0.64,12,1,00:35:25,00
2430399,-51,24289,53.87,1,1,13.12,137.0,30881,212,-951,-164,988,1,43.6612792,-79.3957082,124.00,13.08,0.64,12,1,00:35:25,00
2430712,-58,24289,53.87,1,1,12.60,131.6,30889,133,-1032,-127,1048,1,43.6612792,-79.3957082,124.00,13.08,0.64,12,1,00:35:25,00
2431022,-63,24289,53.87,1,1,12.36,129.0,30897,44,-1089,88,1094,1,43.6612540,-79.3956555,123.20,16.78,0.64,12,1,00:35:26,00
2431328,-59,24289,53.89,1,1,11.93,124.6,30905,262,-900,-354,1002,1,43.6612540,-79.3956555,123.20,16.78,0.64,12,1,00:35:26,00
2431642,-54,24289,53.89,1,1,11.44,119.5,30912,128,-903,78,915,1,43.6612540,-79.3956555,123.20,16.78,0.64,12,1,00:35:26,00
2432009,-63,24289,53.93,1,1,10.13,105.8,30920,69,-1137,7,1139,1,43.6612378,-79.3956010,123.80,16.08,0.76,12,1,00:35:27,00
2432316,-52,24289,53.94,1,1,10.85,113.3,30927,160,-1049,-191,1079,1,43.6612378,-79.3956010,123.80,16.08,0.76,12,1,00:35:27,00
2432623,-54,24289,53.91,1,1,10.64,111.1,30934,147,-961,-59,974,1,43.6612378,-79.3956010,123.80,16.08,0.76,12,1,00:35:27,00
2432928,-49,24289,53.96,1,1,10.19,106.4,30940,130,-995,-29,1004,1,43.6612167,-79.3955453,124.40,17.21,0.75,12,1,00:35:28,00
2433231,-54,24289,53.95,1,1,10.16,106.1,30947,149,-970,87,986,1,43.6612167,-79.3955453,124.40,17.21,0.75,12,1,00:35:28,00
2433542,-50,24289,53.95,1,1,9.70,101.3,30953,158,-1001,-73,1016,1,43.6612167,-79.3955453,124.40,17.21,0.75,12,1,00:35:28,00
2433853,-56,24289,53.98,1,1,9.51,99.4,30959,218,-961,-79,989,1,43.6612010,-79.3955013,124.40,13.08,0.75,12,1,00:35:29,00
2434169,-59,24289,53.99,1,1,9.30,97.1,30965,118,-902,50,911,1,43.6612010,-79.3955013,124.50,13.08,0.76,12,1,00:35:29,00
2434475,-54,24289,54.01,1,1,9.03,94.3,30971,211,-816,-63,845,1,43.6612010,-79.3955013,124.50,13.08,0.76,12,1,00:35:29,00
2434786,-54,24289,54.03,1,1,8.89,92.9,30977,198,-802,-2,826,1,43.6612010,-79.3955013,124.50,13.08,0.76,12,1,00:35:29,00
2435096,-49,24289,54.06,1,1,8.37,87.4,30982,225,-940,-106,972,1,43.6611992,-79.3954497,125.90,15.69,0.70,12,1,00:35:30,00
2435408,-47,24289,54.05,1,1,8.42,88.0,30988,205,-983,-203,1025,1,43.6611992,-79.3954497,125.90,15.69,0.70,12,1,00:35:30,00
2435719,-49,24289,54.11,1,1,7.85,82.0,30993,158,-969,-33,982,1,43.6611992,-79.3954497,125.90,15.69,0.70,12,1,00:35:30,00
2436037,-54,24289,54.09,1,1,7.58,79.1,30998,110,-986,60,994,1,43.6611855,-79.3954053,123.80,12.96,0.71,12,1,00:35:31,00
2436356,-42,24289,54.16,1,1,7.25,75.8,31003,181,-931,-75,952,1,43.6611855,-79.3954053,123.80,12.96,0.71,12,1,00:35:31,00
2436668,-48,24289,54.19,1,1,8.28,86.5,31008,123,-991,24,999,1,43.6611855,-79.3954053,123.80,12.96,0.71,12,1,00:35:31,00
2437050,-48,24289,54.22,1,1,5.15,53.8,31012,130,-988,-10,997,1,43.6611753,-79.3953675,123.40,10.33,0.79,12,1,00:35:32,00
2437359,-46,24289,54.24,1,1,7.19,75.1,31017,67,-1002,261,1037,1,43.6611753,-79.3953675,123.40,10.33,0.79,12,1,00:35:32,00
2437675,-47,24289,54.28,1,1,5.00,52.3,31020,155,-950,77,966,1,43.6611753,-79.3953675,123.40,10.33,0.79,12,1,00:35:32,00
2437985,-46,24289,54.30,1,1,6.28,65.6,31024,237,-992,-176,1035,1,43.6611827,-79.3953288,126.30,10.17,0.79,12,1,00:35:33,00
2438296,-48,24289,54.33,1,1,5.50,57.5,31028,201,-1002,-4,1022,1,43.6611827,-79.3953288,126.30,10.17,0.79,12,1,00:35:33,00
2438616,-43,24289,54.35,1,1,4.77,49.8,31031,219,-956,-65,983,1,43.6611827,-79.3953288,126.30,10.17,0.79,12,1,00:35:33,00
2438970,-46,24289,54.37,1,1,3.85,40.2,31034,232,-949,-37,978,1,43.6611708,-79.3952802,126.10,15.32,0.71,12,1,00:35:34,00
2439263,-53,24289,54.40,1,1,3.01,31.4,31035,245,-949,-42,982,1,43.6611708,-79.3952802,126.10,15.32,0.71,12,1,00:35:34,00
2439554,-35,24289,54.41,1,1,2.44,25.5,31036,221,-964,-26,989,1,43.6611708,-79.3952802,126.10,15.32,0.71,12,1,00:35:34,00
2439848,-54,24289,54.39,1,1,1.40,14.6,31037,108,-973,-71,981,1,43.6611598,-79.3952460,126.10,8.93,0.71,12,1,00:35:35,00
2440152,-52,24289,54.40,1,1,1.40,14.6,31037,122,-970,-36,978,1,43.6611598,-79.3952460,126.00,8.93,0.71,12,1,00:35:35,00
2440444,-36,24289,54.44,1,1,1.40,14.6,31037,136,-964,-73,976,1,43.6611598,-79.3952460,126.00,8.93,0.71,12,1,00:35:35,00
2440744,-44,24289,54.46,1,1,1.40,14.6,31037,141,-971,-55,983,1,43.6611598,-79.3952460,126.00,8.93,0.71,12,1,00:35:35,00
2441041,-50,24289,54.43,1,1,1.40,14.6,31037,125,-969,-68,980,1,43.6611508,-79.3952195,125.20,8.52,0.71,12,1,00:35:36,00
2441338,-48,24289,54.47,1,1,1.40,14.6,31037,109,-976,-52,984,1,43.6611508,-79.3952195,125.20,8.52,0.71,12,1,00:35:36,00
2441632,-50,24289,54.48,1,1,1.40,14.6,31037,115,-985,-47,993,1,43.6611508,-79.3952195,125.20,8.52,0.71,12,1,00:35:36,00
2441984,-47,24289,54.49,1,1,0.00,0.0,31037,215,-955,-27,979,1,43.6611588,-79.3951873,126.00,9.78,0.72,12,1,00:35:37,00
2442275,-50,24289,54.48,1,1,0.00,0.0,31037,129,-956,-47,966,1,43.6611588,-79.3951873,126.00,9.78,0.72,12,1,00:35:37,00
2442567,-39,24289,54.47,1,1,0.00,0.0,31037,115,-987,12,993,1,43.6611588,-79.3951873,126.00,9.78,0.72,12,1,00:35:37,00
2442867,-41,24289,54.47,1,1,0.00,0.0,31037,141,-980,-131,998,1,43.6611508,-79.3951743,126.00,2.72,0.72,12,1,00:35:38,00
2443165,-49,24289,54.48,1,1,0.00,0.0,31037,111,-962,-132,977,1,43.6611508,-79.3951743,125.70,2.72,0.64,12,1,00:35:38,00
2443461,-21,24289,54.51,1,1,0.00,0.0,31037,139,-997,39,1008,1,43.6611508,-79.3951743,125.70,2.72,0.64,12,1,00:35:38,00
2443756,-1,24289,54.52,1,1,0.00,0.0,31037,129,-990,-89,1003,1,43.6611452,-79.3951637,125.70,3.65,0.64,12,1,00:35:39,00
2444057,-2,24289,54.43,1,1,0.00,0.0,31037,123,-1020,102,1033,1,43.6611452,-79.3951637,122.90,3.65,0.68,12,1,00:35:39,00
2444353,-4,24289,54.53,1,1,0.00,0.0,31037,143,-932,-53,945,1,43.6611452,-79.3951637,122.90,3.65,0.68,12,1,00:35:39,00
2444647,-8,24289,54.55,1,1,0.00,0.0,31037,122,-1045,14,1052,1,43.6611452,-79.3951637,122.90,3.65,0.68,12,1,00:35:39,00
2444948,-4,24289,54.50,1,1,0.00,0.0,31037,112,-959,-35,966,1,43.6611280,-79.3951400,120.50,9.20,0.68,12,1,00:35:40,00
2445251,3,24289,54.54,1,1,0.00,0.0,31037,169,-946,-173,976,1,43.6611280,-79.3951400,120.50,9.20,0.68,12,1,00:35:40,00
2445551,5,24289,54.57,1,1,0.00,0.0,31037,126,-969,13,977,1,43.6611280,-79.3951400,120.50,9.20,0.68,12,1,00:35:40,00
2445857,-6,24289,54.52,1,1,0.00,0.0,31037,143,-939,-231,978,1,43.6611238,-79.3951270,120.50,3.76,0.68,12,1,00:35:41,00
2446158,-24,24289,54.54,1,1,0.00,0.0,31037,151,-982,-130,1002,1,43.6611238,-79.3951270,118.40,3.76,0.64,12,1,00:35:41,00
2446455,-6,24289,54.54,1,1,0.00,0.0,31038,75,-938,-48,942,1,43.6611238,-79.3951270,118.40,3.76,0.64,12,1,00:35:41,00
2446825,-10,24289,54.56,1,1,0.00,0.0,31038,270,-950,-265,1022,1,43.6611220,-79.3951167,118.40,2.02,0.64,12,1,00:35:42,00
2447132,-10,24289,54.58,1,1,0.00,0.0,31038,52,-990,52,993,1,43.6611220,-79.3951167,117.40,2.02,0.66,12,1,00:35:42,00
2447425,-6,24289,54.53,1,1,0.00,0.0,31038,110,-977,-44,984,1,43.6611220,-79.3951167,117.40,2.02,0.66,12,1,00:35:42,00
2447720,-11,24289,54.58,1,1,0.00,0.0,31038,135,-956,-70,968,1,43.6611220,-79.3951167,117.40,2.02,0.66,12,1,00:35:42,00
2448020,-9,24289,54.57,1,1,0.00,0.0,31038,127,-976,-34,985,1,43.6611335,-79.3951207,117.90,7.24,0.66,12,1,00:35:43,00
2448321,-9,24289,54.55,1,1,0.00,0.0,31038,138,-967,-68,980,1,43.6611335,-79.3951207,117.90,7.24,0.66,12,1,00:35:43,00
2448621,-3,24289,54.51,1,1,0.00,0.0,31038,135,-968,-55,979,1,43.6611335,-79.3951207,117.90,7.24,0.66,12,1,00:35:43,00
2448923,-9,24289,54.48,1,1,0.00,0.0,31038,127,-971,-59,982,1,43.6611338,-79.3951253,116.70,3.52,0.65,12,1,00:35:44,00
2449232,-7,24289,54.41,1,1,0.00,0.0,31038,125,-971,-55,980,1,43.6611338,-79.3951253,116.70,3.52,0.65,12,1,00:35:44,00
2449534,8,24289,54.43,1,1,0.00,0.0,31038,129,-969,-63,979,1,43.6611338,-79.3951253,116.70,3.52,0.65,12,1,00:35:44,00
2449833,-11,24289,54.37,1,1,0.00,0.0,31038,133,-969,-64,980,1,43.6611292,-79.3951122,116.70,0.70,0.65,12,1,00:35:45,00
2450137,-11,24289,54.33,1,1,0.00,0.0,31038,131,-969,-58,980,1,43.6611292,-79.3951122,115.70,0.70,0.86,12,1,00:35:45,00
2450444,-5,24289,54.26,1,1,0.00,0.0,31038,131,-970,-55,980,1,43.6611292,-79.3951122,115.70,0.70,0.86,12,1,00:35:45,00
2450754,-7,24289,54.16,1,1,0.00,0.0,31038,130,-971,-63,981,1,43.6611197,-79.3951012,115.70,0.02,0.86,12,1,00:35:46,00
2451057,-10,24289,54.15,1,1,0.00,0.0,31038,129,-971,-59,981,1,43.6611197,-79.3951012,115.40,0.02,0.81,12,1,00:35:46,00
2451365,-9,24289,54.16,1,1,0.00,0.0,31038,132,-968,-64,979,1,43.6611197,-79.3951012,115.40,0.02,0.81,12,1,00:35:46,00
2451730,-10,24289,54.10,1,1,0.00,0.0,31038,130,-971,-58,981,1,43.6610992,-79.3950800,115.40,0.11,0.81,12,1,00:35:47,00
2452034,-14,24289,54.11,1,1,0.00,0.0,31038,129,-969,-62,979,1,43.6610992,-79.3950800,113.40,0.11,0.69,12,1,00:35:47,00
2452335,-11,24289,54.12,1,1,0.00,0.0,31038,129,-969,-59,980,1,43.6610992,-79.3950800,113.40,0.11,0.69,12,1,00:35:47,00
2452635,-3,24289,54.04,1,1,0.00,0.0,31038,129,-970,-58,980,1,43.6610992,-79.3950800,113.40,0.11,0.69,12,1,00:35:47,00
2452941,3,24289,54.10,1,1,0.00,0.0,31038,128,-969,-63,979,1,43.6610950,-79.3950738,112.80,1.00,0.78,12,1,00:35:48,00
2453252,-7,24289,54.12,1,1,0.00,0.0,31038,128,-970,-61,980,1,43.6610950,-79.3950738,112.80,1.00,0.78,12,1,00:35:48,00
2453563,7,24289,54.12,1,1,0.00,0.0,31038,128,-970,-61,980,1,43.6610950,-79.3950738,112.80,1.00,0.78,12,1,00:35:48,00
2453865,-4,24289,54.10,1,1,0.00,0.0,31038,129,-971,-59,981,1,43.6610888,-79.3950698,112.80,0.35,0.78,12,1,00:35:49,00
2454172,-4,24289,54.14,1,1,0.00,0.0,31038,131,-969,-59,980,1,43.6610888,-79.3950698,112.00,0.35,0.67,12,1,00:35:49,00
2454483,6,24289,54.03,1,1,0.00,0.0,31038,128,-971,-62,981,1,43.6610888,-79.3950698,112.00,0.35,0.67,12,1,00:35:49,00
2454791,-2,24289,54.02,1,1,0.00,0.0,31038,129,-970,-59,980,1,43.6610825,-79.3950677,112.00,0.31,0.67,12,1,00:35:50,00
2455101,-4,24289,53.99,1,1,0.00,0.0,31038,128,-970,-60,980,1,43.6610825,-79.3950677,110.80,0.31,0.66,12,1,00:35:50,00
2455413,-7,24289,54.05,1,1,0.00,0.0,31038,131,-971,-58,981,1,43.6610825,-79.3950677,110.80,0.31,0.66,12,1,00:35:50,00
2455728,1,24289,53.94,1,1,0.00,0.0,31038,132,-969,-61,980,1,43.6610825,-79.3950677,110.80,0.31,0.66,12,1,00:35:50,00
2456037,-14,24289,54.04,1,1,0.00,0.0,31038,130,-970,-61,981,1,43.6610758,-79.3950658,110.60,0.24,0.65,12,1,00:35:51,00
2456346,-7,24289,54.00,1,1,0.00,0.0,31038,129,-972,-63,983,1,43.6610758,-79.3950658,110.60,0.24,0.65,12,1,00:35:51,00
2456720,12,24289,53.96,1,1,0.00,0.0,31038,128,-973,-55,983,1,43.6610758,-79.3950658,110.60,0.24,0.65,12,1,00:35:51,00
2457021,18,24289,54.08,1,1,0.00,0.0,31038,133,-964,-65,975,1,43.6610712,-79.3950633,110.40,0.22,0.64,12,1,00:35:52,00
2457332,-5,24289,53.77,1,1,0.00,0.0,31038,132,-975,-58,986,1,43.6610712,-79.3950633,110.40,0.22,0.64,12,1,00:35:52,00
2457636,-1,24289,53.07,1,1,0.00,0.0,31038,131,-968,-61,979,1,43.6610712,-79.3950633,110.40,0.22,0.64,12,1,00:35:52,00
2457950,-6,24289,46.59,1,1,0.00,0.0,31038,136,-967,-57,978,1,43.6610670,-79.3950600,109.90,0.17,0.64,12,1,00:35:53,00
2458261,4,24289,38.95,1,1,0.00,0.0,31038,124,-970,-62,980,1,43.6610670,-79.3950600,109.90,0.17,0.64,12,1,00:35:53,00
2458572,3,24289,33.50,1,1,0.00,0.0,31038,119,-974,-67,983,1,43.6610670,-79.3950600,109.90,0.17,0.64,12,1,00:35:53,00
2458882,-8,24289,29.12,1,1,0.00,0.0,31038,114,-981,18,988,1,43.6610648,-79.3950583,109.70,0.31,0.64,12,1,00:35:54,00
2459192,-16,24289,25.76,1,1,0.00,0.0,31038,147,-961,-118,979,1,43.6610648,-79.3950583,109.70,0.31,0.64,12,1,00:35:54,00
2459505,2,24289,23.42,1,1,0.00,0.0,31038,119,-974,-39,982,1,43.6610648,-79.3950583,109.70,0.31,0.64,12,1,00:35:54,00
2459815,-21,24289,22.00,1,1,0.00,0.0,31038,134,-971,-67,982,1,43.6610625,-79.3950570,109.70,0.11,0.64,12,1,00:35:55,00
2460138,-30,24289,21.25,1,1,0.00,0.0,31038,136,-968,-60,980,1,43.6610625,-79.3950570,109.60,0.11,0.64,12,1,00:35:55,00
2460457,-33,24289,20.94,1,1,0.00,0.0,31038,131,-973,-55,983,1,43.6610625,-79.3950570,109.60,0.11,0.64,12,1,00:35:55,00
2460772,-46,24289,20.78,1,1,0.00,0.0,31038,143,-972,-84,986,1,43.6610613,-79.3950550,109.60,0.02,0.64,12,1,00:35:56,00
2461064,-36,24289,20.12,1,1,0.00,0.0,31038,127,-971,-52,980,1,43.6610613,-79.3950550,109.40,0.02,0.67,12,1,00:35:56,00
2461358,-49,24289,16.64,1,1,0.00,0.0,31038,143,-969,-70,982,1,43.6610613,-79.3950550,109.40,0.02,0.67,12,1,00:35:56,00
2461710,-33,24289,12.96,1,1,0.00,0.0,31038,130,-966,-66,977,1,43.6610613,-79.3950550,109.40,0.02,0.67,12,1,00:35:56,00
2462001,-34,24289,10.33,1,1,0.00,0.0,31038,125,-971,-57,981,1,43.6610612,-79.3950510,109.30,0.17,0.64,12,1,00:35:57,00
2462294,-35,24289,7.63,1,1,0.00,0.0,31038,128,-969,-62,980,1,43.6610612,-79.3950510,109.30,0.17,0.64,12,1,00:35:57,00
2462592,-35,24289,5.86,1,1,0.00,0.0,31038,130,-968,-62,979,1,43.6610612,-79.3950510,109.30,0.17,0.64,12,1,00:35:57,00
2462886,-31,24289,3.29,1,1,0.00,0.0,31038,130,-970,-59,980,1,43.6610602,-79.3950478,108.90,0.04,0.67,12,1,00:35:58,00
2463179,-34,24289,-1.19,1,1,0.00,0.0,31038,130,-968,-61,979,1,43.6610602,-79.3950478,108.90,0.04,0.67,12,1,00:35:58,00
2463473,-34,24289,-11.54,1,1,0.00,0.0,31038,126,-967,-55,977,1,43.6610602,-79.3950478,108.90,0.04,0.67,12,1,00:35:58,00
2463768,-29,24289,-18.71,1,1,0.00,0.0,31038,129,-969,-63,980,1,43.6610583,-79.3950467,108.90,0.31,0.67,12,1,00:35:59,00
2464060,-31,24289,-20.76,1,1,0.00,0.0,31038,125,-973,-60,982,1,43.6610583,-79.3950467,108.60,0.31,0.78,12,1,00:35:59,00
2464356,-28,24289,-21.39,1,1,0.00,0.0,31038,129,-971,-60,982,1,43.6610583,-79.3950467,108.60,0.31,0.78,12,1,00:35:59,00
2464651,-27,24289,-23.16,1,1,0.00,0.0,31038,130,-966,-61,977,1,43.6610583,-79.3950467,108.60,0.31,0.78,12,1,00:35:59,00
2464945,-26,24289,-26.01,1,1,0.00,0.0,31038,128,-971,-57,981,1,43.6610570,-79.3950443,108.20,0.22,0.67,12,1,00:36:00,00
2465242,-26,24289,-27.18,1,1,0.00,0.0,31038,134,-971,-65,983,1,43.6610570,-79.3950443,108.20,0.22,0.67,12,1,00:36:00,00
2465539,-10,24289,-26.76,1,1,0.00,0.0,31038,128,-970,-55,980,1,43.6610570,-79.3950443,108.20,0.22,0.67,12,1,00:36:00,00
2465840,-16,24289,-26.86,1,1,0.00,0.0,31038,128,-969,-58,979,1,43.6610563,-79.3950432,108.20,0.13,0.67,12,1,00:36:01,00
2466138,-18,24289,-26.76,1,1,0.00,0.0,31038,131,-967,-61,978,1,43.6610563,-79.3950432,107.90,0.13,0.68,12,1,00:36:01,00
2466510,-13,24289,-26.09,1,1,0.00,0.0,31038,130,-968,-63,978,1,43.6610563,-79.3950432,107.90,0.13,0.68,12,1,00:36:01,00
2466805,-24,24289,-26.65,1,1,0.00,0.0,31038,135,-964,-56,975,1,43.6610553,-79.3950418,107.90,0.17,0.68,12,1,00:36:02,00
2467102,-25,24289,-26.01,1,1,0.00,0.0,31038,152,-970,-87,986,1,43.6610553,-79.3950418,107.80,0.17,0.68,12,1,00:36:02,00
2467397,-6,24289,-25.12,1,1,0.00,0.0,31038,128,-963,-51,973,1,43.6610553,-79.3950418,107.80,0.17,0.68,12,1,00:36:02,00
2467693,-27,24289,-25.84,1,1,0.00,0.0,31038,110,-977,-36,984,1,43.6610553,-79.3950418,107.80,0.17,0.68,12,1,00:36:02,00
2467999,-31,24289,-26.27,1,1,0.00,0.0,31038,147,-965,-101,982,1,43.6610537,-79.3950400,107.40,0.33,0.65,12,1,00:36:03,00
2468297,-29,24289,-26.32,1,1,0.00,0.0,31038,119,-974,-31,981,1,43.6610537,-79.3950400,107.40,0.33,0.65,12,1,00:36:03,00
2468602,7,24289,-27.18,1,1,0.00,0.0,31038,130,-970,-56,980,1,43.6610537,-79.3950400,107.40,0.33,0.65,12,1,00:36:03,00
2468902,39,24289,-26.79,1,1,0.00,0.0,31038,133,-970,-69,981,1,43.6610528,-79.3950378,107.30,0.00,0.68,12,1,00:36:04,00
2469210,49,24289,-25.91,1,1,0.00,0.0,31038,127,-973,-56,982,1,43.6610528,-79.3950378,107.30,0.00,0.68,12,1,00:36:04,00
2469507,30,24289,-25.66,1,1,0.00,0.0,31038,126,-971,-61,981,1,43.6610528,-79.3950378,107.30,0.00,0.68,12,1,00:36:04,00
2469807,15,24289,-24.91,1,1,0.00,0.0,31038,135,-970,-65,981,1,43.6610532,-79.3950355,107.30,0.17,0.68,12,1,00:36:05,00
2470106,24,24289,-24.14,1,1,0.00,0.0,31038,133,-966,-46,976,1,43.6610532,-79.3950355,107.30,0.17,0.65,12,1,00:36:05,00
2470410,30,24289,-23.84,1,1,0.00,0.0,31038,133,-971,-49,981,1,43.6610532,-79.3950355,107.30,0.17,0.65,12,1,00:36:05,00
2470722,10,24289,-24.37,1,1,0.00,0.0,31038,134,-958,-80,971,1,43.6610532,-79.3950355,107.30,0.17,0.65,12,1,00:36:05,00
2471034,14,24289,-24.21,1,1,0.00,0.0,31038,140,-965,-56,977,1,43.6610528,-79.3950340,107.10,0.07,0.65,12,1,00:36:06,00
2471395,46,24289,-23.89,1,1,0.00,0.0,31038,131,-977,-69,988,1,43.6610528,-79.3950340,107.10,0.07,0.65,12,1,00:36:06,00
2471691,60,24289,-23.44,1,1,0.00,0.0,31038,123,-953,-54,963,1,43.6610528,-79.3950340,107.10,0.07,0.65,12,1,00:36:06,00
2471991,40,24289,-23.33,1,1,0.00,0.0,31038,127,-982,-66,992,1,43.6610522,-79.3950327,107.10,0.11,0.65,12,1,00:36:07,00
2472297,12,24289,-23.44,1,1,0.00,0.0,31038,127,-968,-57,978,1,43.6610522,-79.3950327,107.10,0.11,0.65,12,1,00:36:07,00
2472603,1,24289,-23.35,1,1,0.00,0.0,31038,126,-972,-62,982,1,43.6610522,-79.3950327,107.10,0.11,0.65,12,1,00:36:07,00
2472906,3,24289,-23.33,1,1,0.00,0.0,31038,126,-975,-59,985,1,43.6610517,-79.3950313,107.10,0.06,0.65,12,1,00:36:08,00
2473211,7,24289,-22.26,1,1,0.00,0.0,31038,132,-969,-65,981,1,43.6610517,-79.3950313,107.00,0.06,0.65,12,1,00:36:08,00
2473512,5,24289,-21.13,1,1,0.00,0.0,31038,127,-971,-56,981,1,43.6610517,-79.3950313,107.00,0.06,0.65,12,1,00:36:08,00
2473817,-1,24289,-19.53,1,1,0.00,0.0,31038,127,-968,-57,978,1,43.6610517,-79.3950298,107.00,0.04,0.65,12,1,00:36:09,00
2474120,-17,24289,-18.78,1,1,0.00,0.0,31038,132,-970,-68,981,1,43.6610517,-79.3950298,107.00,0.04,0.65,12,1,00:36:09,00
2474430,-1,24289,-17.65,1,1,0.00,0.0,31038,136,-967,-64,979,1,43.6610517,-79.3950298,107.00,0.04,0.65,12,1,00:36:09,00
2474733,3,24289,-16.09,1,1,0.00,0.0,31038,134,-970,-61,981,1,43.6610517,-79.3950298,107.00,0.04,0.65,12,1,00:36:09,00
2475054,10,24289,-14.22,1,1,0.00,0.0,31038,132,-970,-61,981,1,43.6610512,-79.3950290,106.90,0.11,0.65,12,1,00:36:10,00
2475362,5,24289,-12.64,1,1,0.00,0.0,31038,126,-970,-61,980,1,43.6610512,-79.3950290,106.90,0.11,0.65,12,1,00:36:10,00
2475664,2,24289,-10.90,1,1,0.00,0.0,31038,127,-970,-55,980,1,43.6610512,-79.3950290,106.90,0.11,0.65,12,1,00:36:10,00
2475975,4,24289,-9.42,1,1,0.00,0.0,31038,132,-966,-59,977,1,43.6610505,-79.3950283,106.90,0.09,0.66,12,1,00:36:11,00
2476347,8,24289,-7.80,1,1,0.00,0.0,31038,126,-971,-62,981,1,43.6610505,-79.3950283,106.90,0.09,0.66,12,1,00:36:11,00
2476650,8,24289,-6.61,1,1,0.00,0.0,31038,132,-968,-58,979,1,43.6610505,-79.3950283,106.90,0.09,0.66,12,1,00:36:11,00
2476953,-4,24289,-5.41,1,1,0.00,0.0,31038,129,-969,-57,979,1,43.6610507,-79.3950280,106.80,0.11,0.65,12,1,00:36:12,00
2477267,-20,24289,-4.28,1,1,0.00,0.0,31038,121,-969,-56,978,1,43.6610507,-79.3950280,106.80,0.11,0.65,12,1,00:36:12,00
2477573,-13,24289,-3.29,1,1,0.00,0.0,31038,133,-968,-76,980,1,43.6610507,-79.3950280,106.80,0.11,0.65,12,1,00:36:12,00
2477881,-9,24289,-2.40,1,1,0.00,0.0,31038,137,-967,-69,979,1,43.6610512,-79.3950275,106.80,0.15,0.65,12,1,00:36:13,00
2478188,-9,24289,-1.48,1,1,0.00,0.0,31038,132,-969,-58,980,1,43.6610512,-79.3950275,106.80,0.15,0.65,12,1,00:36:13,00
2478499,9,24289,-0.47,1,1,0.00,0.0,31038,129,-970,-57,980,1,43.6610512,-79.3950275,106.80,0.15,0.65,12,1,00:36:13,00
2478807,4,24289,0.33,1,1,0.00,0.0,31038,127,-969,-62,979,1,43.6610505,-79.3950267,106.80,0.15,0.65,12,1,00:36:14,00
2479113,0,24289,1.10,1,1,0.00,0.0,31038,130,-972,-58,982,1,43.6610505,-79.3950267,106.80,0.15,0.65,12,1,00:36:14,00
2479429,5,24289,2.10,1,1,0.00,0.0,31038,129,-969,-56,979,1,43.6610505,-79.3950267,106.80,0.15,0.65,12,1,00:36:14,00
2479740,7,24289,3.04,1,1,0.00,0.0,31038,124,-966,-64,976,1,43.6610505,-79.3950267,106.80,0.15,0.65,12,1,00:36:14,00
2480052,16,24289,4.04,1,1,0.00,0.0,31038,144,-970,-55,982,1,43.6610500,-79.3950257,106.80,0.02,0.66,12,1,00:36:15,00
2480368,8,24289,5.02,1,1,0.00,0.0,31038,108,-972,-47,979,1,43.6610500,-79.3950257,106.80,0.02,0.66,12,1,00:36:15,00
